<?xml version="1.0" encoding="UTF-8"?>
<kml xmlns="http://www.opengis.net/kml/2.2">
<Document>
  <name><![CDATA[TT-2026 04 San Martino-Possagno]]></name>
  <description><![CDATA[Converted with MapKmlTools.com - Free online GPX to KML converter.]]></description>
  
  <!-- Styles -->
  <Style id="lineStyle">
    <LineStyle>
      <color>cc4444ef</color>
      <width>4</width>
    </LineStyle>
  </Style>
  
  <Style id="wptStyle">
    <IconStyle>
      <color>fff6823b</color>
      <scale>1.1</scale>
      <Icon>
        <href>http://maps.google.com/mapfiles/kml/pushpin/ylw-pushpin.png</href>
      </Icon>
    </IconStyle>
  </Style>

  <Folder>
    <name>Tracks</name>
    <Placemark>
      <name><![CDATA[TT-2026 04 San Martino-Possagno]]></name>
      
      <styleUrl>#lineStyle</styleUrl>
      <MultiGeometry>
        <LineString>
          <tessellate>1</tessellate>
          <coordinates>
            11.802923,46.262041,1462 11.802614,46.262047,1462.03 11.802445,46.262051,1462.05 11.802339,46.262054,1462.06 11.802252,46.262059,1462.06 11.8022,46.262072,1462.07 11.802123,46.262098,1462 11.802061,46.262064,1461.59 11.801858,46.261965,1460.3 11.801661,46.261903,1458.7 11.801487,46.26186,1457.4 11.801284,46.261822,1455.8 11.801075,46.261805,1455.6 11.800834,46.261788,1455.3 11.800571,46.261774,1455 11.800515,46.261694,1455.1 11.800498,46.261589,1454.8 11.800505,46.261465,1454.4 11.800533,46.261312,1454 11.800571,46.261183,1453.6 11.800634,46.260997,1453 11.800758,46.26081,1452.4 11.800873,46.26065,1451.9 11.801017,46.260475,1450.9 11.801127,46.260342,1450.1 11.801248,46.260251,1449.5 11.801443,46.260177,1448.8 11.801676,46.260117,1447.9 11.801813,46.260053,1447.3 11.801924,46.259951,1446.7 11.802041,46.25982,1445.9 11.802147,46.259678,1445.1 11.802234,46.259532,1444.4 11.802322,46.259347,1443.4 11.802393,46.259159,1442.4 11.802444,46.258976,1441.5 11.802506,46.258776,1440.5 11.802566,46.258534,1439.4 11.802571,46.258315,1438.4 11.802555,46.25807,1437.1 11.802535,46.257868,1436 11.802526,46.257697,1435.1 11.802489,46.257539,1434.2 11.802428,46.257434,1433.5 11.80234,46.257299,1432.7 11.802256,46.25718,1431.8 11.802164,46.257034,1430.8 11.802147,46.256948,1430.3 11.802179,46.256864,1429.9 11.802259,46.256795,1429.5 11.802355,46.256768,1429.2 11.802466,46.256765,1428.5 11.802604,46.256816,1427.6 11.802807,46.256908,1426.4 11.802939,46.256945,1425.6 11.803071,46.256942,1425.1 11.80317,46.256899,1424.6 11.803224,46.256825,1424.2 11.80321,46.256733,1423.6 11.803142,46.256607,1422.7 11.803048,46.256474,1421.7 11.80294,46.256339,1420.4 11.802844,46.256229,1419.3 11.802736,46.256149,1418.6 11.802576,46.256076,1417.6 11.802381,46.255995,1416.6 11.802156,46.255906,1415.4 11.801888,46.255814,1414.1 11.801554,46.255739,1412.6 11.801258,46.255674,1410.9 11.800964,46.255625,1409.3 11.800722,46.255593,1408 11.800427,46.255591,1406.3 11.800234,46.255569,1405.2 11.800099,46.255516,1404.4 11.799982,46.255444,1403.6 11.79984,46.255333,1402.6 11.799701,46.255226,1401.3 11.799579,46.255117,1400.1 11.799528,46.255017,1398.8 11.799543,46.254915,1397.7 11.7996,46.254837,1397.1 11.799707,46.254763,1396.4 11.799873,46.254707,1395.8 11.800089,46.254686,1395 11.80037,46.254668,1394.2 11.800716,46.254648,1393.3 11.801056,46.254626,1391.1 11.801262,46.254605,1389.8 11.801398,46.254567,1389.1 11.801538,46.254484,1388.1 11.801698,46.254381,1387.3 11.801876,46.254309,1386.5 11.802082,46.254261,1385.7 11.80238,46.254202,1384.5 11.802527,46.254154,1383.9 11.80258,46.254105,1383.6 11.802608,46.254014,1383.1 11.802597,46.253866,1382.2 11.802579,46.253653,1381.2 11.802554,46.253471,1380.3 11.802507,46.253191,1378.5 11.802466,46.252899,1376.6 11.80243,46.252628,1374.6 11.80238,46.252296,1372.1 11.802339,46.251991,1370 11.802305,46.251767,1368.6 11.802274,46.251507,1366.5 11.802259,46.251308,1364.9 11.802259,46.25113,1363.2 11.802249,46.25093,1361.2 11.802229,46.250702,1359.2 11.802211,46.25049,1357.3 11.802191,46.250325,1355.9 11.802188,46.250204,1354.8 11.80222,46.250068,1353.6 11.802229,46.249968,1352.7 11.802216,46.249871,1351.7 11.802191,46.249764,1350.5 11.802172,46.249665,1349.7 11.802183,46.249575,1349 11.80224,46.24947,1348.5 11.802336,46.249352,1347.8 11.802439,46.249237,1346.8 11.802517,46.249127,1345.9 11.802592,46.248999,1344.8 11.802652,46.248883,1343.8 11.802713,46.248773,1342.8 11.80279,46.248647,1341.5 11.802883,46.248533,1340.8 11.802982,46.248445,1340.2 11.803082,46.248344,1339.5 11.803147,46.24825,1339 11.8032,46.24814,1338.5 11.803207,46.24805,1338 11.803192,46.247919,1337 11.803187,46.247785,1335.9 11.803197,46.247675,1335 11.803228,46.247541,1333.9 11.803264,46.247423,1333 11.80333,46.247344,1332.1 11.803401,46.247285,1331.4 11.803446,46.247218,1330.7 11.803477,46.247129,1329.8 11.803468,46.24705,1329.2 11.803418,46.246969,1328.6 11.803325,46.246859,1327.7 11.803281,46.246759,1327 11.803279,46.246655,1326.3 11.80338,46.24656,1325.5 11.803517,46.246496,1324.7 11.803625,46.246388,1323.8 11.803713,46.246267,1322.8 11.803756,46.246157,1321.9 11.80378,46.24603,1320.9 11.80387,46.2459,1319.8 11.804004,46.2458,1318.7 11.804105,46.245679,1317.5 11.804189,46.245589,1316.5 11.804239,46.245483,1315.6 11.804274,46.245333,1313.9 11.804287,46.24524,1312.9 11.804345,46.245082,1311.1 11.80442,46.24497,1309.7 11.804518,46.244806,1308 11.804569,46.244706,1307 11.804659,46.244522,1305.2 11.804733,46.244387,1303.9 11.804845,46.24419,1302.3 11.804921,46.244043,1301.2 11.804966,46.243937,1300.5 11.805013,46.243805,1299.5 11.805064,46.243666,1298.8 11.805072,46.243522,1298.1 11.80505,46.2434,1297.5 11.805024,46.243313,1297.1 11.805022,46.243257,1296.9 11.805075,46.24315,1296.4 11.805158,46.243058,1296 11.805296,46.242967,1295.4 11.805345,46.242902,1294.9 11.805393,46.242804,1294.1 11.805405,46.242709,1293.4 11.805367,46.242577,1292.4 11.805323,46.24247,1291.6 11.805271,46.242369,1290.9 11.805212,46.242266,1290.1 11.805166,46.242192,1289.5 11.805126,46.242116,1289.1 11.8051,46.242047,1288.6 11.805122,46.241961,1288.1 11.80521,46.24189,1287.6 11.805325,46.241816,1287 11.805429,46.241751,1286.5 11.805455,46.241696,1286.2 11.805431,46.241596,1285.7 11.805404,46.241511,1285.1 11.805401,46.241405,1284.5 11.805481,46.241252,1283.5 11.805576,46.241142,1282.7 11.805684,46.241036,1281.6 11.805786,46.240943,1280.7 11.805906,46.240814,1279.5 11.805954,46.240676,1278.5 11.80592,46.24044,1277 11.80587,46.24027,1275.9 11.805877,46.240178,1275.3 11.805937,46.240134,1274.9 11.806046,46.240115,1274.6 11.806123,46.240159,1274.3 11.806163,46.240248,1274 11.806181,46.240358,1273.5 11.806198,46.240492,1273 11.806209,46.240643,1272.4 11.806188,46.240733,1272 11.806154,46.24084,1271.6 11.806078,46.240934,1270.9 11.806013,46.241053,1270.1 11.80599,46.241179,1269.3 11.805993,46.241361,1268.2 11.805972,46.241521,1266.8 11.805955,46.241648,1265.8 11.805915,46.241804,1264.4 11.805844,46.241939,1263.2 11.805749,46.242051,1262.3 11.805714,46.242124,1261.7 11.805721,46.242207,1261.1 11.805805,46.242257,1260.5 11.805866,46.242242,1260.3 11.80595,46.24219,1259.9 11.805978,46.242093,1259.3 11.805987,46.24196,1258.6 11.806037,46.241851,1258 11.806108,46.241725,1257.3 11.80623,46.24156,1256.4 11.8063,46.241482,1255.9 11.806326,46.241346,1255.1 11.806319,46.241218,1254.4 11.806345,46.241085,1253.6 11.806399,46.240998,1253.1 11.806543,46.240767,1251.5 11.806644,46.240648,1250.6 11.806673,46.240521,1249.8 11.806601,46.24032,1248.4 11.806531,46.240225,1247.7 11.806471,46.240112,1246.8 11.806429,46.239994,1245.9 11.806393,46.239857,1244.9 11.80636,46.23959,1242.9 11.806324,46.239393,1241.4 11.806302,46.239227,1240.1 11.806303,46.239108,1239.2 11.80637,46.239,1238.3 11.806424,46.238875,1237.4 11.806429,46.238781,1236.7 11.80636,46.238643,1235.7 11.806368,46.238544,1235 11.806411,46.238437,1234.4 11.806513,46.238344,1233.6 11.806646,46.238206,1232.6 11.806787,46.238117,1231.8 11.806916,46.238035,1231.1 11.806938,46.237951,1230.6 11.80691,46.23786,1230 11.806782,46.237689,1228.7 11.806695,46.237581,1227.9 11.806616,46.237439,1226.8 11.806591,46.237325,1226 11.806596,46.237176,1224.9 11.806681,46.237051,1223.9 11.806963,46.236805,1221.5 11.807175,46.236636,1219.9 11.807323,46.236479,1218.5 11.807338,46.236328,1217.4 11.807325,46.236132,1215.9 11.807281,46.235969,1214.7 11.807213,46.235793,1213.5 11.807194,46.2356,1212.2 11.80718,46.235391,1210.8 11.80719,46.23521,1209.6 11.807179,46.234937,1206 11.807144,46.234618,1201.7 11.807105,46.234495,1200 11.807117,46.234453,1199.5 11.807163,46.234419,1199.1 11.807225,46.234408,1198.8 11.80728,46.234428,1198.4 11.807327,46.234519,1197.7 11.807365,46.234705,1196.5 11.80737,46.235049,1194.4 11.807415,46.235302,1192.8 11.80749,46.23541,1192.1 11.807511,46.235518,1191.4 11.807529,46.235632,1190.7 11.807542,46.235682,1190.4 11.80762,46.23573,1189.9 11.807713,46.235731,1189.5 11.807779,46.235685,1189 11.807771,46.235593,1188.3 11.807652,46.23542,1187 11.807608,46.235259,1186 11.80762,46.2351,1185 11.807667,46.234887,1183.7 11.807734,46.234617,1182 11.807773,46.234434,1180.9 11.807754,46.234187,1179.5 11.807726,46.234014,1178.5 11.807734,46.233854,1177.5 11.80765,46.23367,1176.4 11.807622,46.233438,1175 11.807642,46.233271,1174.1 11.807703,46.233114,1173.1 11.807788,46.232824,1171.1 11.807849,46.23262,1169.8 11.807866,46.232442,1168.6 11.80783,46.23224,1166.9 11.807734,46.232076,1165.5 11.807616,46.231922,1164.1 11.807509,46.2318,1162.9 11.807478,46.231698,1161.9 11.80751,46.23162,1161.2 11.807832,46.231448,1158.5 11.808104,46.231331,1156.4 11.8084,46.23119,1153.8 11.808562,46.231079,1152.2 11.80869,46.23093,1150.4 11.808771,46.230786,1148.8 11.8088,46.2306,1147.6 11.808803,46.230477,1146.8 11.808785,46.230178,1144.8 11.80873,46.22987,1142.8 11.80871,46.22972,1141.4 11.8087,46.22942,1138.7 11.80871,46.22928,1137.5 11.808792,46.228985,1134.7 11.808895,46.228717,1131.9 11.808903,46.228555,1130.2 11.808885,46.228333,1128 11.808823,46.228197,1126.5 11.80872,46.22806,1125.5 11.808566,46.227926,1124.4 11.80848,46.22778,1123.4 11.808487,46.227636,1122.5 11.80857,46.227492,1121.7 11.808809,46.227221,1120.2 11.809034,46.22699,1118.8 11.809121,46.226846,1118.1 11.809129,46.226682,1117.1 11.8091,46.22654,1116.3 11.809036,46.2264,1115.5 11.808959,46.226285,1114.8 11.808861,46.226202,1114.5 11.80843,46.22611,1113.8 11.808051,46.226026,1113.2 11.807641,46.225942,1112.6 11.807186,46.225843,1112.2 11.806979,46.225789,1112 11.806762,46.225615,1111.7 11.806748,46.225462,1111.5 11.806839,46.225347,1111.2 11.807245,46.225027,1110.4 11.8075,46.22483,1109.9 11.807742,46.224733,1109.5 11.807925,46.224632,1108.7 11.807941,46.224508,1108 11.807851,46.224397,1107.4 11.807643,46.224328,1106.6 11.807311,46.224368,1105 11.806987,46.22443,1103.4 11.806831,46.224418,1102.7 11.806672,46.224294,1101.5 11.806649,46.224092,1099.8 11.806732,46.223941,1098.5 11.806944,46.223772,1096.6 11.807016,46.223601,1095.1 11.807016,46.223338,1093.2 11.807053,46.223179,1091.9 11.807188,46.223019,1090.5 11.807405,46.222966,1089.3 11.807615,46.222938,1088.3 11.808425,46.222806,1084.4 11.808767,46.222773,1082.7 11.809185,46.22276,1080.8 11.809594,46.222721,1078.4 11.809791,46.222707,1077.3 11.809928,46.222661,1076.4 11.810142,46.222469,1074.5 11.810405,46.222215,1072.1 11.810719,46.221951,1069.5 11.810993,46.221674,1067 11.81122,46.22137,1064.4 11.81131,46.22124,1063.3 11.811417,46.221029,1061.6 11.811424,46.220903,1060.7 11.81139,46.22076,1059.5 11.811289,46.220602,1058.7 11.811154,46.220495,1058 11.811167,46.220378,1057.4 11.811301,46.220269,1056.6 11.811408,46.220212,1056 11.811499,46.220082,1054.9 11.811633,46.219982,1053.9 11.811816,46.219883,1052.7 11.811959,46.219767,1051.4 11.812073,46.21964,1050.1 11.812037,46.219452,1048.4 11.811946,46.219254,1046.6 11.812014,46.219065,1045.3 11.8122,46.21885,1043.6 11.81232,46.21872,1042.6 11.812504,46.218497,1040.8 11.812647,46.218244,1038.4 11.812741,46.218055,1036.7 11.812903,46.21786,1034.7 11.81329,46.21738,1029.8 11.813589,46.217015,1026.6 11.813983,46.2166,1022.8 11.81422,46.21635,1020.5 11.814325,46.216061,1018.3 11.814405,46.21593,1017.2 11.814587,46.215737,1015.7 11.814671,46.215604,1014.7 11.814685,46.21544,1013.6 11.814689,46.215257,1012.4 11.814826,46.214964,1010.1 11.814814,46.214725,1008.3 11.814848,46.214578,1007.2 11.814936,46.214443,1006.1 11.815065,46.214314,1005 11.815184,46.214163,1003.8 11.815254,46.213945,1002.2 11.815307,46.213725,1000.6 11.81539,46.213444,998.7 11.815547,46.213276,997.4 11.815649,46.21317,996.6 11.815753,46.213064,995.8 11.815786,46.212879,994.4 11.815837,46.212681,993 11.815984,46.212433,991 11.816182,46.212068,988.1 11.816292,46.211811,986.3 11.816495,46.211459,983.6 11.816947,46.210987,979.7 11.817222,46.210793,977.8 11.817382,46.210686,977 11.817454,46.210571,976.3 11.81751,46.2104,975.4 11.817483,46.210256,974.6 11.817363,46.210058,973.4 11.817208,46.209878,972.1 11.817193,46.209781,971.6 11.817256,46.209678,970.9 11.817373,46.209552,969.8 11.817466,46.209351,968.1 11.81749,46.20916,966.7 11.817504,46.208957,965.1 11.817467,46.208741,964 11.817354,46.20856,963 11.817304,46.20839,962.1 11.81726,46.208,960.1 11.81726,46.20785,959.3 11.817304,46.207584,957.8 11.817407,46.20731,956.3 11.817513,46.207107,955.1 11.817537,46.206994,954.6 11.817482,46.20688,954.1 11.817376,46.206757,953.4 11.817215,46.206718,952.9 11.817045,46.206697,952.1 11.816941,46.206686,951.6 11.816882,46.206618,951.1 11.816872,46.206544,950.6 11.816939,46.206461,949.8 11.817031,46.206414,949.2 11.817196,46.206347,948.1 11.817455,46.206289,946.5 11.817751,46.206243,944.9 11.8179,46.2062,944 11.818133,46.206108,942.6 11.818272,46.206023,941.6 11.818366,46.205846,940.2 11.818417,46.205631,938.5 11.818488,46.205386,936.6 11.818609,46.205207,935.1 11.818885,46.205036,933.1 11.819008,46.204966,932.2 11.819064,46.204856,931.3 11.819007,46.204743,930.4 11.818706,46.204503,927.5 11.818587,46.204398,926.3 11.818593,46.204326,925.7 11.818826,46.204194,923.8 11.819103,46.204104,922.6 11.819347,46.204044,921.6 11.819642,46.203919,920.2 11.819785,46.203806,919.3 11.819832,46.203705,918.6 11.819883,46.203511,917.4 11.82004,46.203,914.2 11.82011,46.20266,912.1 11.820134,46.202526,911.1 11.82016,46.20235,909.8 11.820185,46.202178,908.5 11.82025,46.202057,907.6 11.820394,46.201905,906.3 11.820492,46.201781,905.4 11.820526,46.201688,904.7 11.82054,46.20155,903.7 11.82054,46.201456,903.2 11.820511,46.201344,902.6 11.82042,46.20119,901.6 11.820333,46.201094,901 11.820301,46.200976,900.1 11.82034,46.20082,898.8 11.820391,46.200703,897.9 11.820407,46.200575,896.9 11.82039,46.200429,896 11.820408,46.200341,895.5 11.820521,46.200203,894.5 11.820585,46.200069,893.7 11.82064,46.199925,892.7 11.820858,46.199321,888.7 11.821029,46.198851,885.5 11.821255,46.198466,882.9 11.821299,46.198374,882.2 11.821318,46.198297,881.5 11.821304,46.198208,880.8 11.82122,46.197971,878.6 11.82105,46.19753,874.6 11.820936,46.197164,871.6 11.820911,46.197061,870.8 11.820922,46.196959,870 11.820989,46.196865,869.1 11.8211,46.19682,868.9 11.821229,46.19681,868.6 11.821464,46.196779,868 11.821685,46.196733,867.5 11.821949,46.196637,866.1 11.822163,46.196519,864.9 11.822414,46.196351,863.3 11.822546,46.196217,862.2 11.82291,46.19585,858.8 11.82312,46.195402,855.1 11.823196,46.195238,853.8 11.8233,46.19509,852.6 11.82347,46.19484,850 11.823548,46.194707,848.7 11.823555,46.194585,847.6 11.823511,46.194485,846.6 11.823286,46.194335,845.2 11.823015,46.19423,843.8 11.82266,46.19408,841.9 11.822512,46.193965,840.9 11.822426,46.193794,839.6 11.822451,46.193665,838.7 11.822555,46.193543,837.6 11.822695,46.193486,836.8 11.82289,46.19344,835.9 11.82342,46.193414,833.4 11.823717,46.193447,831.9 11.823866,46.193455,831.2 11.824,46.193415,830.7 11.82416,46.19329,829.8 11.82426,46.1932,829.2 11.82438,46.193046,828.4 11.82458,46.19284,826.7 11.824696,46.192642,825.2 11.82486,46.19225,822.5 11.82499,46.19178,819.2 11.824964,46.191171,814.8 11.824945,46.190986,813.4 11.824761,46.190548,810.1 11.82436,46.189874,804.8 11.824291,46.189722,803.1 11.824267,46.189581,801.5 11.824276,46.189491,800.6 11.824418,46.189359,798.9 11.824553,46.189281,798 11.824731,46.189218,797 11.824918,46.189189,796.1 11.825182,46.189219,794.7 11.825334,46.189222,794 11.825489,46.189206,793.3 11.825603,46.18915,792.7 11.82574,46.18905,791.8 11.82621,46.188667,788.9 11.82627,46.1886,788.4 11.82646,46.18844,787.2 11.826563,46.188422,786.8 11.826643,46.18846,786.4 11.826626,46.18856,785.9 11.826565,46.188644,785.4 11.826406,46.188891,784 11.826273,46.189072,783.2 11.826152,46.189183,782.6 11.825975,46.189271,782 11.825717,46.189361,781.1 11.825572,46.189436,780.6 11.82544,46.189572,780 11.825373,46.189718,779.4 11.825326,46.189883,778.7 11.825347,46.190099,777.2 11.82542,46.19034,775.4 11.82559,46.19064,773.1 11.825699,46.190777,771.9 11.825853,46.190876,771 11.825966,46.190855,770.5 11.826024,46.190791,770 11.82605,46.19066,769.1 11.82606,46.19046,767.4 11.826109,46.190307,766.1 11.826232,46.190174,764.7 11.82636,46.190132,763.9 11.826515,46.190133,763.5 11.826712,46.190189,762.9 11.82708,46.19031,761.8 11.82722,46.19035,761.4 11.827401,46.190345,761.2 11.82756,46.19031,761 11.82803,46.19019,760.5 11.828577,46.190023,759.9 11.828738,46.189947,759.8 11.82891,46.189822,759.6 11.829329,46.189334,759.1 11.82941,46.189217,759 11.829718,46.188589,756 11.829853,46.188336,754.8 11.830085,46.187911,752.7 11.830268,46.187556,751 11.830394,46.187242,749.3 11.8305,46.18691,747.5 11.830594,46.186482,745.3 11.830685,46.186157,743.5 11.83077,46.185809,742.5 11.830858,46.185475,741.6 11.830961,46.185099,740.5 11.831045,46.184787,739.6 11.831107,46.184535,738.9 11.831146,46.184404,738.6 11.831224,46.184112,737.9 11.831283,46.183875,737.4 11.831332,46.183686,737 11.831396,46.183434,736.2 11.831472,46.183167,735.4 11.831525,46.182968,734.8 11.83158,46.18276,734.1 11.831634,46.182573,733.5 11.831688,46.182367,732.8 11.831765,46.182091,731.8 11.831824,46.181855,731 11.831883,46.181625,730.3 11.831955,46.181353,729.5 11.832022,46.181106,728.8 11.832092,46.180833,728 11.832167,46.180563,727 11.832229,46.180343,726.3 11.832269,46.180187,725.8 11.832332,46.179965,725 11.832386,46.179736,724.1 11.832429,46.179551,723.3 11.832479,46.179358,722.5 11.8325,46.179255,722.1 11.83251,46.17917,721.7 11.832504,46.179083,721.3 11.832478,46.179006,721 11.832442,46.178941,721 11.832372,46.178791,720.6 11.832306,46.178642,720.1 11.83223,46.178498,719.7 11.832151,46.178341,719.3 11.832076,46.178195,718.9 11.832007,46.178062,718.5 11.831942,46.177938,718.1 11.831824,46.177844,717.8 11.831677,46.177751,717.4 11.831487,46.177657,717 11.831258,46.177539,716.2 11.831046,46.17744,715.6 11.830817,46.177347,714.9 11.830691,46.177289,714.5 11.830623,46.177228,714.2 11.830597,46.177096,713.7 11.830587,46.176903,713 11.830583,46.176692,712.2 11.830557,46.176436,711.7 11.83053,46.176176,711.2 11.830492,46.175875,710.7 11.830459,46.17566,710.3 11.830392,46.175633,710.25 11.830311,46.175633,710.2 11.83014,46.175651,710.09 11.829889,46.175677,709.94 11.829547,46.175694,709.73 11.82931,46.175706,709.57 11.829109,46.175696,709.47 11.828789,46.175671,709.3 11.828552,46.175649,709.15 11.828379,46.175633,709.05 11.828214,46.175591,708.94 11.828004,46.17537,708.51 11.827522,46.174411,706.72 11.826972,46.173475,703.78 11.826736,46.173021,702.38 11.826206,46.172153,700.26 11.825981,46.171916,699.62 11.825661,46.171755,699 11.825328,46.171636,698.42 11.824154,46.171402,696.54 11.823844,46.171293,696.01 11.823088,46.17077,695.31 11.823038,46.170733,695.4 11.822877,46.170622,695.3 11.822624,46.17043,695 11.82239,46.170225,694.6 11.822199,46.170027,694.1 11.822094,46.169885,693.7 11.822002,46.169663,693 11.82192,46.169383,692.2 11.821826,46.169084,691.3 11.821733,46.168781,690.3 11.821659,46.168476,689.4 11.821603,46.168138,688.5 11.821564,46.167824,687.6 11.821529,46.167508,686.8 11.821472,46.167095,685.7 11.821413,46.166644,684.5 11.82137,46.166245,683.5 11.821306,46.16569,682.1 11.821246,46.165215,680.8 11.821191,46.16471,679.4 11.821129,46.16425,678.1 11.821073,46.163786,676.8 11.821018,46.163414,675.6 11.820944,46.16304,674.5 11.820851,46.162549,673 11.820764,46.162061,671.5 11.820687,46.161631,670.2 11.820634,46.161344,669.4 11.820583,46.161109,668.7 11.820502,46.160918,668.1 11.820383,46.16074,667.5 11.820197,46.160522,666.7 11.81985,46.160142,665.4 11.819575,46.159836,664.2 11.819311,46.159541,663.4 11.818995,46.159195,662.5 11.81871,46.158878,661.6 11.818469,46.158592,660.7 11.818212,46.158305,659.9 11.817957,46.158019,659 11.817785,46.157807,658.3 11.817607,46.15763,657.7 11.817401,46.15747,657 11.817138,46.157328,656.4 11.816816,46.157174,655.6 11.81639,46.157,654.5 11.816,46.156839,653.4 11.815662,46.15669,652.4 11.8153,46.156528,651.4 11.814962,46.156363,650.4 11.81462,46.156207,649.4 11.814395,46.156109,648.8 11.8142,46.156033,648.4 11.814084,46.155982,648.2 11.813948,46.155911,648.1 11.813605,46.155788,647.51 11.81294,46.155543,647.05 11.81187,46.155309,644.66 11.811088,46.155183,643.24 11.808852,46.1549,640.4 11.807514,46.154715,637.54 11.807269,46.154631,637.55 11.807125,46.154566,637.55 11.806685,46.154504,637.56 11.806063,46.154507,637.09 11.805966,46.154522,637.09 11.805741,46.154591,637.1 11.805319,46.154747,637.11 11.805114,46.154834,637.47 11.804931,46.154872,637.76 11.804715,46.154839,638.08 11.804514,46.154728,638.58 11.803734,46.154085,638.6 11.8022,46.153079,637.2 11.801409,46.152526,636.74 11.800496,46.151496,638.71 11.800296,46.151313,638.71 11.79986,46.151088,639.66 11.799283,46.15088,640.66 11.798456,46.150704,643.51 11.798165,46.150681,644 11.797664,46.150745,643.42 11.797389,46.150786,643.1 11.795899,46.151006,638.81 11.795251,46.150966,636.89 11.794441,46.150635,635.95 11.794316,46.150593,636.3 11.793904,46.150528,637.36 11.793695,46.150543,637.89 11.793257,46.150604,641.27 11.792625,46.150624,645.6 11.792086,46.150593,648.98 11.791641,46.150539,652.64 11.791147,46.150486,656.69 11.790563,46.150406,661.99 11.789608,46.150219,666.81 11.78901,46.150067,670.2 11.788144,46.149861,673.1 11.787541,46.149726,676 11.787223,46.149673,677.45 11.786955,46.149578,680.04 11.786764,46.149459,682.26 11.786591,46.149322,683.23 11.786202,46.149036,685.64 11.786017,46.148912,687.53 11.785671,46.148771,690.47 11.785153,46.148626,694.32 11.784528,46.148423,697.21 11.784132,46.148257,700.59 11.78379,46.148069,703.96 11.783269,46.147731,708.31 11.782673,46.147285,712.18 11.782315,46.147045,715.55 11.781538,46.146787,720.37 11.781332,46.146711,720.86 11.780916,46.14646,723.49 11.780769,46.146417,724.26 11.78063,46.146452,724.97 11.780625,46.14654,725.58 11.780708,46.146602,726.16 11.781399,46.146893,730.03 11.781616,46.146986,731.47 11.78188,46.147162,733.75 11.78208,46.147345,735.13 11.782227,46.14751,736.3 11.782314,46.14764,737.27 11.782311,46.147703,737.7 11.782205,46.147744,738.27 11.782103,46.147731,738.76 11.782042,46.147684,739.2 11.781973,46.147596,739.88 11.781928,46.147505,740.53 11.78181,46.14736,741.66 11.781686,46.147263,742.64 11.781477,46.147148,744.03 11.781301,46.147072,744.51 11.780981,46.14695,746.01 11.78086,46.146908,746.56 11.780723,46.146903,747.12 11.780617,46.146938,747.6 11.780584,46.14698,747.89 11.780604,46.147039,748.11 11.780709,46.147105,748.78 11.780857,46.147172,749.63 11.781034,46.147285,750.79 11.781424,46.147552,754.12 11.781806,46.147839,757.54 11.782083,46.148067,760.07 11.782391,46.148335,762.98 11.782879,46.14885,767.21 11.782894,46.148959,767.96 11.782827,46.149033,768.56 11.782728,46.149033,769.03 11.782646,46.14899,769.52 11.78259,46.14888,770.32 11.782517,46.148737,771.36 11.782459,46.148636,771.92 11.782373,46.148518,772.51 11.782242,46.148412,773.69 11.782089,46.148316,774.91 11.781196,46.147927,780.71 11.780622,46.147652,782.64 11.780426,46.14755,783.13 11.780249,46.147441,783.59 11.780132,46.147378,784.12 11.780002,46.147376,784.58 11.779934,46.147432,784.96 11.779921,46.147477,785.2 11.779968,46.14754,785.56 11.780111,46.147575,786.11 11.780371,46.147671,787.18 11.780637,46.147829,788.45 11.78118,46.148251,792.07 11.7815,46.148531,794.35 11.781517,46.14862,794.93 11.781474,46.148688,795.4 11.781362,46.148712,796.17 11.781277,46.148686,796.8 11.781164,46.148578,797.87 11.781026,46.148465,799.04 11.78088,46.148364,800.18 11.780421,46.14811,803.41 11.78007,46.147929,805.21 11.779786,46.147773,806.71 11.779685,46.147724,807.22 11.779582,46.147692,807.68 11.779459,46.1477,808.19 11.779405,46.147737,808.5 11.779383,46.147778,808.73 11.779397,46.147821,809.25 11.77948,46.147872,810.17 11.779696,46.147959,811.5 11.779889,46.14811,813.03 11.780051,46.148286,814.62 11.780197,46.14843,815.96 11.780327,46.148576,817.37 11.780463,46.148712,818.73 11.780585,46.148803,819.74 11.780821,46.148907,821.33 11.781132,46.1491,823.71 11.781261,46.149219,824.92 11.781384,46.14934,826.09 11.781493,46.149464,827.53 11.781617,46.149629,828.5 11.781703,46.149807,829.48 11.781813,46.149975,830.43 11.781958,46.150115,831.41 11.782067,46.150193,831.59 11.782168,46.150298,832.47 11.782161,46.150356,832.87 11.782093,46.150411,833.38 11.781996,46.150441,833.89 11.781887,46.150409,834.46 11.781805,46.150309,835.27 11.781603,46.150087,837.29 11.781418,46.149886,839.13 11.781074,46.149531,842.56 11.780776,46.149363,844.7 11.78053,46.149245,846.37 11.780263,46.149138,847.46 11.780067,46.14909,848.2 11.779876,46.149073,848.88 11.779669,46.149069,849.75 11.779401,46.149001,850.71 11.779199,46.148901,851.36 11.778965,46.148834,852.03 11.778738,46.148782,852.66 11.778472,46.148754,853.83 11.778213,46.148743,854.92 11.777978,46.148785,856.03 11.777665,46.148917,857.96 11.777512,46.149047,859.39 11.777376,46.149157,860.59 11.777195,46.149226,861.76 11.776934,46.149261,863.27 11.776436,46.1493,866.03 11.775977,46.149349,868.58 11.775738,46.149377,869.77 11.775575,46.149381,870.59 11.775394,46.149334,871.47 11.775236,46.149235,872.44 11.775084,46.149153,873.19 11.774978,46.149066,873.8 11.774924,46.148969,874.32 11.774968,46.148867,874.86 11.775197,46.14865,877.27 11.775259,46.148533,878.01 11.775276,46.148336,879.2 11.775226,46.148128,880.77 11.775217,46.147944,882.14 11.775322,46.147768,883.56 11.775463,46.147579,885.16 11.77626,46.146976,891.27 11.776295,46.14681,892.56 11.776239,46.146615,894.09 11.776091,46.146375,895.55 11.775984,46.1462,896.62 11.77593,46.146043,897.2 11.775864,46.145827,898 11.775781,46.145705,898.49 11.77565,46.145556,899.12 11.775341,46.145405,900.45 11.775069,46.145382,901.34 11.774787,46.145387,902.25 11.774463,46.145431,902.88 11.773825,46.14553,905.29 11.773499,46.145593,906.45 11.773183,46.145667,907.58 11.772992,46.145717,908.27 11.772733,46.145841,909.33 11.772431,46.146002,910.61 11.771811,46.146474,911.63 11.771658,46.146606,911.89 11.771555,46.146823,912.24 11.77153,46.147063,913.23 11.771455,46.147219,913.91 11.771376,46.1473,914.68 11.771189,46.147375,915.66 11.770836,46.147456,918.36 11.770192,46.147551,920.46 11.769495,46.147636,922.71 11.768915,46.147656,924.17 11.768612,46.147689,925.89 11.768377,46.147736,927.25 11.768178,46.147807,928.51 11.767927,46.147901,929.95 11.766883,46.148273,935.27 11.766521,46.148377,936.22 11.766212,46.148525,938.07 11.766057,46.148583,938.93 11.76587,46.148583,939.86 11.76577,46.148554,940.39 11.765676,46.148464,941.18 11.765606,46.148235,942.84 11.765524,46.14776,947.12 11.765361,46.147212,951.13 11.765313,46.146991,952.73 11.765238,46.146854,953.78 11.765155,46.146721,954.82 11.764985,46.146591,956.6 11.764743,46.146485,958.1 11.764476,46.146428,959.92 11.764118,46.146409,961.79 11.763734,46.14648,964.2 11.763221,46.146625,966.08 11.762993,46.146665,966.96 11.762837,46.14669,967.55 11.762641,46.146705,968.28 11.762235,46.146711,969.78 11.76196,46.146739,970.8 11.76169,46.146764,971.83 11.761465,46.146802,972.7 11.761151,46.146872,973.94 11.760768,46.146996,975.53 11.759843,46.147277,978.82 11.758966,46.147523,982.12 11.758504,46.147635,983.53 11.758315,46.147661,984.12 11.758133,46.147665,983.7 11.75795,46.147639,983.34 11.757778,46.147627,983 11.757604,46.147669,982.6 11.757467,46.147762,982.12 11.756637,46.148189,981.64 11.756293,46.148334,981.51 11.755928,46.148469,981.38 11.755259,46.148632,980.89 11.754973,46.148697,980.68 11.754694,46.148768,980.59 11.754437,46.148868,980.49 11.75373,46.149238,980.2 11.753543,46.149317,979.9 11.75326,46.149375,979.5 11.753094,46.149446,979.24 11.752842,46.149572,978.75 11.752585,46.149777,978.13 11.752425,46.149872,977.8 11.752197,46.14997,977.07 11.75173,46.150101,975.71 11.751398,46.150169,974.91 11.751144,46.150252,973.43 11.750911,46.150398,971.79 11.750732,46.150585,970.11 11.750557,46.150811,968.67 11.750268,46.15132,966.26 11.750186,46.151453,965.49 11.750074,46.15155,964.83 11.749846,46.151673,963.76 11.74948,46.151859,961.55 11.749254,46.152014,960.01 11.749101,46.152159,958.75 11.748976,46.152299,957.59 11.748876,46.152464,956.59 11.748796,46.152705,955.21 11.748752,46.153149,951.8 11.748758,46.153426,949.68 11.749029,46.153993,945.11 11.74921,46.154292,943.06 11.749462,46.154517,941.26 11.749685,46.154671,939.87 11.749788,46.154743,939.23 11.749834,46.154833,938.63 11.749826,46.154923,938.06 11.749726,46.154951,937.58 11.749568,46.154925,936.87 11.749426,46.154843,936.46 11.749208,46.154675,935.02 11.748695,46.154131,931.44 11.748484,46.153978,930.27 11.748073,46.153759,928.29 11.747803,46.153644,927.36 11.747707,46.153542,926.85 11.747699,46.153413,925.89 11.747621,46.152699,922.04 11.74761,46.152556,921.08 11.747604,46.152436,920.31 11.747643,46.152286,919.36 11.747814,46.152143,918.2 11.747949,46.152058,917.44 11.748055,46.151975,916.77 11.748114,46.151868,916.08 11.748081,46.151805,915.68 11.747989,46.151752,915.18 11.747854,46.151759,914.61 11.747722,46.151841,913.87 11.747137,46.152377,910.99 11.747026,46.152491,910.12 11.746902,46.152659,908.95 11.746836,46.152947,907.14 11.746789,46.153429,904.17 11.746772,46.153508,903.68 11.746708,46.153595,903.08 11.746575,46.153629,902.47 11.746386,46.153614,901.67 11.746284,46.153546,901.06 11.746221,46.153449,900.41 11.745836,46.152701,895.61 11.745771,46.15256,894.64 11.745669,46.152365,893.47 11.745593,46.152262,892.83 11.745388,46.152158,891.88 11.745117,46.152094,890.8 11.744888,46.15207,889.84 11.744247,46.152008,885.99 11.7438,46.151949,884.07 11.743556,46.151908,882.42 11.743336,46.151857,880.92 11.743136,46.151745,879.26 11.742902,46.151518,877.82 11.742659,46.151265,874.94 11.742533,46.151129,873.68 11.742358,46.151003,872.33 11.742007,46.150854,870.13 11.741769,46.150747,868.86 11.741546,46.150665,867.73 11.741448,46.150615,867.13 11.741293,46.150614,866.47 11.741212,46.150707,865.8 11.741249,46.150779,865.64 11.741428,46.15086,864.81 11.741694,46.150951,863.66 11.741834,46.151006,863.03 11.741995,46.151117,862.15 11.742145,46.151295,860.76 11.74249,46.151749,857.29 11.742532,46.151806,856.85 11.742551,46.151894,856.44 11.742541,46.15195,856.18 11.742491,46.151981,855.97 11.74242,46.152,855.72 11.742293,46.151981,855.3 11.742176,46.151894,854.75 11.742105,46.151764,853.79 11.742075,46.151687,853.46 11.74195,46.151584,852.92 11.741621,46.151459,851.87 11.740819,46.151169,848.5 11.740124,46.150913,844.66 11.739969,46.150819,844.1 11.739841,46.150714,843.57 11.739728,46.150532,842.8 11.739704,46.150376,841.47 11.739706,46.149957,837.93 11.739693,46.149813,836.48 11.739661,46.149697,835.33 11.739563,46.14956,833.91 11.73939,46.149494,832.64 11.739175,46.14949,831.61 11.738999,46.149535,830.72 11.738762,46.149712,827.83 11.738268,46.150135,823.51 11.738117,46.150297,821.97 11.737993,46.150538,819.66 11.737968,46.151007,815.82 11.738005,46.151355,812.45 11.738006,46.151645,809.57 11.737996,46.151767,808.27 11.737936,46.151854,807.27 11.737823,46.15192,806.2 11.737664,46.151937,805.31 11.737492,46.151916,804.28 11.737361,46.151834,803.74 11.737275,46.151656,802.84 11.737044,46.150844,798.51 11.736929,46.150501,795.15 11.73688,46.150342,793.22 11.736865,46.150174,791.46 11.736875,46.149989,789.54 11.73691,46.149837,787.94 11.736932,46.149704,786.83 11.736934,46.149607,786.02 11.736892,46.149545,785.58 11.736775,46.149539,785.05 11.736702,46.149579,784.94 11.736671,46.149665,784.79 11.736674,46.149798,784.57 11.736658,46.150436,781.21 11.736595,46.150951,776.4 11.736523,46.151302,773.04 11.73644,46.15163,769.19 11.736341,46.152031,764.39 11.736289,46.152222,762.8 11.736241,46.152277,762.28 11.736171,46.152305,761.82 11.736012,46.152298,760.91 11.735941,46.152248,760.54 11.735914,46.152161,760.06 11.7359,46.151936,759.1 11.735856,46.151379,755.73 11.735848,46.151219,755.25 11.735779,46.150798,753.33 11.735598,46.150357,751.89 11.735422,46.149945,749.97 11.735309,46.14968,748.98 11.735198,46.149606,748.6 11.73507,46.149564,748.24 11.735021,46.149609,748.04 11.734894,46.149971,747.09 11.734658,46.150715,745.16 11.734455,46.151336,744.68 11.734435,46.15151,744.68 11.73448,46.151639,744.68 11.734699,46.15176,744.68 11.735051,46.151932,744.3 11.735497,46.152275,743.72 11.735789,46.15258,743.48 11.736018,46.152916,743.24 11.735987,46.153831,742.97 11.736069,46.154558,742.76 11.736104,46.154746,742.93 11.736015,46.154915,743.09 11.735851,46.155033,743.24 11.735622,46.155082,743.49 11.735388,46.155075,743.73 11.734775,46.154841,744.45 11.734591,46.154661,744.56 11.734407,46.154472,744.68 11.734279,46.154371,744.8 11.73409,46.154344,744.92 11.733896,46.154367,745.04 11.733732,46.154452,745.16 11.733338,46.154716,745.45 11.733046,46.154855,745.64 11.732914,46.155052,746.12 11.732836,46.155209,746.6 11.732749,46.155338,746.6 11.732299,46.155724,748.52 11.732138,46.155862,749.49 11.731887,46.156022,750.93 11.731716,46.156111,751.44 11.731483,46.156229,752.12 11.731272,46.156293,752.67 11.731041,46.156343,753.24 11.730865,46.156433,753.85 11.730785,46.156529,754.29 11.730533,46.156805,754.77 11.730289,46.156982,754.88 11.729508,46.157541,755.21 11.728954,46.158004,754.68 11.728554,46.158423,754.24 11.727694,46.159497,753.81 11.727539,46.15964,754.03 11.727363,46.159748,754.23 11.727077,46.159849,754.51 11.726867,46.159931,754.72 11.726654,46.16008,754.98 11.726502,46.160272,755.38 11.726365,46.160397,755.66 11.72603,46.160558,756.18 11.724271,46.161401,757.62 11.722842,46.162097,756.69 11.722476,46.162286,756.21 11.722026,46.162499,753.81 11.721816,46.162562,752.9 11.721334,46.162641,750.93 11.720684,46.162733,747.08 11.720197,46.162826,743.72 11.719562,46.162967,738.91 11.719262,46.163055,736.99 11.718902,46.163104,735.07 11.718609,46.163071,735.07 11.718331,46.162951,735.07 11.717779,46.162658,736.51 11.717228,46.162379,738.83 11.716982,46.162254,739.87 11.716424,46.161975,743.24 11.715602,46.161585,746.6 11.715264,46.161427,748.76 11.715054,46.161364,749.97 11.714814,46.161365,751.24 11.714603,46.161424,752.45 11.714366,46.161601,754.29 11.713952,46.162011,758.14 11.713732,46.162156,759.73 11.713567,46.162218,760.84 11.713305,46.162273,762.46 11.712983,46.162196,764.63 11.712736,46.16204,766.75 11.712554,46.161896,768.51 11.712426,46.1618,769.71 11.712364,46.161581,771.75 11.712443,46.161476,772.84 11.712567,46.161369,774.1 11.712744,46.161275,775.51 11.712964,46.161144,777.36 11.71314,46.161032,778.8 11.713304,46.160816,780.9 11.713394,46.160674,782.17 11.713505,46.160555,783.3 11.714166,46.160175,787.65 11.714627,46.15993,790.6 11.714806,46.159809,791.86 11.715182,46.159527,794.67 11.715678,46.159041,799.47 11.715832,46.158889,800.88 11.715983,46.15879,801.97 11.716193,46.158713,803.22 11.716419,46.158713,804.42 11.716612,46.158685,805.46 11.716816,46.158609,806.68 11.717005,46.158501,807.64 11.717325,46.1583,809.57 11.717633,46.158117,811.67 11.71794,46.157902,813.89 11.718044,46.157769,814.99 11.718103,46.157664,815.82 11.718389,46.157154,818.7 11.718452,46.156864,820.05 11.718422,46.156509,821.69 11.718431,46.156307,822.63 11.718433,46.155933,824.35 11.718422,46.155596,825.9 11.718418,46.15551,826.3 11.718362,46.155417,826.39 11.718325,46.155333,826.68 11.718382,46.155048,827.83 11.718439,46.154875,828.46 11.718517,46.154752,828.94 11.71873,46.154603,829.69 11.718946,46.154535,830.27 11.71913,46.154445,830.83 11.71924,46.154316,831.36 11.71933,46.154179,831.78 11.719474,46.154072,832.18 11.719945,46.153773,833.41 11.719983,46.153633,834.05 11.719921,46.153549,834.47 11.719823,46.153402,835.19 11.71972,46.153288,835.79 11.719685,46.15323,836.14 11.719723,46.153085,836.96 11.719839,46.152943,837.45 11.719998,46.152755,838.41 11.720127,46.152599,839.24 11.720238,46.152353,840.42 11.720299,46.152027,841.92 11.720349,46.151855,842.73 11.72055,46.151459,843.69 11.720824,46.150971,844.66 11.720867,46.150808,845.64 11.720832,46.15062,846.72 11.720693,46.150429,848.02 11.720191,46.14996,851.38 11.719908,46.149689,853.31 11.719739,46.149467,855.44 11.719709,46.149382,856.17 11.719723,46.149265,857.15 11.719772,46.149079,858.11 11.720189,46.148479,863.88 11.720547,46.148124,865.8 11.720651,46.147987,866.64 11.720699,46.147783,867.74 11.720638,46.147609,868.69 11.720478,46.147374,870.13 11.720247,46.147146,872.68 11.720101,46.146951,874.68 11.720036,46.146809,876.01 11.719906,46.146677,877.34 11.719784,46.146572,878.38 11.719676,46.14648,879.27 11.719614,46.146396,879.97 11.71961,46.14632,880.54 11.71959,46.146167,881.67 11.719557,46.146024,883 11.719486,46.145895,884.23 11.719469,46.145697,885.99 11.719479,46.145375,887.44 11.719446,46.145165,888.4 11.719334,46.144924,890.13 11.719245,46.144768,891.28 11.719187,46.144624,892.38 11.719115,46.144436,893.82 11.719052,46.144165,895.84 11.719049,46.144024,896.88 11.719069,46.143871,898.01 11.719366,46.143472,900.36 11.719377,46.143372,901.04 11.719368,46.143315,901.43 11.719299,46.143229,902.1 11.718842,46.143002,904.74 11.718682,46.142925,905.7 11.718444,46.142826,906.85 11.718104,46.142746,908.34 11.717754,46.142687,910.03 11.717453,46.142678,911.22 11.717072,46.142699,912.91 11.716669,46.142733,914.9 11.716401,46.142755,916.38 11.71607,46.142729,918.2 11.715488,46.142687,920.24 11.715108,46.142658,921.58 11.714297,46.142562,924.45 11.714004,46.142524,924.93 11.713829,46.142515,925.46 11.713544,46.142506,926.31 11.71325,46.142466,927.2 11.712863,46.142423,928.38 11.712352,46.142422,929.9 11.712203,46.142425,930.35 11.71202,46.142389,931.12 11.711868,46.142327,931.84 11.711793,46.142311,932.16 11.711696,46.142318,932.56 11.711637,46.142369,932.94 11.711625,46.142426,933.28 11.711674,46.142467,933.59 11.711734,46.142497,933.89 11.711873,46.1425,934.6 11.712235,46.142494,936.46 11.712829,46.142536,938.57 11.713055,46.142576,939.4 11.71325,46.142648,941.27 11.71352,46.142749,943.18 11.713809,46.142828,945.11 11.714339,46.14295,949.44 11.715154,46.143125,953.28 11.716044,46.143247,957.13 11.716774,46.143361,960.49 11.71739,46.143506,964.13 11.717496,46.143546,964.8 11.717578,46.143578,965.33 11.717619,46.14362,965.74 11.717645,46.143682,966.26 11.717638,46.143801,967.22 11.717609,46.143939,968.18 11.717542,46.144152,970.22 11.717499,46.144345,972.03 11.71751,46.1445,973.47 11.717556,46.144573,974.15 11.717562,46.144692,975.16 11.717581,46.145153,979.24 11.717598,46.145373,980.2 11.717641,46.145914,984.05 11.717637,46.146492,988.36 11.717659,46.146789,990.58 11.717674,46.146897,991.38 11.717664,46.146973,991.96 11.717613,46.147042,992.54 11.717519,46.147099,993.18 11.717349,46.147144,994.62 11.716562,46.147337,997.51 11.716395,46.147368,998.22 11.716252,46.147419,998.98 11.716133,46.147505,999.77 11.716064,46.147605,1000.49 11.716022,46.147746,1001.59 11.716013,46.147897,1002.75 11.715994,46.148037,1003.83 11.71594,46.148187,1005.01 11.71585,46.148324,1006.3 11.715712,46.148476,1007.83 11.715315,46.148838,1011.71 11.715183,46.148925,1012.78 11.715089,46.148972,1013.47 11.71497,46.149004,1014.22 11.71482,46.149032,1015.15 11.714673,46.149074,1016.09 11.714545,46.149102,1016.88 11.714405,46.149157,1018.03 11.714229,46.14926,1019.62 11.714103,46.149346,1020.73 11.713986,46.149462,1022.01 11.713901,46.149581,1022.98 11.713836,46.149708,1024.42 11.713757,46.150108,1027.31 11.71365,46.150534,1029.71 11.713636,46.150777,1030.58 11.713681,46.151031,1032.14 11.713722,46.151198,1033.18 11.713728,46.151398,1035.01 11.713664,46.151602,1036.92 11.713512,46.151878,1038.69 11.713406,46.152158,1040.28 11.713396,46.15234,1041.44 11.71342,46.152495,1042.43 11.713393,46.152608,1043.15 11.713294,46.152633,1043.62 11.713186,46.152617,1044.1 11.713132,46.15256,1044.54 11.713174,46.15244,1045.33 11.71322,46.152322,1046.47 11.713227,46.152205,1047.55 11.713198,46.152127,1048.29 11.713124,46.152014,1049.42 11.713106,46.151915,1050.16 11.713125,46.151775,1051.2 11.713153,46.151554,1052.78 11.71317,46.151373,1054.19 11.713142,46.151133,1056.05 11.713052,46.150944,1057.59 11.712888,46.150705,1059.77 11.71283,46.150567,1060.95 11.712813,46.15036,1062.39 11.712864,46.14981,1066.41 11.712959,46.149155,1071.21 11.713007,46.148916,1072.97 11.713015,46.148677,1075.17 11.712933,46.148454,1077.29 11.712696,46.148235,1078.74 11.7126,46.148142,1079.7 11.712598,46.147953,1081.14 11.712751,46.147788,1083.06 11.712746,46.14768,1084.5 11.712774,46.147517,1086.11 11.71304,46.147335,1088.83 11.713192,46.147208,1089.79 11.713532,46.146835,1092.68 11.713644,46.146721,1093.29 11.713737,46.146624,1093.8 11.713799,46.146514,1094.82 11.71376,46.146438,1095.21 11.713678,46.14642,1095.56 11.713595,46.146447,1096.14 11.713517,46.1465,1096.85 11.713499,46.146595,1097.48 11.713386,46.146744,1098.58 11.713118,46.14694,1100.33 11.712924,46.147016,1101.33 11.712732,46.147068,1101.7 11.712515,46.147136,1102.1 11.712415,46.147193,1102.31 11.712348,46.147287,1102.54 11.712363,46.147392,1102.77 11.712389,46.147472,1103.2 11.712415,46.147532,1103.5 11.712377,46.14761,1103.87 11.71228,46.147648,1104.7 11.712154,46.147626,1105.66 11.712099,46.147565,1106.44 11.712101,46.147459,1107.58 11.712158,46.147316,1109.02 11.712211,46.147207,1110.05 11.712239,46.147109,1110.94 11.712279,46.147007,1111.7 11.712363,46.146924,1112.41 11.712505,46.14686,1113.25 11.712683,46.146793,1114.23 11.712828,46.146704,1115.15 11.71292,46.1466,1116.23 11.712924,46.146483,1117.01 11.712947,46.14637,1117.99 11.713108,46.146227,1119.51 11.713425,46.146012,1122 11.713697,46.14588,1124.4 11.71402,46.145741,1126.65 11.714082,46.145623,1127.76 11.714045,46.145523,1128.24 11.713935,46.145386,1129.57 11.713707,46.145294,1131.13 11.713512,46.14522,1132.4 11.713342,46.145175,1133.45 11.713193,46.145174,1134.3 11.713021,46.14523,1135.39 11.712889,46.145302,1136.35 11.712802,46.145382,1137.18 11.712521,46.145702,1140.27 11.712433,46.145809,1141.29 11.712352,46.145901,1142.18 11.712203,46.145989,1143.34 11.711957,46.146099,1144.49 11.71182,46.146158,1145.13 11.711668,46.146263,1145.98 11.711531,46.146399,1146.92 11.711227,46.146604,1148.43 11.711106,46.146713,1149.31 11.711035,46.146861,1150.29 11.711008,46.147021,1151.32 11.710998,46.147606,1154.2 11.710962,46.147938,1156.84 11.710882,46.148282,1159.61 11.710749,46.148618,1162.37 11.710553,46.148969,1166.22 11.710419,46.149531,1170.34 11.710363,46.149591,1170.86 11.710176,46.149616,1171.82 11.710109,46.149561,1172.34 11.710109,46.149421,1173.35 11.710185,46.149248,1174.66 11.710153,46.149123,1175.58 11.710082,46.148999,1176.55 11.71003,46.148869,1177.53 11.710076,46.148625,1179.31 11.710145,46.148448,1180.64 11.710187,46.14824,1182.28 11.710092,46.148031,1183.97 11.70995,46.14789,1185.44 11.709876,46.147716,1187.04 11.709905,46.147518,1188.81 11.710087,46.147252,1191.69 11.710232,46.147042,1193.61 11.710303,46.146919,1194.74 11.710333,46.146738,1196.27 11.710256,46.146488,1198.42 11.71016,46.146378,1199.94 11.709894,46.146226,1202.75 11.709525,46.146109,1205.63 11.709368,46.146077,1206.46 11.709052,46.146084,1208.05 11.708686,46.146161,1209.96 11.708099,46.14624,1213.8 11.707816,46.146231,1215.58 11.707613,46.146186,1216.9 11.707387,46.146074,1218.61 11.70709,46.14582,1220.05 11.706967,46.145693,1221.5 11.706872,46.145605,1222.49 11.706707,46.145537,1223.67 11.706434,46.145525,1225.34 11.70617,46.145545,1226.58 11.705933,46.1456,1227.74 11.705747,46.145636,1228.85 11.705599,46.145658,1229.7 11.705437,46.145648,1230.61 11.705237,46.145545,1232.07 11.705042,46.145383,1233.61 11.704865,46.145221,1235.09 11.704739,46.145156,1235.88 11.704678,46.145086,1236.58 11.704634,46.144997,1237.37 11.704645,46.144825,1238.8 11.704619,46.144547,1241.2 11.704507,46.144244,1244.08 11.704488,46.144127,1245.05 11.704496,46.144014,1245.98 11.704568,46.143783,1247.93 11.704623,46.14344,1250.81 11.704667,46.143151,1252.93 11.7046,46.142851,1255.14 11.704621,46.142603,1257.06 11.704527,46.142402,1258.5 11.704247,46.142238,1261.87 11.70386,46.142013,1265.23 11.703704,46.141868,1267.55 11.703628,46.14183,1268.37 11.703494,46.14181,1269.56 11.703168,46.141886,1272.92 11.702974,46.141967,1274.09 11.702829,46.142038,1274.97 11.702646,46.142073,1275.89 11.702382,46.142111,1277.25 11.702243,46.142108,1277.59 11.701965,46.142049,1278.3 11.701803,46.142046,1278.69 11.70171,46.14206,1279.25 11.701598,46.142159,1280.31 11.701521,46.1423,1281.5 11.701364,46.142531,1283.5 11.701237,46.142651,1284.95 11.701089,46.14274,1286.23 11.70093,46.142787,1287.34 11.700682,46.142815,1288.78 11.700581,46.142813,1289.23 11.700369,46.142769,1290.23 11.700212,46.14275,1291.47 11.700028,46.14275,1292.88 11.699861,46.142783,1294.19 11.699716,46.142849,1295.51 11.699549,46.142959,1296.77 11.699373,46.143053,1297.99 11.699241,46.143131,1298.92 11.699075,46.143162,1299.84 11.698896,46.143223,1301.05 11.698739,46.143314,1302.3 11.698417,46.143503,1304.86 11.698266,46.143595,1306.08 11.698174,46.143637,1306.75 11.698046,46.143654,1307.55 11.697937,46.143625,1308 11.6978,46.143527,1308.77 11.69767,46.143381,1309.73 11.697629,46.143268,1310.39 11.697572,46.143109,1311.02 11.697562,46.142954,1312.08 11.697528,46.142865,1312.71 11.697454,46.142797,1313.3 11.697326,46.142771,1313.93 11.697182,46.142736,1314.66 11.697033,46.142665,1315.7 11.696886,46.142572,1316.66 11.696716,46.142421,1317.62 11.696618,46.142268,1319.07 11.696596,46.142142,1319.96 11.6965,46.142032,1320.87 11.696409,46.142014,1321.34 11.696285,46.142017,1321.95 11.696159,46.142081,1322.86 11.696052,46.14213,1323.87 11.695933,46.142151,1324.29 11.695809,46.142141,1324.83 11.69574,46.142117,1325.34 11.695662,46.142047,1326.17 11.695618,46.141938,1327.24 11.695524,46.141855,1328.3 11.695335,46.141774,1329.83 11.694965,46.141686,1331.47 11.694399,46.141497,1334.12 11.69425,46.141489,1334.75 11.693965,46.141561,1336.33 11.693838,46.1416,1337.03 11.693685,46.141598,1337.81 11.693466,46.141543,1339 11.693286,46.141442,1340.22 11.693106,46.141336,1341.66 11.692859,46.141252,1343.12 11.692531,46.14116,1344.99 11.692053,46.141059,1347.91 11.691697,46.141045,1349.46 11.691319,46.140991,1351.14 11.691171,46.140947,1351.84 11.6911,46.140888,1352.32 11.691101,46.140775,1353.03 11.691153,46.140646,1353.87 11.691217,46.140509,1354.77 11.691223,46.1403,1356.01 11.691123,46.139636,1359.95 11.69109,46.139228,1362.81 11.691051,46.139028,1363.69 11.690992,46.138805,1364.67 11.690878,46.138585,1366.44 11.690798,46.138474,1367.37 11.690679,46.138367,1368.4 11.690505,46.13831,1369.41 11.69027,46.13826,1370.69 11.690128,46.138211,1371.53 11.690032,46.13817,1372.12 11.689967,46.138109,1372.69 11.689985,46.138,1373.51 11.690022,46.137894,1374.34 11.690114,46.137786,1375.29 11.690225,46.137689,1376.17 11.690276,46.13753,1377.23 11.690184,46.13724,1379.06 11.690208,46.13707,1380.11 11.690401,46.136906,1381.62 11.690558,46.136837,1382.54 11.690747,46.136791,1383.54 11.691179,46.136703,1385.77 11.691435,46.136733,1387.05 11.69168,46.136709,1388.28 11.692141,46.136352,1393.09 11.692479,46.136158,1395.97 11.693153,46.135986,1398.37 11.693444,46.135853,1399.34 11.69367,46.135713,1401.2 11.693753,46.135553,1402.7 11.693686,46.135384,1403.66 11.693419,46.134936,1408.47 11.693118,46.134475,1412.31 11.692918,46.134088,1413.28 11.692875,46.133887,1414.29 11.692809,46.133596,1416.16 11.692759,46.133484,1417.07 11.692643,46.133374,1418.08 11.692566,46.133255,1418.72 11.692539,46.133102,1419.5 11.692586,46.132863,1421.45 11.69252,46.132567,1423.46 11.692423,46.132304,1425.29 11.692328,46.13196,1427.21 11.692331,46.131744,1427.72 11.69241,46.131643,1428.18 11.692456,46.13152,1429.36 11.69236,46.131406,1430.58 11.692091,46.131331,1433.46 11.691263,46.131187,1439.23 11.690751,46.131134,1442.6 11.690009,46.131051,1445.96 11.689488,46.130992,1449.27 11.689272,46.13094,1450.7 11.68904,46.130894,1452.21 11.688777,46.130684,1453.65 11.688114,46.130362,1457.02 11.688069,46.130233,1457.95 11.688128,46.130119,1458.72 11.688362,46.130066,1459.9 11.688675,46.129985,1460.38 11.689062,46.12989,1460.68 11.689569,46.129664,1461.13 11.689764,46.129541,1461.45 11.690017,46.129433,1461.82 11.690356,46.129347,1462.38 11.691529,46.129229,1463.15 11.692406,46.129046,1463.74 11.692681,46.128968,1464.47 11.692927,46.128836,1465.24 11.69338,46.128605,1466.63 11.693867,46.128197,1470.95 11.693944,46.128065,1472.14 11.694011,46.127969,1472.99 11.694144,46.127916,1473.84 11.694336,46.127876,1474.48 11.694583,46.127892,1475.8 11.694883,46.127935,1477.42 11.69507,46.127921,1478.42 11.695288,46.127889,1479.61 11.695438,46.12776,1481.85 11.695458,46.127642,1483.45 11.695418,46.127499,1484.41 11.695439,46.127269,1486.34 11.695601,46.127121,1488.32 11.695796,46.127013,1490.18 11.696069,46.126773,1492.66 11.696261,46.126602,1494.41 11.696471,46.126399,1496.43 11.696576,46.126288,1497.26 11.696608,46.126148,1497.87 11.696649,46.126057,1498.65 11.696799,46.125959,1499.81 11.697024,46.125877,1501.24 11.697238,46.125816,1503.64 11.697529,46.125789,1505.41 11.697843,46.125723,1507 11.69827,46.125582,1509.89 11.698805,46.125421,1513.25 11.699621,46.12528,1516.62 11.700167,46.125195,1519.69 11.700235,46.125131,1520.32 11.700229,46.125018,1521.2 11.700121,46.124821,1522.87 11.69989,46.124702,1524.31 11.699496,46.124712,1526.23 11.699102,46.124726,1528.76 11.698719,46.124708,1531.23 11.698236,46.124634,1534.4 11.697618,46.124432,1537.29 11.697043,46.124176,1540.96 11.696564,46.124052,1543.69 11.696347,46.123981,1544.98 11.696134,46.123855,1546.58 11.695932,46.123693,1548.34 11.695805,46.123615,1549.49 11.695638,46.123511,1551 11.695349,46.123419,1553.15 11.695146,46.123362,1555.13 11.694973,46.123284,1556.99 11.694808,46.123169,1558.07 11.694511,46.123022,1559.76 11.694124,46.122844,1561.9 11.693785,46.122739,1563.38 11.6937,46.1227,1564.22 11.693402,46.12243,1566.91 11.693108,46.122253,1569.05 11.692767,46.122107,1571.25 11.692592,46.122047,1572.32 11.69249,46.12196,1573.64 11.692459,46.12163,1575.61 11.692505,46.121458,1577.24 11.692518,46.121314,1578.59 11.692419,46.121211,1579.74 11.692211,46.121175,1581.13 11.691876,46.121152,1583.32 11.691487,46.121124,1585.86 11.691157,46.121094,1587.62 11.690825,46.121037,1589.42 11.690522,46.120962,1591.55 11.690262,46.120879,1593.41 11.69009,46.120767,1594.95 11.689995,46.120623,1596.95 11.689872,46.120414,1598.63 11.689791,46.120266,1599.8 11.689779,46.120017,1602.01 11.689809,46.119842,1603.63 11.689785,46.119634,1605.55 11.689608,46.119427,1607.59 11.689383,46.119251,1609.59 11.689199,46.119211,1610.49 11.688998,46.119103,1611.68 11.688818,46.11894,1613.17 11.688736,46.118764,1614.21 11.688622,46.118648,1614.75 11.688532,46.118609,1615 11.688355,46.118616,1614.74 11.687962,46.118701,1614.57 11.687559,46.118792,1614.4 11.68736,46.118831,1614.33 11.687133,46.118826,1614.24 11.686935,46.118783,1614.17 11.686661,46.118704,1614.4 11.686338,46.118623,1614.67 11.686093,46.118588,1614.87 11.685743,46.118555,1615.15 11.685437,46.118519,1615.04 11.685005,46.118461,1614.88 11.684471,46.11833,1614.67 11.683721,46.118113,1613.75 11.683535,46.118074,1613.74 11.683323,46.118057,1613.74 11.683078,46.118066,1613.72 11.682784,46.118123,1613.71 11.681207,46.118506,1612.94 11.68101,46.118552,1612.84 11.680793,46.118574,1612.74 11.680459,46.118578,1612.59 11.680074,46.118534,1612.75 11.678548,46.118348,1611.31 11.678329,46.118319,1611.11 11.678137,46.118271,1610.92 11.677969,46.118201,1610.75 11.677644,46.117979,1610.35 11.677322,46.117766,1609.78 11.677203,46.117694,1609.57 11.677074,46.117652,1609.39 11.676963,46.117646,1609.25 11.676832,46.117673,1609.07 11.676732,46.117734,1609.04 11.676564,46.117826,1608.99 11.676133,46.118041,1608.88 11.675997,46.118084,1608.85 11.675859,46.118114,1608.81 11.675675,46.118119,1608.77 11.67552,46.118061,1608.9 11.675345,46.117951,1609.08 11.67525,46.117862,1609.2 11.675135,46.117716,1608.82 11.674908,46.117423,1608.05 11.674748,46.117316,1608.04 11.674462,46.1172,1608.04 11.67411,46.117126,1608.42 11.673856,46.11704,1608.42 11.673634,46.116925,1608.42 11.673531,46.116822,1607.72 11.673447,46.116704,1606.98 11.67329,46.116503,1606.83 11.673005,46.116305,1606.65 11.672747,46.11625,1606.5 11.672179,46.116273,1606.81 11.671877,46.116318,1606.56 11.670642,46.116467,1605.54 11.670363,46.116476,1605.42 11.670052,46.116555,1605.28 11.669823,46.116687,1605.16 11.669674,46.116864,1605.06 11.669645,46.117176,1605.06 11.669693,46.117356,1605.06 11.669866,46.117676,1604.18 11.66993,46.117891,1603.9 11.669877,46.118098,1603.62 11.669764,46.11822,1603.56 11.669585,46.118275,1603.5 11.669386,46.118232,1603.45 11.66911,46.118123,1603.29 11.668894,46.118045,1603.17 11.668683,46.117971,1603.03 11.668468,46.117936,1602.95 11.668287,46.117921,1602.86 11.667961,46.117861,1602.75 11.667699,46.117803,1602.65 11.666487,46.117403,1602.17 11.666348,46.117365,1601.97 11.666208,46.117347,1601.78 11.666042,46.117372,1601.78 11.665799,46.117462,1601.77 11.665707,46.117501,1601.77 11.665549,46.117509,1601.76 11.665433,46.117464,1601.76 11.665389,46.117405,1601.75 11.665371,46.117278,1601.75 11.665389,46.117148,1601.74 11.665406,46.117044,1601.73 11.665389,46.116937,1601.73 11.665338,46.116843,1601.72 11.665246,46.11674,1601.72 11.665124,46.116659,1601.71 11.664963,46.116585,1601.7 11.66456,46.116528,1602.04 11.662336,46.116351,1603.85 11.661431,46.116286,1604.58 11.660696,46.116165,1605.39 11.660271,46.115998,1605.92 11.659999,46.11585,1606.88 11.659732,46.115685,1607.29 11.659509,46.115366,1607.88 11.659349,46.115071,1608.74 11.659251,46.114863,1609.35 11.659194,46.114737,1609.71 11.659054,46.114573,1610.23 11.65877,46.114439,1611.21 11.658171,46.114317,1612.63 11.657684,46.114273,1613.58 11.656819,46.114173,1615 11.655942,46.114167,1616.05 11.655212,46.114088,1616.88 11.654153,46.113967,1617.71 11.653412,46.113923,1618.29 11.652921,46.113943,1618.44 11.652501,46.113874,1618.9 11.652274,46.113748,1619.22 11.652242,46.113604,1619.69 11.652263,46.113379,1620.28 11.652216,46.113069,1620.59 11.652128,46.112794,1620.86 11.651976,46.112526,1620.61 11.651905,46.112369,1620.98 11.651881,46.112137,1621.5 11.651921,46.1119,1622.03 11.652092,46.11165,1622.2 11.652266,46.111474,1622.33 11.652315,46.111237,1622.48 11.652408,46.110912,1622.47 11.652434,46.11076,1622.63 11.652369,46.110599,1622.79 11.652194,46.110508,1622.93 11.651802,46.110471,1623.38 11.650935,46.110397,1624.35 11.650274,46.110195,1624.71 11.649332,46.109765,1625.27 11.649069,46.109416,1625.99 11.648974,46.109286,1626.26 11.648889,46.109209,1626.44 11.648752,46.109125,1626.49 11.648459,46.109065,1626.57 11.648125,46.109082,1626.66 11.647651,46.109058,1627.13 11.647367,46.108928,1628.08 11.647134,46.108662,1629.03 11.646796,46.108468,1629.02 11.646396,46.108284,1629.01 11.6462,46.108144,1629 11.646062,46.108037,1629 11.645853,46.107752,1628.98 11.645646,46.107634,1629.33 11.645402,46.107479,1629.93 11.645219,46.107168,1631.37 11.645068,46.106996,1631.36 11.644893,46.106847,1631.35 11.644609,46.106602,1631.34 11.644496,46.106397,1631.33 11.644447,46.106171,1631.33 11.644314,46.105659,1627.94 11.644256,46.105566,1626.48 11.644238,46.105476,1625.2 11.644275,46.105366,1623.6 11.6443,46.105268,1622.83 11.644249,46.105148,1621.9 11.644114,46.105038,1620.85 11.643961,46.104952,1619.74 11.643768,46.104844,1618.51 11.643741,46.104673,1617.24 11.643836,46.104509,1616.35 11.643921,46.104381,1614.93 11.643942,46.104156,1612.7 11.643892,46.103923,1610.57 11.64375,46.103786,1609.7 11.643651,46.103588,1608.63 11.643666,46.103109,1604.29 11.643528,46.102797,1600.91 11.643299,46.102609,1599.46 11.643054,46.102484,1597.89 11.642929,46.102437,1597.18 11.642808,46.102341,1596.26 11.642711,46.102213,1595.36 11.642644,46.102021,1594.14 11.642568,46.101784,1593.65 11.642397,46.101338,1589.31 11.642351,46.101033,1584.97 11.642319,46.100786,1581.87 11.642369,46.100614,1579.67 11.642402,46.100492,1578.34 11.642365,46.100394,1577.26 11.642292,46.10035,1577.04 11.642176,46.100367,1576.78 11.642117,46.100476,1576.61 11.642085,46.100616,1576.29 11.642035,46.100793,1575.32 11.641925,46.101327,1569.53 11.64189,46.101539,1567.6 11.641952,46.101897,1562.78 11.641963,46.101996,1562.23 11.641903,46.102088,1561.75 11.641774,46.102091,1561.33 11.641648,46.10203,1561.12 11.641622,46.101887,1560.84 11.641617,46.101784,1560 11.64155,46.101619,1558.91 11.641407,46.101334,1557.45 11.641285,46.10108,1553.6 11.641193,46.100911,1551.67 11.641113,46.100724,1550.37 11.641116,46.100517,1549.01 11.641208,46.100346,1547.8 11.641528,46.099857,1542.49 11.641731,46.099567,1538.64 11.642048,46.099293,1535.19 11.642145,46.09917,1533.81 11.642115,46.09909,1533.61 11.642029,46.099042,1533.42 11.641901,46.099072,1533.19 11.64179,46.099188,1532.84 11.641571,46.099472,1531.87 11.641326,46.099635,1529.93 11.640916,46.099838,1527.04 11.640607,46.100025,1524.6 11.640405,46.100111,1523.18 11.6399,46.100104,1521.25 11.639341,46.100059,1517.87 11.638533,46.100068,1513.04 11.637946,46.1001,1509.66 11.637526,46.10011,1506.77 11.637332,46.100114,1505.8 11.637097,46.100079,1504.83 11.637035,46.100004,1504.53 11.637129,46.099925,1504.18 11.637265,46.099927,1503.86 11.637596,46.099955,1502.71 11.638071,46.099885,1501.04 11.638775,46.09977,1497.57 11.639279,46.099663,1494.41 11.639578,46.099599,1492.53 11.639794,46.099513,1491.6 11.639961,46.099365,1490.6 11.640121,46.09919,1489.84 11.640876,46.098336,1483.55 11.641245,46.097927,1478.74 11.64152,46.097601,1474.39 11.641629,46.097432,1473.09 11.641734,46.097209,1471.45 11.641764,46.096871,1469.08 11.641685,46.096478,1465.7 11.641709,46.096278,1464.46 11.641825,46.095987,1462.59 11.642005,46.095695,1459.91 11.642342,46.09517,1455.07 11.642618,46.094718,1451.22 11.642796,46.094376,1448.22 11.642907,46.094126,1446.07 11.643008,46.093944,1444.46 11.643235,46.093673,1441.56 11.643414,46.093511,1439.99 11.643547,46.093315,1438.33 11.643629,46.093048,1436.25 11.64385,46.092682,1432.39 11.643971,46.092522,1430.46 11.644088,46.092168,1427.07 11.644078,46.091911,1424.67 11.64398,46.091763,1423.17 11.643577,46.091361,1418.66 11.643451,46.09117,1416.74 11.643388,46.091064,1415.68 11.643394,46.090832,1413.55 11.643495,46.090733,1412.43 11.643662,46.09058,1410.67 11.643728,46.090453,1409.43 11.643599,46.090363,1408.26 11.643471,46.09036,1407.69 11.64329,46.090408,1406.82 11.643188,46.090542,1406.23 11.643184,46.090763,1405.36 11.643147,46.091033,1403.48 11.643174,46.091321,1401.5 11.643271,46.091593,1399.56 11.643411,46.091815,1398.11 11.6435,46.092047,1395.98 11.643462,46.092201,1395.1 11.64333,46.092294,1394.37 11.64319,46.092333,1393.78 11.643071,46.092286,1393.25 11.643067,46.092205,1392.79 11.643127,46.0921,1392.15 11.643238,46.091985,1391.58 11.643192,46.091824,1390.56 11.643012,46.09159,1388.92 11.64286,46.091382,1386.99 11.64266,46.090855,1383.18 11.642598,46.090506,1380.71 11.642615,46.090325,1379.67 11.642657,46.090109,1378.49 11.642736,46.090003,1377.88 11.64292,46.089931,1377.33 11.643071,46.089851,1376.84 11.643407,46.089839,1375.39 11.64362,46.089779,1373.94 11.643659,46.089694,1373.46 11.643572,46.089626,1372.97 11.643321,46.089661,1372.15 11.642855,46.08978,1370.55 11.642589,46.089908,1369.22 11.642382,46.090047,1368.06 11.642275,46.090275,1366.68 11.642158,46.090782,1363.3 11.642172,46.091301,1358.95 11.642165,46.091591,1357.02 11.642049,46.091864,1353.82 11.641925,46.09198,1352.2 11.64154,46.092177,1350.26 11.641383,46.092289,1348.26 11.641278,46.092382,1346.74 11.641131,46.092569,1344 11.641,46.092806,1342.18 11.64087,46.092926,1341.1 11.640509,46.093074,1340.13 11.639916,46.093254,1335.31 11.639668,46.093355,1333.38 11.63936,46.093533,1330.91 11.639104,46.093732,1328.55 11.638731,46.094042,1325.65 11.638194,46.094311,1320.83 11.637927,46.094412,1318.42 11.637743,46.094479,1317.46 11.637452,46.09449,1316 11.637122,46.09435,1314.55 11.636978,46.094191,1314.54 11.636575,46.093863,1311.65 11.636303,46.093585,1307.78 11.636009,46.093394,1306.33 11.635186,46.092911,1300.06 11.634866,46.092746,1298.61 11.634293,46.092484,1293.78 11.634085,46.092396,1292.33 11.63378,46.092217,1290.3 11.633679,46.092134,1289.51 11.63358,46.09201,1288.48 11.633455,46.091657,1286.53 11.633379,46.091403,1285.56 11.633218,46.090745,1279.29 11.633164,46.090436,1275.92 11.633087,46.090163,1272.06 11.63298,46.089958,1271.09 11.632791,46.089792,1270.12 11.632426,46.089589,1265.79 11.632267,46.089516,1265.06 11.632144,46.089388,1264.22 11.632084,46.0892,1263.16 11.632006,46.089072,1262.4 11.631771,46.088888,1260.83 11.631372,46.088659,1258.54 11.631082,46.088409,1256.12 11.630626,46.087938,1250.82 11.630215,46.087578,1246.95 11.629857,46.087263,1244.54 11.629662,46.08697,1242.34 11.629486,46.086529,1239.22 11.629229,46.085607,1232.93 11.629161,46.085132,1229.08 11.6291,46.084665,1225.69 11.629049,46.084406,1222.32 11.629021,46.084091,1217.5 11.629093,46.083851,1215.53 11.629203,46.083652,1213.82 11.629423,46.083294,1210.7 11.629611,46.083029,1208.33 11.629695,46.082762,1205.79 11.629739,46.082464,1203.02 11.629709,46.082253,1201.57 11.62957,46.082175,1200.64 11.629308,46.0821,1199.16 11.628718,46.081947,1194.81 11.628579,46.081869,1193.98 11.62849,46.081759,1193.15 11.628325,46.08156,1191.92 11.628005,46.081369,1189.99 11.627384,46.081091,1186.6 11.627081,46.080968,1184.63 11.626856,46.080856,1183.08 11.626729,46.080769,1182.08 11.626719,46.080688,1181.43 11.626774,46.080628,1180.85 11.626955,46.080619,1179.84 11.627499,46.080926,1176.93 11.628455,46.081174,1171.63 11.628732,46.081276,1170.66 11.629162,46.081356,1167.74 11.629656,46.081394,1165.34 11.630185,46.081369,1161.48 11.630514,46.081357,1159.9 11.630792,46.081355,1158.59 11.631072,46.081448,1157.14 11.631347,46.081688,1154.24 11.631455,46.081825,1153.25 11.631484,46.08205,1151.82 11.631345,46.082321,1150.85 11.631166,46.082561,1149.6 11.631029,46.082803,1148.43 11.631021,46.083186,1144.57 11.630979,46.083524,1140.72 11.631014,46.083838,1138.49 11.631144,46.08408,1136.85 11.631255,46.084287,1134.44 11.631429,46.084549,1131.06 11.631622,46.084796,1128.97 11.63171,46.085015,1127.28 11.631762,46.085297,1125.26 11.631822,46.085471,1123.64 11.631893,46.085591,1122.46 11.631994,46.085683,1121.41 11.632217,46.085755,1120.25 11.632482,46.08574,1118.99 11.632716,46.085626,1117.39 11.632845,46.085493,1116.09 11.633215,46.08498,1112.23 11.633337,46.084824,1110.72 11.633387,46.084648,1109.2 11.63333,46.084401,1106.92 11.633141,46.084091,1103.55 11.633071,46.083854,1101.13 11.633115,46.083682,1099.94 11.633205,46.083549,1098.94 11.633422,46.083355,1097.27 11.633704,46.083155,1094.85 11.63401,46.082923,1091.48 11.634214,46.082738,1089.38 11.63431,46.082583,1087.91 11.634325,46.082353,1085.68 11.63425,46.082024,1082.31 11.634206,46.081884,1080.42 11.63426,46.081662,1077.52 11.634465,46.081477,1075.08 11.634938,46.081363,1073.14 11.636089,46.081219,1066.86 11.636604,46.081167,1063.49 11.636976,46.081104,1060.12 11.637269,46.081021,1058.58 11.637622,46.080828,1056.41 11.637915,46.080605,1054.32 11.638438,46.080161,1049.01 11.638741,46.079884,1046.11 11.638928,46.07974,1044.18 11.639068,46.079557,1041.88 11.639143,46.079358,1039.59 11.639144,46.079119,1036.94 11.639168,46.078941,1035.81 11.639133,46.078741,1034.53 11.639085,46.078228,1033.55 11.639107,46.077918,1031.62 11.639243,46.077254,1028.23 11.63935,46.076918,1024.37 11.639339,46.07668,1021.8 11.63927,46.076431,1019.07 11.639261,46.076268,1017.58 11.639296,46.07606,1015.67 11.639442,46.075876,1013.76 11.639662,46.075736,1012.27 11.639931,46.075672,1010.86 11.640882,46.075411,1008.92 11.641732,46.075211,1005.04 11.642416,46.075034,1001.19 11.643119,46.074869,997.8 11.643691,46.074662,993.45 11.644484,46.074333,989.11 11.644846,46.074203,987.66 11.645623,46.073695,982.34 11.646148,46.073296,977.99 11.646411,46.073119,975.58 11.646662,46.072955,972.21 11.64698,46.072727,969.49 11.647292,46.072626,967.44 11.647664,46.072559,966.42 11.648217,46.072492,963.03 11.648651,46.072378,960.06 11.649025,46.072217,957.25 11.649327,46.072039,954.83 11.64949,46.071927,953.4 11.649671,46.071801,951.82 11.650009,46.07169,949.52 11.650232,46.071622,948.12 11.650421,46.071518,946.77 11.650607,46.071365,945.19 11.650892,46.071093,942.77 11.651268,46.07072,939.86 11.651652,46.070364,935.03 11.651936,46.070079,930.22 11.65216,46.069768,927.29 11.652218,46.069487,924.91 11.652297,46.069247,923.06 11.652496,46.068945,920.57 11.652693,46.068747,918.15 11.652951,46.068467,913.82 11.653144,46.068161,910.73 11.653271,46.067721,906.58 11.653455,46.067375,904.07 11.653569,46.067192,902.71 11.653871,46.06687,897.89 11.654264,46.066578,893.55 11.654507,46.066392,891.14 11.654586,46.066278,889.93 11.654579,46.066147,888.68 11.654509,46.066027,887.44 11.654384,46.065981,886.8 11.654415,46.065823,885.93 11.6544,46.065638,884.92 11.654209,46.065384,883.36 11.653871,46.06514,881.52 11.653668,46.065079,880.68 11.653566,46.064974,879.99 11.653632,46.064864,879.61 11.653824,46.064815,879.15 11.654081,46.064786,878.57 11.654294,46.064781,878.22 11.654518,46.064731,877.84 11.654823,46.064625,877.29 11.655184,46.064473,876.62 11.655401,46.0644,875.93 11.656499,46.06424,872.73 11.657057,46.064164,871.28 11.657335,46.064166,870.72 11.657912,46.064198,869.57 11.658282,46.064186,868.84 11.659052,46.064108,867.38 11.659515,46.064048,866.41 11.66043,46.063851,864.08 11.660668,46.063832,863.85 11.660826,46.063752,863.66 11.660938,46.063659,863.49 11.661049,46.063553,863.48 11.661263,46.063431,863.32 11.661505,46.063345,863.17 11.6618,46.063293,862.99 11.662026,46.063305,862.86 11.66233,46.063307,862.89 11.662587,46.063274,862.92 11.662863,46.063223,862.96 11.663284,46.063114,863.17 11.663673,46.062988,863.37 11.664524,46.062667,862.52 11.664859,46.062519,862.21 11.665071,46.062357,862.39 11.665189,46.062255,862.5 11.665329,46.062202,862.95 11.665603,46.062268,863.78 11.665839,46.06233,864.5 11.666096,46.062284,866.09 11.66629,46.062162,867.65 11.666539,46.062102,869.56 11.666868,46.062073,871.97 11.667784,46.062037,877.24 11.668689,46.062038,884.43 11.669141,46.062037,887.97 11.669907,46.062096,894 11.670609,46.062165,897.83 11.671025,46.062218,900.15 11.671438,46.062339,902.62 11.67175,46.062381,904.41 11.67199,46.062384,905.76 11.672291,46.062319,907.51 11.672664,46.062153,909.97 11.673158,46.061948,909.81 11.673323,46.061872,909.48 11.673534,46.06184,909.11 11.67375,46.061884,908.73 11.673876,46.061949,908.48 11.674052,46.062111,908.33 11.674177,46.062288,908.18 11.674306,46.06242,907.63 11.674439,46.062498,907.24 11.674681,46.062551,906.67 11.674868,46.062547,906.25 11.675068,46.062533,905.4 11.675258,46.062465,905.25 11.675478,46.062321,905.04 11.675673,46.062222,904.89 11.675836,46.062105,903.44 11.676037,46.061984,901.85 11.676258,46.061884,900.28 11.676597,46.061799,898.14 11.676902,46.061702,895.56 11.677035,46.061641,894.33 11.677193,46.061561,892.83 11.677246,46.061456,891.39 11.677267,46.061352,890.42 11.6773,46.061243,889.49 11.677386,46.061138,888.49 11.677717,46.061035,887.04 11.677987,46.060993,885.59 11.678325,46.060904,883.66 11.678716,46.06071,880.76 11.6789,46.060621,879.8 11.679141,46.060543,878.83 11.679466,46.060436,877.38 11.679727,46.060358,875.93 11.680123,46.060245,872.55 11.680773,46.060068,868.21 11.68112,46.06001,866.28 11.681349,46.059951,864.83 11.681585,46.059869,863.37 11.681827,46.059805,861.94 11.682077,46.059749,861.45 11.682442,46.059682,860.95 11.68257,46.059661,860.95 11.682739,46.05968,860.94 11.683131,46.059765,860.93 11.683326,46.059788,860.93 11.683558,46.059764,861.13 11.68375,46.059733,861.3 11.684029,46.059753,861.15 11.684238,46.059802,861.03 11.684482,46.059756,860.9 11.684697,46.05967,860.41 11.685281,46.059436,858.96 11.685716,46.059344,857.62 11.68664,46.059215,854.86 11.687121,46.059127,854.62 11.687322,46.059131,854.96 11.687453,46.059173,855.21 11.687567,46.05928,855.33 11.687602,46.05938,855.42 11.687657,46.059723,855.04 11.687665,46.059803,854.71 11.687767,46.059837,854.37 11.688007,46.059746,853.58 11.688196,46.059565,851.87 11.688317,46.059387,850.68 11.688416,46.059177,848.79 11.688516,46.059094,848.02 11.688734,46.059021,846.82 11.689118,46.05885,844.88 11.689294,46.058738,843.92 11.689787,46.058376,839.58 11.69,46.05811,835.24 11.690117,46.05799,834.21 11.690298,46.057855,832.92 11.690495,46.057787,831.85 11.690789,46.057727,830.88 11.691443,46.057612,826.55 11.691697,46.057521,825.1 11.691971,46.057424,822.68 11.692294,46.057295,819.88 11.692573,46.057176,817.42 11.692701,46.057159,816.86 11.692762,46.057212,816.44 11.69274,46.057285,815.98 11.692645,46.057341,815.44 11.692422,46.057409,814.31 11.69213,46.05751,812.79 11.691676,46.057751,810.14 11.691087,46.05812,807.71 11.690859,46.058368,806.26 11.690711,46.058637,804.36 11.690508,46.058984,801.9 11.690428,46.059202,800.45 11.690375,46.059437,798.05 11.690365,46.059631,796.1 11.690348,46.059821,794.18 11.690341,46.060073,792.43 11.690473,46.060254,791.02 11.690654,46.060394,790.32 11.690848,46.060524,789.52 11.691066,46.060627,788.74 11.691352,46.060661,787.89 11.691563,46.060616,787.4 11.691821,46.060456,786.43 11.69201,46.060222,784.5 11.692192,46.059984,781.13 11.692473,46.05964,777.27 11.692698,46.059351,772.45 11.692887,46.059117,768.6 11.692957,46.058972,767.35 11.692951,46.058841,766.29 11.692845,46.058529,763.67 11.692834,46.058304,762.26 11.692954,46.058099,760.87 11.693198,46.057944,759.65 11.693484,46.057834,758.45 11.693936,46.057702,756.51 11.694705,46.057427,752.17 11.695386,46.057204,747.34 11.695757,46.057114,744.53 11.696041,46.056973,742.02 11.696135,46.056799,740.11 11.696187,46.056389,735.76 11.696245,46.055924,730.95 11.696171,46.055746,729.01 11.696048,46.055528,727.25 11.696029,46.0554,726.28 11.696079,46.0553,725.49 11.696232,46.055195,724.36 11.696449,46.055073,722.9 11.696596,46.054966,721.79 11.696651,46.054839,720.79 11.696638,46.054648,719.86 11.696643,46.054472,719 11.696706,46.054385,718.53 11.696881,46.054253,717.6 11.697038,46.054152,716.84 11.697152,46.05405,716.17 11.697198,46.053921,715.48 11.697211,46.053806,715.04 11.697264,46.053701,714.61 11.697386,46.053604,714.11 11.697708,46.053446,712.41 11.697957,46.053329,711.12 11.69822,46.053206,709.2 11.698434,46.053102,707.26 11.698638,46.052976,705.33 11.698807,46.052859,703.41 11.69894,46.05273,702.39 11.699028,46.052613,701.54 11.699141,46.052473,700.51 11.699218,46.05233,698.57 11.699294,46.052182,696.65 11.699375,46.052038,694.63 11.699533,46.051773,691.97 11.699713,46.051469,688.93 11.699807,46.051246,686.52 11.699883,46.051048,684.11 11.699945,46.050836,681.7 11.699974,46.050507,678.33 11.699956,46.050229,675.74 11.699958,46.04999,673.5 11.699946,46.049737,671.49 11.700001,46.049474,669.37 11.700076,46.049147,666.74 11.700133,46.048932,664.81 11.700183,46.048744,663.36 11.70027,46.048477,661.18 11.700337,46.04827,659.5 11.700394,46.048058,657.57 11.700447,46.047842,655.62 11.700643,46.04749,652.26 11.70086,46.047201,648.88 11.700963,46.046993,647.01 11.701083,46.046842,645.53 11.701132,46.046734,644.56 11.701171,46.046607,643.74 11.701177,46.046443,642.7 11.701205,46.046369,642.36 11.701311,46.046316,641.95 11.701411,46.046327,641.63 11.701493,46.046419,641.14 11.70146,46.046577,640.18 11.701238,46.046867,638.2 11.70101,46.047396,634.87 11.700935,46.047723,632.44 11.700919,46.048026,629.55 11.700975,46.048262,627.67 11.701054,46.04838,626.64 11.701105,46.048495,625.69 11.701158,46.048765,623.02 11.701141,46.049133,619.41 11.701183,46.049679,613.91 11.701259,46.04999,610.73 11.701321,46.050137,609.7 11.701325,46.050405,607.88 11.701293,46.050504,607.19 11.701279,46.050596,606.57 11.701314,46.050652,606.15 11.701392,46.050678,605.74 11.701464,46.050661,605.38 11.70152,46.050609,604.94 11.70154,46.050555,604.61 11.70153,46.050445,603.96 11.70146,46.050121,602.02 11.701453,46.049967,601.1 11.701494,46.049701,599.04 11.701617,46.049348,596.24 11.701681,46.049166,594.31 11.701747,46.048938,592.33 11.701798,46.048769,590.86 11.701823,46.048551,589 11.701789,46.04841,587.55 11.701763,46.048246,585.63 11.701737,46.047988,583.79 11.70178,46.047842,582.74 11.701924,46.047646,581.18 11.702154,46.04735,578.67 11.702406,46.047032,575.97 11.70262,46.046765,571.63 11.702754,46.046547,568.96 11.702813,46.04636,567.54 11.702807,46.04624,566.65 11.702821,46.046161,566.34 11.702895,46.04608,565.96 11.703007,46.046071,565.65 11.703087,46.046126,565.35 11.703108,46.046176,565.19 11.703067,46.046278,564.86 11.702727,46.046917,561 11.702501,46.047402,556.65 11.702362,46.04779,553.26 11.702334,46.047971,551.89 11.702351,46.048138,550.63 11.702471,46.048349,548.92 11.702506,46.048513,547.96 11.702548,46.048641,546.58 11.70255,46.048865,544.58 11.702678,46.04907,543.13 11.702804,46.049231,542.16 11.702877,46.049425,541.19 11.702862,46.049599,539.75 11.702771,46.049775,538.77 11.702672,46.050071,536.36 11.702634,46.050314,534.91 11.702671,46.050604,533.04 11.702719,46.050836,531.52 11.702738,46.051047,529.11 11.702764,46.051299,526.23 11.70288,46.051445,524.78 11.703157,46.051646,522.36 11.703232,46.051796,521.16 11.7032,46.052147,518.5 11.703154,46.052426,517.05 11.703238,46.052474,516.56 11.703346,46.052453,516.08 11.703416,46.052391,515.59 11.703452,46.052027,513.18 11.703459,46.051895,512.51 11.703457,46.051756,511.8 11.703365,46.051439,510.16 11.703239,46.05119,508.82 11.703164,46.05105,508.15 11.703106,46.050878,507.37 11.703089,46.050723,506.88 11.703131,46.050552,506.4 11.703389,46.049804,503.01 11.703521,46.049445,499.15 11.703623,46.049114,496.73 11.703686,46.048835,494.31 11.703616,46.048515,492.38 11.703516,46.048142,490.45 11.703464,46.047906,488.81 11.70351,46.047643,486.99 11.703568,46.047446,485.61 11.7037,46.047257,484.17 11.703887,46.047107,483.2 11.704054,46.046993,482.23 11.704272,46.046906,481.27 11.704553,46.04682,479.33 11.704952,46.046647,475.96 11.70516,46.046541,474.99 11.70534,46.046417,474.02 11.7055,46.046268,472.57 11.705714,46.046089,469.2 11.70592,46.045873,466.79 11.705972,46.045723,465.33 11.705954,46.045537,463.79 11.705993,46.04542,462.78 11.706099,46.045354,461.96 11.706276,46.045353,460.9 11.7064,46.045398,460.07 11.706556,46.045438,459.5 11.706752,46.045446,458.84 11.706979,46.045374,458 11.707089,46.045211,457.12 11.707085,46.045044,456.31 11.707005,46.044949,455.77 11.706988,46.044868,455.37 11.706939,46.044773,454.88 11.707006,46.044714,454.51 11.707158,46.044673,454.39 11.707241,46.044523,454.21 11.707306,46.04437,454.48 11.707369,46.044261,454.68 11.707465,46.044183,455.17 11.707584,46.044117,455.68 11.707791,46.043992,456.59 11.707865,46.043934,456.97 11.707961,46.043764,457.84 11.708087,46.043657,458.5 11.708353,46.043543,459.46 11.708626,46.043471,459.93 11.708882,46.043417,459.92 11.709042,46.043347,459.92 11.709351,46.04328,459.91 11.709844,46.043262,459.42 11.710316,46.043289,458.45 11.710789,46.043309,457.81 11.711121,46.043336,457.36 11.711407,46.04336,456.97 11.71179,46.043399,456 11.712172,46.043437,454.81 11.712529,46.043501,453.69 11.712879,46.043524,452.61 11.713209,46.043517,452.12 11.713372,46.043503,452.12 11.713529,46.043465,452.11 11.713665,46.043386,452.11 11.713787,46.043285,452.11 11.713914,46.043184,452.1 11.714118,46.043094,452.59 11.714328,46.043036,453.05 11.714587,46.042954,453 11.71522,46.042661,452.54 11.715555,46.042568,452.49 11.715814,46.042489,452.51 11.715997,46.042425,452.52 11.716208,46.0423,451.97 11.716357,46.042199,451.55 11.716509,46.042151,451.55 11.716664,46.042157,451.54 11.71679,46.042232,451.7 11.717028,46.042391,452.01 11.717179,46.042413,452.16 11.717345,46.042371,452.34 11.717668,46.042221,452.39 11.718025,46.042112,452.45 11.718325,46.04195,452.28 11.718661,46.041781,452.08 11.719001,46.041678,451.91 11.719308,46.04157,451.46 11.719541,46.041508,451.46 11.719758,46.041506,451.71 11.719928,46.041555,451.93 11.720059,46.041546,452.4 11.720198,46.041514,452.88 11.720379,46.041421,453.87 11.720798,46.041187,456.22 11.721177,46.041065,458.62 11.721429,46.041018,459.44 11.72164,46.040975,460.13 11.721904,46.040918,461 11.722601,46.040712,462.9 11.722923,46.040622,463.38 11.723149,46.040529,463.64 11.72377,46.04035,464.31 11.723978,46.04025,464.94 11.72423,46.039938,466.22 11.724329,46.039835,467.18 11.724537,46.039735,468.13 11.724755,46.039645,468.61 11.724992,46.039491,469.22 11.725198,46.039268,469.51 11.725437,46.039045,469.15 11.725588,46.038902,468.57 11.725591,46.03877,468.36 11.725546,46.038679,468.08 11.725434,46.038625,468.08 11.725157,46.038509,467.11 11.725008,46.038345,466.46 11.724986,46.038254,466.14 11.725027,46.038168,465.66 11.725069,46.038078,465.16 11.725126,46.037973,464.57 11.725157,46.037862,463.97 11.725189,46.037779,463.52 11.72527,46.037673,462.88 11.725407,46.037616,461.68 11.725555,46.037581,460.67 11.72567,46.037525,459.86 11.725771,46.037456,458.42 11.725896,46.037415,456.65 11.726055,46.037424,454.7 11.726149,46.037501,452.15 11.726205,46.037622,450.22 11.726245,46.037819,448.77 11.72631,46.038197,443.96 11.72648,46.038506,438.66 11.726546,46.038662,435.77 11.726644,46.038984,431.91 11.726681,46.039015,431.62 11.726758,46.039013,431.28 11.726792,46.038965,430.94 11.726808,46.038725,429.02 11.726812,46.038532,427.37 11.726872,46.038468,426.71 11.726964,46.038494,426.38 11.726998,46.038544,426.11 11.726981,46.038759,425.14 11.726967,46.039149,421.29 11.727028,46.039307,420.35 11.727101,46.039354,420.47 11.727175,46.039373,420.55 11.727282,46.039377,420.86 11.727374,46.039356,421.13 11.727568,46.039279,421.75 11.728027,46.038994,425.57 11.728349,46.038796,428.45 11.728525,46.038727,429.41 11.72866,46.038733,430.37 11.728809,46.038817,432.28 11.728937,46.038888,433.28 11.729053,46.038931,434.04 11.729243,46.038917,435.15 11.729628,46.038746,438.03 11.72989,46.038658,439.46 11.730223,46.038557,441.06 11.730496,46.038492,442.94 11.730678,46.038471,444.15 11.73081,46.038487,445.46 11.730958,46.038546,447.12 11.731084,46.038639,448.15 11.731198,46.038716,449.03 11.731361,46.038792,450.25 11.731549,46.0389,451.76 11.731689,46.03908,453.57 11.731878,46.039265,454.91 11.731999,46.039332,455.55 11.732158,46.039333,456.21 11.732301,46.039291,456.98 11.732415,46.039224,457.72 11.732522,46.039079,458.88 11.732682,46.03896,460.04 11.732871,46.038866,460.99 11.733062,46.038821,461.95 11.733233,46.038793,463.05 11.733518,46.038752,464.86 11.733808,46.038687,466.76 11.734211,46.038646,469.3 11.73449,46.038645,471.04 11.734628,46.038641,471.67 11.734734,46.038617,472.16 11.734819,46.038509,472.96 11.734899,46.038317,474.11 11.734954,46.038104,475.35 11.73517,46.037714,479.18 11.735467,46.03744,480.61 11.73573,46.037171,481.08 11.735833,46.037087,481.07 11.735959,46.037046,481.07 11.736088,46.037067,481.85 11.736196,46.03716,482.86 11.736274,46.037276,483.94 11.736359,46.03738,484.58 11.736445,46.03745,485.07 11.736666,46.037519,485.96 11.73688,46.037582,486.81 11.737154,46.037606,487.45 11.737493,46.037603,488.23 11.738454,46.037544,492.05 11.738819,46.037523,492.96 11.738971,46.037522,493.34 11.739101,46.037492,493.68 11.739182,46.037454,494.07 11.73935,46.037373,494.92 11.739558,46.037246,496.06 11.739758,46.037089,497.3 11.739994,46.036843,497.77 11.74033,46.036513,497.81 11.740498,46.036405,497.83 11.740678,46.036348,498.26 11.741314,46.036287,499.65 11.741464,46.036247,500.16 11.741765,46.036097,501.38 11.741919,46.036006,502.04 11.742364,46.035618,505.86 11.742548,46.035501,506.6 11.74278,46.035426,507.34 11.743076,46.03536,507.25 11.7437,46.035388,506.27 11.744142,46.035472,503.9 11.744359,46.035554,502.45 11.744454,46.035646,501.92 11.744552,46.03574,501.38 11.744696,46.035845,500.72 11.745039,46.035949,499.54 11.745273,46.035972,498.9 11.74545,46.035981,498.42 11.745558,46.035997,497.78 11.74568,46.03607,496.86 11.745723,46.03615,496.16 11.745688,46.03622,495.69 11.745507,46.036418,494.23 11.745513,46.036586,493.74 11.745579,46.036701,493.64 11.745732,46.036794,493.69 11.745906,46.036794,493.73 11.745996,46.036718,493.72 11.74603,46.036619,493.72 11.746096,46.03652,493.72 11.746268,46.036409,493.21 11.746519,46.036281,492.54 11.746707,46.036225,492.17 11.746929,46.036213,492.19 11.747029,46.036233,492.19 11.747139,46.036305,492.21 11.747287,46.036355,492.22 11.747396,46.036354,492.23 11.747525,46.036277,492.22 11.747565,46.036173,492.34 11.747589,46.036083,492.45 11.747681,46.035984,492.69 11.747929,46.03578,492.68 11.748363,46.035554,492.67 11.748581,46.035484,492.66 11.748782,46.035441,492.5 11.749216,46.035401,492.14 11.749676,46.035384,491.2 11.749719,46.035353,491.08 11.749805,46.035318,490.89 11.750004,46.035317,490.52 11.750432,46.035431,489.66 11.750929,46.035603,487.8 11.751395,46.035789,485.77 11.751721,46.035882,484.44 11.751953,46.035935,483.05 11.752545,46.036033,479.59 11.752815,46.036085,477.65 11.753035,46.036106,476.51 11.753276,46.036089,475.28 11.753549,46.036015,473.79 11.753688,46.035949,472.76 11.753833,46.03589,471.72 11.753938,46.035867,471.05 11.754076,46.035852,470.2 11.754218,46.035842,469.34 11.754349,46.03576,468.48 11.754515,46.035597,467.03 11.754995,46.034872,462.2 11.755222,46.034579,461.22 11.755523,46.03421,460.25 11.755583,46.033991,460.08 11.755591,46.033766,459.91 11.755563,46.033538,459.23 11.755403,46.033355,458.59 11.755181,46.033181,457.33 11.754704,46.032912,455.86 11.754514,46.032789,455.07 11.754329,46.032703,454.38 11.753981,46.032642,452.55 11.753687,46.032618,451.03 11.753435,46.032604,450.02 11.753237,46.032523,449.09 11.753162,46.032442,448.83 11.753121,46.032322,448.51 11.753172,46.032177,448.12 11.753323,46.03198,447.15 11.753452,46.031849,446.48 11.75374,46.031624,445.22 11.753967,46.031518,444.44 11.75415,46.031435,443.82 11.75431,46.031406,443.36 11.754539,46.031421,442.79 11.754889,46.031522,441.67 11.75543,46.031707,439.88 11.755626,46.031758,439.12 11.755792,46.031779,438.52 11.755989,46.031788,437.8 11.756213,46.03176,436.98 11.756391,46.031711,436.49 11.756575,46.031646,435.9 11.756827,46.031597,435.15 11.757259,46.031602,433.29 11.758277,46.031717,428.85 11.759103,46.031799,425.25 11.759519,46.031845,423.43 11.759783,46.031879,422.47 11.759991,46.031889,421.64 11.760255,46.031826,420.54 11.760865,46.031524,417.63 11.761053,46.031444,416.74 11.761219,46.031304,415.7 11.761531,46.030954,412.31 11.761764,46.030732,409.9 11.761834,46.030612,408.94 11.761914,46.03045,407.68 11.761932,46.03031,406.69 11.761886,46.030109,405.28 11.761873,46.030009,404.57 11.761917,46.029954,404.12 11.761977,46.029939,403.81 11.762036,46.029967,403.45 11.762077,46.030008,403.1 11.762079,46.030096,402.47 11.762079,46.030206,401.69 11.762086,46.030406,400.24 11.762024,46.030661,397.64 11.761924,46.030921,394.93 11.761747,46.031252,390.6 11.761578,46.031516,387.87 11.761495,46.03167,386.31 11.761502,46.031804,385.56 11.761607,46.03193,384.75 11.761726,46.032047,384.24 11.761743,46.032048,384.3 11.761787,46.03195,383.9 11.761843,46.031854,383.5 11.761892,46.031791,383.1 11.761964,46.031708,382.7 11.762067,46.031614,382.4 11.762155,46.031521,382.1 11.762224,46.031433,381.8 11.76229,46.031285,381.3 11.762342,46.031126,380.8 11.762411,46.030922,380.1 11.762461,46.030738,379.4 11.762512,46.030559,378.7 11.762568,46.030364,377.9 11.762611,46.030217,377.2 11.76267,46.03001,376.2 11.762718,46.029855,375.5 11.762765,46.029734,374.7 11.762833,46.029667,374.2 11.762942,46.029635,374 11.763073,46.029639,373.8 11.763314,46.029663,373.8 11.763509,46.029678,373.9 11.763626,46.029685,374 11.763693,46.029679,374.1 11.763766,46.02965,374.2 11.763799,46.029599,374.4 11.763809,46.029484,374.6 11.763833,46.029311,374.9 11.763866,46.029137,375.3 11.763899,46.029012,375.5 11.763958,46.028898,375.8 11.764117,46.028723,376.2 11.764258,46.028571,376.6 11.764467,46.02835,377.2 11.764633,46.02818,377.7 11.764767,46.028023,378.2 11.764864,46.027902,378.5 11.764942,46.027783,378.8 11.764991,46.027658,378.9 11.76501,46.027522,379 11.764991,46.027406,379 11.764967,46.027233,379.1 11.764927,46.027083,379.2 11.764911,46.026985,379.2 11.764917,46.026891,379.1 11.764961,46.026802,379.1 11.765056,46.026694,378.9 11.765137,46.026606,378.8 11.765199,46.026522,378.7 11.765247,46.026409,378.6 11.765273,46.02628,378.5 11.76531,46.026162,378.4 11.765366,46.026016,378.4 11.765434,46.025849,378.4 11.765494,46.025692,378.3 11.765554,46.02557,378.2 11.765627,46.025426,378 11.765942,46.025062,375.56 11.766343,46.024733,373.1 11.766665,46.02451,371.3 11.767248,46.02431,368.73 11.774326,46.022593,339.07 11.775346,46.022312,334.73 11.77621,46.022082,331.08 11.776681,46.021984,329.14 11.777632,46.021827,325.28 11.778219,46.021725,322.98 11.778548,46.021624,321.3 11.778718,46.021555,321.1 11.778949,46.021461,320.6 11.779204,46.021355,320.1 11.779637,46.021173,319.3 11.780039,46.021005,318.5 11.780274,46.020907,318 11.78037,46.021001,317.8 11.780432,46.021064,317.7 11.780487,46.021113,317.6 11.780572,46.021168,317.6 11.780654,46.0212,317.6 11.780773,46.021216,317.6 11.780886,46.021212,317.6 11.781017,46.021188,317.6 11.781217,46.021152,317.6 11.781498,46.021111,317.5 11.781796,46.021065,317.4 11.782103,46.021018,317.3 11.78239,46.020971,317 11.782759,46.020914,316.8 11.783055,46.020864,316.6 11.783366,46.020814,316.4 11.783768,46.020754,316.1 11.784191,46.02069,315.8 11.784611,46.020624,315.6 11.785047,46.020552,315.4 11.785533,46.020469,315.1 11.785957,46.020404,314.9 11.786316,46.020349,314.7 11.786745,46.020284,314.4 11.787126,46.020222,314.2 11.787496,46.020162,314 11.787828,46.02011,313.9 11.788264,46.020042,313.9 11.788687,46.019972,313.9 11.789169,46.019894,313.9 11.789627,46.019822,313.9 11.790026,46.019763,314 11.790489,46.019691,314 11.790789,46.019643,314.1 11.791061,46.019598,314.1 11.791502,46.019523,314.2 11.791758,46.01948,314.3 11.79212,46.019423,314.4 11.792415,46.019382,314.8 11.792654,46.019347,315 11.792837,46.019321,315.3 11.793016,46.019293,315.5 11.793285,46.019251,316.1 11.793432,46.019212,316.4 11.793618,46.019157,316.8 11.793781,46.019088,317.2 11.793919,46.019009,317.5 11.794072,46.018893,317.9 11.794213,46.018761,318.3 11.79434,46.018617,318.6 11.794472,46.018467,319.2 11.794597,46.018323,319.7 11.794745,46.018182,320.3 11.794908,46.018053,320.8 11.795099,46.017933,321.3 11.795323,46.017833,321.8 11.79561,46.017737,322.3 11.795922,46.017634,322.9 11.796302,46.01751,323.6 11.796557,46.017427,324 11.79687,46.017322,324.6 11.797138,46.017248,324.5 11.797355,46.017194,324.4 11.797594,46.017135,323.7 11.797817,46.017079,322.9 11.797962,46.01704,322.4 11.798115,46.017001,321.7 11.798252,46.016959,321 11.798367,46.016933,320.9 11.798491,46.016905,320.8 11.798651,46.016866,320.7 11.798814,46.016825,320.6 11.799017,46.016777,320.4 11.799229,46.016728,320.3 11.799394,46.01669,320.1 11.799558,46.016662,320 11.799723,46.016647,319.8 11.799927,46.016639,319.6 11.800112,46.016635,319.3 11.800287,46.016642,319.1 11.800497,46.016662,319.1 11.800653,46.016681,319.1 11.800781,46.016698,319 11.800931,46.016717,319 11.801124,46.016756,318.8 11.801294,46.016786,318.7 11.801464,46.016809,318.5 11.80159,46.016818,318.3 11.801699,46.016816,318.2 11.801843,46.016785,318 11.802005,46.016735,317.8 11.802281,46.016653,317.4 11.802589,46.016559,317.5 11.802883,46.016464,317.6 11.803131,46.016385,317.7 11.803464,46.016281,317.8 11.803757,46.016193,318 11.804016,46.016114,318.1 11.804301,46.016027,318.3 11.804546,46.015948,318.4 11.804785,46.015877,318.6 11.805045,46.015797,318.8 11.805272,46.015725,318.9 11.805524,46.015652,319.1 11.805703,46.015598,319.4 11.80596,46.01552,319.7 11.806257,46.015432,320 11.806582,46.015332,320.4 11.806941,46.015225,320.7 11.807295,46.015121,321.1 11.807631,46.015018,321.3 11.807977,46.014912,321.5 11.808302,46.01481,321.6 11.808767,46.014669,321.8 11.809109,46.014566,321.9 11.809596,46.014416,322 11.809995,46.014298,321.9 11.810389,46.014174,321.9 11.81085,46.014035,321.9 11.811299,46.013902,321.9 11.811699,46.013778,321.8 11.812162,46.013639,321.8 11.812582,46.013514,321.8 11.81291,46.013409,321.8 11.813285,46.013302,321.8 11.813607,46.013204,321.7 11.813974,46.013098,321.7 11.814343,46.012984,321.8 11.814731,46.012866,321.8 11.81513,46.012737,321.8 11.815524,46.012615,321.8 11.815861,46.012509,321.8 11.816194,46.012402,321.8 11.816386,46.012332,321.8 11.816716,46.012214,321.7 11.817066,46.012084,321.6 11.817339,46.011982,321.5 11.817634,46.011869,321.4 11.817995,46.011715,321.2 11.818378,46.011543,321 11.818718,46.01139,320.9 11.819013,46.011269,320.7 11.819237,46.011185,320.5 11.819478,46.011103,320.4 11.819761,46.011015,320.1 11.820035,46.010951,319.9 11.820332,46.010897,319.6 11.820731,46.010846,319.2 11.821112,46.010822,318.7 11.8214,46.010814,318.4 11.821735,46.010818,317.9 11.822125,46.010829,317.4 11.822367,46.010827,317.2 11.822631,46.010813,317.1 11.82292,46.010777,316.9 11.823261,46.010726,316.7 11.823595,46.010678,316.5 11.823953,46.01062,316.2 11.824299,46.010563,316 11.824659,46.010502,315.8 11.825045,46.010432,315.5 11.825336,46.010379,315.3 11.825667,46.010313,315 11.826079,46.010221,314.7 11.826378,46.010148,314.5 11.826626,46.010083,314.3 11.826941,46.010005,314.1 11.827254,46.009928,313.9 11.827579,46.009858,313.7 11.827851,46.009817,313.6 11.828076,46.009802,313.6 11.828232,46.0098,313.6 11.828574,46.009794,313.6 11.828872,46.009792,313.7 11.82927,46.009785,313.8 11.829552,46.009782,313.9 11.829755,46.00976,313.8 11.82993,46.009725,313.6 11.830131,46.009671,313.4 11.8303,46.009608,313.2 11.830458,46.009528,313 11.830592,46.009458,312.8 11.830748,46.009386,312.6 11.830866,46.009325,312.4 11.830949,46.009263,312.3 11.831056,46.00916,312.1 11.831186,46.009034,311.9 11.8313,46.008921,311.6 11.83145,46.008771,311.8 11.831591,46.008584,312 11.831712,46.008455,312.3 11.831796,46.008342,313 11.831828,46.008306,312.5 11.831963,46.00813,313 11.832101,46.007995,313.3 11.832187,46.007937,313.5 11.832337,46.007891,313.8 11.832532,46.007806,314.1 11.832718,46.007713,314.5 11.83293,46.007614,314.8 11.833113,46.007511,315.1 11.833258,46.007408,315.5 11.833419,46.007269,315.9 11.833603,46.007088,316.4 11.833758,46.00693,316.8 11.833951,46.006746,317.2 11.834143,46.006566,317.6 11.834313,46.006413,317.9 11.834473,46.006291,318.1 11.834641,46.00617,318.2 11.834804,46.006068,318.4 11.834972,46.005977,318.4 11.835183,46.005867,318.5 11.835378,46.005762,318.8 11.835571,46.005631,319.1 11.835725,46.005505,319.3 11.836021,46.005266,319.7 11.836351,46.005003,320.2 11.836617,46.00479,320.6 11.836836,46.004633,320.8 11.837072,46.004503,321 11.837333,46.004397,321.2 11.837589,46.004319,321.4 11.837941,46.00421,321.5 11.838256,46.00411,321.7 11.838515,46.00403,321.5 11.838814,46.003936,321.3 11.839003,46.003876,321.2 11.839245,46.003783,321.1 11.839359,46.003728,321 11.83943,46.003676,321 11.839578,46.00367,321.2 11.839791,46.003631,321.4 11.840012,46.003568,321.7 11.84027,46.003483,322.1 11.840651,46.003362,322.6 11.841002,46.003253,323.1 11.841279,46.003168,323.6 11.841469,46.003111,324 11.841411,46.003017,324 11.841335,46.002913,324 11.841228,46.002783,324 11.841108,46.002644,324 11.840991,46.002506,323.9 11.840874,46.002361,323.9 11.840757,46.002224,323.9 11.840618,46.002051,323.8 11.840424,46.001806,323.6 11.840269,46.001608,323.5 11.840127,46.001426,323.8 11.839941,46.001193,324.2 11.839851,46.001076,324.4 11.839732,46.000926,324.6 11.839602,46.000752,324.9 11.839513,46.000633,325.1 11.839401,46.000467,325.3 11.839315,46.000316,325.5 11.839253,46.000143,325.6 11.839216,46.000004,325.8 11.839217,45.999864,326 11.839223,45.999717,326.1 11.839252,45.999538,326 11.839267,45.999356,325.9 11.83926,45.99922,325.8 11.839231,45.999095,325.8 11.839177,45.998953,325.7 11.839098,45.998826,325.7 11.838978,45.998685,325.7 11.83886,45.998561,325.7 11.838698,45.998403,325.9 11.838524,45.998235,326 11.838366,45.99808,326.2 11.838224,45.997937,326.4 11.838105,45.997785,326.5 11.837989,45.997608,326.7 11.837881,45.997408,326.9 11.837838,45.997297,327 11.837752,45.997112,327.5 11.837678,45.99696,327.9 11.837611,45.996845,328.1 11.837551,45.996751,328.4 11.837481,45.996671,328.5 11.837387,45.996568,328.7 11.837305,45.996488,328.8 11.83719,45.996406,328.9 11.837086,45.996334,329 11.836912,45.996275,329.2 11.836701,45.996217,329.4 11.836481,45.996155,329.7 11.836227,45.99608,329.9 11.836101,45.996047,330 11.835989,45.99601,330.2 11.835919,45.99598,330.2 11.835879,45.995943,330.4 11.83586,45.995885,330.5 11.835859,45.99583,330.6 11.835886,45.995721,330.9 11.835892,45.995647,331 11.835879,45.995549,331.2 11.835857,45.995435,331.3 11.835825,45.995248,331.6 11.835796,45.995109,331.9 11.835774,45.994991,332.2 11.835744,45.994809,332.7 11.835716,45.994648,333.1 11.835687,45.994512,333.5 11.835653,45.994383,333.9 11.835623,45.994295,334.2 11.835592,45.994213,334.4 11.83555,45.994173,334.6 11.835484,45.99414,334.8 11.835392,45.994112,335 11.835309,45.994098,335.2 11.835204,45.994097,335.3 11.835082,45.99411,335.4 11.834925,45.994139,335.6 11.834777,45.994147,335.8 11.834606,45.994146,336 11.834438,45.994137,336.3 11.834264,45.994124,336.6 11.834097,45.994112,336.9 11.833952,45.994108,337.2 11.83382,45.994116,337.4 11.833661,45.994148,337.7 11.833506,45.994199,338 11.833315,45.994255,338.6 11.833131,45.994312,339.1 11.832938,45.994368,339.8 11.832766,45.994417,340.4 11.832598,45.994464,341.1 11.832406,45.994509,341.8 11.832218,45.994546,342.8 11.832079,45.994554,343.5 11.83195,45.994553,344.4 11.83177,45.994534,345.5 11.831633,45.994514,346.6 11.8315,45.994505,347.5 11.831373,45.99451,348.7 11.831241,45.994547,349.9 11.831091,45.994606,351.4 11.830952,45.994669,352.8 11.830823,45.994734,354.1 11.8307,45.994802,355.4 11.830562,45.994869,356.7 11.830436,45.994911,357.7 11.83031,45.994924,358.7 11.830184,45.994925,359.6 11.830024,45.994919,360.7 11.829882,45.994924,361.6 11.829756,45.994933,362.4 11.829621,45.994964,363.4 11.829471,45.99501,364.4 11.829328,45.995075,365.5 11.829201,45.995126,366.4 11.829061,45.995158,367.4 11.828923,45.995187,368.4 11.82877,45.995219,369.5 11.828626,45.995244,370.7 11.828484,45.995267,371.9 11.828354,45.995295,373 11.828229,45.995337,374.2 11.828098,45.995394,375.7 11.827958,45.995462,377.3 11.827816,45.99553,378.8 11.827685,45.995589,380.2 11.827552,45.99564,381.6 11.827406,45.995693,383 11.827199,45.995751,384.8 11.827017,45.995797,386.3 11.826772,45.995857,388.4 11.826624,45.995893,389.6 11.826433,45.995946,391.2 11.826254,45.995985,392.6 11.826098,45.996004,393.9 11.825948,45.996007,395.1 11.825788,45.995994,396.4 11.825644,45.995987,397.6 11.825523,45.995994,398.5 11.825361,45.996013,399.8 11.825199,45.996044,401.1 11.825056,45.996085,402.4 11.824926,45.996128,403.5 11.824777,45.996185,404.9 11.824625,45.996247,406.2 11.82448,45.996302,407.6 11.824344,45.99636,408.8 11.824195,45.996415,410 11.824038,45.996467,411.3 11.823888,45.996513,412.5 11.823732,45.996552,413.7 11.823583,45.99657,414.8 11.823417,45.996586,416 11.823272,45.996605,417 11.823124,45.996649,418.1 11.822986,45.996682,419.1 11.822837,45.996705,420.2 11.822681,45.996733,421.3 11.822495,45.996771,423 11.822319,45.996803,424.7 11.822207,45.996837,425.8 11.822061,45.996901,427.4 11.821936,45.996953,428.7 11.821798,45.997017,430.2 11.821666,45.997093,431.7 11.821571,45.997156,432.9 11.821474,45.997221,434.1 11.821374,45.997252,435.1 11.821255,45.997265,436.1 11.821139,45.997263,437.2 11.821007,45.997255,438.3 11.820864,45.997235,439.6 11.820749,45.997219,440.7 11.820635,45.997225,441.3 11.820528,45.997255,442 11.820443,45.997275,442.5 11.820371,45.99728,443 11.820312,45.997258,443.4 11.820285,45.997231,443.6 11.820278,45.997188,444 11.820289,45.997136,444.4 11.820339,45.997101,444.9 11.820427,45.997084,445.4 11.82055,45.997079,446.1 11.820688,45.997073,446.9 11.820826,45.997057,447.7 11.820972,45.99703,448.6 11.821105,45.997005,449.5 11.821262,45.996965,450.7 11.82138,45.996923,451.7 11.821512,45.996862,452.9 11.821633,45.99679,454.1 11.821725,45.996723,455.2 11.821823,45.996654,456.3 11.821922,45.996571,457.3 11.822019,45.996479,458.4 11.82211,45.996394,459.4 11.822208,45.996321,460.3 11.822314,45.996247,461.1 11.822427,45.996183,462 11.822551,45.996112,462.8 11.822682,45.996035,463.7 11.822826,45.995965,464.7 11.822984,45.9959,465.6 11.823146,45.995844,466.6 11.823317,45.995785,467.6 11.823511,45.995727,468.9 11.823706,45.995683,470.1 11.823867,45.995643,471.1 11.824032,45.995594,472.2 11.824149,45.995546,473 11.824248,45.995492,473.8 11.824362,45.995423,474.7 11.824486,45.99534,475.8 11.824605,45.99525,476.9 11.824745,45.99517,478 11.824868,45.995123,478.9 11.824998,45.99509,479.7 11.825128,45.995071,480.5 11.825277,45.995058,481.4 11.825426,45.995039,482.4 11.825544,45.995008,483.2 11.8257,45.99494,484.4 11.825845,45.99486,485.7 11.825998,45.994772,487 11.826142,45.994683,488.3 11.826315,45.994587,489.7 11.826509,45.994493,491.3 11.82665,45.994422,492.4 11.826766,45.994342,493.5 11.826866,45.994253,494.4 11.826968,45.99419,495.1 11.827085,45.994144,495.8 11.827201,45.994108,496.4 11.827326,45.99406,497.1 11.827467,45.99398,497.9 11.827574,45.993892,498.6 11.827684,45.99379,499.4 11.827776,45.993702,500.1 11.827895,45.993623,500.8 11.828039,45.99354,501.6 11.828197,45.993473,502.3 11.828335,45.993405,503.2 11.828465,45.993323,504.1 11.828577,45.993212,505.1 11.82868,45.993096,506.2 11.828778,45.993003,507.1 11.828882,45.992947,507.8 11.829003,45.992914,508.5 11.829151,45.992872,509.5 11.829278,45.992826,510.3 11.829425,45.992765,511.3 11.829559,45.9927,512.3 11.829698,45.992643,513.3 11.829855,45.992588,514.4 11.830029,45.992533,515.6 11.830184,45.992486,516.6 11.830354,45.992416,517.8 11.830511,45.992344,519 11.830653,45.992279,520 11.830794,45.992211,520.9 11.830966,45.992136,522 11.831092,45.992058,522.8 11.831211,45.991954,523.8 11.831319,45.991843,524.6 11.831417,45.991736,525.4 11.831515,45.991654,526 11.83164,45.991568,526.8 11.831688,45.991514,527.2 11.83171,45.991464,527.5 11.831701,45.991408,527.9 11.831658,45.991365,528.3 11.831588,45.991352,528.6 11.831516,45.991363,529 11.831458,45.9914,529.3 11.831403,45.991486,529.9 11.831351,45.991575,530.5 11.831297,45.99165,531 11.831231,45.991729,532 11.831123,45.991813,533.2 11.831,45.99188,534.3 11.830849,45.991947,535.6 11.830669,45.992025,537.1 11.830498,45.992096,538.5 11.830325,45.992162,539.9 11.830157,45.992224,541.2 11.830037,45.992259,542.1 11.829899,45.992277,543.1 11.829778,45.992285,543.9 11.829636,45.992285,544.9 11.829478,45.992285,546 11.829346,45.992306,546.9 11.829189,45.992357,548 11.829026,45.992388,549.2 11.82887,45.992397,550.3 11.828665,45.992397,551.8 11.828495,45.992417,553.1 11.828325,45.992461,554.4 11.828162,45.992539,555.9 11.828012,45.992605,557.3 11.827861,45.992648,558.6 11.827718,45.992686,559.8 11.827548,45.992747,561.1 11.827386,45.992832,562.5 11.82724,45.992911,563.8 11.827053,45.993013,565.5 11.826889,45.993082,566.9 11.826703,45.993148,568.4 11.826514,45.993208,569.9 11.826325,45.993261,571.4 11.82609,45.993331,573.3 11.825877,45.993398,575 11.825704,45.993426,576.3 11.825511,45.993439,577.8 11.825282,45.99345,579.2 11.825065,45.993464,580.6 11.824817,45.993509,582.4 11.824546,45.993579,584.3 11.82436,45.993636,585.7 11.824134,45.993703,587.4 11.823899,45.993764,589.2 11.823722,45.993813,590.6 11.823556,45.993883,592.1 11.823448,45.993945,593.1 11.823321,45.994019,594.4 11.823208,45.994086,595.5 11.823045,45.99415,597 11.822864,45.994206,598.6 11.822739,45.994239,599.8 11.822612,45.994261,600.9 11.82249,45.994263,601.9 11.822375,45.994256,602.9 11.82224,45.994243,604.1 11.822117,45.994223,605.1 11.821965,45.994206,606.4 11.821791,45.994188,607.8 11.821624,45.994171,609 11.821436,45.994166,610.5 11.821249,45.994159,611.7 11.821005,45.994152,613.3 11.820757,45.994143,614.9 11.820497,45.994141,616.6 11.820253,45.994127,618.2 11.820066,45.994113,619.5 11.819834,45.994107,621 11.81962,45.994104,622.4 11.819427,45.994112,623.6 11.819276,45.994118,624.6 11.819101,45.994116,625.7 11.818964,45.994108,626.5 11.818813,45.994068,627.4 11.81868,45.994017,628.2 11.818545,45.99394,629.2 11.818433,45.993863,630.1 11.818339,45.993769,631.1 11.818292,45.99366,632 11.818273,45.993544,632.9 11.818283,45.993387,634 11.818294,45.993251,634.9 11.818308,45.993111,635.9 11.818342,45.992967,636.7 11.818382,45.992869,637.3 11.81845,45.992777,638.1 11.818502,45.992687,638.8 11.818519,45.992597,639.6 11.818514,45.992473,640.6 11.818485,45.992384,641.4 11.818437,45.992285,642.4 11.81837,45.992205,643.3 11.818293,45.99213,644.3 11.818203,45.99207,645.2 11.818107,45.992026,646 11.81802,45.991993,646.8 11.817954,45.991991,647.3 11.8179,45.992007,647.7 11.817833,45.992057,648.2 11.817749,45.992099,648.9 11.817635,45.992132,649.6 11.817507,45.992151,650.4 11.817424,45.992153,650.9 11.817285,45.992145,651.7 11.817156,45.99214,652.5 11.817059,45.992143,653 11.816981,45.992163,653.5 11.816924,45.992211,653.9 11.816901,45.99228,654.4 11.816898,45.99238,655.1 11.816894,45.992487,655.9 11.816855,45.99257,656.5 11.816774,45.99264,657.2 11.816644,45.992716,658.1 11.816509,45.992791,659 11.81634,45.992885,660.2 11.81618,45.992978,661.4 11.816013,45.99307,662.7 11.81588,45.993139,663.7 11.815694,45.9932,665 11.815536,45.99323,666.1 11.815369,45.993249,667.2 11.815185,45.993257,668.4 11.815028,45.993234,669.5 11.814891,45.993187,670.5 11.814774,45.993133,671.3 11.814675,45.993101,672 11.814534,45.99308,672.9 11.814402,45.993038,673.8 11.814291,45.992983,674.6 11.814146,45.992879,675.8 11.814025,45.992789,676.9 11.813903,45.992704,678 11.813746,45.992595,679.4 11.813603,45.992489,680.8 11.813453,45.992394,682.1 11.813297,45.99231,683.4 11.813151,45.992229,684.7 11.813009,45.992142,686 11.812915,45.992066,686.9 11.812847,45.991972,688 11.812802,45.991873,688.9 11.812743,45.991757,690.1 11.812667,45.991662,691.1 11.81256,45.991556,692.3 11.812436,45.991465,693.5 11.812311,45.991385,694.5 11.812198,45.991307,695.5 11.812095,45.9912,696.7 11.812027,45.991105,697.7 11.81199,45.99101,698.6 11.81195,45.990869,699.9 11.811911,45.990734,701.1 11.811881,45.990589,702.5 11.811851,45.990477,703.5 11.811807,45.990389,704.3 11.811734,45.990329,705 11.811626,45.990277,705.8 11.811474,45.990221,706.8 11.8113,45.99015,708 11.811186,45.990094,708.9 11.8111,45.990021,709.7 11.811058,45.989953,710.3 11.810998,45.989858,711.2 11.810943,45.989785,711.9 11.810856,45.989723,712.7 11.810758,45.989661,713.5 11.810681,45.98962,714.1 11.810643,45.989574,714.6 11.810632,45.989515,715.2 11.810661,45.989475,715.7 11.810729,45.989447,716.2 11.810814,45.989442,716.8 11.810901,45.989466,717.4 11.811001,45.989522,718.2 11.81112,45.989617,719.2 11.811255,45.989704,720.2 11.811371,45.989759,720.9 11.811575,45.989832,721.9 11.811762,45.989886,722.8 11.811972,45.989935,723.7 11.812191,45.989981,725.5 11.812434,45.990029,727.6 11.812646,45.990069,729.4 11.812885,45.990102,731.3 11.813076,45.990124,732.9 11.813314,45.990155,734.8 11.813532,45.990187,736.5 11.813708,45.990207,737.8 11.813857,45.990204,738.9 11.814026,45.990174,740.1 11.814151,45.990141,741 11.814262,45.990116,741.8 11.814402,45.990099,742.5 11.814513,45.990094,743.1 11.814659,45.990109,743.9 11.814811,45.990149,744.8 11.81494,45.990173,745.5 11.815073,45.990187,746.2 11.815178,45.990189,746.8 11.815306,45.990169,747.5 11.815389,45.990142,748 11.81544,45.990098,748.4 11.815453,45.990042,748.9 11.81544,45.98997,749.4 11.815386,45.989896,750.1 11.815317,45.989838,750.8 11.815242,45.989738,751.9 11.815175,45.989627,753 11.815126,45.989539,754 11.815044,45.989418,755.3 11.814986,45.98933,756.2 11.814904,45.98925,757.3 11.814819,45.98919,758.1 11.814687,45.989109,759.4 11.814534,45.989042,760.7 11.814399,45.988972,761.9 11.814277,45.988912,762.9 11.814136,45.98884,764 11.814016,45.98876,765.1 11.813926,45.988676,766.1 11.813861,45.988574,767.3 11.81382,45.988488,768.2 11.813755,45.988394,769.3 11.813692,45.988321,770.2 11.813646,45.988274,770.8 11.813571,45.988225,771.5 11.81347,45.988171,772.5 11.813352,45.988128,773.4 11.813171,45.988072,774.6 11.813007,45.988024,775.7 11.812855,45.987984,776.7 11.812725,45.987943,777.5 11.812588,45.987876,778.5 11.812442,45.987799,779.5 11.812297,45.987711,780.6 11.81216,45.987629,781.6 11.812034,45.987556,782.6 11.811873,45.987467,783.8 11.811742,45.98739,784.9 11.81161,45.987314,786 11.811438,45.987195,787.4 11.811307,45.98709,788.5 11.811175,45.986982,789.6 11.811054,45.986884,790.7 11.810946,45.986789,791.7 11.810848,45.986707,792.5 11.810736,45.986626,793.5 11.810628,45.986569,794.3 11.810461,45.98651,795.4 11.810293,45.986443,796.6 11.810145,45.986372,797.7 11.81004,45.986306,798.6 11.809912,45.986219,799.9 11.809791,45.986129,801.1 11.809679,45.986051,802.3 11.809543,45.985981,803.5 11.809415,45.985935,804.6 11.809258,45.985892,805.9 11.809068,45.985845,807.2 11.808879,45.985784,808.7 11.808695,45.985715,809.9 11.808521,45.985632,811.2 11.808332,45.985524,812.4 11.808177,45.985429,813.4 11.808009,45.985321,815.1 11.807851,45.985201,816.8 11.807715,45.985071,818.4 11.807602,45.984947,819.9 11.807483,45.984789,821.6 11.807408,45.984669,822.9 11.807338,45.984535,824.2 11.807287,45.984431,825.1 11.807233,45.984352,825.7 11.807139,45.984252,826.6 11.807028,45.984151,827.4 11.806881,45.984027,828.4 11.80678,45.983936,828.9 11.806632,45.983791,829.8 11.806485,45.983657,830.8 11.806352,45.983544,831.6 11.806221,45.983419,832.7 11.806114,45.983317,833.6 11.805993,45.983164,835.2 11.8059,45.983034,836.4 11.805863,45.982955,837.2 11.805849,45.982833,838.4 11.805847,45.982728,839.5 11.805821,45.982624,840.5 11.805762,45.982522,841.5 11.805682,45.982402,842.7 11.805609,45.982287,843.8 11.805526,45.982151,845 11.805442,45.981986,846.4 11.805384,45.981859,847.5 11.805359,45.981778,848.1 11.805324,45.981665,848.9 11.805275,45.981558,849.7 11.80523,45.981475,850.3 11.805166,45.981408,850.9 11.805072,45.981341,851.5 11.804969,45.981278,852.1 11.804905,45.981227,852.5 11.804879,45.981173,852.9 11.804883,45.981109,853.3 11.80492,45.981058,853.8 11.804985,45.981031,854.2 11.805059,45.981029,854.7 11.805158,45.981068,855.4 11.805242,45.981131,856.3 11.805329,45.981233,857.5 11.80542,45.98133,858.7 11.805528,45.98143,860 11.805682,45.981541,861.6 11.805836,45.981639,863.2 11.805989,45.981733,864.6 11.80615,45.98182,866 11.806309,45.981907,867.4 11.806469,45.981968,868.7 11.806597,45.98199,869.5 11.80674,45.982005,870.5 11.806859,45.982018,871.3 11.806965,45.982051,872 11.807067,45.982117,872.9 11.807252,45.982235,874.5 11.807415,45.982337,875.8 11.807625,45.982463,877.3 11.807816,45.982575,878.6 11.808048,45.982693,880.1 11.808236,45.982775,881.2 11.808458,45.982855,882.4 11.808619,45.982935,883.1 11.808784,45.983031,883.8 11.8089,45.983124,884.3 11.809026,45.983222,884.9 11.809137,45.983289,884.9 11.80926,45.983327,885 11.80942,45.983334,885.1 11.809583,45.983337,885.2 11.80975,45.983352,885.2 11.809919,45.98339,885.1 11.810084,45.983431,885.3 11.810249,45.983468,885.4 11.81039,45.98348,885.6 11.810525,45.983469,885.9 11.810654,45.98347,886.2 11.810783,45.983482,886.5 11.810906,45.983515,886.8 11.811029,45.983555,887.2 11.811134,45.983587,887.6 11.811225,45.983589,888 11.811295,45.983569,888.2 11.811343,45.983533,888.5 11.811343,45.983496,888.7 11.811328,45.983457,889 11.811274,45.983421,889.2 11.811189,45.9834,889.6 11.81106,45.983389,890 11.810901,45.983373,890.5 11.81078,45.983357,890.9 11.810619,45.983323,891.4 11.81049,45.983291,891.9 11.810383,45.98325,892.2 11.810259,45.983187,892.8 11.810131,45.983114,893.4 11.809994,45.983035,894.1 11.809867,45.982947,894.8 11.809789,45.982872,895.4 11.809752,45.982808,895.9 11.809699,45.982717,896.6 11.809645,45.982638,897.3 11.80956,45.98255,898.2 11.80944,45.982456,899.2 11.809306,45.982355,900.4 11.809177,45.982266,901.5 11.809027,45.982167,902.6 11.808884,45.982073,903.7 11.80874,45.981976,904.6 11.808603,45.98189,905.5 11.808474,45.981801,906 11.808383,45.981741,906.5 11.808302,45.981677,907 11.80826,45.981607,907.4 11.808234,45.981515,907.9 11.808223,45.981401,908.5 11.808203,45.981292,909.1 11.808177,45.981188,909.7 11.808149,45.981075,910.3 11.80811,45.980979,910.8 11.808074,45.980901,911.3 11.808015,45.980824,911.7 11.807943,45.980775,912.1 11.807814,45.98071,912.7 11.807692,45.980655,913.3 11.807601,45.980593,913.7 11.807527,45.980498,914.3 11.807484,45.980408,914.8 11.807441,45.980295,915.5 11.807399,45.980188,916.1 11.807353,45.980049,916.9 11.807314,45.979976,917.3 11.807256,45.979911,917.7 11.807167,45.979844,918.1 11.807071,45.979779,918.5 11.806971,45.979713,919 11.806889,45.979652,919.5 11.806831,45.979587,919.9 11.806781,45.979502,920.5 11.806744,45.979404,921.1 11.806706,45.979328,921.6 11.806662,45.979249,922.3 11.80661,45.979171,922.9 11.806551,45.97909,923.6 11.806461,45.979016,924.3 11.806355,45.978929,925.1 11.806261,45.978855,925.9 11.806149,45.978767,926.9 11.806053,45.978697,927.6 11.80597,45.978607,928.5 11.80593,45.978529,929.2 11.805904,45.978419,930.1 11.805898,45.978306,931.4 11.805912,45.978199,932.7 11.805943,45.978117,933.7 11.806001,45.978026,934.9 11.806085,45.977924,936.1 11.806181,45.977847,937.3 11.806283,45.977791,938.2 11.806398,45.977731,939.3 11.806516,45.977673,940.3 11.806624,45.977602,941.4 11.806695,45.977533,942.2 11.806733,45.977465,942.9 11.80676,45.977366,943.8 11.806767,45.977268,944.6 11.806756,45.977158,945.6 11.806739,45.977044,946.5 11.806716,45.976937,947.4 11.806685,45.976802,948.6 11.806652,45.976659,949.7 11.806627,45.976539,950.7 11.806611,45.976414,951.8 11.806607,45.976308,952.6 11.806618,45.976184,953.7 11.806648,45.976068,954.6 11.806682,45.97595,955.9 11.806729,45.97584,957 11.806794,45.975754,958 11.806873,45.975701,958.8 11.806973,45.975628,959.7 11.807078,45.975535,960.9 11.80715,45.975438,961.9 11.807232,45.975339,962.9 11.807335,45.975257,963.8 11.807475,45.975186,964.9 11.80769,45.975109,966.2 11.807878,45.975047,967.4 11.807999,45.975012,968.2 11.808138,45.97497,969.1 11.808283,45.974925,970.2 11.80841,45.974875,971.1 11.808459,45.974832,971.7 11.808485,45.974769,972.4 11.808477,45.974669,973.4 11.808449,45.974528,974.9 11.808402,45.974371,976.5 11.80836,45.974215,978.1 11.808333,45.974088,979.2 11.808334,45.97398,980.2 11.80835,45.973897,980.9 11.808384,45.973804,981.7 11.808453,45.973692,982.7 11.808532,45.97357,983.9 11.808612,45.973456,984.9 11.808681,45.973355,985.8 11.80872,45.973287,986.3 11.80874,45.973211,986.8 11.808746,45.973144,987.1 11.808716,45.973057,987.6 11.808656,45.972978,987.9 11.808581,45.972878,988.2 11.80852,45.97279,988.7 11.808471,45.972706,989 11.808439,45.972612,989.5 11.808419,45.972503,990 11.808407,45.972394,990.5 11.808394,45.972247,991.2 11.808386,45.972076,992 11.808388,45.971967,992.5 11.808412,45.971828,993.1 11.808462,45.971703,993.7 11.808516,45.971597,994.2 11.808566,45.971484,994.7 11.808585,45.971397,994.9 11.808574,45.971301,995.2 11.808532,45.971171,995.6 11.808491,45.971025,996 11.808449,45.97086,996.5 11.808402,45.970696,997 11.808365,45.970554,997.4 11.808332,45.97043,997.8 11.808303,45.970351,998.1 11.808259,45.970276,998.4 11.808216,45.970214,998.6 11.808152,45.97017,998.9 11.808045,45.970115,999.3 11.807928,45.970049,999.8 11.807824,45.969989,1000.2 11.807711,45.969924,1000.7 11.807588,45.969853,1001.1 11.807515,45.969786,1001.5 11.807433,45.969695,1001.9 11.807373,45.969594,1002.2 11.80734,45.969464,1002.7 11.807319,45.969296,1003.3 11.807311,45.969173,1003.7 11.807323,45.969025,1004.1 11.807357,45.968898,1004.7 11.807396,45.968779,1005.3 11.807463,45.968629,1006 11.807528,45.96855,1006.4 11.807615,45.96848,1006.7 11.807684,45.968415,1007 11.807718,45.968346,1007.2 11.807718,45.968261,1007.4 11.807697,45.968152,1007.7 11.807651,45.968044,1008 11.807587,45.967921,1008.4 11.807498,45.967801,1008.7 11.807361,45.967678,1009.2 11.807218,45.967559,1009.7 11.807072,45.967438,1010.2 11.806949,45.967332,1010.6 11.806827,45.96723,1011.1 11.806752,45.967151,1011.5 11.806698,45.967067,1011.8 11.806656,45.966941,1012.4 11.806608,45.966779,1013.1 11.806578,45.966637,1013.7 11.806535,45.96646,1014.5 11.806519,45.966341,1015 11.806528,45.966246,1015.4 11.806564,45.96617,1015.7 11.806646,45.966069,1016.2 11.806733,45.965966,1016.6 11.806813,45.965852,1017.1 11.806883,45.96572,1017.7 11.806927,45.965604,1018.2 11.806946,45.9655,1018.6 11.806948,45.965407,1019 11.806933,45.965308,1019.5 11.806882,45.965208,1019.9 11.806816,45.96513,1020.3 11.806692,45.965055,1020.9 11.806546,45.964987,1021.5 11.806459,45.964929,1022 11.806383,45.964853,1022.6 11.806345,45.964773,1023.1 11.806316,45.964672,1023.7 11.806273,45.964566,1024.4 11.806205,45.964491,1024.9 11.806115,45.964443,1025.3 11.806008,45.964389,1025.8 11.80592,45.964342,1026.1 11.805838,45.964284,1026.5 11.805768,45.964216,1026.8 11.805728,45.964146,1027.1 11.805706,45.964075,1027.3 11.805691,45.963972,1027.7 11.805673,45.963872,1028.1 11.805653,45.963761,1028.5 11.805618,45.963661,1028.9 11.805565,45.963569,1029.2 11.805481,45.96348,1029.7 11.805368,45.963385,1030.1 11.80523,45.963277,1030.7 11.805086,45.96316,1031.2 11.804956,45.963059,1031.7 11.804798,45.96295,1032.2 11.804671,45.962872,1032.5 11.804546,45.962817,1032.8 11.8044,45.962776,1033.1 11.804269,45.962737,1033.3 11.804118,45.96269,1033.6 11.804029,45.962646,1033.7 11.80396,45.962589,1033.9 11.803924,45.962524,1034 11.803926,45.962435,1034.3 11.803948,45.962351,1034.5 11.803984,45.962235,1035 11.804027,45.962134,1035.5 11.804064,45.962035,1036.1 11.804059,45.961966,1036.4 11.804025,45.961903,1036.9 11.803961,45.96185,1037.3 11.803879,45.961792,1037.8 11.803774,45.96172,1038.6 11.803687,45.961663,1039.1 11.803625,45.961604,1039.6 11.803581,45.961534,1040.2 11.803563,45.961448,1040.8 11.803578,45.961321,1041.2 11.80362,45.96119,1041.8 11.803669,45.96105,1042.3 11.803726,45.960929,1042.8 11.803753,45.960849,1043.1 11.803765,45.960774,1043.4 11.803758,45.960701,1043.7 11.80372,45.960644,1044 11.803666,45.96061,1044.2 11.803575,45.960588,1044.5 11.803461,45.960577,1044.8 11.803369,45.960572,1045.1 11.803266,45.960549,1045.5 11.803147,45.960492,1046 11.803047,45.960426,1046.3 11.802966,45.960343,1046.8 11.802889,45.960237,1047.2 11.80281,45.960113,1047.7 11.80273,45.959967,1048.2 11.802668,45.959847,1048.7 11.802628,45.959754,1049 11.802611,45.959671,1049.3 11.802616,45.959576,1049.7 11.802656,45.959483,1050.2 11.80272,45.959369,1050.4 11.802782,45.959257,1050.7 11.802822,45.959192,1050.8 11.80286,45.959112,1051 11.802871,45.959046,1051.2 11.802843,45.95899,1051.4 11.802786,45.958961,1051.6 11.802694,45.958951,1051.8 11.802549,45.95896,1052.3 11.802423,45.958986,1052.8 11.80229,45.959016,1053.3 11.802174,45.959044,1053.8 11.802027,45.959076,1054.8 11.801912,45.959115,1055.6 11.801833,45.959163,1056.1 11.801783,45.959248,1056.8 11.801716,45.959355,1057.3 11.801646,45.959485,1058 11.801561,45.959621,1058.5 11.801475,45.959732,1058.9 11.801366,45.959869,1059.4 11.801264,45.960002,1059.9 11.801164,45.960127,1060.3 11.801068,45.960228,1060.8 11.800953,45.960334,1061.1 11.800742,45.960492,1061.8 11.800571,45.960628,1062.3 11.800438,45.960721,1062.6 11.800187,45.960882,1063.2 11.799969,45.96102,1063.8 11.79978,45.96112,1064.2 11.799545,45.961195,1064.7 11.799338,45.961245,1065.1 11.799068,45.96129,1065.6 11.798828,45.961333,1066.1 11.798607,45.961377,1066.5 11.798315,45.961431,1067.1 11.798106,45.961484,1067.5 11.797923,45.961535,1068.1 11.79774,45.961608,1068.7 11.797576,45.96169,1069.4 11.797409,45.96178,1070.1 11.797251,45.961863,1071 11.797096,45.961938,1071.9 11.796948,45.962007,1072.7 11.796812,45.962051,1073.4 11.796668,45.962071,1074.1 11.796503,45.962069,1074.9 11.796328,45.962051,1075.7 11.796149,45.962021,1076.6 11.796027,45.962005,1077.1 11.795819,45.961975,1078 11.795648,45.961944,1078.8 11.795532,45.961915,1079.4 11.795412,45.961848,1080.1 11.795317,45.961784,1080.8 11.795211,45.961731,1081.5 11.795071,45.961668,1082.4 11.794975,45.961616,1083.2 11.794872,45.961526,1084.2 11.794777,45.961445,1085.1 11.794718,45.961382,1085.7 11.794692,45.961308,1086.3 11.79469,45.961241,1086.9 11.794725,45.961147,1087.6 11.794775,45.961048,1088.5 11.794816,45.960933,1089.3 11.794849,45.960853,1089.9 11.794904,45.960747,1090.6 11.794961,45.960676,1091.2 11.795058,45.9606,1091.8 11.795198,45.960508,1092.6 11.79538,45.960395,1093 11.795604,45.960257,1093.5 11.795844,45.960119,1094 11.796013,45.960022,1094.3 11.796161,45.959938,1094.5 11.796247,45.95987,1094.6 11.796335,45.959742,1094.7 11.796422,45.959586,1094.8 11.796503,45.959438,1094.8 11.796572,45.959326,1094.9 11.796637,45.959214,1094.9 11.796717,45.95908,1094.9 11.796749,45.958966,1095 11.796781,45.958878,1095 11.796827,45.958819,1095 11.796906,45.958762,1095 11.796982,45.958722,1095 11.797037,45.958674,1095 11.797064,45.95862,1095 11.79707,45.95852,1095 11.797087,45.958369,1095 11.797096,45.958234,1095 11.79711,45.958104,1095 11.797144,45.957967,1095 11.797174,45.957869,1095 11.797224,45.957772,1095.1 11.797309,45.957685,1095.1 11.797396,45.95762,1095.1 11.797448,45.957574,1095 11.797492,45.957517,1095 11.797512,45.957425,1094.9 11.797505,45.957348,1094.8 11.797485,45.957274,1094.7 11.797447,45.957171,1094.6 11.797412,45.957087,1094.4 11.797404,45.95701,1094.3 11.797418,45.956902,1094.1 11.797446,45.956796,1093.8 11.797485,45.95668,1093.5 11.797511,45.95655,1093.3 11.797519,45.956461,1093.1 11.797514,45.956382,1092.9 11.79748,45.956307,1092.7 11.797435,45.956217,1092.6 11.797417,45.956117,1092.4 11.797418,45.956015,1092.2 11.797443,45.955932,1092 11.797492,45.955845,1091.8 11.797522,45.955765,1091.7 11.79756,45.955638,1091.6 11.79759,45.955512,1091.4 11.797633,45.955412,1091.2 11.797706,45.955297,1091.1 11.797778,45.955212,1090.9 11.797858,45.955138,1090.8 11.797896,45.955087,1090.7 11.797906,45.955027,1090.6 11.797897,45.954963,1090.5 11.797852,45.954868,1090.3 11.797788,45.954749,1090 11.79772,45.954614,1089.8 11.797645,45.954465,1089.5 11.797596,45.954352,1089.3 11.797545,45.95421,1089 11.797502,45.954066,1088.6 11.797464,45.95392,1088.3 11.797431,45.953782,1088 11.797384,45.953635,1087.7 11.797355,45.953518,1087.4 11.797349,45.953429,1087.2 11.797368,45.953349,1087 11.797425,45.95327,1086.9 11.797476,45.953187,1086.8 11.797513,45.953097,1086.7 11.797524,45.952997,1086.6 11.797518,45.952909,1086.5 11.797495,45.95281,1086.5 11.797443,45.952691,1086.4 11.797381,45.952549,1086.5 11.797312,45.952376,1086.6 11.797249,45.95224,1086.8 11.797171,45.952093,1087 11.797093,45.951964,1087.3 11.797029,45.951847,1087.5 11.796972,45.951745,1087.5 11.796909,45.951636,1087.4 11.796838,45.951544,1087.4 11.796752,45.951465,1087.4 11.796655,45.951401,1087.5 11.796568,45.951345,1087.5 11.79651,45.951274,1087.7 11.796491,45.951208,1087.8 11.796479,45.951104,1088.1 11.796488,45.951039,1088.3 11.7965,45.950957,1088.6 11.796518,45.950826,1089.2 11.796519,45.950713,1089.9 11.796514,45.950615,1090.5 11.796492,45.950534,1091.1 11.796455,45.950478,1091.5 11.79641,45.950445,1091.8 11.796388,45.950414,1092 11.796389,45.950378,1092.3 11.796415,45.950324,1092.8 11.796429,45.950235,1093.7 11.796418,45.950127,1094.7 11.796397,45.950028,1095.6 11.796366,45.949918,1096.7 11.79631,45.949809,1098.1 11.796252,45.949713,1099.4 11.796188,45.949626,1100.6 11.796129,45.949539,1101.8 11.796079,45.949451,1103 11.79606,45.949381,1103.9 11.796024,45.949277,1105.2 11.795977,45.949185,1106.4 11.795932,45.94911,1107.3 11.795867,45.949021,1108.5 11.795809,45.94894,1109.5 11.795747,45.948843,1110.6 11.795677,45.948731,1111.7 11.795595,45.948602,1112.9 11.795528,45.948519,1113.8 11.795414,45.948406,1115 11.795335,45.948308,1116 11.795272,45.948204,1117 11.795262,45.948166,1117.3 11.795241,45.948064,1118.8 11.795218,45.947961,1120.2 11.795197,45.947837,1122 11.795171,45.947719,1123.4 11.795139,45.947611,1124.8 11.795096,45.94752,1125.8 11.795009,45.94743,1126.9 11.794911,45.947353,1127.8 11.794827,45.947282,1128.6 11.794776,45.947206,1129.2 11.794726,45.9471,1130 11.794678,45.946981,1130.7 11.794648,45.946868,1131.4 11.79462,45.946763,1132 11.794597,45.946654,1132.6 11.794584,45.946562,1132.9 11.794569,45.946475,1133.3 11.794533,45.946376,1133.7 11.794492,45.946256,1134.2 11.794445,45.946134,1134.7 11.794411,45.94603,1135.1 11.794398,45.945926,1135.7 11.794394,45.945819,1136.3 11.794388,45.945707,1137 11.794384,45.945589,1137.8 11.794371,45.945485,1138.5 11.794356,45.945392,1139.2 11.794327,45.945292,1140 11.794295,45.945204,1140.7 11.794248,45.945096,1141.7 11.794169,45.944983,1142.7 11.794087,45.944884,1143.7 11.794002,45.944802,1144.6 11.793895,45.944722,1145.6 11.793777,45.944646,1146.6 11.79367,45.944571,1147.6 11.793566,45.944492,1148.6 11.793463,45.944398,1149.6 11.793379,45.944296,1150.7 11.793296,45.944168,1152.2 11.793239,45.944049,1153.7 11.793191,45.943911,1155.8 11.793157,45.943809,1157.3 11.793106,45.943658,1159.8 11.793051,45.943516,1162 11.793013,45.943414,1163.7 11.792948,45.943298,1165.6 11.792857,45.943183,1167.7 11.792776,45.943093,1169.3 11.792646,45.943001,1171.2 11.792495,45.942912,1173.2 11.792362,45.942846,1174.7 11.792158,45.942755,1176.9 11.791979,45.942692,1178.5 11.791816,45.942633,1179.9 11.791648,45.942566,1181.1 11.79149,45.942496,1182.2 11.791344,45.942418,1182.9 11.791201,45.94233,1183.6 11.791071,45.942216,1183.9 11.790935,45.942071,1184.3 11.790807,45.941928,1184.5 11.790693,45.941822,1184.7 11.790558,45.941733,1184.9 11.790417,45.941652,1185.1 11.790296,45.941562,1185.6 11.790228,45.941476,1185.9 11.790155,45.941403,1186.3 11.790066,45.941345,1186.7 11.789976,45.941317,1187.1 11.789853,45.941308,1187.7 11.78968,45.9413,1188.6 11.789562,45.94127,1189.3 11.789424,45.941211,1190.3 11.789283,45.941124,1191.6 11.789161,45.94104,1192.7 11.789029,45.94095,1194 11.788895,45.940857,1195.2 11.788745,45.94075,1196.6 11.788582,45.940631,1198 11.788443,45.94053,1199.2 11.788369,45.94047,1199.8 11.788296,45.940389,1200.6 11.78823,45.9403,1201.5 11.788166,45.940202,1202.4 11.788094,45.940098,1203.5 11.788025,45.940014,1204.4 11.787947,45.939954,1205.2 11.787824,45.939886,1206.4 11.787713,45.939826,1207.5 11.787608,45.939753,1208.7 11.787519,45.939667,1209.8 11.787444,45.939576,1211 11.787364,45.939469,1212.3 11.787297,45.939389,1213.2 11.787217,45.939323,1214 11.787096,45.939254,1215 11.786953,45.939185,1215.9 11.786821,45.939121,1216.8 11.786682,45.939048,1217.6 11.786537,45.938967,1218.3 11.78639,45.938875,1219.1 11.78621,45.938772,1219.9 11.786047,45.938703,1220.7 11.785864,45.938645,1221.6 11.785706,45.938582,1222.4 11.785519,45.938501,1223.4 11.785345,45.93843,1224.4 11.78519,45.938366,1225.2 11.785071,45.9383,1225.8 11.784957,45.938227,1226.5 11.784835,45.938128,1227.4 11.784746,45.938061,1228 11.78464,45.938005,1228.7 11.784486,45.93796,1229.9 11.78433,45.937927,1231.1 11.784172,45.937899,1232.5 11.783996,45.937877,1234.1 11.783867,45.937865,1235.3 11.783721,45.937848,1236.8 11.783567,45.937826,1238.5 11.783428,45.937803,1240 11.783281,45.937762,1241.5 11.78317,45.937725,1242.7 11.783043,45.93767,1243.9 11.782933,45.937602,1245.2 11.78282,45.937528,1246.4 11.782707,45.937474,1247.5 11.782583,45.937439,1248.6 11.782445,45.93742,1249.7 11.782309,45.937414,1250.7 11.782161,45.937439,1251.9 11.782037,45.937482,1252.6 11.781917,45.937535,1253.3 11.78182,45.937591,1254 11.78172,45.937624,1254.6 11.781598,45.937637,1255.2 11.781446,45.937628,1256 11.781279,45.937572,1257.1 11.781174,45.937519,1257.9 11.78111,45.937458,1258.6 11.781069,45.937384,1259.3 11.781063,45.937299,1260.1 11.781084,45.937194,1261.1 11.781143,45.937114,1262 11.781203,45.937088,1262.4 11.781286,45.937086,1262.9 11.781388,45.937118,1263.5 11.781464,45.937146,1264 11.781547,45.937161,1264.5 11.781642,45.937161,1265 11.781713,45.937132,1265.5 11.781746,45.93709,1265.9 11.781761,45.937035,1266.4 11.781748,45.936974,1267.1 11.781693,45.936919,1267.8 11.781581,45.936858,1269 11.78142,45.936785,1270.6 11.781273,45.936719,1271.9 11.78115,45.936676,1272.9 11.781023,45.936646,1273.7 11.780907,45.936628,1274.4 11.780806,45.936608,1274.8 11.780745,45.936585,1275.1 11.780719,45.936543,1275.4 11.780721,45.936494,1275.7 11.780771,45.936453,1276.1 11.780846,45.93644,1276.4 11.780952,45.936453,1277.2 11.781083,45.936471,1278.2 11.781201,45.936467,1279.1 11.781333,45.936446,1280.1 11.781481,45.936429,1281.3 11.781624,45.936412,1282.5 11.781734,45.936391,1283.3 11.78179,45.93636,1283.8 11.781825,45.936313,1284.3 11.781825,45.93625,1284.8 11.781792,45.93613,1285.6 11.781766,45.93603,1286.4 11.781738,45.935923,1287 11.781705,45.935848,1287.4 11.781646,45.935767,1287.9 11.781558,45.935673,1288.6 11.781468,45.935581,1289.3 11.781387,45.935511,1289.8 11.781327,45.935456,1290.2 11.781262,45.935398,1290.7 11.781252,45.935359,1290.8 11.781277,45.935316,1291 11.781328,45.93528,1291.1 11.781441,45.935241,1291 11.78153,45.935212,1290.9 11.78165,45.935167,1291.2 11.781776,45.935117,1291.5 11.781891,45.935071,1291.7 11.78203,45.935017,1292 11.782149,45.93497,1292.3 11.782265,45.934925,1292.5 11.782363,45.93488,1292.8 11.78243,45.934841,1293 11.782504,45.934788,1293.2 11.782579,45.934718,1293.5 11.782651,45.934636,1293.9 11.782729,45.934548,1294.2 11.782817,45.934452,1294.6 11.782907,45.934353,1294.9 11.782987,45.934266,1295.2 11.783086,45.934159,1295.5 11.783185,45.934046,1295.8 11.783272,45.933952,1296.1 11.783355,45.933873,1296.4 11.783447,45.933801,1296.7 11.783548,45.933734,1297.1 11.783669,45.933651,1297.5 11.783791,45.933567,1298.2 11.783889,45.933498,1298.7 11.78398,45.93343,1299.2 11.784058,45.933359,1300 11.784123,45.933286,1300.8 11.784187,45.933189,1301.8 11.784257,45.933078,1303 11.784327,45.932967,1304.2 11.784394,45.932856,1305.5 11.784454,45.932738,1307 11.78451,45.932624,1308.4 11.784566,45.93252,1309.7 11.78464,45.932443,1310.8 11.784722,45.932363,1312 11.784791,45.932286,1313.1 11.784845,45.932223,1313.9 11.78492,45.932159,1314.9 11.785018,45.932087,1316.1 11.785127,45.93201,1317.4 11.785226,45.931943,1318.5 11.785335,45.931875,1319.8 11.785444,45.931815,1321 11.785582,45.931757,1322.3 11.785669,45.931713,1323.3 11.785735,45.931662,1324 11.785758,45.931607,1324.6 11.785756,45.93156,1325.1 11.785738,45.931509,1325.7 11.785688,45.931459,1326.3 11.785618,45.931401,1327.1 11.785543,45.931333,1328.3 11.785487,45.93128,1329.2 11.785451,45.931234,1330 11.78543,45.931181,1330.7 11.785428,45.931129,1331.3 11.785443,45.931066,1332.1 11.785472,45.93098,1333 11.785499,45.930905,1333.8 11.785532,45.930818,1334.7 11.78557,45.930731,1335.7 11.785608,45.930634,1336.8 11.78564,45.930539,1337.9 11.785674,45.930452,1338.9 11.785704,45.930368,1339.9 11.785729,45.930312,1340.6 11.785775,45.930271,1341.3 11.785819,45.930252,1341.7 11.78587,45.930257,1342.2 11.785909,45.930281,1342.6 11.785929,45.930325,1343.1 11.785924,45.930389,1343.8 11.7859,45.930478,1344.5 11.785879,45.93057,1345.3 11.785876,45.930623,1345.7 11.785897,45.930668,1346.1 11.785939,45.930693,1346.5 11.786002,45.930697,1346.9 11.786046,45.930675,1347.3 11.786091,45.930629,1347.9 11.786157,45.930535,1349 11.786235,45.930415,1350.6 11.786321,45.930305,1352.1 11.786423,45.930188,1353.7 11.786508,45.930082,1355.3 11.786585,45.929982,1356.8 11.786665,45.929882,1358.3 11.786721,45.929807,1359.3 11.786764,45.92973,1360.4 11.786805,45.929633,1361.7 11.786844,45.929518,1363.2 11.78688,45.929409,1364.7 11.786929,45.929297,1366.3 11.786979,45.929215,1367.3 11.787064,45.929118,1368.7 11.787153,45.929029,1370 11.787265,45.928918,1371 11.787362,45.928822,1371.8 11.787463,45.928726,1372.7 11.787599,45.928604,1373.5 11.787698,45.928506,1374.1 11.787788,45.928418,1374.6 11.78786,45.928344,1374.8 11.7879,45.928289,1374.9 11.787919,45.928229,1375.1 11.787918,45.928173,1375.2 11.787891,45.928126,1375.3 11.787843,45.92807,1375.5 11.787772,45.928018,1375.7 11.787707,45.927971,1376 11.787643,45.927923,1376.2 11.787582,45.927876,1376.4 11.787546,45.927821,1376.5 11.787523,45.927759,1376.6 11.787511,45.927684,1376.7 11.787494,45.927577,1376.7 11.78748,45.927486,1376.7 11.787462,45.927385,1376.7 11.787439,45.927285,1376.7 11.787417,45.927197,1376.6 11.78739,45.927104,1376.6 11.787374,45.927034,1376.6 11.787374,45.926963,1376.5 11.787392,45.926887,1376.6 11.787429,45.926775,1376.6 11.787481,45.926631,1376.6 11.787523,45.92651,1376.7 11.787569,45.926384,1376.8 11.787626,45.926231,1376.9 11.787668,45.926104,1377.1 11.787708,45.92597,1377.2 11.787748,45.925846,1377.3 11.787783,45.925736,1377.4 11.787808,45.925639,1377.5 11.787822,45.925546,1377.6 11.787826,45.925447,1377.7 11.787821,45.925327,1377.8 11.787808,45.925191,1377.9 11.787787,45.925024,1377.9 11.787777,45.924918,1377.9 11.787773,45.924836,1377.9 11.787781,45.924752,1377.9 11.787809,45.924644,1377.8 11.787855,45.924515,1377.8 11.787905,45.924383,1377.7 11.787952,45.924247,1377.7 11.787995,45.924104,1377.7 11.788043,45.92394,1377.7 11.788096,45.923794,1377.7 11.788147,45.923714,1377.7 11.788243,45.923603,1377.6 11.78836,45.923477,1377.5 11.788485,45.923335,1377.3 11.788576,45.923229,1377.4 11.788657,45.923131,1377.5 11.788714,45.923061,1377.5 11.788784,45.922981,1378 11.788855,45.922897,1378.5 11.788897,45.922832,1378.9 11.788919,45.922758,1379.3 11.788936,45.922662,1379.8 11.788941,45.922555,1380.3 11.788938,45.922443,1380.6 11.788926,45.922291,1380.9 11.788904,45.922183,1381.2 11.788868,45.92208,1381.1 11.788842,45.92198,1381.1 11.788829,45.921874,1381 11.788827,45.921791,1381 11.78884,45.921719,1381 11.788869,45.921633,1381 11.788903,45.921556,1381.2 11.788963,45.921451,1381.4 11.789027,45.921379,1381.5 11.789109,45.921297,1381.8 11.789213,45.92121,1382.2 11.789326,45.921124,1382.5 11.789404,45.921059,1382.9 11.789466,45.921007,1383.3 11.789537,45.920937,1383.7 11.789593,45.920868,1384.5 11.789648,45.920787,1385.4 11.789708,45.920685,1386.5 11.789805,45.920547,1388 11.789889,45.920435,1389.3 11.790006,45.920279,1391 11.790095,45.920168,1392.3 11.790155,45.920081,1393.3 11.790198,45.920013,1394.1 11.790213,45.919946,1394.8 11.790206,45.919865,1395.5 11.790197,45.919761,1396.4 11.790189,45.919637,1397.5 11.790186,45.919494,1398.7 11.790178,45.919364,1399.7 11.790174,45.919255,1400.6 11.790171,45.919136,1401.6 11.790178,45.919003,1402.6 11.790174,45.918898,1403.4 11.790171,45.91878,1404.2 11.790162,45.918648,1405.1 11.790157,45.918516,1406 11.790146,45.918404,1406.7 11.790134,45.918285,1407 11.790118,45.918135,1407.3 11.790108,45.918009,1407.5 11.790096,45.91788,1407.8 11.790076,45.917772,1408 11.790038,45.917616,1408.2 11.790013,45.917532,1408.4 11.790002,45.917451,1408.5 11.790015,45.917324,1408.6 11.790063,45.917181,1408.8 11.790112,45.917047,1408.9 11.790138,45.916945,1409 11.79015,45.91686,1408.9 11.790164,45.916683,1408.7 11.790176,45.916541,1408.5 11.790171,45.916406,1408.3 11.790168,45.916263,1408 11.790177,45.916139,1407.8 11.790166,45.91602,1407.5 11.790129,45.915923,1407.3 11.790077,45.915821,1407 11.789996,45.915724,1406.7 11.789876,45.91563,1406.3 11.789783,45.915573,1406 11.789656,45.915516,1405.2 11.789545,45.915468,1404.6 11.789486,45.915423,1404.1 11.789463,45.91537,1403.8 11.789449,45.915284,1403.2 11.789433,45.915194,1402.6 11.789405,45.915084,1402.2 11.789385,45.915007,1402 11.789345,45.914925,1401.7 11.789287,45.91486,1401.6 11.789216,45.914791,1401.6 11.78913,45.914715,1401.6 11.789008,45.914624,1401.5 11.788835,45.914523,1401.4 11.788647,45.914431,1401.3 11.788464,45.914343,1401.1 11.788334,45.914269,1400.9 11.788226,45.914207,1400.8 11.788131,45.914141,1400.4 11.78802,45.914025,1399.7 11.787933,45.91392,1399.2 11.78784,45.913808,1398.3 11.787737,45.913675,1397.3 11.787661,45.91358,1396.6 11.787579,45.913487,1396.3 11.787453,45.913372,1395.8 11.787319,45.913245,1395.3 11.787204,45.913142,1394.8 11.78709,45.913041,1394.2 11.786949,45.912911,1393.5 11.786837,45.912806,1392.7 11.78671,45.912675,1391.6 11.786593,45.912555,1390.7 11.786471,45.912426,1389.5 11.786344,45.912279,1388.2 11.786254,45.912169,1387.3 11.78617,45.912068,1386.7 11.7861,45.911974,1386.2 11.786037,45.911885,1385.7 11.785936,45.911765,1385.1 11.785836,45.911662,1384.6 11.785693,45.911524,1384 11.785605,45.911442,1383.7 11.78551,45.911365,1383.4 11.785419,45.911296,1383.1 11.785377,45.91126,1383 11.785242,45.911161,1383.3 11.785081,45.911048,1383.6 11.784924,45.910937,1383.9 11.784757,45.910808,1384.2 11.784603,45.910706,1384.5 11.784447,45.910613,1384.8 11.784333,45.910544,1385 11.784255,45.910498,1386 11.784174,45.910456,1386.9 11.784068,45.9104,1388.2 11.783971,45.910338,1389.5 11.783898,45.910266,1390.8 11.783866,45.910193,1391.9 11.783847,45.910106,1393.2 11.783835,45.910004,1394.8 11.783817,45.909898,1396.5 11.783799,45.909831,1397.5 11.783772,45.909762,1398.7 11.783724,45.909688,1400 11.783658,45.909619,1401 11.783597,45.909563,1401.9 11.783493,45.90951,1403 11.783381,45.909462,1404.1 11.783238,45.909411,1405.4 11.7831,45.909358,1406.6 11.782963,45.90929,1408 11.782835,45.909219,1409.4 11.782681,45.90913,1411.2 11.782528,45.909033,1413 11.782357,45.908936,1415.1 11.782186,45.908845,1417.1 11.782027,45.908756,1419.2 11.781842,45.908661,1421.6 11.781694,45.908593,1423.4 11.781578,45.908537,1424.8 11.781466,45.908464,1426.4 11.781374,45.908381,1427.9 11.78129,45.908287,1429.4 11.781217,45.908189,1430.9 11.781153,45.908088,1432.4 11.781069,45.907965,1434.2 11.780994,45.907854,1435.8 11.780945,45.907778,1436.8 11.780918,45.907686,1437.5 11.780923,45.907588,1438.3 11.780949,45.907467,1439.2 11.780991,45.907312,1440.3 11.78105,45.907141,1441.6 11.7811,45.906978,1442.7 11.781153,45.906782,1443.9 11.781198,45.906612,1445 11.781223,45.906457,1445.8 11.781242,45.906296,1446.6 11.781273,45.90618,1447.1 11.781311,45.906063,1447.7 11.781368,45.905917,1448.3 11.781425,45.905797,1448.8 11.781493,45.905697,1449.3 11.781568,45.905598,1449.8 11.781677,45.905458,1450.5 11.781793,45.905323,1451.1 11.781912,45.905186,1451.6 11.782013,45.905078,1451.9 11.78212,45.904974,1452 11.782264,45.904853,1452.2 11.782369,45.90475,1452.1 11.78242,45.904657,1452 11.782473,45.904521,1451.4 11.782535,45.904376,1450.7 11.782593,45.904308,1450.3 11.782683,45.904244,1449.9 11.782806,45.904181,1449.4 11.782959,45.904112,1448.8 11.783085,45.904067,1448.4 11.783202,45.904042,1448 11.783313,45.904027,1447.7 11.783457,45.904018,1447.3 11.783568,45.904011,1446.9 11.78366,45.90399,1446.7 11.783759,45.90394,1446.1 11.783831,45.903895,1445.7 11.783899,45.903834,1445.2 11.783947,45.903757,1444.6 11.78396,45.903678,1444 11.783945,45.903591,1443.4 11.783912,45.903521,1442.9 11.783861,45.903469,1442.5 11.78377,45.903418,1442 11.783659,45.903381,1441.5 11.78351,45.90334,1440.9 11.78335,45.903298,1440.2 11.783164,45.903259,1439.5 11.782997,45.903231,1438.8 11.782847,45.903206,1438.2 11.782669,45.903176,1437.6 11.782543,45.903142,1437.2 11.782387,45.903084,1436.6 11.782241,45.903005,1436.2 11.782084,45.902925,1435.7 11.781947,45.902855,1435.4 11.781826,45.902786,1435.1 11.781701,45.902707,1434.8 11.781594,45.902626,1434.6 11.781504,45.902542,1434.5 11.781408,45.90243,1434.3 11.781294,45.902277,1434.2 11.781185,45.902117,1434 11.781099,45.901946,1433.8 11.781013,45.901776,1433.6 11.780937,45.901623,1433.4 11.780868,45.901456,1433.3 11.780831,45.901332,1433.1 11.780809,45.901189,1433 11.780804,45.901106,1432.9 11.780794,45.900985,1432.8 11.780786,45.90081,1432.6 11.780777,45.900568,1432.3 11.780765,45.900387,1431.8 11.780748,45.900216,1431.4 11.780735,45.900012,1430.6 11.78072,45.899795,1429.7 11.780722,45.899629,1428.8 11.780728,45.899488,1428 11.780727,45.899344,1427.1 11.780707,45.899242,1426.4 11.780649,45.899139,1425.6 11.780554,45.899016,1424.6 11.780442,45.898904,1424 11.780329,45.898789,1423.3 11.780201,45.898661,1422.5 11.780123,45.898553,1421.9 11.780058,45.898445,1421.2 11.78003,45.898322,1420.4 11.780014,45.89821,1419.6 11.78001,45.89808,1418.8 11.780023,45.897958,1418 11.780053,45.897779,1416.9 11.780068,45.897633,1416 11.780089,45.897478,1415 11.780094,45.897359,1414.2 11.780083,45.897236,1413.2 11.780058,45.89711,1412.3 11.780008,45.896979,1411.3 11.779938,45.89685,1410.4 11.77986,45.896696,1409.2 11.779801,45.896575,1408.4 11.779766,45.896471,1407.8 11.779753,45.896361,1407.2 11.779757,45.896284,1406.7 11.779783,45.896151,1406.1 11.779828,45.896028,1405.5 11.779871,45.895888,1405.2 11.779889,45.8958,1405 11.779894,45.8957,1404.7 11.779879,45.895595,1404.5 11.779824,45.895491,1404.2 11.77975,45.895396,1403.9 11.779642,45.895297,1403.6 11.779504,45.895194,1403.3 11.779368,45.895108,1403.1 11.779225,45.895023,1402.8 11.779068,45.894941,1402.6 11.778915,45.894873,1402.4 11.778733,45.894809,1401.7 11.778552,45.894777,1401.2 11.778331,45.894769,1400.4 11.778156,45.89478,1399.8 11.777916,45.894815,1398.9 11.777771,45.894844,1398.3 11.77759,45.894895,1397.6 11.777423,45.894949,1396.8 11.777276,45.895006,1396.2 11.777133,45.895037,1395.7 11.776985,45.89504,1395.1 11.776874,45.895022,1394.7 11.776764,45.894975,1393.9 11.776648,45.894912,1393 11.776544,45.894855,1392.2 11.776461,45.894812,1391.5 11.776385,45.894779,1391 11.776254,45.8947,1391.5 11.776103,45.894611,1392 11.775967,45.894537,1392.6 11.775854,45.894478,1393.1 11.775752,45.894426,1393.6 11.775662,45.894363,1394.1 11.775571,45.894293,1394.8 11.775472,45.894206,1395.7 11.775398,45.894116,1396.5 11.775352,45.894037,1397.2 11.775309,45.893942,1398 11.775271,45.893839,1399 11.775234,45.893731,1400 11.775194,45.893637,1400.9 11.775125,45.893522,1402.2 11.775045,45.8934,1403.5 11.774972,45.893301,1404.6 11.774888,45.893185,1406 11.774805,45.893076,1407.2 11.774707,45.892957,1408.5 11.774623,45.89286,1409.5 11.774523,45.892763,1410.6 11.774409,45.892659,1411.6 11.774298,45.892569,1412.5 11.774167,45.892463,1413.4 11.774045,45.892355,1414.3 11.773931,45.892259,1415.1 11.77385,45.89219,1415.7 11.773771,45.892093,1416.4 11.773704,45.892009,1417 11.773616,45.891884,1417.9 11.773543,45.891779,1418.7 11.773448,45.891677,1419.6 11.773377,45.891619,1420.1 11.773297,45.891565,1420.7 11.773179,45.891524,1421.4 11.773042,45.891494,1422.4 11.772902,45.891465,1423.5 11.772796,45.891438,1424.2 11.772701,45.8914,1424.8 11.772612,45.891335,1425.4 11.772525,45.891239,1426 11.77246,45.891161,1426.4 11.772393,45.891071,1426.8 11.772318,45.890991,1427.2 11.772252,45.890922,1427.5 11.772183,45.890868,1427.7 11.772099,45.890836,1428 11.772,45.890822,1428.3 11.771878,45.890826,1428.7 11.771748,45.890863,1429.2 11.771594,45.89092,1429.8 11.771433,45.890982,1430.5 11.771224,45.891065,1431.4 11.771039,45.891137,1432.2 11.770908,45.891184,1432.8 11.770754,45.891237,1433.5 11.77061,45.891278,1434.1 11.770478,45.891317,1434.7 11.770359,45.891353,1435.2 11.770181,45.891412,1436.1 11.770055,45.891469,1436.8 11.769916,45.891552,1437.7 11.76978,45.891635,1438.6 11.769638,45.89172,1439.4 11.769506,45.89179,1440.2 11.769388,45.891843,1440.8 11.769287,45.891871,1441.3 11.769209,45.891883,1441.7 11.769139,45.89189,1442 11.769058,45.891882,1442.4 11.768987,45.891858,1442.8 11.768924,45.891818,1443.3 11.768881,45.891761,1443.8 11.768863,45.891699,1444.3 11.768866,45.891636,1444.8 11.76889,45.891586,1445.3 11.768958,45.891503,1446 11.769057,45.891408,1447.2 11.769166,45.891301,1448.4 11.769287,45.891181,1449.9 11.76939,45.891075,1451.2 11.769505,45.890957,1452.8 11.769624,45.890839,1454.4 11.769762,45.8907,1455.8 11.769881,45.89058,1457.1 11.769974,45.890484,1458 11.770087,45.890381,1459.1 11.770213,45.890275,1460.2 11.77033,45.89018,1461.3 11.770421,45.890084,1462.3 11.770504,45.889985,1463.3 11.770571,45.889883,1464.3 11.770634,45.88976,1465.5 11.770695,45.889614,1467 11.770728,45.889508,1468.1 11.770753,45.889399,1469.5 11.770756,45.889286,1470.9 11.770748,45.889168,1472.3 11.770733,45.889022,1474 11.770715,45.888894,1475.4 11.770694,45.888738,1477.2 11.770666,45.888532,1479.4 11.770647,45.888375,1481 11.770638,45.888245,1482.4 11.770646,45.888146,1483.4 11.770681,45.888056,1484.2 11.770739,45.887981,1485.1 11.770805,45.887918,1485.7 11.770907,45.887862,1486.3 11.771017,45.887828,1486.9 11.77115,45.887815,1487.5 11.77129,45.887823,1488.2 11.77143,45.887848,1488.8 11.77157,45.887887,1489.2 11.771716,45.887931,1489.7 11.771903,45.887991,1490.2 11.772111,45.888058,1490.8 11.772309,45.888118,1491.2 11.772477,45.888166,1491.5 11.772603,45.888199,1492 11.772718,45.888225,1492.4 11.772853,45.888238,1492.8 11.773026,45.888248,1493.4 11.773224,45.888248,1494 11.773404,45.88824,1494.5 11.773601,45.888219,1495.1 11.773792,45.8882,1495.7 11.774027,45.888168,1496.3 11.77424,45.888135,1496.9 11.774442,45.888102,1497.4 11.774643,45.888061,1498 11.774819,45.888031,1498.3 11.775008,45.888008,1498.6 11.775162,45.887999,1498.9 11.775364,45.887998,1499.2 11.775578,45.888004,1499.5 11.775775,45.888006,1499.8 11.775952,45.887996,1500 11.776154,45.887976,1500.2 11.776405,45.887947,1500.4 11.776682,45.887915,1500.6 11.776978,45.887876,1500.8 11.777211,45.887848,1501 11.777383,45.887824,1501.3 11.777511,45.887797,1501.5 11.777641,45.887763,1501.8 11.777763,45.887715,1502.1 11.777856,45.887669,1502.4 11.777951,45.887612,1502.7 11.778047,45.887552,1503.2 11.778175,45.887481,1503.7 11.778311,45.887424,1504.3 11.778436,45.887386,1504.8 11.778598,45.887359,1505.5 11.778759,45.887332,1506.1 11.778942,45.887313,1506.9 11.779146,45.887303,1507.8 11.779337,45.88729,1508.6 11.779474,45.887267,1509.2 11.779644,45.887222,1509.9 11.779823,45.887161,1510.7 11.780013,45.887086,1511.5 11.780163,45.887018,1512.2 11.780252,45.886966,1512.6 11.780347,45.886901,1513 11.780458,45.886806,1513.6 11.780594,45.886687,1514.3 11.780699,45.886592,1514.8 11.780823,45.886487,1515.2 11.780941,45.886398,1515.6 11.78105,45.886334,1516 11.781168,45.886283,1516.2 11.781339,45.886217,1516.6 11.781538,45.88616,1516.9 11.781751,45.886103,1517.3 11.781928,45.886045,1517.6 11.782014,45.886012,1517.8 11.782094,45.885974,1517.9 11.782157,45.885939,1518 11.78225,45.885869,1518.6 11.782351,45.885795,1519.3 11.782459,45.885723,1520 11.782583,45.885642,1520.8 11.782707,45.885575,1521.6 11.782833,45.885527,1522.3 11.782997,45.885483,1523.3 11.783196,45.885439,1524.4 11.783424,45.885387,1525.7 11.78363,45.885339,1526.9 11.783825,45.88529,1528 11.784023,45.885247,1529.1 11.784173,45.885223,1529.9 11.784361,45.885213,1530.8 11.784594,45.885206,1532 11.784852,45.885195,1533.2 11.78509,45.88519,1534.4 11.785321,45.885182,1535.5 11.785461,45.885174,1536.2 11.785564,45.885161,1536.8 11.785689,45.885125,1537.5 11.785827,45.885086,1538.4 11.785999,45.885043,1539.5 11.786191,45.885014,1540.7 11.786393,45.884991,1541.8 11.786608,45.884972,1543 11.786836,45.884958,1544.2 11.787009,45.88494,1545.1 11.787184,45.884905,1546.1 11.787391,45.884854,1547.2 11.787613,45.884788,1548.4 11.787814,45.884732,1549.5 11.788023,45.884668,1550.7 11.788196,45.884608,1551.6 11.788312,45.884558,1552.3 11.788386,45.88451,1552.8 11.788453,45.884444,1553.3 11.78851,45.884351,1554 11.788549,45.88426,1554.6 11.788576,45.884159,1555.3 11.788607,45.884036,1556.3 11.78865,45.88393,1557.1 11.788721,45.883812,1558.2 11.788795,45.883708,1559.1 11.788888,45.88361,1560 11.789006,45.883521,1560.9 11.789169,45.883422,1562.1 11.789322,45.883333,1563.1 11.789466,45.883242,1564.3 11.789572,45.883164,1565.2 11.789686,45.883065,1566.3 11.789809,45.882956,1567.5 11.789921,45.882872,1568.6 11.790058,45.882783,1569.8 11.790203,45.882707,1571 11.790413,45.882619,1572.7 11.790601,45.882543,1574.3 11.79082,45.882452,1576.1 11.79104,45.882371,1577.9 11.791324,45.882279,1580.2 11.791568,45.882207,1582.4 11.791836,45.882129,1584.7 11.792038,45.882071,1586.4 11.792281,45.881995,1588.5 11.79249,45.881927,1590.3 11.792612,45.881879,1591.4 11.792686,45.881829,1592.2 11.792729,45.881772,1592.8 11.792743,45.881694,1593.6 11.792723,45.881595,1594.5 11.792676,45.881469,1595.7 11.792649,45.88137,1596.6 11.79264,45.881294,1597.1 11.792642,45.881203,1597.8 11.792672,45.881122,1598.5 11.792735,45.881054,1599.1 11.792817,45.881003,1599.7 11.792934,45.880958,1600.5 11.793071,45.88092,1601.4 11.793208,45.880891,1602.2 11.793298,45.88086,1602.9 11.79337,45.880814,1603.5 11.793431,45.880747,1604.3 11.7935,45.880643,1605.4 11.793573,45.880514,1606.8 11.793652,45.88039,1608.1 11.793724,45.880293,1609.1 11.793784,45.880237,1609.8 11.793859,45.880193,1610.4 11.793976,45.880151,1611.1 11.794127,45.880102,1612 11.794256,45.880048,1612.7 11.794346,45.88,1613.2 11.794428,45.879933,1613.8 11.79452,45.879845,1614.4 11.794632,45.879734,1615.2 11.794764,45.879609,1616 11.794908,45.879481,1616.8 11.795045,45.879366,1617.4 11.795142,45.879304,1617.8 11.795223,45.879272,1618 11.795317,45.879263,1618.2 11.795451,45.879268,1618.4 11.795603,45.879284,1618.6 11.795727,45.879297,1618.7 11.795818,45.879289,1618.8 11.795886,45.879267,1618.9 11.795962,45.879232,1619 11.796027,45.879178,1619 11.796096,45.879088,1619.1 11.796161,45.878996,1619.1 11.79625,45.87888,1619.1 11.796341,45.878794,1619.2 11.796458,45.878689,1619.2 11.796594,45.878572,1619.1 11.796675,45.878494,1619 11.796763,45.878415,1619 11.796827,45.878344,1618.9 11.796877,45.878274,1618.8 11.796892,45.878214,1618.7 11.796886,45.87813,1618.2 11.796847,45.878066,1617.8 11.796781,45.877997,1617.4 11.796703,45.877929,1617 11.796617,45.877853,1616.6 11.796542,45.877787,1616.2 11.796504,45.877721,1616 11.79649,45.877654,1615.7 11.796494,45.877578,1615.5 11.796523,45.877486,1615.2 11.796589,45.877343,1614.8 11.796653,45.877207,1614.4 11.796728,45.877096,1614.1 11.796826,45.876974,1613.8 11.796917,45.876859,1613.6 11.797014,45.876733,1613.3 11.797118,45.876595,1613 11.797209,45.876479,1612.7 11.7973,45.876361,1612.4 11.797364,45.876271,1612.2 11.79739,45.876198,1612.1 11.797394,45.876119,1612 11.797375,45.876039,1611.9 11.797335,45.875968,1611.8 11.797279,45.875914,1611.8 11.797165,45.875826,1611.7 11.797043,45.875749,1611.7 11.796919,45.87569,1611.6 11.796803,45.87564,1611.5 11.796678,45.8756,1611.4 11.796576,45.875558,1611.4 11.796502,45.875516,1611.3 11.796444,45.875462,1611.3 11.796412,45.875392,1611.2 11.79638,45.875304,1611.2 11.796344,45.875207,1611.1 11.796304,45.875118,1611.1 11.796254,45.875016,1611.1 11.796184,45.87493,1611.2 11.796078,45.874839,1611.4 11.795926,45.874711,1611.6 11.795806,45.874598,1611.8 11.795695,45.874495,1612 11.795565,45.874386,1612.2 11.795419,45.874266,1612.3 11.795256,45.874155,1612.4 11.795139,45.874076,1612.3 11.795027,45.873995,1612.3 11.794925,45.873922,1611.9 11.794838,45.873861,1611.6 11.794729,45.8738,1611.1 11.794629,45.873771,1610.8 11.794524,45.873767,1610.4 11.794397,45.873787,1609.8 11.794257,45.873826,1609.2 11.79409,45.873872,1608.4 11.793984,45.873904,1608 11.793867,45.873917,1607.5 11.793728,45.873917,1607 11.79355,45.873902,1606.3 11.793425,45.873873,1605.6 11.793305,45.873831,1604.9 11.793193,45.873773,1604.2 11.79307,45.873708,1603.3 11.79294,45.873643,1602.4 11.792808,45.873594,1601.5 11.792655,45.873559,1600.5 11.79251,45.873526,1599.5 11.792337,45.873476,1598.3 11.792178,45.873417,1597.1 11.792005,45.873346,1595.8 11.791856,45.873291,1594.7 11.791717,45.873245,1593.7 11.791591,45.873207,1592.8 11.791489,45.873171,1592.1 11.79139,45.873118,1591.3 11.791279,45.873031,1590.3 11.791178,45.872936,1589.2 11.791085,45.872849,1588.5 11.790998,45.872765,1587.7 11.790893,45.872658,1586.9 11.790812,45.872561,1586.1 11.790731,45.872471,1585.6 11.790663,45.87241,1585.2 11.790582,45.872363,1585 11.790492,45.872338,1584.8 11.790397,45.872337,1584.7 11.790286,45.872362,1584.5 11.790157,45.872407,1584.4 11.789988,45.872468,1584.2 11.789808,45.872537,1584 11.789619,45.872602,1583.9 11.789456,45.872658,1583.8 11.789309,45.872703,1583.7 11.789143,45.872742,1583.5 11.788984,45.872772,1583.4 11.788843,45.872788,1583 11.788711,45.872794,1582.7 11.788585,45.87279,1582.3 11.788446,45.872774,1581.8 11.788287,45.872746,1581.3 11.788154,45.872708,1580.8 11.78801,45.872663,1580.1 11.787878,45.872637,1579.5 11.787728,45.872621,1578.8 11.787576,45.872615,1578 11.787417,45.872599,1577.1 11.787262,45.872578,1576.3 11.787076,45.872544,1575.1 11.786911,45.872511,1574 11.786728,45.872469,1572.9 11.786532,45.872418,1571.6 11.786375,45.872374,1570.7 11.786251,45.872326,1569.8 11.78613,45.872269,1569.1 11.786004,45.8722,1568.3 11.785881,45.872129,1567.6 11.785782,45.872061,1567 11.785693,45.871974,1566.4 11.785619,45.871866,1565.7 11.78556,45.871759,1565 11.785517,45.871638,1564.1 11.78548,45.871512,1563.3 11.785443,45.871373,1562.4 11.78542,45.871241,1561.5 11.785412,45.871105,1560.6 11.785422,45.870962,1559.6 11.785434,45.870811,1558.6 11.785446,45.870662,1557.5 11.785449,45.87056,1556.8 11.785446,45.870445,1556 11.785438,45.870307,1555 11.785425,45.870189,1554 11.785403,45.870054,1552.8 11.785368,45.869902,1551.5 11.785344,45.869808,1550.7 11.785317,45.869701,1549.8 11.785311,45.869615,1549 11.785322,45.869548,1548.4 11.785366,45.869476,1547.8 11.78543,45.869414,1547.2 11.785505,45.86936,1546.6 11.785613,45.86931,1545.9 11.78571,45.869285,1545.4 11.785791,45.869286,1545.2 11.785864,45.869302,1545.1 11.785924,45.869333,1545 11.785892,45.869378,1545 11.785896,45.86943,1545 11.785916,45.869473,1545.1 11.785974,45.869509,1545.4 11.786036,45.869526,1545.6 11.786152,45.869522,1546.1 11.786268,45.869519,1546.5 11.786383,45.869536,1547.1 11.786532,45.869575,1547.9 11.786689,45.86963,1549 11.786807,45.869674,1549.8 11.786964,45.869744,1550.9 11.787092,45.869798,1551.8 11.787219,45.869847,1552.7 11.787323,45.869878,1553.4 11.787435,45.86989,1554.1 11.787569,45.869891,1555 11.787726,45.869889,1556 11.787912,45.869894,1557.2 11.788093,45.86991,1558.3 11.788317,45.869934,1559.8 11.788569,45.86995,1561.3 11.788821,45.869969,1562.9 11.789018,45.869983,1564.2 11.78923,45.870003,1565.6 11.789479,45.87002,1567.2 11.789751,45.870054,1569 11.790035,45.870101,1571 11.790296,45.870152,1572.9 11.790552,45.870197,1574.8 11.79077,45.870235,1576.5 11.790949,45.870263,1577.9 11.791086,45.870277,1579 11.791197,45.870274,1579.6 11.791296,45.870256,1580.1 11.791386,45.870226,1580.7 11.791456,45.870191,1581.1 11.791535,45.870134,1581.8 11.791593,45.870063,1582.5 11.791635,45.869977,1583.3 11.791699,45.869874,1584.4 11.791799,45.869744,1585.8 11.791905,45.869616,1587.2 11.792039,45.869458,1588.9 11.79218,45.869293,1590.8 11.792288,45.869162,1592.2 11.792411,45.86901,1593.9 11.792528,45.868862,1595.6 11.792622,45.868756,1596.8 11.792683,45.868691,1597.6 11.792777,45.868634,1598.4 11.79287,45.868593,1599.2 11.792969,45.868562,1599.9 11.793096,45.868542,1600.8 11.793315,45.868507,1602.4 11.793552,45.868467,1604.1 11.793794,45.868425,1605.8 11.793954,45.868401,1606.9 11.79406,45.868392,1607.7 11.794198,45.868393,1608.7 11.794383,45.868406,1610 11.794575,45.868414,1611.3 11.794773,45.868423,1612.7 11.794925,45.868428,1613.7 11.795036,45.868427,1614.4 11.795103,45.868419,1614.9 11.795183,45.868397,1615.5 11.795246,45.868365,1616 11.795325,45.868303,1616.7 11.795387,45.868238,1617.4 11.795447,45.868172,1618.1 11.795521,45.868113,1618.8 11.7956,45.868068,1619.4 11.795704,45.86803,1620 11.795837,45.867996,1620.8 11.795946,45.867974,1621.3 11.796054,45.867947,1621.9 11.796144,45.867907,1622.5 11.796242,45.867844,1623.2 11.796344,45.867765,1623.9 11.796438,45.867708,1624.6 11.796552,45.867672,1625.3 11.796708,45.867636,1626.2 11.796881,45.867601,1627.2 11.797061,45.867564,1628.3 11.797263,45.867523,1629.6 11.797419,45.867489,1630.5 11.797508,45.867463,1631.1 11.797597,45.867431,1631.7 11.79768,45.867394,1632.2 11.79776,45.867341,1632.9 11.797813,45.867275,1633.5 11.797883,45.867166,1634.4 11.797948,45.867055,1635.4 11.798038,45.866911,1636.8 11.798123,45.866773,1638.1 11.798194,45.866658,1639.1 11.798262,45.86657,1639.9 11.79833,45.866471,1640.8 11.798384,45.866369,1641.7 11.798441,45.866243,1642.7 11.798496,45.866127,1643.7 11.79855,45.86602,1644.6 11.798607,45.865932,1645.4 11.79867,45.865875,1645.9 11.798747,45.865836,1646.5 11.798868,45.86581,1647.3 11.798987,45.865806,1648 11.799154,45.865814,1649 11.799303,45.865831,1650 11.799415,45.865858,1650.7 11.799546,45.865909,1651.6 11.799653,45.86598,1652.5 11.799731,45.866064,1653.4 11.799799,45.86617,1654.4 11.799867,45.866287,1655.4 11.799907,45.866396,1656.4 11.799924,45.866505,1657.2 11.799929,45.866638,1658.2 11.799918,45.86676,1659.2 11.799898,45.866921,1660.4 11.799877,45.867062,1661.5 11.799845,45.867233,1662.8 11.799826,45.867376,1663.8 11.799828,45.867507,1664.8 11.799839,45.867635,1665.7 11.799878,45.867759,1666.7 11.799942,45.867883,1667.6 11.800005,45.867988,1668.5 11.800098,45.868111,1669.6 11.800175,45.868198,1670.5 11.800266,45.868298,1671.5 11.800348,45.868373,1672.3 11.80043,45.868436,1673.1 11.800489,45.868479,1673.7 11.800526,45.868506,1674 11.800605,45.868506,1673.4 11.800697,45.868529,1672.7 11.800795,45.868568,1671.7 11.800931,45.868611,1670.5 11.801048,45.868636,1669.5 11.801138,45.868667,1668.7 11.801219,45.868711,1667.8 11.801285,45.868735,1667.2 11.801338,45.868733,1666.8 11.801361,45.868712,1666.5 11.801363,45.868678,1666.1 11.801338,45.868635,1665.5 11.80127,45.868586,1664.7 11.801158,45.868516,1663.5 11.80105,45.868447,1662.3 11.800933,45.868367,1661 11.800831,45.868293,1659.5 11.800714,45.868197,1657.8 11.800623,45.868121,1656.4 11.800529,45.868044,1655 11.800466,45.867986,1654 11.800423,45.867919,1653 11.80041,45.867851,1652 11.800397,45.867791,1651 11.800399,45.867705,1649.8 11.800388,45.867647,1648.9 11.800365,45.867596,1648.2 11.800313,45.867507,1647 11.800294,45.867452,1646.4 11.800296,45.867392,1645.8 11.80034,45.867331,1645.1 11.800403,45.867267,1644.3 11.800461,45.867205,1643.6 11.800494,45.867154,1643 11.800507,45.867093,1642.2 11.800505,45.86703,1641.3 11.800485,45.866956,1640.3 11.800449,45.866878,1639.1 11.800409,45.866818,1638.2 11.800385,45.866759,1637.3 11.80038,45.866711,1636.6 11.800396,45.866644,1635.6 11.800426,45.866568,1634.4 11.800462,45.866497,1633.3 11.800497,45.866426,1632.3 11.800505,45.866384,1631.7 11.800499,45.866327,1631.2 11.800461,45.866241,1630.5 11.800411,45.866146,1629.5 11.800357,45.866036,1628.3 11.800303,45.865917,1627 11.800239,45.865776,1625.3 11.800189,45.865677,1624.1 11.800145,45.865594,1623 11.800101,45.865494,1621.8 11.800075,45.865394,1620.5 11.800044,45.865289,1619.3 11.800006,45.865198,1618.1 11.799957,45.865117,1617.3 11.799933,45.865065,1616.7 11.799922,45.865031,1616.3 11.799934,45.864982,1615.8 11.799984,45.864927,1615.1 11.800056,45.864893,1614.4 11.800156,45.864857,1613.4 11.800311,45.864808,1612 11.800477,45.864763,1610.4 11.800638,45.864732,1608.9 11.800847,45.86469,1607 11.801022,45.864653,1605.3 11.801175,45.864622,1604.3 11.801298,45.864614,1603.5 11.801431,45.864613,1602.7 11.801516,45.864621,1602 11.801637,45.864644,1601.1 11.801749,45.864666,1600.3 11.801876,45.864687,1599.3 11.802018,45.864695,1598.3 11.802181,45.864711,1596.8 11.80232,45.864725,1595.6 11.802467,45.864733,1594.2 11.802597,45.864726,1593.1 11.802668,45.864697,1592.4 11.802693,45.864675,1592 11.802703,45.864647,1591.8 11.802709,45.864599,1591.6 11.8027,45.864544,1591.2 11.802681,45.864457,1590.7 11.802661,45.864369,1590.2 11.802657,45.864287,1589.7 11.802664,45.864197,1589.2 11.802669,45.864106,1588.7 11.802695,45.864014,1588.2 11.802742,45.863903,1587.4 11.802794,45.863788,1586.8 11.802841,45.863683,1586.2 11.802891,45.863587,1585.5 11.80293,45.863496,1585.3 11.802968,45.863395,1584.7 11.802994,45.863314,1584.3 11.802988,45.863254,1584 11.802958,45.863205,1583.7 11.802893,45.863146,1583.4 11.802809,45.863078,1583 11.802706,45.863018,1582.6 11.802626,45.862974,1582.3 11.802572,45.862927,1582.1 11.802519,45.862856,1581.8 11.80249,45.862784,1581.5 11.802485,45.862722,1581.2 11.802498,45.862664,1581 11.802526,45.862586,1580.5 11.802576,45.862517,1580.1 11.802643,45.862448,1579.5 11.802682,45.862393,1579.2 11.802715,45.862334,1578.8 11.802718,45.86227,1578.3 11.802705,45.862205,1577.8 11.80267,45.862142,1577.2 11.802621,45.862098,1576.7 11.802563,45.862061,1576.2 11.802479,45.86203,1575.7 11.802396,45.86202,1575.2 11.802306,45.86202,1574.6 11.8022,45.86203,1573.9 11.80204,45.862051,1572.9 11.801909,45.862058,1572.1 11.801793,45.862058,1571.4 11.801659,45.862054,1570.6 11.801562,45.862047,1570 11.801462,45.862048,1569.3 11.801394,45.862067,1568.9 11.801334,45.862099,1568.4 11.801283,45.862137,1568 11.801237,45.862174,1567.5 11.801181,45.862197,1567.1 11.801135,45.8622,1566.8 11.801086,45.862193,1566.5 11.801019,45.862174,1566.1 11.80093,45.862137,1565.5 11.800853,45.862103,1564.9 11.800766,45.862064,1564.2 11.800672,45.862027,1563.6 11.800596,45.861993,1563 11.800543,45.86195,1562.5 11.800494,45.861889,1561.9 11.800442,45.861808,1561.1 11.800394,45.861749,1560.5 11.800327,45.861699,1559.9 11.800236,45.861654,1559.2 11.800112,45.86161,1558.4 11.799994,45.861574,1557.6 11.799873,45.861537,1556.8 11.799745,45.861501,1555.8 11.799659,45.861488,1555 11.799577,45.861489,1554.5 11.799498,45.861506,1553.8 11.799411,45.861519,1553.2 11.799344,45.861514,1552.8 11.799275,45.861496,1552.3 11.799225,45.861458,1551.9 11.799168,45.861396,1551.2 11.7991,45.861323,1550.4 11.799042,45.861259,1549.7 11.798975,45.8612,1549 11.798891,45.861153,1548.3 11.798792,45.861108,1547.6 11.798691,45.861058,1546.8 11.798579,45.861003,1545.9 11.798486,45.86096,1545.2 11.798393,45.860933,1544.6 11.798319,45.860926,1544.1 11.798232,45.860926,1543.5 11.798163,45.860925,1543.1 11.798125,45.860911,1542.8 11.798109,45.860883,1542.5 11.798109,45.860852,1542.2 11.798145,45.860825,1541.9 11.798202,45.860816,1541.5 11.798275,45.860822,1541.1 11.798376,45.860838,1540.5 11.79848,45.860857,1539.9 11.798591,45.860873,1539.2 11.798703,45.860884,1538.4 11.798815,45.860899,1537.8 11.798922,45.860915,1537.2 11.799028,45.860936,1536.5 11.799108,45.86096,1535.7 11.799185,45.860996,1535.1 11.799273,45.861041,1534.5 11.799347,45.861074,1533.9 11.799413,45.861096,1533.6 11.799479,45.861101,1533.2 11.799533,45.861091,1532.9 11.79959,45.861073,1532.5 11.799638,45.861035,1532.1 11.799665,45.860993,1531.7 11.799673,45.860921,1531.1 11.799666,45.860847,1530.6 11.799665,45.860766,1530 11.799687,45.860685,1529.3 11.799714,45.860613,1528.7 11.799745,45.860533,1528 11.799787,45.860469,1527.3 11.799849,45.860423,1526.8 11.799931,45.860389,1526.2 11.800012,45.860365,1525.6 11.80011,45.860329,1524.9 11.800187,45.860288,1524.3 11.800258,45.860232,1523.7 11.80035,45.860164,1522.8 11.800438,45.860097,1522 11.800523,45.860059,1521.4 11.800604,45.86004,1520.8 11.800697,45.860028,1520.2 11.800781,45.860029,1519.7 11.800849,45.860044,1519.2 11.800932,45.860077,1518.7 11.801012,45.860114,1518 11.801101,45.86015,1517.4 11.801189,45.860176,1516.8 11.80129,45.860197,1516.1 11.801399,45.860213,1515.4 11.801506,45.860222,1514.6 11.801573,45.860216,1514.1 11.801635,45.860196,1513.6 11.801678,45.86016,1513.1 11.801714,45.860109,1512.5 11.801745,45.860047,1511.8 11.801783,45.860004,1511.2 11.801843,45.859974,1510.8 11.80191,45.859964,1510.4 11.801995,45.859966,1509.8 11.802077,45.859968,1509.2 11.802152,45.859979,1508.7 11.802219,45.859992,1508.2 11.802282,45.859998,1507.7 11.802331,45.859991,1507.2 11.802364,45.859964,1506.7 11.802388,45.859922,1506.1 11.802401,45.859861,1505.5 11.802402,45.859784,1504.5 11.802396,45.859708,1504 11.802387,45.859591,1502.7 11.802379,45.859494,1501.5 11.802377,45.859401,1500.5 11.802386,45.85932,1499.6 11.802409,45.859254,1498.9 11.802443,45.859208,1498.5 11.802491,45.859171,1498.1 11.802551,45.85914,1497.5 11.802591,45.859108,1497.3 11.8026,45.859077,1497 11.802582,45.859057,1496.9 11.802548,45.859047,1496.7 11.802497,45.859046,1496.5 11.802441,45.859058,1496.3 11.802389,45.859083,1495.9 11.802346,45.859125,1495.4 11.802309,45.859177,1494.8 11.802269,45.85924,1494 11.80223,45.859301,1493.2 11.802209,45.859342,1492.7 11.802195,45.859376,1492.2 11.802179,45.859401,1491.8 11.802152,45.859414,1491.4 11.802123,45.859411,1491 11.802091,45.859401,1490.8 11.802082,45.859378,1490.6 11.802087,45.859334,1490.2 11.802123,45.85928,1489.7 11.802157,45.859216,1489.1 11.802187,45.859137,1488.3 11.802214,45.859064,1487.7 11.80225,45.859002,1487.1 11.802297,45.858963,1486.6 11.802373,45.858931,1486 11.802477,45.858911,1485.3 11.802584,45.858903,1484.4 11.802725,45.858886,1483.3 11.802871,45.858865,1482 11.802977,45.858844,1481 11.803098,45.858809,1479.8 11.803202,45.858769,1478.7 11.803325,45.858712,1477.4 11.80344,45.85865,1476 11.803576,45.858581,1474.3 11.803709,45.858509,1472.5 11.803843,45.85844,1470.7 11.803954,45.858378,1469.1 11.804021,45.858331,1468 11.804071,45.858262,1466.6 11.804085,45.858202,1465.6 11.804083,45.858132,1464.5 11.804068,45.858078,1463.6 11.804031,45.858021,1462.6 11.803961,45.857974,1461.5 11.803878,45.857933,1460.4 11.803819,45.857895,1459.5 11.803779,45.857844,1458.6 11.803765,45.857784,1457.7 11.803783,45.857731,1456.8 11.803836,45.857659,1455.6 11.803913,45.857601,1454.4 11.804014,45.857554,1453 11.804124,45.857499,1451.4 11.804205,45.857448,1450.2 11.804273,45.857385,1449 11.804341,45.857294,1447.6 11.804402,45.857193,1446 11.804435,45.85711,1444.9 11.804442,45.857045,1444 11.804415,45.856981,1443.1 11.804344,45.85692,1442.1 11.804257,45.856886,1441.2 11.804113,45.856861,1439.8 11.803949,45.85683,1438.2 11.803782,45.856789,1436.5 11.803629,45.856754,1435 11.803499,45.856722,1433.8 11.803382,45.856702,1432.7 11.80325,45.856697,1431.6 11.803142,45.856698,1430.8 11.803043,45.856696,1430.2 11.802943,45.85669,1429.6 11.802849,45.856668,1429.1 11.802776,45.856629,1428.8 11.802725,45.856575,1428.4 11.80267,45.856484,1427.7 11.802617,45.856388,1426.9 11.802553,45.856325,1426.4 11.802484,45.85629,1426 11.802383,45.856272,1425.5 11.802273,45.856276,1425 11.802149,45.856291,1424.4 11.802024,45.8563,1423.9 11.801934,45.85629,1423.5 11.801878,45.856261,1423.2 11.801819,45.856201,1422.9 11.801772,45.856133,1422.5 11.801711,45.856077,1422.3 11.801622,45.856041,1422 11.801539,45.856025,1421.8 11.801467,45.856025,1421.6 11.801389,45.856041,1421.4 11.801296,45.856075,1421.2 11.801246,45.856087,1421.1 11.801201,45.85608,1421 11.801158,45.856057,1420.9 11.801106,45.856012,1420.7 11.801038,45.855941,1420.6 11.800963,45.85587,1420.4 11.800877,45.855795,1420 11.800778,45.855732,1419.6 11.800668,45.855667,1419.1 11.800557,45.855593,1418.6 11.800451,45.855505,1417.9 11.800351,45.855406,1417.2 11.800256,45.855308,1416.2 11.800158,45.855193,1415.2 11.800058,45.855068,1413.9 11.799964,45.854956,1412.8 11.799882,45.854867,1411.8 11.799803,45.854796,1411 11.799715,45.854735,1410 11.799564,45.854651,1408.4 11.799422,45.854576,1406.9 11.799288,45.854514,1405.6 11.799165,45.85447,1404.4 11.799023,45.854426,1403.1 11.798899,45.854391,1402 11.798819,45.854379,1401.4 11.798753,45.854381,1400.9 11.798695,45.854401,1400.4 11.798628,45.854441,1399.8 11.798546,45.854507,1399 11.798453,45.854583,1398 11.798361,45.854649,1397 11.798243,45.854729,1395.8 11.798136,45.854787,1394.8 11.797998,45.854854,1393.5 11.797872,45.854908,1392.4 11.797729,45.85496,1391.2 11.797618,45.85499,1390.3 11.79753,45.855004,1389.7 11.797429,45.854996,1389 11.797334,45.854972,1388.3 11.797251,45.854933,1387.7 11.797173,45.854878,1386.5 11.797133,45.854819,1385.5 11.797111,45.854738,1384.3 11.797089,45.854623,1382.5 11.797069,45.854502,1380.6 11.797042,45.854378,1378.7 11.797023,45.854293,1377.4 11.796989,45.854224,1376.3 11.796914,45.85414,1374.8 11.796838,45.854063,1373.4 11.796758,45.853981,1372 11.796695,45.853909,1370.8 11.796665,45.853868,1370.3 11.796663,45.853833,1369.9 11.796693,45.853812,1369.6 11.796746,45.853811,1369.3 11.796792,45.853827,1369 11.79684,45.853855,1368.6 11.796925,45.853912,1367.8 11.79701,45.853979,1367 11.797099,45.854039,1366.2 11.797182,45.854093,1365.4 11.797246,45.854118,1364.8 11.797308,45.85413,1364.3 11.79738,45.854123,1363.6 11.79743,45.8541,1363 11.797457,45.85405,1362.3 11.797462,45.85396,1361 11.797461,45.853875,1359.7 11.797456,45.85378,1358.3 11.79745,45.853713,1357.3 11.797423,45.853661,1356.5 11.79736,45.853588,1355.2 11.797265,45.853506,1353.7 11.797181,45.853427,1352.2 11.797128,45.853367,1351.1 11.797116,45.853322,1350.5 11.797127,45.853284,1350 11.797177,45.853259,1349.4 11.797245,45.853253,1348.8 11.797366,45.853265,1347.7 11.797484,45.853268,1346.7 11.797584,45.853256,1345.9 11.79766,45.853228,1345.3 11.797741,45.853178,1344.5 11.797819,45.85312,1343.8 11.797857,45.853066,1343.2 11.797858,45.853006,1342.7 11.797826,45.852946,1342.4 11.797777,45.852885,1342 11.797735,45.852834,1341.7 11.797695,45.852788,1341.5 11.797636,45.852753,1341.3 11.79756,45.852735,1341 11.797422,45.852717,1340.8 11.797297,45.852696,1340.5 11.797167,45.852675,1340.3 11.797017,45.852656,1340 11.796865,45.85265,1339.8 11.796748,45.852654,1339.6 11.796632,45.852666,1339.4 11.796525,45.852689,1339.2 11.796414,45.852715,1338.9 11.796279,45.85276,1338.6 11.796137,45.852808,1338.3 11.796021,45.852849,1338.1 11.795908,45.852888,1337.9 11.795823,45.852904,1337.7 11.795742,45.852902,1337.5 11.795669,45.852878,1337.3 11.795586,45.85283,1337.1 11.795491,45.852779,1336.8 11.7954,45.852726,1336.5 11.795312,45.852693,1336.2 11.795225,45.852668,1336 11.795103,45.85265,1335.7 11.794974,45.852631,1335.3 11.794868,45.852614,1335 11.794792,45.852582,1334.7 11.79475,45.85254,1334.5 11.794735,45.852473,1334.1 11.794753,45.852404,1333.8 11.794783,45.852332,1333.3 11.794784,45.852252,1332.8 11.79477,45.852166,1332.4 11.794752,45.852091,1332.1 11.794702,45.852029,1331.9 11.794634,45.851982,1331.7 11.794528,45.851938,1331.6 11.794422,45.851901,1331.6 11.794328,45.851861,1331.7 11.794269,45.851811,1331.8 11.794241,45.851753,1332.1 11.794236,45.851702,1332.2 11.794277,45.851616,1332.7 11.794312,45.851544,1333.1 11.794328,45.851476,1333.2 11.794311,45.851415,1333.2 11.794277,45.851356,1333.4 11.794212,45.851288,1333.6 11.794145,45.851221,1333.9 11.79408,45.851143,1334.2 11.79404,45.85107,1334.6 11.79402,45.850984,1335 11.794036,45.850908,1335.6 11.794102,45.850811,1336.4 11.79416,45.850727,1337.1 11.794234,45.850631,1337.9 11.794292,45.850524,1338.8 11.794341,45.850419,1339.6 11.794367,45.85032,1340.4 11.794367,45.850231,1341.1 11.794348,45.850133,1341.8 11.794292,45.850027,1342.6 11.794239,45.849922,1343.3 11.794212,45.849837,1343.9 11.79418,45.849739,1344.5 11.794131,45.849657,1345.1 11.794057,45.849559,1345.7 11.794008,45.849486,1346.1 11.793988,45.849409,1346.5 11.793983,45.849303,1347 11.793984,45.8492,1347.2 11.79397,45.849116,1347.3 11.793939,45.849017,1347.2 11.793902,45.84892,1347.2 11.793858,45.848835,1346.7 11.793802,45.848755,1346.3 11.793733,45.848669,1345.6 11.79364,45.848578,1344.9 11.793541,45.848491,1344 11.793452,45.848427,1343.2 11.793336,45.848358,1342 11.793257,45.848324,1341.2 11.793169,45.848291,1340.2 11.793029,45.848244,1338.7 11.792912,45.848211,1337.5 11.792801,45.848188,1336.3 11.792696,45.848181,1335.2 11.792602,45.848189,1334.3 11.792508,45.848213,1333.3 11.792405,45.848253,1332.2 11.79229,45.848307,1330.9 11.792193,45.848346,1329.8 11.792086,45.848377,1328.8 11.792006,45.848383,1328 11.791917,45.848369,1327.3 11.791822,45.848344,1326.4 11.791714,45.848299,1325.5 11.791606,45.848242,1324.4 11.791519,45.848177,1323.6 11.791445,45.848103,1322.8 11.791393,45.848035,1322.1 11.791351,45.847991,1321.7 11.791313,45.847976,1321.5 11.79126,45.847984,1321.2 11.791231,45.848012,1320.9 11.791223,45.848051,1320.6 11.791242,45.848105,1319.9 11.791269,45.848163,1319.2 11.79131,45.848241,1318.1 11.791335,45.8483,1317.2 11.791337,45.848355,1316.4 11.79132,45.848402,1315.7 11.791265,45.84844,1314.9 11.79116,45.848495,1313.5 11.791053,45.848549,1312.3 11.790959,45.848588,1311.2 11.790871,45.848606,1310.2 11.790765,45.848608,1309.1 11.790599,45.848605,1307.4 11.790409,45.848603,1305.4 11.790262,45.848601,1303.8 11.79014,45.848583,1302.5 11.790024,45.848546,1301.2 11.78987,45.848486,1299.3 11.78973,45.848429,1297.6 11.78962,45.848385,1296.3 11.789457,45.848319,1294.4 11.789326,45.848269,1292.9 11.789212,45.848236,1291.9 11.789039,45.848195,1290.4 11.788889,45.848159,1289.1 11.788761,45.84813,1288 11.78862,45.848088,1286.6 11.78851,45.848047,1285.5 11.788388,45.847983,1284 11.788295,45.847928,1282.8 11.788251,45.847878,1281.9 11.78821,45.847807,1280.8 11.788146,45.847694,1278.8 11.788075,45.847593,1276.9 11.787998,45.84749,1275 11.787938,45.847421,1273.6 11.787857,45.847323,1271.8 11.787766,45.847226,1269.9 11.787655,45.847117,1267.9 11.787556,45.847024,1266.1 11.787466,45.846959,1264.8 11.787358,45.846904,1263.4 11.787224,45.846852,1261.9 11.787058,45.846792,1260 11.786905,45.846726,1258.2 11.786734,45.846657,1256.2 11.786572,45.846601,1254.5 11.786418,45.84655,1253 11.786285,45.846494,1251.5 11.786182,45.846429,1250.2 11.786076,45.84634,1248.7 11.785963,45.846232,1246.9 11.785835,45.846104,1244.8 11.785734,45.84599,1243 11.785643,45.845885,1241.3 11.785537,45.845769,1239.5 11.785457,45.845677,1238 11.785409,45.845623,1237.1 11.785328,45.845543,1235.8 11.785236,45.845474,1234.6 11.78514,45.845418,1233.6 11.785016,45.845355,1232.4 11.784864,45.845279,1231.1 11.784696,45.845201,1229.6 11.784526,45.845126,1228.3 11.784389,45.845065,1227.3 11.784251,45.84501,1226.4 11.784147,45.844956,1225.6 11.784079,45.844903,1225 11.784029,45.844844,1224.5 11.783973,45.844753,1223.7 11.783909,45.844632,1222.8 11.783847,45.844509,1221.8 11.783779,45.844383,1220.8 11.783719,45.84427,1219.8 11.783672,45.84417,1219 11.783621,45.844058,1217.8 11.78358,45.843946,1216.7 11.783529,45.843863,1215.7 11.783452,45.843766,1214.4 11.783386,45.84369,1213.2 11.783295,45.843579,1211.5 11.783202,45.84347,1209.9 11.783106,45.84335,1208.2 11.783025,45.843263,1206.8 11.782928,45.843161,1205.2 11.782841,45.84307,1203.7 11.782761,45.842982,1202.3 11.782721,45.84292,1201.3 11.782714,45.842849,1200.4 11.782733,45.842781,1199.4 11.782782,45.842722,1198.5 11.782882,45.84263,1197 11.782971,45.842549,1195.7 11.783054,45.842465,1194.5 11.783132,45.842381,1193.2 11.783195,45.842301,1192.1 11.783232,45.842236,1191.2 11.783232,45.842171,1190.3 11.783206,45.842119,1189.6 11.783167,45.842058,1188.7 11.783079,45.841949,1187 11.78301,45.84188,1185.9 11.782937,45.84183,1185 11.78286,45.841789,1184.1 11.782751,45.841754,1183.1 11.78263,45.841716,1181.9 11.782507,45.841679,1180.7 11.782375,45.841648,1179.4 11.782246,45.841622,1178.2 11.782132,45.841603,1177.1 11.782041,45.841593,1176.2 11.781947,45.841588,1175.3 11.781854,45.841575,1174.4 11.781758,45.841555,1173.4 11.781642,45.841527,1172.2 11.781518,45.841493,1170.9 11.781395,45.841459,1169.7 11.781273,45.841429,1168.6 11.781161,45.841396,1167.7 11.781074,45.841363,1166.8 11.781011,45.841326,1166.2 11.78096,45.841288,1165.5 11.780924,45.841245,1164.9 11.780906,45.841204,1164.3 11.780896,45.841136,1163.4 11.780894,45.84105,1162.2 11.780897,45.840963,1161.1 11.780904,45.840892,1160.2 11.780913,45.840819,1159.2 11.780924,45.840746,1158.3 11.780927,45.840675,1157.3 11.780914,45.840617,1156.5 11.780882,45.840542,1155.4 11.780836,45.84047,1154.3 11.780785,45.8404,1153.2 11.780735,45.840338,1152.2 11.780677,45.840274,1151.1 11.780606,45.840196,1149.8 11.780546,45.840132,1148.7 11.780489,45.840067,1147.7 11.780436,45.84,1146.6 11.780393,45.839938,1145.7 11.780345,45.839869,1144.8 11.780304,45.839813,1144 11.780249,45.839756,1143.1 11.780184,45.839699,1142.1 11.780112,45.839635,1141 11.780049,45.839577,1140 11.779989,45.839523,1139.1 11.779925,45.83948,1138.2 11.779855,45.839445,1137.4 11.779762,45.839417,1136.5 11.779643,45.839385,1135.3 11.779557,45.839362,1134.5 11.779494,45.839334,1133.9 11.779423,45.839285,1133.1 11.779345,45.839218,1132.1 11.779278,45.839163,1131.3 11.779202,45.839103,1130.5 11.779117,45.839043,1129.7 11.779033,45.838985,1128.9 11.778947,45.83893,1128.1 11.778881,45.838896,1127.5 11.778818,45.838874,1127 11.778744,45.838866,1126.5 11.778661,45.838867,1125.7 11.778566,45.838874,1124.8 11.77849,45.838891,1124.1 11.778386,45.838923,1123 11.778283,45.838962,1121.9 11.778161,45.839001,1120.6 11.778045,45.839032,1119.5 11.777917,45.839064,1118.2 11.777801,45.839091,1117.1 11.777725,45.839107,1116.3 11.77763,45.839117,1115.4 11.777535,45.83912,1114.6 11.777434,45.839116,1113.5 11.777318,45.839118,1112.3 11.777204,45.839121,1111.2 11.777086,45.839123,1110 11.776984,45.839125,1109.2 11.77688,45.839128,1108.3 11.776791,45.83913,1107.6 11.776694,45.839136,1106.8 11.776584,45.83914,1105.9 11.776497,45.839145,1105.2 11.776406,45.839151,1104.3 11.776328,45.839159,1103.7 11.776244,45.839167,1103 11.776162,45.839171,1102.2 11.776084,45.839168,1101.6 11.776007,45.839159,1101 11.77593,45.839154,1100.4 11.775854,45.83916,1099.8 11.775761,45.83918,1099.1 11.775664,45.839205,1098.4 11.775588,45.839233,1097.8 11.775496,45.839272,1097 11.775454,45.839286,1096.7 11.775399,45.839289,1096.3 11.775368,45.839277,1096 11.775352,45.839254,1095.8 11.775364,45.839227,1095.5 11.775452,45.839182,1094.9 11.775575,45.839138,1094.1 11.775751,45.839091,1093.1 11.775901,45.839053,1092.3 11.776033,45.839022,1091.5 11.776187,45.838991,1090.7 11.776321,45.83896,1089.9 11.776454,45.838922,1089.1 11.7766,45.838873,1088.4 11.776787,45.838815,1087.6 11.776952,45.838766,1086.7 11.777095,45.838725,1086 11.777203,45.838678,1085.2 11.77731,45.838612,1084.4 11.777404,45.83854,1083.5 11.777517,45.838478,1082.6 11.777677,45.838397,1081.3 11.777784,45.838344,1080.5 11.777925,45.838273,1079.3 11.778033,45.838211,1078.4 11.778145,45.838148,1077.6 11.778267,45.838079,1076.7 11.77839,45.838009,1075.9 11.778491,45.837959,1075.3 11.778587,45.837919,1074.8 11.778676,45.8379,1074.4 11.778786,45.837896,1073.9 11.778894,45.83791,1073.3 11.779026,45.837939,1072.6 11.779154,45.837958,1071.8 11.779259,45.837968,1071.2 11.779373,45.837967,1070.4 11.779492,45.83795,1069.6 11.7796,45.837923,1068.8 11.779737,45.837865,1067.5 11.779864,45.8378,1066.2 11.779991,45.837727,1064.8 11.780114,45.837649,1063.4 11.780234,45.837563,1061.8 11.780329,45.837479,1060.4 11.780431,45.837384,1058.8 11.780515,45.837297,1057.4 11.780593,45.837211,1056 11.780677,45.837088,1054.1 11.78076,45.836979,1053 11.780851,45.836877,1052 11.780967,45.836769,1050.9 11.781095,45.836654,1049.7 11.781216,45.83654,1048.5 11.781312,45.836454,1047.7 11.781398,45.836372,1046.8 11.781505,45.836269,1045.8 11.781597,45.836171,1044.9 11.781693,45.836064,1043.9 11.781775,45.835971,1043 11.781858,45.835861,1043.2 11.781965,45.835729,1043.4 11.782063,45.835617,1043.3 11.782163,45.835501,1043.3 11.782271,45.835367,1042.8 11.782384,45.835239,1042.5 11.782494,45.835104,1042.2 11.7826,45.83497,1042.1 11.782716,45.834829,1041.9 11.782819,45.83471,1041.9 11.782907,45.834598,1042 11.783007,45.834478,1042 11.783096,45.834364,1042.1 11.783159,45.834287,1042.2 11.783206,45.834209,1042.3 11.783226,45.83413,1042.3 11.783228,45.83403,1042.4 11.783194,45.833936,1042.4 11.783126,45.833838,1042.4 11.783043,45.833749,1042.3 11.782914,45.833621,1042.2 11.78281,45.83352,1041.9 11.782682,45.833411,1041.6 11.782543,45.833311,1041.3 11.782402,45.833216,1041 11.782258,45.833114,1040.5 11.782127,45.833033,1040.2 11.781995,45.832943,1039.9 11.781874,45.83287,1039.7 11.781755,45.832795,1039.4 11.781643,45.832714,1039.2 11.781538,45.832622,1038.9 11.781456,45.832529,1038.6 11.781391,45.83244,1038.3 11.781322,45.832349,1038 11.781259,45.832258,1037.6 11.781202,45.832166,1037.2 11.781137,45.832092,1036.9 11.781085,45.832047,1036.7 11.781008,45.832023,1036.4 11.780923,45.832025,1036.1 11.780848,45.832042,1035.8 11.780738,45.832092,1035.3 11.78063,45.832161,1034.8 11.780517,45.83224,1034.2 11.780425,45.832307,1033.7 11.780319,45.832399,1033 11.780222,45.832473,1032.3 11.780143,45.832535,1031.8 11.780051,45.832583,1031.3 11.779946,45.832612,1030.7 11.779858,45.832617,1030.3 11.779772,45.832614,1029.8 11.779696,45.832593,1029.4 11.779623,45.83256,1029 11.779539,45.832517,1028.5 11.779409,45.832463,1027.7 11.779298,45.83242,1027.1 11.779205,45.832396,1026.6 11.779116,45.832391,1026.1 11.77906,45.832403,1025.9 11.77902,45.832434,1025.6 11.778976,45.832495,1025.1 11.778927,45.832548,1024.6 11.778869,45.832576,1024.2 11.778761,45.832604,1023.4 11.778655,45.83264,1022.7 11.778582,45.832695,1022 11.778513,45.83277,1021.1 11.778457,45.832837,1020.2 11.778369,45.832899,1019.3 11.778283,45.832932,1018.5 11.778204,45.832947,1017.9 11.778089,45.832943,1017 11.777952,45.832937,1015.9 11.77775,45.832923,1014.4 11.77762,45.832921,1013.4 11.777438,45.832918,1012.2 11.777276,45.832909,1011 11.777132,45.832897,1010.1 11.777022,45.832873,1009.4 11.776899,45.832837,1008.5 11.776812,45.832795,1007.9 11.77673,45.832737,1007.2 11.776685,45.832675,1006.5 11.776656,45.832599,1005.8 11.776616,45.832506,1004.9 11.776564,45.832437,1004.2 11.77648,45.83238,1003.4 11.77638,45.832341,1002.7 11.776263,45.832303,1001.9 11.776142,45.832273,1001.2 11.776042,45.83226,1000.7 11.775927,45.832263,1000.2 11.775811,45.832276,999.8 11.775694,45.832284,999.5 11.775598,45.832264,999.3 11.775512,45.832218,999.1 11.775418,45.832142,998.9 11.775328,45.832079,999 11.775228,45.832027,999.2 11.775116,45.831962,999.5 11.775023,45.831899,999.7 11.774917,45.831852,1000.1 11.774806,45.831824,1000.4 11.774687,45.831812,1000.9 11.774577,45.831812,1001.4 11.77444,45.831813,1001.9 11.774326,45.831816,1002.3 11.774241,45.83181,1002.6 11.774144,45.831775,1003 11.774095,45.831728,1003.2 11.774048,45.831658,1003.4 11.774022,45.83159,1003.6 11.773988,45.831522,1003.8 11.773938,45.831459,1004 11.773874,45.831423,1004.1 11.773794,45.831403,1004.3 11.773698,45.831413,1004.4 11.773627,45.831453,1004.6 11.773559,45.831508,1004.8 11.773436,45.83155,1005 11.773304,45.831576,1005.3 11.773161,45.831599,1005.8 11.773062,45.831639,1006.2 11.772956,45.831681,1006.5 11.772859,45.831693,1006.8 11.772758,45.83168,1007 11.772639,45.831642,1007.2 11.77252,45.83158,1007.2 11.772425,45.831519,1007.2 11.772315,45.831439,1007 11.772235,45.831348,1006.9 11.772179,45.83126,1006.6 11.772105,45.831101,1006.1 11.772069,45.830992,1005.4 11.772039,45.830895,1004.8 11.772005,45.830794,1004.1 11.771971,45.830698,1003.4 11.771915,45.830578,1002.4 11.771852,45.830473,1001.5 11.771784,45.830382,1000.6 11.771701,45.830284,999.7 11.771609,45.830184,998.8 11.771517,45.830082,997.8 11.771438,45.83001,997.1 11.771329,45.829934,996.3 11.771192,45.829853,995.6 11.771091,45.82977,994.9 11.771037,45.829685,994.3 11.770984,45.829585,993.6 11.770953,45.829492,993 11.770942,45.829394,992.3 11.770949,45.829279,991.4 11.770953,45.829188,990.7 11.770966,45.829069,989.7 11.770968,45.828974,988.9 11.770956,45.828889,988.1 11.770924,45.828812,987.4 11.770876,45.828738,986.6 11.770794,45.828677,985.9 11.770712,45.828651,985.3 11.770603,45.828639,984.5 11.770477,45.828643,983.5 11.770344,45.82863,982.5 11.770207,45.828601,981.3 11.770054,45.828553,979.9 11.769926,45.828501,978.7 11.769791,45.828441,977.4 11.769686,45.82838,976.3 11.769604,45.828312,975.3 11.769524,45.828233,974.2 11.769449,45.828149,973.1 11.769393,45.828073,972 11.769341,45.827984,970.9 11.769303,45.827892,969.8 11.769264,45.827777,968.4 11.769228,45.827672,967.1 11.769187,45.827566,965.8 11.76915,45.827459,964.5 11.769113,45.827342,963.1 11.769089,45.827268,962.2 11.769055,45.82717,961.1 11.769037,45.827068,959.9 11.76903,45.826968,958.8 11.769045,45.826846,957.5 11.769064,45.826731,956.3 11.769086,45.826601,954.9 11.769091,45.826505,953.9 11.769089,45.826424,953.1 11.769066,45.826318,952 11.769035,45.826222,951.2 11.768997,45.826133,950.4 11.768941,45.82601,949.3 11.768897,45.825931,948.6 11.768842,45.825861,947.9 11.768751,45.82579,947.1 11.768671,45.825737,946.5 11.768576,45.825701,945.8 11.768474,45.825688,945.2 11.768376,45.825689,944.6 11.768278,45.825693,944 11.76818,45.825696,943.5 11.768111,45.825691,943.1 11.768068,45.825663,942.7 11.768065,45.825637,942.5 11.76809,45.825604,942.2 11.76814,45.825591,941.9 11.76822,45.825582,941.4 11.768319,45.825577,940.8 11.76844,45.825571,940.1 11.768568,45.825569,939.3 11.768687,45.825573,938.6 11.768796,45.825588,938 11.768902,45.825617,937.3 11.769006,45.825662,936.6 11.769116,45.82572,935.8 11.769211,45.825786,935 11.76929,45.825852,934.2 11.769376,45.825931,933.4 11.769431,45.825999,932.8 11.769475,45.826066,932.1 11.769526,45.82616,931.2 11.769571,45.826257,930.2 11.769617,45.826341,929.4 11.769661,45.826407,928.7 11.769702,45.826456,928.1 11.769755,45.826483,927.7 11.769803,45.826484,927.4 11.769846,45.826468,927 11.769865,45.826436,926.7 11.76985,45.826389,926.3 11.769811,45.826332,925.7 11.769759,45.826254,924.9 11.769713,45.826162,923.9 11.769666,45.82607,923 11.769627,45.825959,921.9 11.769581,45.825847,920.8 11.769529,45.825741,919.8 11.769451,45.825615,918.5 11.769356,45.825496,917.2 11.769256,45.825386,915.9 11.769167,45.825285,914.8 11.769079,45.825196,913.8 11.768962,45.825112,912.7 11.768836,45.825037,911.6 11.768704,45.824975,910.5 11.76857,45.824922,909.5 11.768421,45.824865,908 11.768275,45.824818,906.8 11.768136,45.824777,905.5 11.767999,45.824744,904.4 11.767858,45.824714,903.2 11.76774,45.824702,902.3 11.767579,45.824699,901.1 11.767434,45.824703,900.2 11.767316,45.824729,899.4 11.767202,45.824765,898.6 11.767078,45.824824,897.6 11.766973,45.824878,896.7 11.766863,45.824929,895.9 11.76677,45.824964,895.1 11.766678,45.824993,894.5 11.766607,45.824999,894 11.766539,45.824988,893.5 11.766494,45.824958,893.1 11.766491,45.82492,892.8 11.76651,45.824887,892.4 11.766572,45.824866,892 11.766656,45.824841,891.3 11.766757,45.824805,890.6 11.766863,45.824746,889.7 11.766957,45.824687,888.8 11.767058,45.824607,887.8 11.767141,45.824537,886.9 11.767235,45.824487,886.1 11.767338,45.824449,885.4 11.767462,45.824423,884.5 11.767574,45.824407,883.7 11.767699,45.824394,882.9 11.767846,45.824377,881.9 11.767995,45.824356,880.9 11.768149,45.82433,879.8 11.768312,45.824303,878.7 11.768488,45.824271,877.5 11.76865,45.824259,876.4 11.768785,45.82426,875.5 11.768909,45.824267,874.7 11.769067,45.824295,873.6 11.769207,45.824327,872.8 11.769365,45.824373,871.8 11.769512,45.824426,871 11.769635,45.824471,870.3 11.769777,45.824535,869.5 11.769889,45.824589,868.9 11.769995,45.824642,868.4 11.770075,45.824674,868 11.770167,45.824699,867.6 11.770272,45.82471,867.2 11.770381,45.824707,866.9 11.770499,45.824693,866.4 11.770603,45.824676,865.9 11.770703,45.824647,865.5 11.770783,45.8246,865 11.770809,45.824548,864.3 11.770817,45.824482,863.5 11.770792,45.8244,862.4 11.770737,45.824328,861.4 11.770647,45.824267,860.3 11.770563,45.824225,859.4 11.770442,45.824187,858.3 11.770309,45.824158,857 11.770171,45.824151,855.8 11.770056,45.824156,854.8 11.769923,45.824174,853.6 11.769803,45.824183,852.5 11.769722,45.824176,851.8 11.769663,45.824147,851.2 11.76962,45.824104,850.6 11.769572,45.824029,849.7 11.769513,45.823977,849 11.769422,45.823925,848.2 11.76932,45.823888,847.4 11.769175,45.823856,846.5 11.769013,45.823828,845.4 11.768862,45.823804,844.4 11.768699,45.823769,843.3 11.768532,45.823741,842 11.768379,45.823724,840.9 11.768222,45.823712,839.7 11.768109,45.823705,838.9 11.767972,45.823672,837.8 11.767845,45.823609,836.6 11.76774,45.82354,835.5 11.767633,45.823459,834.2 11.76753,45.823398,833.2 11.767411,45.823358,832.1 11.767278,45.823338,831.1 11.767144,45.823324,830 11.76698,45.823302,828.9 11.766851,45.823266,827.9 11.766756,45.823222,827.1 11.766647,45.823166,826.1 11.766555,45.823128,825.2 11.766453,45.8231,824.4 11.76636,45.823092,823.5 11.766273,45.823099,822.7 11.766157,45.823129,821.6 11.766046,45.82316,820.5 11.765924,45.823187,819.3 11.765789,45.823207,818 11.765647,45.823222,817 11.76552,45.823218,816 11.765415,45.823194,815.1 11.765297,45.823147,814.1 11.76517,45.823083,812.9 11.765066,45.823024,811.9 11.764977,45.822989,811.1 11.764866,45.822963,810.2 11.764756,45.822951,809.3 11.764624,45.822951,808.3 11.764503,45.822966,807.4 11.764393,45.822994,806.5 11.764273,45.823039,805.4 11.76415,45.823091,804.3 11.764021,45.823141,803.2 11.763905,45.823183,802.2 11.763826,45.823196,801.6 11.763746,45.823188,801 11.763653,45.823155,800.2 11.76356,45.823108,799.3 11.763456,45.823046,798.2 11.763332,45.822974,797 11.763207,45.822923,795.9 11.763053,45.822878,794.6 11.762892,45.822846,793.3 11.762702,45.822811,791.8 11.762556,45.822785,790.8 11.762399,45.822766,789.8 11.762272,45.822764,788.9 11.762127,45.822767,788 11.762033,45.822768,787.4 11.761975,45.822753,787 11.76195,45.82272,786.6 11.761948,45.82268,786.2 11.76198,45.822654,785.9 11.762045,45.822639,785.4 11.762147,45.822634,784.8 11.762275,45.822633,783.9 11.762399,45.82263,783.1 11.762528,45.822632,782.2 11.762661,45.822627,781.4 11.762786,45.822622,780.5 11.762894,45.822614,779.8 11.763025,45.822597,778.9 11.763146,45.822568,778.1 11.763253,45.822548,777.3 11.763376,45.822538,776.5 11.763481,45.822521,775.8 11.763551,45.822493,775.3 11.763594,45.822455,774.8 11.763623,45.822385,774.1 11.763621,45.822287,773.2 11.76361,45.822126,771.7 11.763609,45.82198,770.3 11.763613,45.821863,769.1 11.763601,45.82175,768 11.763561,45.821651,767 11.763503,45.821589,766.3 11.763405,45.821529,765.4 11.763312,45.8215,764.7 11.763167,45.821473,763.6 11.763039,45.821456,762.7 11.762908,45.821445,761.8 11.762824,45.821432,761.2 11.762782,45.821399,760.8 11.762772,45.821361,760.4 11.762785,45.821327,760.1 11.762834,45.821306,759.7 11.762932,45.821296,759 11.763066,45.821283,758.1 11.763169,45.821254,757.3 11.763276,45.821201,756.4 11.763392,45.821141,755.4 11.763515,45.821088,754.4 11.763656,45.821041,753.3 11.763827,45.820988,752 11.763986,45.820948,750.9 11.764169,45.820901,749.5 11.764333,45.82086,748.4 11.764469,45.820824,747.4 11.764589,45.820799,746.6 11.764702,45.82079,745.9 11.764814,45.820796,745.2 11.764923,45.820816,744.5 11.765053,45.820844,743.6 11.765183,45.820878,742.7 11.765316,45.82092,741.8 11.765438,45.820959,740.9 11.765527,45.820974,740.4 11.765594,45.820961,739.9 11.765638,45.820926,739.5 11.765652,45.820883,739.1 11.765633,45.820839,738.7 11.765561,45.820783,738 11.765478,45.820717,737.2 11.765362,45.820632,736.1 11.765261,45.820564,735.2 11.76514,45.820522,734.4 11.764971,45.820488,733.3 11.764822,45.820453,732.3 11.764671,45.820406,731.2 11.764504,45.820349,730 11.764333,45.820294,728.8 11.764173,45.820269,728 11.764026,45.820262,727.3 11.763863,45.820256,726.5 11.763729,45.820241,725.8 11.763599,45.820208,725.2 11.763479,45.820156,724.5 11.763374,45.8201,723.9 11.763274,45.820017,723.2 11.763188,45.819915,722.4 11.763134,45.81983,721.7 11.76307,45.819731,720.6 11.762986,45.819637,719.5 11.762881,45.81955,718.3 11.762777,45.819482,717.3 11.762676,45.819409,716.3 11.762592,45.819318,715.1 11.76253,45.819228,714.1 11.762483,45.819157,713.3 11.762445,45.819104,712.7 11.762385,45.819058,712.1 11.762316,45.819036,711.5 11.762239,45.819034,711 11.762151,45.819044,710.4 11.762039,45.819059,709.5 11.761957,45.819055,709 11.761865,45.819025,708.2 11.761779,45.818971,707.4 11.761724,45.818904,706.6 11.761672,45.818825,705.7 11.761592,45.81874,704.8 11.761508,45.818695,704.1 11.761423,45.81867,703.6 11.761342,45.818665,703.1 11.761257,45.818675,702.5 11.761158,45.818691,701.9 11.761091,45.81869,701.5 11.761039,45.818664,701.1 11.76103,45.818631,700.8 11.761044,45.818601,700.5 11.761083,45.818577,700.1 11.761164,45.818558,699.6 11.761278,45.818543,698.9 11.761422,45.818532,698 11.761571,45.818519,697 11.761701,45.818505,696.2 11.761803,45.818486,695.5 11.761891,45.818453,694.9 11.761964,45.818401,694.3 11.762043,45.81833,693.5 11.762128,45.81825,692.6 11.762197,45.81819,691.9 11.762288,45.818144,691.2 11.762393,45.818129,690.5 11.762498,45.818133,689.8 11.762602,45.818155,689.1 11.762704,45.818189,688.5 11.762801,45.81823,687.7 11.762881,45.818286,687 11.762941,45.81834,686.4 11.763018,45.818409,685.6 11.763096,45.818476,684.9 11.763173,45.818527,684.1 11.763281,45.818576,683.3 11.763411,45.818634,682.3 11.763532,45.818674,681.5 11.76365,45.818709,680.7 11.763775,45.818735,679.9 11.763932,45.818759,678.9 11.764081,45.818778,677.9 11.764232,45.818795,677 11.764365,45.81882,676.1 11.764495,45.81885,675.3 11.764629,45.818887,674.4 11.764769,45.818927,673.4 11.764908,45.81897,672.5 11.765032,45.819005,671.6 11.765148,45.819035,670.9 11.765212,45.819049,670.4 11.765272,45.819045,670.1 11.765303,45.819017,669.7 11.765307,45.818991,669.5 11.765273,45.818956,669.1 11.765183,45.81893,668.5 11.765067,45.818898,667.8 11.764942,45.818861,666.9 11.764816,45.818824,666 11.764693,45.818777,665.2 11.764555,45.818719,664.2 11.764415,45.818659,662.9 11.764254,45.818591,661.5 11.76413,45.81853,660.4 11.764005,45.818467,659.3 11.763884,45.818403,658.1 11.76377,45.818329,657 11.763685,45.818256,656 11.763614,45.81817,654.9 11.763521,45.81806,653.5 11.763453,45.817973,652.5 11.763377,45.817883,651.4 11.763281,45.817794,650.2 11.763165,45.817698,648.9 11.763055,45.817606,647.6 11.762963,45.817538,646.6 11.762843,45.817466,645.4 11.762723,45.817416,644.4 11.762585,45.817377,643.2 11.762395,45.817344,641.8 11.762234,45.817309,640.5 11.762075,45.817255,639.4 11.761923,45.817197,638.4 11.761783,45.817139,637.3 11.761636,45.817067,636.2 11.761512,45.816992,635.2 11.761381,45.816921,634.2 11.761278,45.816881,633.4 11.761111,45.816828,632.3 11.76098,45.816787,631.4 11.760903,45.816759,630.9 11.760876,45.81672,630.5 11.760885,45.816687,630.1 11.760926,45.816659,629.8 11.760993,45.816659,629.4 11.761054,45.816677,629 11.761129,45.816711,628.4 11.761259,45.816762,627.5 11.761375,45.816803,626.7 11.761554,45.816846,625.5 11.761739,45.816879,624.3 11.761932,45.816903,623.1 11.762125,45.816928,621.9 11.762285,45.816939,620.9 11.762457,45.816947,619.8 11.762626,45.816948,618.7 11.762767,45.816954,617.8 11.76292,45.816963,616.9 11.76305,45.816985,616 11.76317,45.817019,615.1 11.763299,45.817081,614 11.763422,45.81715,612.8 11.763564,45.817233,611.5 11.763692,45.817323,610.2 11.763807,45.817405,609 11.763915,45.817493,607.9 11.764005,45.817569,606.9 11.764059,45.817584,606.4 11.764106,45.817578,606.1 11.76414,45.817551,605.7 11.76414,45.817515,605.4 11.764107,45.81748,604.9 11.764013,45.817426,604.1 11.763906,45.817348,603 11.763774,45.817227,601.4 11.763678,45.817132,600.2 11.763568,45.817018,598.8 11.763454,45.816904,597.4 11.763334,45.816784,595.9 11.763252,45.816706,594.9 11.763133,45.816611,593.6 11.763013,45.816544,592.5 11.762885,45.816491,591.4 11.762732,45.816443,590.2 11.762543,45.816405,589.1 11.762359,45.816366,588.1 11.762207,45.816337,587.2 11.762051,45.816306,586.3 11.761974,45.816283,585.8 11.76191,45.816252,585.4 11.761888,45.816216,585 11.761895,45.81618,584.8 11.761926,45.816155,584.5 11.762015,45.816149,584 11.762116,45.816158,583.4 11.762233,45.816182,582.7 11.762356,45.816203,582 11.762447,45.816198,581.5 11.762589,45.816167,580.7 11.762743,45.816152,579.8 11.762902,45.816142,578.9 11.763047,45.816143,578.1 11.763164,45.816171,577.4 11.763276,45.81622,576.5 11.763393,45.816284,575.5 11.763528,45.816373,574.3 11.763656,45.816463,573.1 11.763764,45.816537,572.1 11.763872,45.816622,571.3 11.763971,45.816712,570.5 11.764074,45.816819,569.4 11.764171,45.816912,568.4 11.764267,45.817004,567.5 11.764338,45.817068,566.8 11.764401,45.817119,566.3 11.764454,45.817143,565.9 11.764509,45.817142,565.6 11.764551,45.817123,565.3 11.764561,45.817089,565 11.764538,45.817049,564.6 11.764455,45.816994,564 11.764373,45.816932,563.3 11.764272,45.816851,562.4 11.764175,45.816736,561.3 11.764087,45.816625,560 11.763994,45.81649,558.5 11.763929,45.816394,557.4 11.763851,45.816277,556.1 11.763759,45.816143,554.5 11.763677,45.81603,553.2 11.763591,45.815921,551.9 11.76351,45.815823,550.7 11.763419,45.815712,549.2 11.763321,45.815614,547.8 11.76322,45.815549,546.6 11.763093,45.815491,545.4 11.762966,45.815464,544.3 11.762812,45.815443,543 11.762686,45.815416,541.9 11.762548,45.815367,540.7 11.762436,45.815318,539.6 11.762361,45.815266,538.8 11.762278,45.81519,537.7 11.762187,45.815103,536.7 11.762076,45.815001,535.6 11.761967,45.814901,534.5 11.76187,45.814806,533.4 11.761778,45.814701,532.3 11.761691,45.814595,531.2 11.761618,45.814524,530.4 11.761533,45.814469,529.7 11.761459,45.814433,529.1 11.761402,45.814394,528.6 11.761391,45.814354,528.3 11.761405,45.814318,527.9 11.761443,45.814297,527.6 11.761504,45.814299,527.2 11.761567,45.814327,526.8 11.76165,45.814391,526 11.761763,45.814467,525 11.76187,45.814551,524 11.76201,45.814643,522.8 11.762138,45.814725,521.7 11.762277,45.814807,520.6 11.762416,45.81487,519.6 11.762552,45.814932,518.6 11.762685,45.814976,517.6 11.762826,45.815011,516.6 11.762961,45.815032,515.5 11.763136,45.815054,514 11.763307,45.815073,512.6 11.763466,45.815088,511.3 11.763616,45.815122,510.1 11.763751,45.815159,509 11.763841,45.815197,508.2 11.763933,45.815261,507.3 11.764039,45.815348,506.1 11.764136,45.815426,505.1 11.76424,45.815512,503.9 11.76433,45.815605,502.8 11.764445,45.815716,501.6 11.764541,45.815817,500.5 11.764651,45.815923,499.4 11.764744,45.816016,498.4 11.764831,45.81611,497.4 11.7649,45.816195,496.6 11.764953,45.816243,496.1 11.765008,45.816264,495.7 11.765064,45.816259,495.3 11.765104,45.816237,495 11.765117,45.816199,494.7 11.765081,45.816149,494.2 11.764991,45.816088,493.4 11.764907,45.816022,492.7 11.764809,45.815933,491.7 11.764751,45.815857,491 11.764683,45.815753,490 11.764634,45.815663,489.1 11.764566,45.815542,488 11.764497,45.815418,486.8 11.76443,45.815297,485.6 11.764362,45.815183,484.4 11.764299,45.815089,483.4 11.764224,45.815006,482.4 11.764137,45.814929,481.3 11.764037,45.814857,480.2 11.763933,45.814808,479.2 11.763814,45.814766,478.1 11.763668,45.814722,476.9 11.76353,45.814671,475.6 11.763402,45.814612,474.3 11.76329,45.814529,472.9 11.763171,45.81444,471.4 11.763071,45.814354,470 11.76296,45.814255,468.3 11.762864,45.814171,466.9 11.762755,45.814078,465.7 11.76265,45.813985,464.4 11.762551,45.813894,463.4 11.762456,45.813809,462.3 11.762351,45.813726,461.4 11.762253,45.813661,460.6 11.762142,45.813602,459.8 11.762022,45.813548,459.1 11.761902,45.813497,458.3 11.761799,45.813458,457.6 11.761704,45.813425,457.1 11.761649,45.813397,456.7 11.761626,45.813358,456.4 11.761636,45.813319,456.1 11.761665,45.813296,455.8 11.761725,45.813294,455.5 11.761784,45.813317,455.1 11.761878,45.813365,454.5 11.761977,45.813411,453.9 11.762084,45.813458,453.2 11.762208,45.813509,452.4 11.762351,45.813569,451.5 11.762498,45.813636,450.5 11.762633,45.813701,449.6 11.76277,45.81377,448.7 11.762935,45.81385,447.6 11.76307,45.813923,446.7 11.763209,45.813995,445.4 11.763348,45.814067,444 11.763504,45.814138,442.6 11.763636,45.814195,441.4 11.76376,45.814242,440.4 11.763914,45.814287,439.2 11.764057,45.814314,438.2 11.764228,45.814338,437 11.76437,45.814366,436 11.764515,45.814407,435 11.76464,45.814458,434.1 11.764753,45.814508,433.3 11.764871,45.814573,432.3 11.764995,45.814647,431.2 11.765089,45.814721,430.2 11.76517,45.814793,429.4 11.765254,45.814876,428.4 11.765342,45.814968,427.3 11.765423,45.815062,426.2 11.76549,45.815147,425.3 11.76554,45.815224,424.6 11.765579,45.815292,424 11.765612,45.81534,423.6 11.765654,45.815372,423.3 11.765704,45.815387,423 11.765751,45.81538,422.8 11.76578,45.815346,422.5 11.765762,45.815307,422.2 11.76573,45.815255,421.7 11.765656,45.815159,420.8 11.765584,45.815064,419.8 11.765515,45.814968,418.7 11.765449,45.814871,417.7 11.765376,45.814735,416.2 11.765291,45.814611,414.8 11.765204,45.814501,413.4 11.765104,45.814403,412.2 11.76499,45.814311,410.9 11.764889,45.814234,409.8 11.764743,45.81413,408.3 11.764601,45.814055,407 11.76444,45.813989,405.6 11.764274,45.813925,404.2 11.764167,45.813873,403.2 11.764083,45.813811,402.3 11.763984,45.813714,400.9 11.763859,45.8136,399.3 11.763741,45.813501,397.9 11.763621,45.813403,396.6 11.76352,45.813321,395.6 11.763409,45.813234,394.5 11.763276,45.813127,393.4 11.763172,45.813057,392.5 11.763053,45.812989,391.6 11.762948,45.812937,390.9 11.762836,45.812885,390.1 11.762764,45.812846,389.5 11.762737,45.812803,389.1 11.762745,45.81277,388.9 11.762784,45.812749,388.6 11.762842,45.812752,388.2 11.762896,45.812775,387.9 11.762966,45.812822,387.3 11.763043,45.812873,386.7 11.763152,45.812939,385.8 11.763276,45.81301,384.9 11.76337,45.813058,384.2 11.763514,45.813124,383.2 11.763678,45.813201,382 11.763797,45.813263,381.2 11.763984,45.813361,379.8 11.764117,45.813422,378.5 11.764272,45.813498,377.1 11.764406,45.81356,375.9 11.76455,45.813614,374.7 11.764693,45.813648,373.6 11.764856,45.81369,372.4 11.765045,45.813739,371 11.765246,45.813794,369.5 11.765403,45.813852,368.2 11.765564,45.813916,366.9 11.765663,45.813974,366 11.765788,45.814052,364.8 11.765913,45.814141,363.6 11.766009,45.814219,362.6 11.766124,45.814313,361.4 11.766237,45.814407,360.3 11.766314,45.814477,359.6 11.766416,45.81456,358.7 11.766494,45.814622,358.1 11.766582,45.814657,357.6 11.766695,45.814681,357.2 11.766815,45.814693,356.7 11.766955,45.814706,356.3 11.767094,45.814719,355.8 11.76723,45.814736,355.3 11.767389,45.81476,354.8 11.767571,45.814786,354.1 11.767743,45.814805,353.5 11.767941,45.814827,352.6 11.768107,45.81486,351.9 11.768304,45.814912,351 11.768474,45.814955,350.2 11.768635,45.814986,349.4 11.768825,45.815021,348.4 11.768973,45.815051,347.6 11.769094,45.815085,346.9 11.769189,45.815119,346.4 11.769269,45.815161,345.9 11.769346,45.815214,345.3 11.769434,45.815275,344.6 11.769493,45.815297,344.2 11.769548,45.815293,343.9 11.76959,45.815275,343.6 11.769603,45.815237,343.3 11.769582,45.815198,342.9 11.769522,45.815159,342.5 11.769421,45.815118,341.8 11.769285,45.815063,340.9 11.769143,45.81501,340 11.768981,45.81495,339 11.76883,45.814892,338 11.768648,45.814822,336.9 11.768498,45.814763,335.9 11.768352,45.814704,335 11.76817,45.814629,333.8 11.767989,45.814556,332.3 11.767819,45.814495,330.9 11.767683,45.81445,329.8 11.767512,45.814403,328.7 11.767315,45.814354,327.5 11.76717,45.814315,326.5 11.767028,45.814278,325.5 11.766908,45.814238,324.6 11.766824,45.814187,323.8 11.766738,45.814109,322.8 11.766649,45.813998,321.4 11.766576,45.81389,320.1 11.76645,45.813721,318 11.766319,45.813582,316.2 11.76622,45.813494,314.9 11.766102,45.813398,313.6 11.765959,45.813293,312.1 11.765793,45.813193,310.5 11.765609,45.813093,308.9 11.765455,45.81302,307.6 11.7653,45.812943,306.3 11.765198,45.812881,305.4 11.765124,45.812808,304.6 11.765037,45.812713,303.5 11.764941,45.812599,302.1 11.764836,45.812493,300.8 11.764707,45.81238,299.4 11.764591,45.812291,298.1 11.764439,45.812175,296.5 11.764284,45.81206,294.9 11.764122,45.811949,293.3 11.763976,45.81185,291.8 11.763847,45.811771,290.6 11.763717,45.811688,289.3 11.763581,45.811601,287.9 11.763425,45.811511,286.4 11.763297,45.811435,285.2 11.763183,45.811375,284.2 11.763078,45.811335,283.3 11.762972,45.811303,282.5 11.762846,45.811283,281.7 11.762705,45.811275,280.7 11.762553,45.811253,279.6 11.762418,45.811228,278.6 11.762252,45.811192,277.4 11.762108,45.811176,276.4 11.761977,45.811179,275.4 11.761854,45.811193,274.6 11.761737,45.811211,273.8 11.761658,45.811218,273.3 11.761595,45.811197,272.8 11.76157,45.811162,272.5 11.761576,45.81112,272.1 11.76163,45.811094,271.7 11.761728,45.811089,271.1 11.761853,45.811091,270.2 11.761987,45.811087,269.4 11.762129,45.811079,268.5 11.762287,45.811067,267.4 11.762447,45.811052,266.4 11.762615,45.811039,265.3 11.762787,45.811029,264.2 11.762958,45.811023,263.1 11.763119,45.81102,262.1 11.763248,45.811017,261.2 11.763362,45.811041,260.5 11.763501,45.811087,259.4 11.763638,45.811142,258.4 11.763807,45.811205,257.2 11.76397,45.811267,256 11.76412,45.811314,254.9 11.76429,45.81137,253.6 11.764444,45.811415,252.5 11.764609,45.811464,251.3 11.764754,45.811515,250.2 11.764897,45.811573,249.1 11.765032,45.81163,248 11.765173,45.811689,246.9 11.765316,45.811743,245.9 11.765465,45.811793,244.9 11.765618,45.81186,243.9 11.765762,45.81194,242.7 11.765874,45.81201,241.8 11.766002,45.812084,240.7 11.766138,45.812137,239.7 11.766284,45.812167,238.6 11.766435,45.812186,237.5 11.766565,45.812218,236.4 11.766732,45.812267,234.9 11.766926,45.81233,233.3 11.767095,45.812387,231.8 11.767273,45.812449,230.3 11.767417,45.812493,229.1 11.767596,45.812528,227.8 11.767787,45.812561,226.4 11.767954,45.812587,225.3 11.768127,45.812622,224.1 11.768281,45.81266,223.1 11.768436,45.812718,221.9 11.768595,45.812785,220.8 11.768759,45.812841,219.7 11.768959,45.8129,218.5 11.76914,45.812943,217.4 11.769318,45.812987,216.4 11.769484,45.81303,215.5 11.769666,45.813074,214.6 11.769833,45.813118,213.7 11.769983,45.813156,212.9 11.770121,45.813189,212.2 11.770258,45.813204,211.6 11.770369,45.813204,211.1 11.770467,45.813197,210.7 11.770576,45.813177,210.3 11.770677,45.813134,210 11.77078,45.813092,209.6 11.770858,45.813059,209.4 11.770951,45.813037,209.1 11.771052,45.813037,208.9 11.77117,45.813036,208.7 11.771273,45.81303,208.5 11.771387,45.813016,208.3 11.771496,45.812993,208.1 11.771596,45.812961,207.9 11.771702,45.812923,207.6 11.771815,45.812884,207.3 11.77191,45.812848,206.9 11.77201,45.812799,206.6 11.772098,45.812737,206.2 11.772183,45.812672,205.8 11.772275,45.812597,205.2 11.772392,45.81251,204.6 11.772471,45.812444,204.2 11.772549,45.812383,203.7 11.772637,45.812314,203.2 11.772743,45.812228,202.5 11.772853,45.812142,201.8 11.772935,45.812072,201.2 11.773035,45.811988,200.5 11.773131,45.811915,199.8 11.773208,45.811856,199.3 11.773277,45.811802,198.7 11.773337,45.811744,198.2 11.773374,45.811685,197.6 11.773393,45.811627,197.1 11.773395,45.811556,196.5 11.773387,45.811481,195.8 11.773365,45.811403,195 11.773414,45.811364,195 11.773483,45.811315,194.6 11.773559,45.811274,194.3 11.773649,45.811239,193.9 11.773743,45.811207,193.6 11.773946,45.81113,192.7 11.774161,45.811041,191.9 11.774342,45.810955,191.2 11.77451,45.810881,190.5 11.774655,45.810811,189.9 11.774844,45.810711,189.1 11.774969,45.81064,188.6 11.775091,45.810561,188 11.775193,45.810495,187.5 11.775307,45.810416,187 11.775399,45.810348,186.6 11.775485,45.810282,186.1 11.775593,45.810199,185.6 11.775693,45.810126,185.2 11.7758,45.810049,184.8 11.775937,45.809948,184.2 11.776042,45.809873,183.8 11.776156,45.8098,183.5 11.776279,45.809723,183.1 11.776372,45.80967,183 11.776474,45.809616,182.7 11.776621,45.809538,182.2 11.7768,45.809441,181.6 11.77695,45.809362,181.1 11.777108,45.80928,180.6 11.777268,45.8092,180.1 11.777409,45.809137,179.7 11.777539,45.809086,179.3 11.777688,45.809029,178.8 11.777814,45.808985,178.4 11.777965,45.808932,178 11.77812,45.808884,177.5 11.778236,45.808846,177.2 11.778362,45.808808,176.9 11.778558,45.808745,176.3 11.77872,45.808696,175.9 11.77888,45.808648,175.4 11.779019,45.808606,175 11.779145,45.808566,174.7 11.779243,45.808532,174.4 11.779339,45.808495,174.1 11.779453,45.808438,173.8 11.779576,45.808377,173.4 11.779699,45.80831,173.1 11.7798,45.808249,172.8 11.779898,45.808193,172.5 11.779997,45.808138,172.3 11.780091,45.808089,172.1 11.7802,45.808031,171.8 11.780295,45.807973,171.8 11.780397,45.807902,171.8 11.780486,45.807843,172 11.780613,45.80788,172.2 11.780747,45.807925,172.7 11.780955,45.807994,173.4 11.781186,45.80807,174 11.78138,45.808126,174.4 11.781637,45.80821,175 11.781866,45.808281,175.5 11.782113,45.808361,176 11.782353,45.80844,176.5 11.782577,45.808512,176.8 11.782819,45.808588,177.2 11.783087,45.808669,177.6 11.783313,45.808744,177.9 11.783528,45.808811,178.2 11.78378,45.808893,178.5 11.783989,45.80896,178.7 11.784257,45.809042,179 11.784476,45.809111,179.1 11.784656,45.809171,179.2 11.784834,45.809227,179.2 11.784996,45.809277,179.2 11.785217,45.809347,179.2 11.785451,45.809421,179.1 11.785702,45.809499,179.1 11.785948,45.80958,179 11.786175,45.809652,179 11.786414,45.809726,178.9 11.786618,45.809797,179 11.786795,45.80986,179.1 11.78694,45.809929,179.2 11.787081,45.810004,179.3 11.787198,45.810069,179.4 11.78733,45.810166,179.6 11.787464,45.81027,179.8 11.78762,45.810393,180 11.787773,45.810526,180.2 11.787901,45.810638,180.5 11.788052,45.810773,180.7 11.788214,45.810911,181 11.788462,45.811116,181.7 11.78868,45.811301,182.3 11.788854,45.81145,182.9 11.78907,45.811635,183.5 11.789266,45.811808,184.2 11.789462,45.811971,184.8 11.789605,45.8121,185.4 11.789765,45.812232,186 11.789814,45.812273,186.3 11.789926,45.81238,186.9 11.790021,45.812466,187.5 11.790153,45.812591,188.3 11.790285,45.812714,188.8 11.790463,45.81286,189.4 11.790659,45.813016,189.7 11.790843,45.813168,190 11.791013,45.813308,190 11.791186,45.813459,190 11.791391,45.813628,189.5 11.791566,45.813776,189.1 11.791727,45.813915,188.6 11.791873,45.814041,188.1 11.792036,45.814198,187.5 11.792154,45.814318,187 11.792243,45.814427,186.7 11.792326,45.814542,186.3 11.792418,45.814678,186 11.792506,45.814794,185.7 11.79259,45.814884,185.5 11.792681,45.814966,185.2 11.792796,45.815055,185.1 11.792913,45.815132,184.9 11.79306,45.815209,184.7 11.793249,45.815284,184.5 11.793427,45.81534,184.3 11.793622,45.815384,184.2 11.793825,45.815421,184 11.794058,45.815444,183.8 11.79432,45.815451,183.7 11.794472,45.81545,183.6 11.79469,45.81545,183.7 11.795025,45.815445,183.8 11.79535,45.815442,184.1 11.795729,45.815438,184.4 11.796098,45.815436,184.8 11.79645,45.815436,185.1 11.796805,45.815432,185.5 11.797127,45.815429,185.9 11.797507,45.815425,186.8 11.797853,45.815433,187.7 11.798241,45.815434,188.7 11.798617,45.815433,189.6 11.798913,45.815431,190.4 11.799233,45.815427,191.3 11.799516,45.815424,192.1 11.799815,45.815419,192.8 11.800166,45.815422,193.7 11.800394,45.815436,194.2 11.800612,45.815456,194.7 11.8009,45.81548,195.3 11.801195,45.815507,196 11.801499,45.815537,196.6 11.80185,45.815575,197.4 11.802106,45.815604,198 11.80236,45.815627,198.1 11.802583,45.815649,198.2 11.802813,45.815673,198.4 11.803198,45.815711,198.6 11.80362,45.815749,198.9 11.804043,45.815788,199.1 11.804386,45.815815,199.3 11.804801,45.815849,199.6 11.805197,45.815887,200 11.805582,45.815927,200.3 11.805942,45.815963,200.7 11.806229,45.816003,200.9 11.806396,45.816033,201.1 11.806692,45.816092,201.4 11.806961,45.81615,201.7 11.807278,45.816222,202 11.807558,45.816285,202.3 11.807867,45.816352,202.6 11.808132,45.816408,202.8 11.808404,45.816467,203 11.808681,45.816531,203.4 11.808963,45.816601,203.8 11.80922,45.816665,204.2 11.809533,45.816739,204.7 11.809852,45.816814,205.2 11.810127,45.816878,205.7 11.810409,45.81694,206.2 11.810703,45.817007,206.7 11.810996,45.817074,207.3 11.811286,45.817141,207.8 11.811564,45.817204,208.4 11.811771,45.81725,208.8 11.812038,45.817311,209.5 11.812323,45.81738,210.3 11.812606,45.817445,211 11.812876,45.817506,211.7 11.81316,45.817571,212.5 11.813412,45.817631,213.1 11.813721,45.817701,213.9 11.813997,45.817766,214.7 11.814254,45.817826,215.3 11.814503,45.817885,216 11.814723,45.817934,216.6 11.814887,45.817972,217 11.815067,45.818005,217.1 11.81535,45.818069,217.3 11.815601,45.818129,217.9 11.815813,45.818187,218.5 11.816008,45.818253,219.1 11.816205,45.818329,219.7 11.81642,45.818416,220.5 11.816652,45.818515,221.4 11.816824,45.818585,221.9 11.816981,45.81866,222.4 11.817122,45.818711,223 11.817344,45.818804,224.4 11.817538,45.818881,225.8 11.817722,45.818955,227.1 11.817922,45.819036,228.6 11.818111,45.819113,230 11.818372,45.819217,231.7 11.81863,45.819314,233.4 11.818842,45.819408,234.7 11.819084,45.819511,236 11.819261,45.819587,236.9 11.819419,45.819646,237.5 11.819587,45.819694,238.1 11.819763,45.819733,238.7 11.819963,45.819773,239.5 11.820176,45.819816,240.3 11.820409,45.819855,241.2 11.82063,45.819896,242 11.820897,45.819944,242.8 11.821164,45.819989,243.7 11.821414,45.820032,244.4 11.821606,45.820067,245.3 11.821744,45.820089,246 11.821861,45.820121,246 11.822114,45.820167,246.6 11.82241,45.820234,247.3 11.822778,45.820317,248.1 11.823155,45.820395,249 11.823422,45.820452,249.6 11.823679,45.820508,250.4 11.824083,45.820604,251.6 11.824448,45.820683,252.7 11.824838,45.82077,253.9 11.825193,45.820853,255 11.825584,45.820943,256.1 11.825955,45.821026,257.2 11.826359,45.821128,258.4 11.826803,45.821241,260 11.82724,45.821352,261.5 11.827677,45.821462,263.1 11.827996,45.821538,264 11.828296,45.821611,264.9 11.828615,45.821687,265.6 11.828925,45.821771,266.3 11.829225,45.821849,267 11.829414,45.821906,267.4 11.829626,45.821985,267.8 11.829844,45.822091,268.2 11.830063,45.822201,268.3 11.830311,45.822335,268.5 11.830543,45.822461,268.3 11.830854,45.822627,268.3 11.831102,45.822762,268.4 11.831279,45.822853,268.5 11.831469,45.822949,268.6 11.831746,45.823105,269.1 11.831989,45.823236,269.6 11.832252,45.823384,270.1 11.832534,45.823538,270.7 11.832727,45.823669,271.1 11.832908,45.823818,271.6 11.833107,45.823995,272.6 11.83336,45.824245,273.9 11.833524,45.824398,274.7 11.833752,45.824608,275.8 11.833998,45.824834,276.9 11.834253,45.825066,278 11.834491,45.825284,279 11.834667,45.825461,279.8 11.834843,45.825621,280.6 11.835069,45.825832,281.6 11.835275,45.826024,282.6 11.835429,45.826174,283.3 11.835537,45.826278,283.6 11.835621,45.826348,283.8 11.835731,45.826407,284 11.835864,45.82646,284.2 11.836032,45.826506,284.5 11.836217,45.826546,284.7 11.836507,45.826606,285 11.836814,45.826669,285.4 11.837062,45.826722,285.5 11.837426,45.826793,285.8 11.837689,45.826844,285.9 11.837868,45.826877,286 11.837986,45.8269,286 11.838167,45.826939,286.2 11.838424,45.826997,286.4 11.83865,45.827046,286.9 11.838896,45.827098,287.4 11.839126,45.827146,288.3 11.83935,45.827193,289.1 11.83955,45.827237,290.1 11.839731,45.827276,291 11.839872,45.827318,291.5 11.839979,45.827367,291.8 11.840048,45.827425,292.1 11.8401,45.827501,292.5 11.840125,45.827586,292.9 11.840136,45.827679,293.4 11.840126,45.827805,293.9 11.840096,45.827964,294.5 11.840057,45.828145,295.1 11.84001,45.828351,295.8 11.839987,45.828475,296.1 11.839976,45.828579,296.3 11.84,45.828677,296.6 11.840052,45.828746,296.8 11.84013,45.828813,297 11.840232,45.828865,297.2 11.840431,45.828918,297.6 11.840633,45.828961,298 11.840742,45.828983,298.21 11.840973,45.829027,298.8 11.841113,45.829057,298.98 11.84126,45.829092,299.16 11.841403,45.829131,299.35 11.841535,45.829184,299.53 11.841596,45.829248,299.64 11.841611,45.829299,299.7 11.841652,45.829397,299.84 11.841649,45.829469,299.93 11.841602,45.829562,300.06 11.841462,45.829656,300.24 11.841307,45.829698,300.24 11.840957,45.829725,300.24 11.840569,45.829746,300.24 11.840217,45.829775,300.24 11.839758,45.82982,300.65 11.839378,45.829883,301 11.838971,45.82997,301.38 11.838636,45.830028,301.68 11.838409,45.830058,301.88 11.83828,45.830127,302.02 11.838221,45.830228,302.16 11.83817,45.830366,302.31 11.838208,45.830475,302.42 11.838267,45.830572,302.53 11.838365,45.830653,302.64 11.838687,45.830839,303.6 11.839597,45.831336,306.98 11.839799,45.831441,307.9 11.840049,45.83155,308.97 11.84038,45.83167,310.34 11.840557,45.831724,310.82 11.841554,45.832028,315.15 11.841738,45.832093,315.69 11.841831,45.832153,316.02 11.841909,45.832242,316.41 11.841969,45.832346,316.84 11.842007,45.83246,317.28 11.842105,45.832736,317.94 11.842241,45.833122,318.89 11.842366,45.833423,319.64 11.84244,45.833548,319.96 11.842552,45.833666,319.96 11.842638,45.833718,319.96 11.842764,45.833726,319.96 11.842875,45.833696,319.96 11.843461,45.833434,319.96 11.844564,45.832972,321.03 11.844945,45.832803,321.4 11.845239,45.832708,321.88 11.845521,45.832678,322.87 11.845676,45.832683,323.41 11.845831,45.832709,323.97 11.845995,45.832765,324.62 11.84614,45.832832,325.24 11.846395,45.833025,326.59 11.846716,45.833258,328.25 11.84688,45.833376,329.09 11.847157,45.833582,330.64 11.847292,45.833698,331.46 11.847444,45.833845,332.45 11.84769,45.834188,334.38 11.848171,45.834831,338.22 11.8484,45.835028,338.54 11.848639,45.835168,338.78 11.848849,45.835257,338.98 11.849085,45.835335,339.18 11.85066,45.83561,338.71 11.851609,45.835771,338.28 11.852038,45.835864,338.09 11.852423,45.83596,337.91 11.852989,45.836122,337.75 11.853604,45.836327,337.55 11.854082,45.836488,337.44 11.854541,45.836632,337.27 11.855163,45.836839,337.27 11.855738,45.83702,337.27 11.856039,45.837107,337.27 11.856252,45.83719,337.27 11.856434,45.837271,337.27 11.856612,45.837363,337.27 11.856787,45.8375,337.27 11.857035,45.837703,337.27 11.857205,45.837881,337.27 11.857304,45.838039,337.27 11.858522,45.84013,337.27 11.859123,45.841184,336.79 11.859164,45.841358,336.52 11.85918,45.841475,336.32 11.859174,45.84161,335.79 11.859124,45.841717,335.36 11.858901,45.842132,333.92 11.858884,45.842239,333.77 11.858911,45.842319,333.66 11.858972,45.842378,333.56 11.859068,45.842436,333.44 11.859664,45.842692,332.95 11.860815,45.843176,328.63 11.861027,45.843292,328.12 11.861192,45.843418,327.67 11.861256,45.84355,327.28 11.861255,45.843655,326.97 11.861237,45.843802,326.54 11.861184,45.8439,326.23 11.861078,45.844022,325.59 11.860918,45.8441,324.98 11.860742,45.844138,324.4 11.860578,45.844131,323.86 11.860429,45.84411,323.34 11.860074,45.844029,322.38 11.8598,45.844023,321.71 11.85965,45.844053,321.31 11.859478,45.8441,320.84 11.859362,45.844167,320.46 11.859226,45.844255,319.91 11.859149,45.844343,319.48 11.859144,45.844433,319.09 11.859169,45.844542,318.6 11.859223,45.844654,318.05 11.859728,45.845264,314.69 11.85983,45.845367,314.21 11.859981,45.845431,312.89 11.860181,45.845442,311.65 11.860384,45.845369,310.36 11.860836,45.845146,307.96 11.861046,45.845038,306.67 11.861233,45.844968,305.41 11.861358,45.844958,304.65 11.861521,45.84494,303.63 11.861846,45.844934,302.24 11.862081,45.844933,301.23 11.862713,45.844958,297.87 11.863387,45.845038,294.5 11.864119,45.845116,290.66 11.864866,45.845183,286.81 11.865616,45.845254,282.01 11.866338,45.845326,277.69 11.86667,45.845387,276.25 11.866925,45.84546,274.64 11.867124,45.845522,273.36 11.867365,45.845633,271.95 11.867494,45.845709,271.05 11.867707,45.845843,269.52 11.868014,45.846107,268 11.868237,45.846374,266.63 11.868937,45.847146,263.27 11.869343,45.847602,261.35 11.870593,45.849044,262.31 11.871167,45.849691,265.67 11.87174,45.850303,266.82 11.871995,45.85051,267.25 11.872219,45.850671,267.6 11.872583,45.850866,268.08 11.873719,45.851351,269.52 11.874202,45.851537,270 11.875318,45.852006,273.37 11.876926,45.852713,275.3 11.87829,45.853284,279.14 11.879066,45.853628,281.59 11.879482,45.853852,282.99 11.880298,45.854288,284.4 11.880597,45.854465,284.94 11.880848,45.854632,285.41 11.881069,45.854804,285.87 11.880475,45.855508,295.97 11.880389,45.855613,296.48 11.879799,45.8563,307.56 11.879611,45.856524,308.67 11.878978,45.857264,320
          </coordinates>
        </LineString>
      </MultiGeometry>
    </Placemark>
  </Folder>
</Document>
</kml>