<?xml version="1.0" encoding="UTF-8"?>
<kml xmlns="http://www.opengis.net/kml/2.2">
<Document>
  <name><![CDATA[TT-2026 07 Lavarone-Riva_TRACK]]></name>
  <description><![CDATA[Converted with MapKmlTools.com - Free online GPX to KML converter.]]></description>
  
  <!-- Styles -->
  <Style id="lineStyle">
    <LineStyle>
      <color>cc4444ef</color>
      <width>4</width>
    </LineStyle>
  </Style>
  
  <Style id="wptStyle">
    <IconStyle>
      <color>fff6823b</color>
      <scale>1.1</scale>
      <Icon>
        <href>http://maps.google.com/mapfiles/kml/pushpin/ylw-pushpin.png</href>
      </Icon>
    </IconStyle>
  </Style>

  <Folder>
    <name>Tracks</name>
    <Placemark>
      <name><![CDATA[TT-2026 07 Lavarone-Riva_TRACK]]></name>
      
      <styleUrl>#lineStyle</styleUrl>
      <MultiGeometry>
        <LineString>
          <tessellate>1</tessellate>
          <coordinates>
            11.268695,45.939885,1157.22 11.268716,45.940221,1157.83 11.268738,45.940452,1158.48 11.268731,45.940517,1158.66 11.268706,45.94059,1158.87 11.268667,45.940655,1159.24 11.26861,45.940704,1159.32 11.268467,45.940752,1159.6 11.267984,45.940854,1161.53 11.267526,45.940975,1163.38 11.267339,45.941036,1163.85 11.267096,45.941115,1164.69 11.266804,45.941252,1165.73 11.266551,45.941426,1166.79 11.266331,45.941674,1168.08 11.266009,45.942111,1169 11.265858,45.942246,1170.06 11.265657,45.94238,1171.26 11.265507,45.942465,1171.67 11.265275,45.942566,1172.27 11.265031,45.942691,1172.57 11.264477,45.94293,1172.73 11.264289,45.943024,1172.63 11.264115,45.943185,1172.51 11.263968,45.943372,1172.39 11.263879,45.943572,1172.29 11.263789,45.943821,1172.15 11.263746,45.944029,1171.87 11.263755,45.944254,1171.57 11.26384,45.944439,1171.61 11.263922,45.944615,1171.64 11.264267,45.945324,1172.77 11.264451,45.945721,1173.69 11.264528,45.946048,1174.34 11.264538,45.94643,1175.73 11.264497,45.946937,1177.63 11.26442,45.947276,1178.68 11.264304,45.947666,1179.97 11.264235,45.947861,1180.43 11.264179,45.94808,1181.37 11.26416,45.948258,1181.7 11.264169,45.948395,1181.96 11.264217,45.94855,1182.24 11.26436,45.948799,1182.74 11.264388,45.948938,1183.52 11.264344,45.949053,1184.29 11.264237,45.949184,1185.11 11.264126,45.949323,1186.54 11.263824,45.949708,1187.88 11.263491,45.950123,1189.34 11.262875,45.95075,1190.23 11.262712,45.950884,1190.36 11.262587,45.950963,1190.46 11.262527,45.950997,1190.5 11.262393,45.951047,1190.58 11.262242,45.951055,1190.56 11.262068,45.951052,1190.54 11.261839,45.950989,1190.35 11.261584,45.950908,1190.13 11.261368,45.950831,1189.92 11.261211,45.950758,1189.87 11.261084,45.950673,1189.84 11.260871,45.950432,1189.9 11.260745,45.950259,1189.94 11.260639,45.95011,1189.83 11.260548,45.950008,1189.75 11.260408,45.949905,1189.66 11.260283,45.949849,1189.6 11.260068,45.949793,1189.51 11.259805,45.949762,1189.49 11.259281,45.949721,1187.06 11.259103,45.949695,1186.27 11.258983,45.949673,1185.73 11.258823,45.949633,1185 11.258708,45.949592,1184.44 11.258557,45.949519,1184.13 11.258339,45.949388,1183.63 11.257687,45.948986,1178.76 11.257489,45.948872,1177.4 11.25732,45.94876,1177.11 11.257193,45.948653,1176.87 11.257125,45.948571,1176.71 11.257072,45.948459,1176.52 11.257071,45.948284,1176.23 11.257079,45.948097,1175.81 11.25709,45.947723,1175.29 11.257089,45.947613,1175.26 11.257079,45.947523,1175.24 11.257063,45.947447,1175.32 11.257034,45.947362,1175.42 11.256976,45.947284,1175.52 11.25679,45.947157,1175.73 11.256371,45.946997,1176.63 11.256126,45.946923,1176.84 11.255907,45.946871,1177.03 11.255755,45.94684,1177.15 11.255603,45.946832,1177.26 11.255465,45.946851,1177.37 11.255192,45.946957,1177.51 11.255022,45.947069,1177.49 11.254874,45.94715,1177.48 11.254728,45.947212,1177.47 11.254366,45.947277,1177.45 11.253987,45.947321,1177.35 11.253486,45.947371,1177.22 11.253033,45.947409,1177.1 11.252698,45.947432,1177.02 11.252356,45.947432,1176.95 11.250983,45.947304,1177.75 11.250727,45.947268,1177.65 11.250519,45.947227,1177.27 11.25035,45.947186,1176.97 11.250143,45.947097,1176.35 11.249974,45.947002,1175.72 11.249896,45.946902,1175.27 11.249832,45.946748,1174.64 11.249771,45.946529,1173.75 11.249657,45.946175,1169.39 11.249625,45.946095,1168.56 11.249562,45.945988,1167.43 11.249481,45.94588,1166.26 11.249397,45.945809,1165.45 11.249227,45.945752,1164.53 11.248911,45.945668,1163.07 11.248653,45.945684,1162.86 11.248494,45.94573,1162.71 11.248294,45.94582,1162.51 11.247867,45.946033,1161.56 11.247729,45.94611,1161.29 11.247622,45.946182,1161.06 11.247261,45.946578,1161.01 11.246888,45.947017,1160.93 11.246745,45.947163,1160.67 11.246682,45.947283,1160.5 11.24665,45.947373,1160.37 11.24659,45.947454,1160.24 11.246454,45.94754,1160.07 11.246338,45.947556,1160.03 11.246232,45.947556,1160 11.245979,45.947503,1159.91 11.245887,45.947496,1159.94 11.245814,45.947499,1159.94 11.245704,45.94754,1159.96 11.245573,45.947651,1160 11.245437,45.947765,1159.95 11.245353,45.947825,1159.92 11.245264,45.947858,1159.9 11.24514,45.947882,1159.86 11.244875,45.947896,1159.8 11.24416,45.947952,1157.38 11.244001,45.947968,1156.93 11.243888,45.947986,1156.64 11.243811,45.948032,1156.38 11.243773,45.948086,1156.16 11.243759,45.948158,1155.91 11.243772,45.948246,1155.31 11.243846,45.948337,1154.63 11.243932,45.948399,1153.96 11.24404,45.948434,1153.42 11.244173,45.948451,1152.84 11.244272,45.94847,1152.39 11.244368,45.948507,1151.92 11.244438,45.948553,1151.52 11.244489,45.948618,1151.33 11.244491,45.948736,1151.02 11.244393,45.948955,1149.33 11.244245,45.949236,1147.13 11.244203,45.949325,1146.42 11.24414,45.949388,1145.88 11.244032,45.949424,1145.29 11.243812,45.949433,1144.59 11.243685,45.949423,1144.2 11.243539,45.949387,1144.19 11.243423,45.949326,1144.18 11.243279,45.949219,1143.52 11.243133,45.949065,1142.71 11.243025,45.948956,1141.88 11.242912,45.948864,1141.15 11.242857,45.948805,1140.73 11.242817,45.948765,1140.44 11.242775,45.948722,1140.15 11.242677,45.948685,1139.74 11.242558,45.948689,1139.54 11.242401,45.948694,1139.28 11.242219,45.948705,1139.27 11.242026,45.948675,1139.26 11.241838,45.948597,1139.25 11.241676,45.948498,1139.23 11.241527,45.948368,1139.22 11.241366,45.948161,1139.2 11.241302,45.948067,1139.19 11.241252,45.947909,1138.54 11.241245,45.947799,1138.11 11.241256,45.947557,1135.77 11.241254,45.947446,1134.84 11.241239,45.947271,1133.37 11.241191,45.947012,1131.4 11.24105,45.946534,1126.55 11.241018,45.946379,1124.72 11.240957,45.946122,1121.7 11.240934,45.946036,1120.76 11.240882,45.945956,1119.85 11.240773,45.945879,1118.74 11.240592,45.945824,1117.34 11.2404,45.945819,1116.5 11.240041,45.945854,1114.25 11.239879,45.945896,1113.17 11.239641,45.945984,1111.81 11.23955,45.946019,1111.28 11.239436,45.94603,1111.04 11.239339,45.946008,1110.84 11.239228,45.945946,1110.52 11.238987,45.945774,1109.65 11.238911,45.945701,1109.33 11.238775,45.945534,1108.63 11.238681,45.945386,1108.05 11.238609,45.945303,1107.76 11.238507,45.945218,1107.44 11.237877,45.944756,1106.03 11.237772,45.944647,1105.98 11.237678,45.944522,1105.92 11.237621,45.944435,1105.97 11.237569,45.944271,1106.05 11.237518,45.944124,1106.14 11.23745,45.944012,1106.17 11.237382,45.943914,1106.2 11.237266,45.943795,1106.23 11.236833,45.943421,1106.35 11.23674,45.943323,1105.75 11.236689,45.943239,1105.28 11.236651,45.943179,1104.96 11.236609,45.94309,1104.48 11.236576,45.943004,1104.03 11.236553,45.942895,1103.47 11.236534,45.942779,1102.93 11.236485,45.942638,1102.44 11.23645,45.942531,1101.74 11.236383,45.942446,1101.08 11.236281,45.942354,1100.33 11.23606,45.942226,1099.02 11.23575,45.942074,1096.63 11.235635,45.94204,1095.6 11.235412,45.942017,1094.45 11.235163,45.942016,1093.19 11.234981,45.942023,1092.26 11.234742,45.942006,1091.05 11.23413,45.94191,1087.88 11.233546,45.941845,1084.95 11.23333,45.941804,1083.91 11.233146,45.941751,1082.99 11.23295,45.941665,1081.92 11.232529,45.941403,1079.6 11.232166,45.941146,1075.71 11.232087,45.941065,1074.73 11.231999,45.940933,1073.29 11.231883,45.940763,1071.75 11.23176,45.940603,1070.28 11.231541,45.940399,1068.85 11.231328,45.940194,1067.44 11.231244,45.940123,1067.18 11.23116,45.940049,1066.91 11.230966,45.939956,1066.45 11.23084,45.939921,1066.16 11.230588,45.939878,1065.57 11.230288,45.93985,1065.22 11.230155,45.939826,1065.21 11.229993,45.939764,1065.18 11.229754,45.939608,1065.4 11.229609,45.939478,1065.61 11.229461,45.939308,1065.85 11.229267,45.939018,1066.1 11.229113,45.938778,1066.32 11.229002,45.938619,1066.45 11.228919,45.938507,1066.55 11.228783,45.938337,1066.71 11.228662,45.938223,1066.78 11.228482,45.938093,1066.87 11.228074,45.937776,1067.09 11.227983,45.937707,1067.01 11.227846,45.937643,1066.91 11.227677,45.937604,1066.8 11.227264,45.937536,1066.57 11.227109,45.937507,1066.11 11.226984,45.937485,1065.74 11.226871,45.93745,1065.4 11.226765,45.937411,1065.08 11.226667,45.937358,1064.75 11.226604,45.937307,1064.5 11.226562,45.93721,1064.31 11.226563,45.937113,1064.12 11.22657,45.937033,1064.12 11.226661,45.936834,1064.1 11.226986,45.936221,1064.04 11.227038,45.936135,1064.39 11.227071,45.936071,1064.65 11.227084,45.935996,1064.92 11.227067,45.935907,1065.26 11.226962,45.93567,1066.17 11.226852,45.9354,1067.15 11.226791,45.935267,1067.64 11.226754,45.935163,1068.01 11.226729,45.934982,1068.65 11.226685,45.934781,1069.38 11.226576,45.934467,1071.45 11.226408,45.934104,1075 11.226372,45.934036,1075.5 11.22632,45.933953,1076.1 11.226263,45.933858,1076.8 11.226208,45.93374,1077.6 11.226177,45.933641,1078.2 11.226153,45.933529,1079 11.226129,45.933439,1079.7 11.226088,45.933342,1080.4 11.226026,45.933262,1081.1 11.22594,45.933195,1081.7 11.22582,45.933148,1082.4 11.22567,45.933106,1083.3 11.225551,45.933072,1084 11.22542,45.93303,1084.8 11.225282,45.932991,1085.7 11.225158,45.932954,1086.5 11.225066,45.932909,1087.2 11.225015,45.932844,1088 11.224974,45.932742,1089.2 11.224913,45.932602,1090.8 11.224865,45.932484,1092.1 11.224822,45.932376,1093.2 11.224784,45.932267,1094.3 11.22477,45.932165,1095.3 11.224798,45.932091,1096 11.224863,45.932039,1096.7 11.224944,45.932014,1097.3 11.225044,45.932003,1098 11.225194,45.932004,1099.1 11.225331,45.931998,1100.1 11.225443,45.93198,1100.9 11.225606,45.931945,1102.1 11.225756,45.931913,1103.2 11.225882,45.93188,1104.2 11.225965,45.931841,1104.8 11.226004,45.93179,1105.4 11.226015,45.931721,1106.1 11.22599,45.931659,1106.7 11.225938,45.931622,1107.2 11.225851,45.931608,1107.8 11.225731,45.9316,1108.7 11.225573,45.931592,1109.7 11.225438,45.931567,1110.7 11.225335,45.93153,1111.5 11.22523,45.931465,1112.4 11.225124,45.931376,1113.4 11.225002,45.931278,1114.6 11.224892,45.931187,1115.7 11.224785,45.931091,1116.8 11.224719,45.931009,1117.7 11.224688,45.930925,1118.4 11.224672,45.930817,1119.4 11.224661,45.930701,1120.5 11.22465,45.930582,1121.5 11.224624,45.930503,1122.3 11.224577,45.930452,1122.8 11.224501,45.930413,1123.4 11.224423,45.930395,1123.9 11.224334,45.930407,1124.5 11.224257,45.930437,1125 11.224203,45.93049,1125.6 11.224147,45.930573,1126.4 11.224078,45.930678,1127.5 11.224013,45.930781,1128.5 11.223945,45.930885,1129.5 11.223873,45.930992,1130.7 11.223808,45.931095,1131.8 11.223769,45.931165,1132.6 11.223709,45.931228,1133.4 11.223639,45.931263,1134.1 11.223554,45.931272,1134.8 11.223468,45.931252,1135.5 11.223416,45.931214,1136.2 11.223394,45.931171,1136.7 11.22339,45.931092,1137.7 11.223405,45.930983,1139.1 11.223451,45.930828,1141.1 11.223484,45.930693,1142.7 11.223523,45.930567,1144.2 11.223533,45.930469,1145.3 11.22352,45.930382,1146.2 11.223471,45.930315,1146.9 11.223389,45.930251,1147.7 11.223272,45.930193,1148.6 11.223116,45.930129,1149.6 11.222981,45.930078,1150.5 11.222827,45.930022,1151.6 11.222621,45.929952,1153 11.222348,45.929853,1154.8 11.222151,45.929779,1156.1 11.221904,45.929693,1157.7 11.221724,45.929629,1158.8 11.22159,45.929567,1159.8 11.221436,45.929482,1160.9 11.221319,45.929406,1161.8 11.221221,45.929339,1162.5 11.221108,45.929251,1163.5 11.221017,45.929165,1164.4 11.220919,45.929054,1165.4 11.220831,45.928935,1166.6 11.220754,45.928833,1167.5 11.220678,45.928734,1168.7 11.220589,45.928654,1169.8 11.220485,45.928591,1170.8 11.220319,45.928519,1172.2 11.220167,45.928459,1173.4 11.220045,45.928401,1174.4 11.219958,45.92835,1175.1 11.219889,45.928273,1175.9 11.219849,45.92816,1176.8 11.219826,45.92803,1177.9 11.219798,45.92786,1179.2 11.21977,45.927687,1180.5 11.219738,45.927493,1182 11.21972,45.927325,1183.2 11.219699,45.927167,1184.5 11.21967,45.927042,1185.5 11.219623,45.926944,1186.4 11.219555,45.926849,1187.4 11.219464,45.926751,1188.6 11.219344,45.926625,1190.1 11.219243,45.92652,1191.4 11.219164,45.926428,1192.5 11.21911,45.926343,1193.6 11.219096,45.926267,1194.4 11.219114,45.926151,1195.7 11.219134,45.926056,1196.8 11.219142,45.925959,1197.9 11.219128,45.925893,1198.7 11.219087,45.925798,1199.7 11.219029,45.92568,1201 11.218964,45.925575,1202.1 11.218882,45.925438,1203.5 11.218804,45.925321,1204.7 11.21873,45.92522,1205.8 11.218648,45.925108,1206.8 11.21857,45.925015,1207.8 11.218487,45.924913,1208.7 11.218406,45.924814,1209.7 11.218319,45.924728,1210.5 11.21823,45.924674,1211.2 11.218122,45.924644,1211.8 11.218002,45.924634,1212.5 11.217851,45.924629,1213.3 11.217721,45.924617,1214 11.217617,45.924589,1214.7 11.217479,45.924526,1215.6 11.217326,45.924453,1216.8 11.217177,45.924384,1217.9 11.217038,45.924316,1218.9 11.216939,45.924256,1219.7 11.216889,45.924197,1220.3 11.216842,45.924111,1221 11.216791,45.924001,1222 11.216723,45.923891,1222.9 11.216654,45.923799,1223.7 11.216564,45.923699,1224.6 11.216494,45.923646,1225 11.216419,45.923618,1225.4 11.216348,45.923622,1225.7 11.216289,45.923643,1226 11.216254,45.923689,1226.4 11.216263,45.923743,1226.8 11.216305,45.923792,1227.3 11.21639,45.923854,1228.1 11.216455,45.923923,1228.9 11.216511,45.924015,1229.9 11.216544,45.924092,1230.8 11.21656,45.924194,1232 11.216572,45.924297,1233.1 11.216593,45.924381,1234.1 11.216638,45.924452,1234.9 11.216706,45.924538,1236 11.216794,45.924644,1237.2 11.216885,45.924748,1238.4 11.216991,45.924876,1239.8 11.217078,45.924973,1240.9 11.217155,45.92506,1241.8 11.217206,45.925124,1242.5 11.217218,45.925179,1243 11.217207,45.925224,1243.4 11.217171,45.92526,1243.8 11.217114,45.925284,1244.2 11.217038,45.925286,1244.8 11.216964,45.925267,1245.4 11.216907,45.925221,1246 11.216848,45.925151,1246.9 11.21675,45.925043,1248.2 11.21666,45.924932,1249.5 11.21657,45.92483,1250.7 11.216464,45.924718,1252 11.216361,45.924634,1253 11.21626,45.924573,1253.8 11.216136,45.92452,1254.7 11.215999,45.924482,1255.7 11.215855,45.924462,1256.5 11.215656,45.924449,1257.8 11.215409,45.924439,1259.5 11.215155,45.92443,1261.3 11.214871,45.924419,1263.2 11.21463,45.924409,1264.8 11.214372,45.924397,1266.4 11.214068,45.924385,1268.3 11.213809,45.924376,1269.8 11.213529,45.924367,1271.4 11.213247,45.924356,1273.1 11.212961,45.924344,1274.8 11.212704,45.924336,1276.4 11.212417,45.924321,1278.2 11.212134,45.924313,1279.8 11.211797,45.924296,1281.7 11.211466,45.924287,1283.5 11.211261,45.924278,1284.7 11.211007,45.924265,1286 11.210752,45.924256,1287.4 11.210518,45.924243,1288.7 11.210264,45.924234,1290 11.210054,45.924229,1291.2 11.209903,45.924233,1292.1 11.209744,45.924258,1293.1 11.209617,45.924299,1293.9 11.209519,45.924346,1294.7 11.209432,45.924417,1295.6 11.209326,45.924521,1296.8 11.209239,45.92461,1297.8 11.209141,45.924705,1298.8 11.209067,45.924778,1299.6 11.208998,45.924825,1300.1 11.208915,45.924845,1300.6 11.208826,45.924843,1301 11.208733,45.924813,1301.5 11.208676,45.924759,1301.9 11.208649,45.924689,1302.4 11.208645,45.924578,1303 11.208639,45.924502,1303.4 11.208639,45.924421,1303.8 11.208633,45.924294,1304.5 11.208629,45.924144,1305.4 11.208629,45.924011,1306.2 11.208602,45.923906,1306.9 11.208545,45.923822,1307.5 11.208451,45.92376,1308.2 11.208328,45.92371,1308.9 11.208206,45.923667,1309.7 11.208101,45.923625,1310.3 11.207991,45.923554,1311.2 11.207953,45.923487,1311.8 11.207955,45.92341,1312.5 11.207996,45.923353,1313 11.208071,45.923312,1313.4 11.20816,45.923281,1313.9 11.20827,45.92326,1314.3 11.208409,45.923231,1314.9 11.208538,45.92319,1315.4 11.208632,45.923125,1315.8 11.208692,45.923048,1316.2 11.208725,45.922956,1316.6 11.208705,45.922856,1317 11.208639,45.922765,1317.5 11.208504,45.922675,1318.1 11.20835,45.922584,1318.8 11.208196,45.922494,1319.3 11.208026,45.922393,1320 11.20782,45.922273,1320.9 11.207671,45.922183,1321.5 11.207534,45.922098,1322.2 11.20743,45.922003,1322.8 11.207354,45.921869,1323.7 11.207326,45.921738,1324.5 11.207328,45.921591,1325.5 11.207362,45.921422,1326.7 11.207431,45.921281,1327.8 11.207512,45.921129,1328.9 11.207584,45.920994,1329.9 11.207601,45.920852,1330.9 11.207566,45.920723,1331.7 11.207491,45.920618,1332.5 11.20736,45.920488,1333.5 11.207222,45.92036,1334.5 11.207091,45.920228,1335.5 11.206976,45.920112,1336.3 11.206895,45.920033,1336.6 11.206792,45.919942,1337.3 11.2067,45.91987,1338 11.206597,45.919794,1338.4 11.206461,45.919708,1338.9 11.206325,45.919641,1339.3 11.206141,45.919554,1338.4 11.205925,45.919469,1337.6 11.205639,45.91937,1336.8 11.205346,45.919264,1335.7 11.205099,45.919182,1335 11.204815,45.919087,1334.3 11.204606,45.919013,1334 11.204379,45.918934,1333.6 11.204166,45.918855,1333.5 11.20397,45.918782,1333.3 11.203846,45.918741,1332.4 11.203666,45.918682,1331.5 11.203486,45.918625,1330.5 11.203223,45.918542,1329.2 11.203029,45.918479,1328.2 11.202848,45.918423,1327.2 11.20263,45.918362,1326.2 11.202401,45.918297,1325.1 11.202189,45.918239,1324 11.201985,45.91818,1322.8 11.20181,45.918133,1321.7 11.201679,45.918102,1320.9 11.201533,45.918086,1320.1 11.201377,45.918085,1319.3 11.201241,45.918097,1318.6 11.201106,45.918124,1317.9 11.200957,45.918173,1317 11.200782,45.918245,1316 11.200637,45.918314,1315.1 11.200481,45.918388,1314.3 11.200304,45.918469,1313.2 11.200177,45.918519,1312.5 11.200057,45.918563,1311.7 11.19993,45.9186,1310.9 11.199738,45.918654,1309.8 11.199538,45.918707,1308.7 11.199279,45.918776,1307.2 11.199056,45.918835,1305.9 11.198824,45.918892,1304.7 11.198631,45.918935,1303.6 11.198405,45.918977,1302.6 11.198114,45.919028,1301.2 11.197859,45.91907,1300 11.197541,45.91912,1298.4 11.197251,45.919167,1296.8 11.196967,45.91921,1295.3 11.196778,45.919242,1294.2 11.196554,45.919281,1293 11.196297,45.919344,1291.8 11.196078,45.919402,1290.8 11.19586,45.91946,1289.6 11.195633,45.919523,1288.4 11.195428,45.91958,1287.2 11.195217,45.919639,1285.9 11.195055,45.919702,1285.1 11.194896,45.919784,1284.2 11.194732,45.919871,1283.2 11.19451,45.919988,1281.9 11.194297,45.920103,1280.6 11.194023,45.920247,1278.9 11.19372,45.920408,1277.1 11.193495,45.920517,1275.9 11.193192,45.920635,1274.3 11.192908,45.920741,1272.8 11.192666,45.920826,1271.5 11.192482,45.920886,1270.5 11.192291,45.920943,1269.6 11.191959,45.921042,1268 11.191722,45.921112,1267 11.191535,45.921148,1266.2 11.191412,45.921156,1265.7 11.191281,45.921152,1265.2 11.191147,45.921128,1264.5 11.191005,45.921087,1263.7 11.190853,45.921034,1263 11.190696,45.920979,1262.2 11.190496,45.920906,1261.2 11.190309,45.920845,1260.4 11.190105,45.920773,1259.6 11.189849,45.920676,1258.7 11.189593,45.920575,1257.7 11.189397,45.920495,1257 11.189225,45.920431,1256.4 11.189057,45.920378,1255.8 11.188892,45.920331,1255.2 11.188697,45.920281,1254.6 11.188511,45.920245,1254 11.188311,45.920211,1253.4 11.188071,45.920176,1252.7 11.187864,45.920152,1252.1 11.187665,45.920121,1251.7 11.187519,45.920087,1251.4 11.187382,45.920046,1251.1 11.187242,45.919992,1250.8 11.187106,45.91992,1250.4 11.186995,45.919846,1250.1 11.186926,45.919793,1249.9 11.18683,45.919706,1249.5 11.186714,45.919597,1249.2 11.186615,45.919503,1248.8 11.186515,45.919403,1248.5 11.186437,45.919306,1248.2 11.186377,45.919217,1247.9 11.186339,45.919143,1247.6 11.186306,45.919057,1247.3 11.186285,45.918979,1247.1 11.186271,45.918881,1246.8 11.186261,45.91877,1246.5 11.186255,45.918663,1246.2 11.186255,45.918531,1245.8 11.186257,45.918397,1245.3 11.186262,45.918259,1244.8 11.186264,45.918116,1244.1 11.18627,45.917977,1243.4 11.186274,45.917836,1242.8 11.186279,45.917639,1242 11.186281,45.917487,1241.3 11.186287,45.917297,1240.5 11.186292,45.917175,1240 11.186296,45.91699,1238.8 11.1863,45.91685,1237.9 11.186307,45.916674,1236.3 11.186313,45.91655,1235.2 11.186313,45.916399,1233.7 11.186298,45.916272,1232.5 11.186262,45.916147,1231.2 11.1862,45.916003,1229.7 11.186123,45.915888,1228.5 11.186021,45.915764,1227.1 11.185901,45.915638,1225.7 11.185758,45.9155,1224.2 11.185609,45.915352,1222.7 11.185457,45.915202,1221.1 11.18532,45.915063,1219.6 11.185185,45.91493,1218 11.185079,45.914825,1216.8 11.184948,45.914729,1215.2 11.184815,45.914646,1213.8 11.184711,45.914585,1212.7 11.184555,45.914507,1211.3 11.18443,45.914443,1209.9 11.184315,45.914386,1208.9 11.184124,45.914302,1208 11.183905,45.914206,1206.51 11.183133,45.913903,1201.29 11.182553,45.913661,1198.44 11.182237,45.913513,1196.84 11.181963,45.913381,1195.44 11.181335,45.913052,1191.13 11.180992,45.912884,1188.01 11.180713,45.912784,1185.66 11.180477,45.912716,1183.76 11.180236,45.912679,1181.56 11.179941,45.912653,1178.91 11.179603,45.912657,1175.9 11.179243,45.912694,1173.78 11.179045,45.912735,1172.57 11.178905,45.91278,1171.68 11.178798,45.912795,1171.04 11.178669,45.912799,1170.7 11.178616,45.912795,1170.56 11.178444,45.912769,1170.1 11.178391,45.912618,1169.36 11.17841,45.9125,1168.75 11.178493,45.912383,1168.08 11.178501,45.912376,1168.03 11.178763,45.912171,1166.71 11.178833,45.912071,1166.17 11.178858,45.912007,1165.86 11.178888,45.911929,1165.51 11.178852,45.911852,1165.15 11.178787,45.911725,1164.56 11.178755,45.91166,1164.26 11.178732,45.911519,1163.64 11.178755,45.911427,1163.24 11.178808,45.911371,1162.94 11.178925,45.911249,1162.3 11.179217,45.911144,1161.3 11.179363,45.91113,1160.85 11.179511,45.911147,1160.39 11.179685,45.911186,1159.84 11.17995,45.911282,1158.93 11.180211,45.911368,1158.06 11.180466,45.911438,1157.46 11.180631,45.911473,1157.09 11.180797,45.911507,1156.71 11.180937,45.91151,1156.4 11.181025,45.911479,1156.19 11.181081,45.911438,1156.02 11.18109,45.911385,1155.86 11.181106,45.911331,1155.68 11.181073,45.911262,1155.46 11.180914,45.911171,1155.01 11.180816,45.91112,1154.74 11.180335,45.910851,1152.95 11.179928,45.91064,1151.49 11.179565,45.910459,1150.19 11.179087,45.910222,1148.49 11.178956,45.910137,1147.86 11.178868,45.910067,1147.38 11.178801,45.909901,1146.49 11.17881,45.909802,1145.99 11.17947,45.908666,1141.99 11.179493,45.908615,1141.89 11.179487,45.908563,1141.8 11.179435,45.908509,1141.68 11.179392,45.908488,1141.62 11.179286,45.908451,1141.47 11.179025,45.908416,1141.14 11.178831,45.90838,1140.89 11.178734,45.908341,1140.75 11.178648,45.908288,1140.6 11.178514,45.908127,1140.27 11.178399,45.907925,1140.31 11.178347,45.907801,1140.33 11.178327,45.907647,1140.63 11.17831,45.907517,1140.88 11.17833,45.907324,1141.25 11.178278,45.907181,1141.53 11.17819,45.907097,1141.73 11.178082,45.90705,1141.9 11.177846,45.907057,1142.21 11.177433,45.907138,1142.78 11.177311,45.907143,1142.95 11.177111,45.907106,1143.22 11.176874,45.907022,1143.54 11.176599,45.906951,1143.85 11.17636,45.906901,1144.11 11.176139,45.906872,1144.34 11.17595,45.906838,1144.55 11.175778,45.906782,1144.75 11.175579,45.906662,1145.02 11.175363,45.906514,1145.34 11.17525,45.906437,1145.5 11.175091,45.906371,1145.69 11.174374,45.90617,1147.12 11.174064,45.906111,1148.09 11.173859,45.906092,1148.71 11.173637,45.906042,1149.41 11.173427,45.905941,1150.17 11.1732,45.905853,1150.94 11.17295,45.905779,1151.75 11.172596,45.905684,1152.88 11.172292,45.905574,1154.17 11.171748,45.905325,1157.07 11.17151,45.905224,1158.31 11.171301,45.905138,1159.39 11.170941,45.905044,1161.1 11.170535,45.904978,1162.95 11.170263,45.904931,1164.19 11.170013,45.904853,1165.4 11.169454,45.90465,1168.16 11.169083,45.9045,1170.03 11.168967,45.904461,1170.59 11.168798,45.904441,1171.32 11.168313,45.904426,1173.45 11.167727,45.904442,1176.02 11.167194,45.90443,1178.25 11.166972,45.904395,1179.2 11.166509,45.904305,1181.21 11.165621,45.904137,1185.02 11.164269,45.903821,1190.91 11.163327,45.903624,1194.98 11.162546,45.903478,1198.32 11.162258,45.90342,1199.55 11.162071,45.903349,1200.42 11.161715,45.903142,1201.96 11.161504,45.903027,1202.84 11.161239,45.902949,1203.78 11.160607,45.902892,1205.88 11.160042,45.90288,1207.73 11.159831,45.902849,1208.43 11.159522,45.902788,1209.48 11.159327,45.902749,1210.14 11.158623,45.902645,1212.48 11.158149,45.902591,1214.04 11.157343,45.902464,1215.3 11.156906,45.902433,1215.97 11.156535,45.902411,1216.53 11.155419,45.902369,1217.75 11.155055,45.902325,1218.04 11.154878,45.902275,1218.14 11.154647,45.90219,1218.29 11.154246,45.902028,1218.56 11.154058,45.90192,1218.69 11.153943,45.901832,1218.79 11.153848,45.901708,1218.91 11.153732,45.901524,1219.07 11.153648,45.901427,1219.16 11.153574,45.901294,1219.28 11.153548,45.901041,1220.18 11.153586,45.900697,1221.4 11.153609,45.900239,1223.42 11.153615,45.899958,1224.65 11.153675,45.899761,1225.53 11.15406,45.899331,1227.68 11.154126,45.899254,1228.01 11.154246,45.899137,1228.52 11.154331,45.899018,1229 11.154362,45.898686,1230.19 11.154353,45.898293,1231.61 11.154453,45.898145,1232.2 11.154861,45.897814,1233.7 11.154955,45.897691,1234.17 11.155105,45.897375,1235.16 11.155179,45.897187,1235.73 11.155294,45.896708,1237.16 11.155369,45.896556,1237.64 11.155677,45.896258,1238.72 11.15575,45.896161,1239.05 11.155865,45.896011,1239.57 11.156091,45.895678,1240.69 11.156206,45.895383,1241.63 11.156246,45.895212,1242.16 11.156268,45.895052,1242.65 11.156197,45.894749,1243.32 11.156186,45.89466,1243.51 11.156191,45.894558,1243.73 11.15631,45.894224,1244.51 11.156455,45.893933,1245.2 11.156474,45.893862,1245.36 11.156467,45.893778,1245.54 11.15633,45.893588,1246.02 11.156151,45.893407,1246.51 11.155925,45.893205,1247.61 11.155713,45.893111,1247.89 11.15552,45.892975,1248.2 11.155405,45.89277,1248.56 11.15538,45.892453,1249.07 11.155309,45.892288,1249.34 11.155228,45.892183,1249.43 11.155039,45.891937,1249.65 11.154841,45.891753,1249.82 11.154535,45.89159,1250.03 11.154544,45.891715,1249.21 11.154576,45.891802,1248.62 11.154609,45.891894,1248 11.154674,45.892024,1247.28 11.154777,45.892418,1245.16 11.154785,45.892771,1243.29 11.154734,45.893004,1242.04 11.154777,45.893296,1240.49 11.15483,45.893453,1239.64 11.154887,45.893618,1238.74 11.154931,45.89381,1237.3 11.15482,45.894031,1235.56 11.15439,45.894622,1229.47 11.15437,45.894702,1228.73 11.154302,45.894794,1227.78 11.154227,45.894844,1227.11 11.153631,45.895023,1222.38 11.153322,45.895244,1218.65 11.1531,45.89545,1215.54 11.15269,45.895668,1211.22 11.15259,45.8957,1210.29 11.152368,45.895705,1208.48 11.151458,45.895724,1201.03 11.150742,45.895805,1195.6 11.150539,45.895822,1194.07 11.150227,45.895817,1191.74 11.149948,45.895832,1189.55 11.149737,45.895866,1187.85 11.149612,45.895888,1187.07 11.149325,45.896003,1184.6 11.14904,45.896215,1182.84 11.148665,45.896582,1180.9 11.148507,45.896654,1180.33 11.148364,45.896718,1179.82 11.148191,45.896768,1179.25 11.148026,45.896774,1178.76 11.14774,45.896736,1177.88 11.147529,45.896715,1177.24 11.147337,45.896716,1176.66 11.147184,45.896756,1176.17 11.147011,45.896896,1175.63 11.146831,45.897111,1175 11.146398,45.897526,1173.7 11.146196,45.897684,1173.17 11.145983,45.897854,1172.6 11.145473,45.898216,1171.07 11.145045,45.898339,1168.6 11.144724,45.898397,1166.83 11.144461,45.898419,1165.42 11.144416,45.89842,1165.18 11.144296,45.898383,1164.49 11.144157,45.898358,1163.73 11.144065,45.898367,1163.24 11.143906,45.898392,1162.37 11.143067,45.898699,1156.8 11.14272,45.898826,1151.47 11.141739,45.899252,1135.78 11.141327,45.899473,1128.71 11.141005,45.899766,1121.78 11.140739,45.900058,1115.28 11.140492,45.900144,1111.77 11.140231,45.900171,1108.43 11.139995,45.900162,1105.44 11.13975,45.900091,1102.08 11.139532,45.900055,1099.24 11.139181,45.90001,1094.71 11.13888,45.899922,1090.56 11.138497,45.899716,1086.36 11.138255,45.899421,1082.44 11.138099,45.89909,1078.43 11.138023,45.898872,1075.66 11.137917,45.898812,1074.52 11.137724,45.898839,1072.9 11.13771,45.898953,1071.22 11.137894,45.899592,1063.85 11.138117,45.899969,1059.4 11.138134,45.900106,1057.89 11.138014,45.900148,1056.87 11.137945,45.900112,1056.22 11.13768,45.899738,1051.66 11.13767,45.89973,1051.54 11.137463,45.899565,1049.1 11.137115,45.899372,1044.68 11.136947,45.899414,1042.9 11.136992,45.899533,1041.15 11.137104,45.899688,1038.67 11.137156,45.899897,1035.64 11.137139,45.900106,1032.65 11.136963,45.900582,1025.63 11.136955,45.900863,1022.57 11.136984,45.90099,1021.61 11.136933,45.901068,1020.93 11.136855,45.901056,1020.15 11.136708,45.900952,1018.11 11.136258,45.900409,1010.17 11.136101,45.900373,1009.27 11.135936,45.900394,1008.36 11.135734,45.90058,1006.54 11.135611,45.90096,1003.49 11.135499,45.901187,1001.61 11.135353,45.901247,1000.69 11.134974,45.901476,997.96 11.134714,45.901589,995.86 11.134597,45.901679,994.43 11.134572,45.901779,993.24 11.134631,45.901887,991.88 11.134898,45.902179,987.81 11.134991,45.90235,985.66 11.13482,45.902752,980.73 11.134627,45.903059,976.79 11.134549,45.903135,975.7 11.134384,45.903233,973.98 11.133337,45.903564,964.85 11.133227,45.903704,963.03 11.13325,45.903929,960.46 11.133349,45.904174,957.56 11.133315,45.904636,952.22 11.133367,45.904874,949.43 11.133359,45.905079,947.04 11.133306,45.905261,944.88 11.133204,45.90538,943.27 11.132924,45.905464,940.81 11.132596,45.905509,938.11 11.132461,45.905585,936.7 11.132321,45.905908,933.24 11.13216,45.906115,931.2 11.13201,45.906278,929.52 11.131832,45.906415,927.91 11.131546,45.906637,925.33 11.131263,45.906777,923.23 11.131028,45.90686,921.64 11.130694,45.906961,919.43 11.129887,45.907267,912.56 11.129793,45.907331,911.56 11.129781,45.907408,910.71 11.12981,45.907456,910.14 11.129867,45.907493,909.56 11.129926,45.907508,909.09 11.130512,45.907471,904.61 11.130722,45.907509,902.96 11.130888,45.907601,901.35 11.13089,45.907603,901.32 11.1311,45.907786,898.87 11.131234,45.907828,897.99 11.131463,45.907806,896.59 11.132216,45.907471,891.2 11.132372,45.907403,890.09 11.132591,45.907317,888.67 11.132641,45.907333,887.64 11.132663,45.907351,887.03 11.132671,45.907386,886.72 11.13267,45.907417,886.45 11.132617,45.907472,885.88 11.132282,45.907682,883.16 11.13227,45.907765,882.42 11.132343,45.907799,881.87 11.132391,45.907795,881.58 11.132905,45.907701,878.29 11.133148,45.907653,876.72 11.133346,45.907567,875.28 11.133555,45.907413,873.39 11.134326,45.906856,865.93 11.134423,45.906842,865.13 11.134502,45.90687,864.19 11.134507,45.906906,863.86 11.134492,45.906952,863.43 11.134438,45.906995,862.92 11.134267,45.907077,861.6 11.134162,45.907184,860.41 11.134081,45.907311,859.15 11.133996,45.907466,857.64 11.133948,45.907555,856.78 11.133945,45.90759,856.45 11.133961,45.907617,856.19 11.134002,45.907635,855.88 11.13404,45.907635,855.64 11.134111,45.90762,855.17 11.134183,45.907558,854.44 11.134253,45.907492,853.69 11.134387,45.907347,852.12 11.134502,45.907249,850.97 11.134615,45.907183,850.04 11.134773,45.90711,849.13 11.134962,45.907046,848.24 11.135113,45.907004,847.6 11.135171,45.907011,847.37 11.13521,45.907025,847.2 11.135225,45.907048,847.07 11.135223,45.907087,846.85 11.135192,45.907117,846.65 11.135115,45.907148,846.32 11.135011,45.907181,845.89 11.134862,45.907245,845.25 11.134773,45.907313,844.76 11.134709,45.907381,844.34 11.134689,45.907459,843.92 11.134696,45.907592,843.22 11.134714,45.907725,842.53 11.134722,45.907878,841.75 11.134704,45.907974,841.25 11.13465,45.908109,840.54 11.134484,45.908323,839.3 11.134234,45.908658,837.37 11.134073,45.90889,836.07 11.133943,45.909034,835.2 11.133807,45.909169,834.36 11.133736,45.909216,833.77 11.133526,45.909314,832.25 11.133246,45.909411,830.37 11.132892,45.909518,827.98 11.132793,45.909545,827.25 11.132667,45.909555,826.37 11.132418,45.909505,824.56 11.132333,45.909465,823.86 11.132231,45.909441,823.11 11.131879,45.909487,820.61 11.131723,45.909503,819.28 11.131516,45.909524,818.23 11.131046,45.909643,814.57 11.130871,45.909695,813.18 11.130532,45.909848,810.35 11.130521,45.909853,810.27 11.130052,45.910022,807.06 11.129937,45.910032,806.36 11.129828,45.910014,805.68 11.129481,45.909833,803.04 11.129378,45.909833,802.42 11.129287,45.90987,801.78 11.129274,45.909949,801.08 11.129328,45.909999,800.53 11.129411,45.910029,799.97 11.129628,45.910042,798.64 11.129723,45.9101,797.88 11.129807,45.910133,797.3 11.129951,45.91015,796.41 11.130157,45.910135,795.32 11.130492,45.910059,793.48 11.130706,45.910009,792.3 11.130899,45.90999,791.28 11.131092,45.910007,790.33 11.131272,45.91001,789.44 11.131441,45.909979,788.58 11.131661,45.909977,787.51 11.131923,45.910037,786.15 11.132114,45.91007,785.19 11.132247,45.910077,784.52 11.132372,45.910095,783.88 11.1325,45.910146,783.14 11.132566,45.910187,782.69 11.132635,45.910218,782.28 11.132671,45.910237,782.03 11.132766,45.910258,781.46 11.132918,45.910251,780.47 11.133271,45.910205,778.13 11.133585,45.91015,776.02 11.133806,45.910123,774.56 11.134027,45.910118,773.12 11.134177,45.910102,772.14 11.134311,45.910073,771.23 11.134671,45.909972,768.7 11.13499,45.909881,766.46 11.135207,45.909811,764.91 11.135358,45.90976,763.89 11.135486,45.909706,762.97 11.135713,45.909574,761.16 11.135925,45.909423,759.3 11.136048,45.909339,758.25 11.136146,45.909283,757.48 11.136316,45.90922,756.3 11.136443,45.909166,755.39 11.136587,45.909096,754.32 11.136662,45.909033,753.61 11.136914,45.908797,750.68 11.137095,45.908619,748.5 11.137172,45.908529,747.45 11.137245,45.908461,746.6 11.137297,45.908445,746.11 11.13734,45.908438,745.73 11.137403,45.908445,745.19 11.137435,45.908486,744.6 11.137435,45.908531,744.05 11.137412,45.90858,743.39 11.137248,45.908811,740.11 11.13711,45.908993,737.49 11.137003,45.909113,735.69 11.136874,45.909232,733.78 11.136791,45.909336,732.28 11.136785,45.909365,731.91 11.136827,45.909409,731.27 11.13686,45.909426,730.93 11.136914,45.909431,730.49 11.136998,45.909405,729.68 11.137135,45.90933,728.14 11.137386,45.909154,725.24 11.137526,45.909037,723.45 11.137693,45.90886,721.09 11.137759,45.908842,720.55 11.13783,45.908839,720 11.137902,45.908845,719.45 11.137965,45.908866,718.91 11.138196,45.90908,715.94 11.138287,45.909134,715.02 11.138404,45.909162,714.06 11.138554,45.909149,712.88 11.138766,45.909065,710.99 11.138851,45.908986,709.89 11.138903,45.908938,709.22 11.138932,45.908799,707.83 11.138934,45.908753,707.69 11.138927,45.908653,707.4 11.138901,45.908438,707.47 11.138896,45.908307,708.13 11.138868,45.90822,708.57 11.138789,45.908095,709.25 11.138766,45.908028,709.6 11.138768,45.907965,709.91 11.138781,45.907916,710.17 11.138784,45.907851,710.49 11.138776,45.907766,710.92 11.138748,45.907695,711.28 11.138741,45.907647,711.53 11.138743,45.907596,711.78 11.138755,45.907542,712.05 11.138749,45.907486,712.34 11.138684,45.907258,713.5 11.138658,45.907144,714.08 11.138662,45.907101,714.29 11.138686,45.907055,714.54 11.138725,45.907013,714.78 11.138787,45.906976,715.06 11.138868,45.906966,715.16 11.138945,45.906973,715.26 11.139062,45.907032,715.18 11.139238,45.907112,715.05 11.139314,45.907139,715 11.139473,45.907176,714.89 11.139529,45.90719,714.86 11.139576,45.907212,714.82 11.139608,45.907245,714.79 11.13969,45.907393,714.65 11.139738,45.907443,714.6 11.139772,45.907461,714.57 11.139833,45.907483,714.53 11.139889,45.907487,714.5 11.139954,45.907476,714.46 11.14002,45.907427,714.4 11.140131,45.907374,714.32 11.14037,45.907288,714.16 11.140464,45.907249,714.09 11.140554,45.907206,714.02 11.140637,45.907154,713.96 11.140681,45.907114,713.91 11.140734,45.907048,713.85 11.140789,45.907011,713.64 11.140955,45.906927,713.11 11.141076,45.90688,712.74 11.141202,45.906799,712.06 11.141283,45.906725,711.52 11.141325,45.90663,710.96 11.141328,45.906606,710.81 11.14135,45.90655,710.48 11.141399,45.906492,710.1 11.141437,45.906465,709.89 11.141495,45.906445,709.65 11.141575,45.906447,709.33 11.141659,45.906471,708.97 11.141708,45.906504,708.7 11.141772,45.906558,708.32 11.141792,45.906614,707.99 11.141798,45.906664,707.71 11.141777,45.906771,707.09 11.141762,45.906863,706.56 11.141764,45.906993,705.81 11.141784,45.907115,705.11 11.141874,45.907335,703.79 11.141899,45.907435,703.21 11.141877,45.907519,702.72 11.141867,45.907585,702.34 11.141925,45.907676,701.77 11.141961,45.907735,701.4 11.142071,45.907773,700.92 11.14221,45.907788,700.36 11.142546,45.907761,699.02 11.142665,45.907758,698.54 11.142854,45.90777,697.78 11.143151,45.907825,696.56 11.14338,45.90789,695.58 11.143533,45.907988,694.75 11.143558,45.908075,694.24 11.143444,45.908193,693.42 11.143394,45.908303,693.27 11.143371,45.908368,693.19 11.143446,45.908445,693.26 11.143576,45.908479,693.33 11.143653,45.908481,693.37 11.143877,45.908424,693.49 11.144083,45.908353,693.61 11.14425,45.908251,693.73 11.144373,45.908179,693.81 11.14451,45.908129,693.89 11.144638,45.908104,693.96 11.144768,45.908069,694.03 11.144908,45.908026,694.03 11.14509,45.907948,694.02 11.145289,45.907874,694 11.145462,45.907798,693.82 11.1456,45.907738,693.66 11.145765,45.907675,693.28 11.145915,45.907642,692.7 11.146025,45.907633,692.28 11.14627,45.907654,691.65 11.146399,45.907681,691.31 11.146645,45.907808,690.52 11.146779,45.907935,689.83 11.146828,45.908047,689.32 11.146845,45.908166,688.8 11.146838,45.908303,688.47 11.146819,45.908415,688.19 11.146763,45.908645,687.62 11.146733,45.908816,687.21 11.146718,45.908937,686.91 11.1467,45.909089,686.69 11.146669,45.909332,686.33 11.146646,45.909455,686.15 11.146618,45.909563,685.99 11.146579,45.909622,685.89 11.146442,45.909723,685.69 11.146356,45.909795,685.55 11.146237,45.909878,685.38 11.146186,45.909961,685.24 11.146158,45.910046,685.11 11.14613,45.910217,684.64 11.146107,45.910491,683.89 11.146081,45.910697,683.32 11.146052,45.910841,682.92 11.145959,45.91099,682.27 11.145875,45.911088,681.82 11.145772,45.91121,681.26 11.145565,45.91146,680.43 11.145472,45.911539,680.13 11.145228,45.911682,677.83 11.145068,45.911808,676.08 11.144527,45.91222,670.27 11.14439,45.912355,668.54 11.14415,45.912608,665.39 11.143808,45.912912,662.24 11.143466,45.913168,659.4 11.143377,45.913217,658.75 11.143181,45.913284,657.81 11.14294,45.913366,656.65 11.142546,45.913438,654.88 11.142243,45.913499,653.52 11.142043,45.913567,652.56 11.141938,45.913637,651.94 11.141629,45.913942,649.87 11.141541,45.914045,649.21 11.141394,45.914246,648.14 11.141343,45.914298,647.84 11.141118,45.914431,646.32 11.140974,45.914493,645.46 11.140465,45.914713,642.38 11.140293,45.91481,641.31 11.140209,45.914861,640.77 11.14016,45.914918,640.32 11.140132,45.915009,639.5 11.140109,45.915414,635.94 11.140083,45.915479,635.35 11.139961,45.915599,634.05 11.13956,45.915797,631.04 11.139267,45.915993,628.54 11.139112,45.916117,627.09 11.138947,45.916358,624.73 11.138872,45.916536,623.09 11.138718,45.916818,619.09 11.138575,45.917001,617.24 11.138141,45.917389,612.89 11.138065,45.917447,612.01 11.138015,45.917487,611.41 11.13748,45.917784,606.05 11.137034,45.918,601.18 11.136472,45.918355,596.01 11.136281,45.918525,593.89 11.135998,45.91871,591.24 11.135301,45.919121,584.96 11.135073,45.919282,582.73 11.134467,45.919587,577.6 11.134269,45.919645,576.12 11.133151,45.920014,567.67 11.133089,45.920012,567.24 11.133051,45.919985,566.87 11.133042,45.919919,566.22 11.133304,45.919775,563.94 11.13377,45.919603,560.34 11.133929,45.919523,559 11.134045,45.919415,557.68 11.134535,45.918209,546.44 11.134602,45.918076,545.18 11.134872,45.917508,539.95 11.135356,45.91706,535.42 11.13538,45.916911,533.69 11.135303,45.916842,532.68 11.135098,45.916827,531.02 11.134938,45.91693,529.27 11.134546,45.917385,524.02 11.134351,45.917529,521.31 11.134248,45.917582,520.08 11.133824,45.91768,515.82 11.133722,45.917764,514.31 11.133643,45.917924,511.99 11.133443,45.918182,507.97 11.133384,45.918247,506.92 11.133217,45.918405,504.23 11.133017,45.918599,500.94 11.132807,45.918702,498.43 11.132626,45.918742,496.58 11.132092,45.918783,491.35 11.131859,45.918874,488.74 11.130576,45.919749,472.61 11.130298,45.919939,469.81 11.130191,45.920058,468.35 11.130143,45.920197,466.88 11.130186,45.920338,465.38 11.130096,45.920484,463.74 11.129561,45.920685,459.36 11.129413,45.920793,458.44 11.12921,45.920893,457.37 11.12883,45.921323,455.92 11.128641,45.921459,455.37 11.128296,45.921614,454.55 11.128192,45.921709,454.21 11.128173,45.921858,453.78 11.128218,45.921942,453.52 11.128477,45.922086,452.86 11.128558,45.922094,452.7 11.128732,45.922046,452.48 11.129097,45.921787,451.86 11.129166,45.921763,451.76 11.129251,45.921754,451.66 11.129342,45.921794,451.53 11.129409,45.921857,451.4 11.129572,45.922253,450.69 11.129684,45.92272,449.88 11.130162,45.923778,445.28 11.130178,45.923864,444.88 11.129999,45.924273,442.95 11.129993,45.924349,442.6 11.130045,45.924475,442.01 11.130218,45.924651,440.7 11.130183,45.924791,439.55 11.130098,45.924959,438.11 11.130031,45.925017,437.51 11.129935,45.925052,436.9 11.129789,45.925037,436.07 11.129608,45.924975,434.94 11.129399,45.924882,433.54 11.129203,45.924697,431.69 11.129067,45.92446,429.63 11.128998,45.924192,427.43 11.128999,45.923807,421.82 11.128932,45.923598,418.46 11.12883,45.923533,416.95 11.128721,45.923506,415.69 11.128464,45.923506,412.88 11.12834,45.923479,411.46 11.127951,45.923187,405.21 11.127756,45.923133,402.92 11.127063,45.9231,396.58 11.126607,45.923137,393.41 11.126526,45.923143,392.85 11.126316,45.923187,391.33 11.125958,45.923111,388.75 11.125374,45.922943,384.38 11.125172,45.922927,382.98 11.124603,45.923057,378.53 11.1243,45.923263,375.14 11.124167,45.923447,372.78 11.123988,45.923604,370.47 11.123692,45.923707,367.83 11.123078,45.923873,362.57 11.122778,45.924016,359.92 11.122643,45.924051,359.33 11.122543,45.924054,358.91 11.122345,45.924017,358.07 11.121996,45.923923,356.52 11.121792,45.923952,355.66 11.121064,45.924373,351.74 11.120911,45.924502,350.74 11.120733,45.924815,350.24 11.120534,45.925065,349.82 11.120373,45.925198,350.02 11.120116,45.925362,350.24 11.120038,45.925428,350.32 11.119794,45.925712,350.48 11.11961,45.925945,350.4 11.119511,45.926094,350.35 11.119408,45.926307,350 11.119359,45.926378,349.75 11.119308,45.926429,349.56 11.119038,45.926661,348.64 11.118772,45.926881,347.75 11.11861,45.927006,347.22 11.118218,45.927292,346 11.118159,45.927324,345.84 11.118095,45.927332,345.7 11.118033,45.927354,345.55 11.118003,45.927395,345.41 11.117986,45.927441,345.26 11.11795,45.927709,342.72 11.117902,45.927755,342.18 11.117764,45.927783,341.24 11.117439,45.927793,339.1 11.117258,45.927804,337.91 11.116992,45.927828,336.16 11.116948,45.927839,335.86 11.116897,45.927855,335.49 11.116863,45.927911,334.92 11.1168,45.927947,334.39 11.116718,45.927969,333.82 11.116658,45.927998,333.34 11.116555,45.928065,332.42 11.11644,45.928178,331.13 11.116365,45.928218,330.51 11.115749,45.928464,326.92 11.115543,45.928553,325.59 11.115426,45.928612,324.8 11.115341,45.928665,324.18 11.115206,45.928765,323.45 11.115094,45.928882,322.7 11.114986,45.928983,322.04 11.114926,45.929075,321.5 11.114851,45.929342,320.06 11.1148,45.929434,319.54 11.114741,45.9295,319.12 11.114667,45.929568,318.66 11.114478,45.929656,317.65 11.114372,45.929721,317.03 11.114148,45.929871,315.64 11.114005,45.93001,314.56 11.113909,45.930062,314.03 11.113801,45.930104,313.49 11.113703,45.930115,313.05 11.113537,45.930103,312.31 11.11342,45.930063,311.73 11.113277,45.929985,310.93 11.113242,45.929971,310.75 11.113158,45.929951,310.36 11.113025,45.929953,309.77 11.112913,45.929972,309.27 11.112759,45.930044,308.44 11.112659,45.930082,307.94 11.112465,45.930129,307.54 11.112228,45.930182,307.05 11.112063,45.930193,306.73 11.111911,45.930172,306.57 11.11186,45.930154,306.51 11.111781,45.930104,306.4 11.111701,45.92996,306.16 11.111654,45.929891,306.04 11.111551,45.929811,305.87 11.11135,45.929736,305.62 11.111157,45.92968,305.4 11.110982,45.929651,305.2 11.110808,45.92967,305.01 11.110596,45.929742,304.75 11.110501,45.929745,304.65 11.110424,45.929736,304.57 11.110342,45.929685,304.14 11.110237,45.929632,303.62 11.109752,45.929431,299.39 11.108896,45.929041,291.71 11.108553,45.928835,288.31 11.108286,45.92866,285.47 11.108093,45.928512,283.25 11.10807,45.928496,282.99 11.107955,45.928459,281.94 11.107801,45.928482,280.66 11.107663,45.928535,279.38 11.107044,45.928832,273.2 11.106308,45.929111,266.32 11.106199,45.929168,265.19 11.106101,45.929233,264.22 11.106041,45.929311,263.33 11.106011,45.929335,263.02 11.105962,45.929359,262.6 11.105836,45.929392,261.77 11.105573,45.929419,260.13 11.105391,45.929431,259 11.10526,45.929436,258.19 11.105144,45.92943,257.48 11.105065,45.929424,256.99 11.104988,45.929405,256.5 11.104854,45.929346,255.53 11.104695,45.929297,254.46 11.104577,45.929268,253.69 11.104395,45.929239,252.54 11.104223,45.929226,251.47 11.1041,45.929235,250.68 11.103988,45.929274,250 11.103915,45.929355,248.12 11.103884,45.929439,247.35 11.103889,45.929572,246.19 11.103958,45.92975,244.57 11.104002,45.929847,243.68 11.104033,45.929939,242.8 11.103991,45.930014,242.2 11.103915,45.930043,242.03 11.10383,45.930048,241.55 11.103733,45.930005,241.03 11.103498,45.929772,238.4 11.103437,45.929714,237.77 11.103331,45.929666,237 11.103206,45.929639,236.21 11.102771,45.929623,233.5 11.102531,45.929653,231.61 11.10236,45.929713,230.12 11.102134,45.929834,228.54 11.101934,45.929999,226.83 11.101903,45.93004,226.46 11.101862,45.930093,225.98 11.10169,45.93031,224.01 11.101514,45.930532,221.99 11.101364,45.930699,220.43 11.101241,45.930815,219.29 11.101116,45.930913,218.25 11.100741,45.931086,216.02 11.100206,45.931311,212.89 11.099601,45.931561,209.37 11.098971,45.931816,205.72 11.098897,45.931846,205.34 11.098121,45.932185,202.76 11.097135,45.9328,199.03 11.097306,45.932928,198.18 11.097336,45.932982,198.04 11.097344,45.933014,197.96 11.097316,45.933061,197.78 11.097296,45.933081,197.69 11.097242,45.9331,197.49 11.097116,45.933145,197.2 11.097,45.93319,196.8 11.096916,45.933219,196.52 11.096838,45.933243,196.26 11.096781,45.933268,196.06 11.096646,45.933318,195.18 11.096534,45.933364,194.44 11.096421,45.933416,193.65 11.09632,45.933459,192.6 11.09622,45.933504,191.54 11.096151,45.933529,190.85 11.096076,45.933563,190.05 11.096003,45.933589,189.31 11.095943,45.933618,189.32 11.095885,45.933641,189.32 11.095841,45.933657,189.57 11.095764,45.933687,190.01 11.095624,45.933744,190.83 11.095541,45.933777,191.31 11.095396,45.933836,191.63 11.095237,45.933898,191.98 11.094973,45.934006,192.56 11.094771,45.934096,193.02 11.094619,45.934159,193.34 11.094372,45.934247,193.57 11.094353,45.934148,193.52 11.09434,45.934054,193.47 11.094329,45.933975,193.43 11.094315,45.933898,193.39 11.094326,45.933806,193.35 11.094342,45.933746,193.32 11.094341,45.933684,193.29 11.09426,45.93344,193.12 11.094226,45.933308,193.03 11.094195,45.933215,192.96 11.094153,45.933107,192.98 11.094086,45.932965,193.01 11.093814,45.932523,193.08 11.093646,45.932249,193.12 11.093604,45.932177,193.13 11.093476,45.931949,193.16 11.093397,45.931808,193.19 11.093357,45.93174,193.2 11.093333,45.931699,193.15 11.093074,45.931712,192.68 11.092901,45.93172,192.37 11.092803,45.931728,192.31 11.092627,45.931742,191.99 11.092475,45.931766,191.71 11.0923,45.931797,191.41 11.091994,45.931879,190.87 11.091822,45.931934,190.55 11.091641,45.93201,190.2 11.091449,45.932102,189.82 11.091283,45.932196,189.46 11.091074,45.9323,188.92 11.090925,45.932385,188.52 11.09082,45.932477,188.23 11.090743,45.932561,187.81 11.090684,45.932644,187.39 11.090632,45.932699,187.14 11.090536,45.932786,186.72 11.090452,45.932845,186.4 11.090344,45.932894,186.05 11.090295,45.932912,185.9 11.090217,45.932926,185.69 11.090068,45.932936,185.29 11.089953,45.93293,184.98 11.089841,45.932901,184.66 11.089735,45.932862,184.34 11.089587,45.932767,183.8 11.089504,45.932645,183.28 11.089478,45.932558,182.94 11.089418,45.93236,182.4 11.089384,45.932235,182.06 11.089356,45.932168,181.87 11.089269,45.932073,181.74 11.08914,45.931989,181.61 11.089031,45.931931,181.5 11.088842,45.931877,181.35 11.088665,45.931864,181.26 11.088541,45.931872,181.2 11.088098,45.931893,180.99 11.087669,45.931912,181.13 11.087503,45.931906,181.18 11.087339,45.931897,181.22 11.086982,45.931841,181.34 11.086829,45.931813,181.43 11.086642,45.931749,181.56 11.08658,45.931712,181.58 11.086499,45.931654,181.56 11.082267,45.927632,180.79 11.082042,45.927464,180.76 11.081806,45.9273,180.73 11.081582,45.927136,181.12 11.081427,45.92704,181.36 11.081232,45.92688,181.72 11.081042,45.926751,182.04 11.080945,45.926688,182.2 11.080827,45.926633,182.37 11.080637,45.926559,182.63 11.080454,45.926511,182.86 11.080371,45.92649,182.97 11.080245,45.926481,183.12 11.080156,45.926475,183.22 11.080046,45.926468,183.36 11.079934,45.926472,183.49 11.079807,45.926483,183.64 11.079728,45.926498,183.74 11.079531,45.926539,183.98 11.079421,45.926563,184.12 11.079252,45.926604,184.34 11.079062,45.926647,184.57 11.07893,45.926677,184.74 11.078818,45.926707,184.88 11.078646,45.926748,185.1 11.078375,45.926815,185.44 11.078123,45.926884,185.77 11.077878,45.926948,186.08 11.07775,45.926981,186.24 11.077654,45.927013,186.37 11.077436,45.927074,186.65 11.077163,45.927153,187 11.076865,45.92724,187 11.076573,45.927326,186.78 11.076424,45.927364,186.41 11.076192,45.927431,185.82 11.075996,45.927483,185.11 11.075867,45.927522,184.64 11.075744,45.927567,184.17 11.075631,45.927614,183.72 11.075545,45.927664,183.34 11.075459,45.92774,182.87 11.075437,45.927793,182.6 11.075425,45.927895,182.11 11.075421,45.927988,181.66 11.075444,45.928118,181.02 11.075703,45.928067,180.99 11.075982,45.928016,180.96 11.076291,45.927958,180.93 11.076621,45.927889,180.89 11.076795,45.927865,180.88 11.076965,45.927848,180.86 11.077155,45.927832,180.84 11.07731,45.927832,180.82 11.07775,45.927843,180.78 11.078064,45.92785,180.74 11.07823,45.92785,180.73 11.078326,45.927844,180.72 11.078431,45.927803,180.71 11.07853,45.927723,180.69 11.078641,45.927767,180.68 11.078929,45.927884,180.78 11.079451,45.928165,180.99 11.079837,45.92835,181.13 11.080661,45.928828,180.96 11.080891,45.928962,180.92 11.081629,45.929501,180.75 11.083825,45.931612,180.4 11.085896,45.933628,181.66 11.086882,45.934588,182.49 11.088936,45.936536,184.27 11.089791,45.93735,184.36 11.089984,45.937563,184.39 11.090107,45.937779,184.41 11.090246,45.937954,184.41 11.09044,45.938096,184.37 11.090633,45.938237,184.32 11.090796,45.938361,184.27 11.092435,45.939746,184.28 11.092666,45.94001,184.57 11.092789,45.94019,184.76 11.093819,45.941736,186.51 11.093965,45.942178,187 11.094204,45.943211,187.16 11.094302,45.943535,186.94 11.094452,45.943908,186.67 11.094494,45.944077,186.55 11.094498,45.944324,186.75 11.094463,45.944658,187 11.094353,45.945347,188.28 11.094283,45.946379,190.22 11.094271,45.946561,190.34 11.094171,45.946936,190.6 11.093776,45.947731,191.13 11.09369,45.947933,191.26 11.09366,45.948092,191.36 11.093473,45.95086,192.21 11.093367,45.951918,192.23 11.093237,45.954093,191.62 11.093215,45.954459,191.5 11.093092,45.955843,190.33 11.092884,45.957572,189.2 11.092595,45.958441,188.15 11.09255,45.958661,187.78 11.092693,45.959947,185.62 11.092709,45.960069,185.45 11.092744,45.960439,184.94 11.092783,45.960799,184.43 11.09278,45.961109,184 11.092759,45.961322,183.71 11.092723,45.961673,183.22 11.092728,45.961918,182.88 11.092834,45.962622,182.31 11.092908,45.962991,182.01 11.092948,45.963271,181.79 11.092909,45.963477,181.84 11.09286,45.963623,181.87 11.09276,45.963825,181.91 11.092694,45.963971,181.94 11.092596,45.964233,181.98 11.092163,45.965319,182.07 11.091691,45.966642,182.32 11.091682,45.96707,182.45 11.091785,45.967473,182.58 11.09185,45.967675,182.34 11.091932,45.967851,182.37 11.092063,45.968058,182.55 11.092336,45.96837,182.75 11.09264,45.96862,182.94 11.092795,45.968739,183.03 11.09299,45.968829,183.13 11.093934,45.969181,183.49 11.094882,45.969498,183.77 11.095533,45.969815,183.97 11.095796,45.969972,184.08 11.095946,45.970062,184.18 11.09641,45.970531,184.6 11.096661,45.97092,184.92 11.096825,45.97136,185.25 11.0978,45.97499,189.06 11.098494,45.977031,189.12 11.098572,45.977678,189.16 11.098563,45.977948,189.18 11.098515,45.978214,189.19 11.098398,45.978583,189.23 11.098237,45.978923,189.47 11.097879,45.979441,189.89 11.09723,45.980231,190.71 11.097129,45.980318,190.81 11.096997,45.980433,190.94 11.096594,45.980871,191.41 11.095165,45.982497,191.81 11.094975,45.982756,191.68 11.094849,45.983003,191.56 11.094711,45.98341,191.36 11.094674,45.983649,191.22 11.094652,45.983834,191.17 11.094651,45.983989,191.2 11.094551,45.984001,191.39 11.094305,45.983966,191.88 11.094203,45.983928,192.14 11.094016,45.983797,192.76 11.093756,45.983577,193.95 11.093471,45.983312,195.25 11.093217,45.983078,196.34 11.09292,45.982816,197.04 11.092723,45.982637,197.61 11.092465,45.98239,198.21 11.092201,45.982154,198.9 11.092,45.981951,199.48 11.091839,45.981708,200.16 11.09171,45.98145,200.85 11.091624,45.98124,201.51 11.091583,45.981072,201.97 11.091545,45.980926,202.31 11.091508,45.980799,203.25 11.091308,45.980728,204.4 11.091064,45.980674,205.76 11.090864,45.980623,206.8 11.090682,45.980557,207.85 11.090498,45.980459,209.5 11.090368,45.980358,210.84 11.090246,45.980214,212.49 11.090177,45.980078,213.94 11.090116,45.979929,215.48 11.090017,45.979687,217.96 11.089924,45.979455,220.44 11.089813,45.979259,222.5 11.08966,45.979055,224.77 11.089486,45.978869,227.04 11.089321,45.978688,228.61 11.089042,45.978393,231.22 11.08887,45.978199,232.89 11.088638,45.97796,234.98 11.088423,45.977734,236.96 11.088228,45.97752,239.34 11.088095,45.977379,240.89 11.088008,45.977256,242.14 11.087932,45.977122,243.48 11.087858,45.97695,245.14 11.08781,45.976785,246.79 11.08779,45.976601,248.65 11.087799,45.976423,250.3 11.087835,45.976262,251.85 11.087889,45.976068,253.81 11.087948,45.975839,256.88 11.087983,45.975654,259.34 11.087963,45.97545,262.11 11.087893,45.975231,265.08 11.087792,45.97503,267.94 11.08768,45.974879,269.99 11.087516,45.974736,272.25 11.087326,45.974559,274.92 11.087231,45.974437,276.66 11.087126,45.974223,279.43 11.087041,45.974114,280.97 11.086902,45.974031,282.61 11.086696,45.973938,284.76 11.086541,45.973862,286.4 11.086424,45.973759,288.05 11.086368,45.973634,289.69 11.086355,45.973477,291.73 11.086403,45.973293,294.09 11.086502,45.973089,296.86 11.086609,45.972921,299.22 11.086771,45.972681,302.7 11.086908,45.972467,305.77 11.087004,45.972277,308.53 11.087062,45.972091,310.99 11.087062,45.971916,313.35 11.087071,45.971749,314.7 11.087127,45.971588,315.95 11.087259,45.971426,317.51 11.087418,45.971265,319.07 11.087489,45.971181,319.8 11.087492,45.971086,320.53 11.087425,45.971036,321.15 11.087312,45.971022,321.77 11.087206,45.971035,322.4 11.087087,45.971119,323.33 11.086976,45.971265,325.49 11.086872,45.971408,327.54 11.086712,45.971618,330.71 11.086551,45.971806,333.58 11.086361,45.971985,336.45 11.086169,45.972169,338.72 11.085932,45.972398,341.6 11.085734,45.972577,343.87 11.085572,45.972738,345.94 11.085335,45.972953,348.62 11.08513,45.973146,350.89 11.084943,45.973325,352.96 11.08475,45.973515,355.13 11.084557,45.973707,357.31 11.084396,45.973893,359.27 11.084263,45.974046,361.23 11.084125,45.974246,363.6 11.084044,45.97441,365.55 11.084009,45.974577,367.41 11.083997,45.97478,369.57 11.083961,45.975028,372.85 11.083912,45.975182,374.79 11.08379,45.975368,377.46 11.08364,45.975578,380.43 11.083538,45.97572,382.48 11.083463,45.975863,383.93 11.083402,45.976043,385.58 11.083364,45.976229,387.34 11.083332,45.976416,389 11.083297,45.976606,390.76 11.083223,45.976785,392.52 11.083154,45.976906,393.76 11.083074,45.977012,394.8 11.082983,45.977084,395.73 11.082871,45.977109,396.55 11.082741,45.977091,397.58 11.082632,45.977014,398.71 11.082563,45.976901,400.15 11.082477,45.976765,401.8 11.082351,45.976583,404.06 11.082239,45.976441,406.21 11.082147,45.976307,408.16 11.082074,45.976163,410.2 11.082026,45.976008,412.25 11.081982,45.975858,414.3 11.081912,45.975724,416.24 11.081791,45.975585,418.6 11.081634,45.975466,420.75 11.081463,45.975377,422.89 11.081244,45.975305,425.24 11.081043,45.975261,427.09 11.080829,45.975251,429.04 11.080569,45.975272,431.39 11.080312,45.975326,433.85 11.080038,45.975403,436.51 11.079599,45.975506,440.91 11.079213,45.975614,444.9 11.078862,45.975719,448.49 11.078569,45.975817,451.66 11.078281,45.975894,454.52 11.078079,45.975914,456.17 11.077795,45.975921,458.53 11.07759,45.975886,460.17 11.077252,45.975812,463.05 11.076812,45.975714,466.75 11.076376,45.975607,469.65 11.07584,45.975513,473.17 11.07529,45.975474,476.59 11.074657,45.975458,480.63 11.074101,45.975455,484.15 11.073548,45.975487,487.37 11.073058,45.97551,490.27 11.072632,45.975518,492.77 11.072289,45.975479,494.84 11.072087,45.975426,496.09 11.071871,45.975358,497.24 11.071479,45.975217,499.23 11.071217,45.975127,500.6 11.071005,45.97505,501.85 11.070795,45.974974,503 11.070776,45.974895,503.24 11.070721,45.974815,503.56 11.070603,45.974755,505 11.070278,45.974689,507.87 11.06999,45.974624,510.73 11.069716,45.974542,513.6 11.069519,45.974477,515.04 11.069384,45.974435,516.45 11.069181,45.974405,518.4 11.069031,45.974414,519.81 11.06877,45.97449,523.17 11.068585,45.974556,525.56 11.068398,45.974637,527.35 11.068066,45.974747,530.34 11.067863,45.974772,532.98 11.067645,45.974781,535.68 11.06757,45.974781,536.57 11.067289,45.974752,539.91 11.067049,45.974682,541.82 11.06684,45.974617,543.85 11.066591,45.974547,546.2 11.066328,45.974532,548.52 11.066168,45.97453,549.82 11.065981,45.974551,551.87 11.065566,45.974645,554.73 11.064988,45.974803,559.99 11.064608,45.974903,564.29 11.064448,45.974941,564.77 11.064298,45.974961,566.49 11.064026,45.974969,569.55 11.063604,45.974948,573.38 11.063381,45.974912,576.04 11.063212,45.974863,578.16 11.062862,45.97474,580.91 11.062683,45.974652,582.46 11.062533,45.974543,585.81 11.062095,45.974178,594.44 11.06187,45.974006,597.3 11.06174,45.973919,598.32 11.061419,45.973741,600.63 11.061029,45.973543,605.42 11.06065,45.973349,608.77 11.0603,45.973149,609.7 11.06001,45.972925,613.04 11.059865,45.972823,613.99 11.059791,45.97278,614.51 11.059684,45.972743,615.13 11.059554,45.972719,615.81 11.059353,45.972755,616.86 11.059195,45.972791,617.81 11.058949,45.972874,621.15 11.058817,45.97293,621.97 11.058769,45.973005,622.58 11.058763,45.973057,623.19 11.058828,45.973162,624.5 11.058926,45.973259,625.22 11.058957,45.973337,625.69 11.058946,45.973411,626.11 11.058901,45.973472,626.49 11.058835,45.973522,626.87 11.058755,45.973537,627.58 11.05865,45.973532,628.46 11.058585,45.973512,629.05 11.058501,45.97344,630.22 11.058298,45.973226,634.53 11.058161,45.973079,635.95 11.058125,45.973008,637.19 11.058099,45.972938,638.37 11.058086,45.972822,640.26 11.058071,45.972559,645.54 11.058066,45.972416,648.89 11.05806,45.972145,650.31 11.058052,45.971842,651.25 11.058054,45.971786,651.54 11.058087,45.97171,651.92 11.058141,45.971669,652.18 11.058251,45.971639,652.55 11.058441,45.971647,653.15 11.058595,45.971672,654.1 11.059032,45.971756,657.92 11.059368,45.971817,662.23 11.059742,45.971879,663.17 11.06013,45.971949,667.48 11.060515,45.97205,671.3 11.060694,45.972112,674.19 11.061051,45.97225,677.53 11.061597,45.972475,683.26 11.062099,45.972682,686.6 11.062239,45.972738,686.59 11.062453,45.972811,687.71 11.062582,45.972828,688.32 11.062739,45.972814,689.03 11.062844,45.972782,689.53 11.062912,45.972744,689.92 11.062993,45.972688,690.83 11.063054,45.97262,691.71 11.063096,45.972509,692.78 11.063096,45.972427,693.23 11.06306,45.97234,693.73 11.062984,45.972274,694.41 11.062879,45.972213,695.17 11.062488,45.972001,699.47 11.062177,45.971838,703.78 11.06188,45.971691,707.12 11.061589,45.9715,710.47 11.061286,45.971301,713.81 11.060979,45.971141,715.71 11.060633,45.970977,719.54 11.06014,45.97073,724.32 11.060027,45.970662,725.88 11.059875,45.970553,728.14 11.059609,45.970331,731.97 11.059186,45.970003,736.26 11.058866,45.969797,739.13 11.058579,45.969612,742.47 11.058403,45.96949,743.9 11.05823,45.96936,746.28 11.058106,45.969259,748.05 11.057896,45.969042,751.55 11.057574,45.968661,755.85 11.057363,45.968406,758.23 11.057271,45.968318,759.16 11.057166,45.968228,760.13 11.056971,45.968102,761.68 11.056729,45.967969,763.48 11.056538,45.967866,765.73 11.056377,45.967761,767.79 11.056091,45.967534,773.05 11.055908,45.967401,773.03 11.055747,45.967299,777.83 11.055573,45.967181,777.82 11.055085,45.966885,780.67 11.054713,45.966665,785.46 11.054351,45.966474,791.68 11.053966,45.966312,794.54 11.053747,45.966216,797.9 11.053388,45.966043,800.76 11.053214,45.96593,800.75 11.052708,45.965633,805.53 11.052371,45.965428,808.38 11.052024,45.965234,813.17 11.051679,45.965026,817.47 11.051397,45.964862,817.45 11.050998,45.964622,821.76 11.050477,45.96432,826.05 11.050039,45.964045,829.87 11.049857,45.963919,830.81 11.04946,45.963734,832.72 11.048891,45.963527,836.53 11.048333,45.963342,840.35 11.047877,45.963182,843.68 11.047402,45.962919,849.43 11.04687,45.96261,853.71 11.046353,45.9623,857.53 11.046176,45.962175,857.52 11.045927,45.96199,860.38 11.045646,45.961855,862.29 11.044822,45.961596,867.53 11.044188,45.961399,870.87 11.043882,45.961314,873.2 11.043576,45.961209,875.63 11.043252,45.961059,878.01 11.043005,45.960908,879.93 11.042845,45.960789,878 11.042416,45.96042,881.8 11.042143,45.9602,879.86 11.041847,45.959981,882.72 11.041662,45.95989,884.19 11.041007,45.959661,888.93 11.040552,45.959517,890.83 11.040236,45.959377,892.21 11.039903,45.959256,893.68 11.039539,45.959134,894.11 11.038806,45.958862,895.06 11.03815,45.958597,898.39 11.037704,45.958412,899.81 11.036718,45.958036,899.75 11.036492,45.957951,900.33 11.036298,45.957907,900.79 11.035717,45.957864,902.1 11.035463,45.957842,901.61 11.035277,45.957825,900.27 11.035075,45.957776,899.19 11.03491,45.957726,899.01 11.034172,45.957451,898.18 11.034027,45.957401,898.62 11.033837,45.957349,899.17 11.033693,45.95732,899.6 11.033553,45.957323,899 11.03336,45.957363,898.14 11.033025,45.957435,896.67 11.032709,45.957512,896.66 11.032571,45.957531,897.27 11.032458,45.957536,897.76 11.032346,45.957527,898.25 11.032287,45.957522,898.58 11.032153,45.957464,899.54 11.032041,45.957388,900.49 11.031843,45.957254,901.45 11.031534,45.957042,904.81 11.031179,45.956796,908.64 11.030656,45.956434,911.51 11.03022,45.956133,915.83 11.030074,45.956035,915.83 11.02979,45.955838,916.78 11.029249,45.955481,918.84 11.028894,45.95527,920.13 11.028586,45.955088,918.68 11.028088,45.954818,921.08 11.027413,45.954448,920.01 11.027159,45.954321,919.62 11.027109,45.954295,919.87 11.026992,45.954218,920.52 11.026623,45.953896,922.97 11.026346,45.953648,923.92 11.025729,45.953088,922.46 11.0256,45.95297,922.46 11.025444,45.952824,921.76 11.025367,45.95275,921.42 11.025316,45.952649,921.01 11.025211,45.952412,921.54 11.025064,45.95226,921.96 11.024616,45.951855,923.39 11.024504,45.951747,924.83 11.024348,45.951648,925.37 11.024215,45.951586,925.78 11.023646,45.951341,925.96 11.023222,45.951163,926.1 11.022929,45.95101,926.2 11.022812,45.950931,926.24 11.022526,45.950746,927.08 11.022303,45.950597,927.67 11.021939,45.950366,926.7 11.021836,45.950301,926.17 11.021637,45.950221,925.28 11.021393,45.950161,924.28 11.021117,45.950077,924.28 11.021006,45.95004,924.28 11.020843,45.950011,924.28 11.020725,45.949989,924.41 11.020582,45.949956,924.58 11.020476,45.949913,924.71 11.020108,45.949715,925.22 11.019785,45.949526,925.69 11.019533,45.949413,926.45 11.019286,45.94933,927.14 11.018593,45.949087,928.56 11.017755,45.948816,930.26 11.017069,45.948612,931.9 11.016096,45.948292,931.88 11.015839,45.948196,932.83 11.015756,45.948147,933.8 11.015432,45.947815,937.63 11.01529,45.947748,938.59 11.014986,45.947604,940.03 11.014842,45.947504,940.99 11.01473,45.947441,941.4 11.01461,45.947391,941.8 11.014527,45.947346,942.1 11.014342,45.947198,942.9 11.014169,45.947038,944.22 11.014042,45.946906,945.28 11.013819,45.946659,947.21 11.013697,45.946539,947.68 11.013578,45.946438,947.68 11.013391,45.946283,947.86 11.01322,45.946186,948.01 11.013019,45.946092,948.16 11.012894,45.946029,947.82 11.012682,45.945975,947.32 11.012481,45.94595,946.87 11.012199,45.945948,946.27 11.012083,45.945931,946.03 11.01194,45.945885,945.73 11.011797,45.945743,945.73 11.011753,45.945535,945.72 11.011737,45.94536,945.72 11.011654,45.944736,943.78 11.0116,45.944602,942.86 11.011483,45.944486,941.91 11.011251,45.944327,940.4 11.011149,45.944256,939.73 11.011049,45.944152,938.9 11.010993,45.944057,938.22 11.010931,45.943876,937.03 11.010785,45.943348,933.66 11.010757,45.943232,932.72 11.010748,45.943035,931.16 11.010806,45.942805,929.31 11.01083,45.942684,928.56 11.010816,45.942577,927.91 11.010769,45.942425,926.96 11.010708,45.942305,926.19 11.010629,45.942146,925.45 11.01053,45.942029,924.72 11.010346,45.941849,923.52 11.009758,45.941287,919.19 11.009675,45.9412,918.85 11.009595,45.941063,918.37 11.009573,45.940975,918.05 11.009569,45.940863,917.72 11.009652,45.940643,917.24 11.009755,45.940407,916.75 11.009784,45.940284,916.55 11.009803,45.940071,916.21 11.009772,45.939787,915.76 11.009713,45.939464,915.24 11.009665,45.939191,914.81 11.009527,45.938443,914.31 11.009513,45.938387,914.31 11.009464,45.938266,914.3 11.009321,45.938092,914.3 11.009206,45.937989,914.3 11.008973,45.937774,914.29 11.008823,45.937605,914.29 11.008739,45.93741,914.28 11.008671,45.937201,914.28 11.008662,45.937064,914.27 11.008537,45.93522,911.83 11.008515,45.934802,908.45 11.008525,45.934681,907.73 11.008691,45.934337,905.56 11.008732,45.934236,905.28 11.008747,45.934138,905.02 11.008735,45.934053,904.8 11.008658,45.933918,904.42 11.008556,45.933819,904.11 11.008391,45.93365,903.69 11.008263,45.933489,903.31 11.008195,45.9334,903.11 11.008063,45.93319,902.64 11.008012,45.933104,902.72 11.007977,45.933056,902.76 11.007902,45.932982,902.83 11.007569,45.932752,903.11 11.007483,45.932695,903.44 11.007376,45.932602,903.91 11.007311,45.932477,904.44 11.007275,45.93233,905.03 11.007195,45.931996,904.54 11.007178,45.931895,903.09 11.00695,45.931636,904.24 11.006531,45.931134,906.44 11.006261,45.930766,909.31 11.00602,45.93043,912.67 11.00573,45.930002,916.02 11.005659,45.929916,917.46 11.005534,45.92981,918.55 11.00546,45.929751,919.22 11.005306,45.929665,920.38 11.00512,45.929593,921.3 11.004853,45.929531,923.69 11.004509,45.929483,926.1 11.004355,45.929439,926.97 11.004219,45.929394,927.75 11.004092,45.929334,928.54 11.00398,45.92927,929.29 11.003896,45.929209,929.92 11.003781,45.929109,930.88 11.00336,45.928659,935.68 11.003086,45.928373,937.59 11.002974,45.928265,938.46 11.002901,45.928228,938.84 11.002831,45.928218,939.14 11.002746,45.928239,939.5 11.00269,45.928295,939.69 11.002697,45.928399,939.98 11.002787,45.928521,941.23 11.002872,45.928645,942.47 11.002923,45.92873,943.3 11.002959,45.928837,944.3 11.003086,45.929219,947.17 11.003164,45.929352,948.49 11.003269,45.929462,949.67 11.003443,45.929577,951.01 11.003673,45.92972,952.92 11.003757,45.929794,953.76 11.003831,45.929868,954.56 11.003903,45.929976,955.61 11.003964,45.930099,956.76 11.003985,45.930237,957.94 11.003962,45.930405,959.34 11.00393,45.930517,959.63 11.003894,45.93066,961.06 11.003899,45.930753,961.98 11.003923,45.930848,962.91 11.003974,45.930948,963.94 11.004042,45.931037,964.91 11.004132,45.931132,965.39 11.004397,45.931393,968.74 11.004488,45.931516,969.69 11.004526,45.93163,970.5 11.004544,45.931756,971.37 11.004544,45.931863,972.1 11.004536,45.93207,973.54 11.004526,45.932155,974.08 11.00451,45.932217,974.49 11.004458,45.932259,974.86 11.004396,45.932272,975.15 11.00434,45.932278,975.39 11.004275,45.932264,975.66 11.004233,45.932228,975.93 11.004204,45.932182,976.33 11.004213,45.93212,976.82 11.004283,45.93187,978.81 11.004285,45.931807,979.3 11.004271,45.931735,979.85 11.004254,45.93168,980.27 11.004221,45.931618,980.76 11.00416,45.931552,981.34 11.004046,45.931473,982.16 11.003971,45.931431,982.7 11.003736,45.931379,984.08 11.003394,45.931316,986 11.00327,45.931285,986.68 11.003122,45.931232,987.53 11.002988,45.931162,988.39 11.002891,45.931097,989.08 11.002793,45.931009,989.83 11.002748,45.930959,990.22 11.002692,45.930875,990.85 11.002651,45.930753,991.69 11.00262,45.930602,992.71 11.002603,45.930515,993.5 11.002559,45.930395,994.6 11.002524,45.930297,995.5 11.002483,45.930208,996.32 11.002416,45.930133,997.1 11.00223,45.929969,998.94 11.001684,45.929501,1004.21 11.00129,45.929161,1007.57 11.001151,45.929036,1008.52 11.001074,45.928953,1009.51 11.001012,45.928849,1010.63 11.000975,45.928761,1011.53 11.000956,45.928531,1013.8 11.000948,45.928273,1015.71 11.000938,45.928199,1016.47 11.000928,45.928129,1017.17 11.000897,45.928074,1017.76 11.000869,45.928023,1018.3 11.000835,45.927983,1018.76 11.000713,45.927886,1020.02 11.000569,45.927816,1020.99 11.000062,45.927564,1024.82 10.99997,45.927526,1025.66 10.999862,45.9275,1026.54 10.999786,45.927492,1027.13 10.999685,45.927485,1027.91 10.999525,45.927501,1029.14 10.999368,45.92754,1030.58 10.999104,45.927604,1032.27 10.998946,45.927631,1033.24 10.998777,45.927624,1034.24 10.998627,45.927605,1035.38 10.99844,45.927539,1036.82 10.997844,45.927303,1041.12 10.997243,45.927044,1044.48 10.997173,45.927007,1044.84 10.997068,45.926934,1045.43 10.996982,45.926851,1046.01 10.996921,45.926777,1046.48 10.996873,45.926651,1047.21 10.996839,45.926548,1047.8 10.996849,45.926446,1048.31 10.996845,45.926352,1049.15 10.996828,45.926233,1050.23 10.996795,45.926101,1050.86 10.996713,45.925937,1051.69 10.996561,45.925706,1052.89 10.996402,45.925479,1054.05 10.995913,45.924754,1057.41 10.995826,45.92465,1057.73 10.995704,45.924514,1058.17 10.995551,45.924379,1058.63 10.995363,45.92424,1059.15 10.995122,45.924097,1059.77 10.994918,45.923993,1060.26 10.994693,45.92389,1060.74 10.994402,45.923794,1060.91 10.99411,45.923716,1061.08 10.993781,45.92366,1061.27 10.993449,45.923628,1061.45 10.993211,45.923622,1061.58 10.993045,45.923596,1061.67 10.992892,45.923576,1061.67 10.992719,45.923545,1061.66 10.992323,45.923425,1061.66 10.99174,45.923244,1061.65 10.9915,45.923152,1061.64 10.991243,45.923023,1062.97 10.991103,45.922929,1063.78 10.990912,45.922775,1065 10.990678,45.922574,1066.83 10.990426,45.922344,1068.83 10.990334,45.92224,1069.49 10.990096,45.921772,1072.18 10.990043,45.92167,1072.66 10.990007,45.921561,1073.04 10.989989,45.921481,1073.31 10.990002,45.921411,1073.55 10.990057,45.921303,1073.93 10.990113,45.92124,1074.19 10.990218,45.921163,1074.57 10.990589,45.920973,1076.48 10.990691,45.920921,1077.01 10.990778,45.920854,1077.51 10.990797,45.920768,1077.99 10.990781,45.920689,1078.4 10.990748,45.920605,1079.07 10.990707,45.920505,1079.85 10.990673,45.920412,1080.58 10.990667,45.920257,1081.75 10.990672,45.920129,1082.75 10.990708,45.920013,1083.66 10.99079,45.919892,1084.62 10.991118,45.919497,1088.46 10.991192,45.919376,1090.52 10.991261,45.919207,1093.27 10.991343,45.919027,1094.95 10.991357,45.918944,1095.66 10.991365,45.918782,1097.57 10.99134,45.918673,1098.87 10.991294,45.918542,1100.46 10.991136,45.918361,1101.42 10.990819,45.917989,1106.21 10.990538,45.917691,1109.57 10.990316,45.917419,1113.4 10.989961,45.917087,1117.72 10.989679,45.916819,1121.07 10.989386,45.916561,1124.92 10.989256,45.916399,1125.39 10.989223,45.916346,1125.25 10.989189,45.91628,1125.08 10.98917,45.91601,1124.42 10.989156,45.915938,1123.63 10.989147,45.9159,1123.22 10.989094,45.915844,1122.5 10.989044,45.915808,1122.3 10.988948,45.915782,1122.02 10.98875,45.915746,1121.61 10.988634,45.915725,1121.38 10.988507,45.915695,1121.11 10.988376,45.915646,1120.82 10.988188,45.91557,1120.4 10.987957,45.915501,1119.96 10.987757,45.91546,1119.59 10.98757,45.915437,1119.28 10.987168,45.915354,1118.62 10.98704,45.915331,1118.53 10.986894,45.915317,1118.44 10.986741,45.915313,1118.34 10.986394,45.91532,1118.12 10.986223,45.915301,1118.82 10.986078,45.915265,1119.42 10.985954,45.915221,1119.85 10.985748,45.915119,1120.99 10.985561,45.915009,1122.27 10.985305,45.914879,1123.87 10.985216,45.914834,1124.45 10.985129,45.914766,1125.13 10.985075,45.91469,1125.79 10.98505,45.914632,1126.27 10.985034,45.914542,1126.74 10.985033,45.914464,1127.7 10.985036,45.914386,1128.66 10.985052,45.91431,1129.27 10.985043,45.914234,1129.88 10.984995,45.914106,1131.06 10.984881,45.913878,1131.54 10.984846,45.913779,1131.54 10.984824,45.913698,1131.53 10.98482,45.913596,1131.53 10.984832,45.913493,1131.53 10.984855,45.913402,1131.53 10.984897,45.91335,1131.53 10.984997,45.913301,1131.52 10.985092,45.913277,1132 10.985298,45.913224,1133.92 10.985394,45.913194,1134.44 10.985768,45.91299,1136.8 10.985892,45.912904,1137.78 10.985952,45.912845,1138.36 10.98598,45.912783,1138.87 10.985982,45.912619,1140.15 10.985936,45.911967,1143.02 10.985941,45.911894,1143.01 10.985969,45.911799,1143.01 10.986102,45.911649,1143.01 10.98642,45.911331,1143 10.98661,45.911152,1141.55 10.986653,45.911105,1141.9 10.986716,45.910993,1142.63 10.986746,45.91089,1143.28 10.98678,45.910623,1144.91 10.986803,45.910424,1146.83 10.98682,45.910307,1147.91 10.986854,45.910209,1148.81 10.986919,45.910139,1149.54 10.987049,45.910076,1150.51 10.987152,45.910027,1151.15 10.987303,45.909974,1152.1 10.987547,45.909877,1153.54 10.987628,45.909834,1154.38 10.98771,45.909783,1155.24 10.987775,45.909708,1156.22 10.987782,45.909579,1157.85 10.987786,45.909472,1158.32 10.987801,45.90942,1158.56 10.987828,45.909392,1158.7 10.987901,45.909376,1158.91 10.987939,45.909378,1159.01 10.988034,45.909403,1159.29 10.988143,45.909424,1160.25 10.988266,45.909432,1161.43 10.988402,45.909438,1162.65 10.988529,45.909435,1163.64 10.988606,45.909416,1164.18 10.988633,45.909394,1164.43 10.988632,45.909361,1164.71 10.988614,45.909324,1165.04 10.988521,45.909228,1166.49 10.988368,45.909072,1167.92 10.988289,45.908971,1168.4 10.988224,45.90888,1169.44 10.98818,45.908815,1170.16 10.988153,45.908757,1170.77 10.988098,45.908534,1173.2 10.98802,45.908269,1176.55 10.987869,45.907744,1180.87 10.987757,45.907402,1182.78 10.987719,45.907335,1183.35 10.987686,45.907274,1183.83 10.987621,45.907247,1184.22 10.987582,45.907252,1184.58 10.987539,45.907267,1184.99 10.987493,45.90731,1185.66 10.987427,45.907429,1186.66 10.987382,45.907486,1187.15 10.987319,45.907524,1187.57 10.987248,45.907546,1187.95 10.987203,45.907549,1188.17 10.987127,45.907541,1188.54 10.987079,45.90752,1188.8 10.987026,45.90745,1189.33 10.986988,45.907357,1189.97 10.986893,45.907129,1191.16 10.98684,45.907014,1191.76 10.98682,45.906921,1192.22 10.986795,45.906801,1192.84 10.986788,45.906767,1193.66 10.986768,45.906746,1194.16 10.986739,45.906736,1194.56 10.986696,45.906741,1195.08 10.986663,45.906759,1195.53 10.986643,45.906801,1196.21 10.986627,45.906863,1196.2 10.986535,45.907203,1200.52 10.986425,45.907507,1202.92 10.986283,45.907809,1206.27 10.986211,45.907976,1208.27 10.986122,45.908125,1210.11 10.986058,45.908232,1211.1 10.986016,45.908338,1212.03 10.985974,45.90844,1213.39 10.985949,45.90847,1213.81 10.985905,45.908496,1214.31 10.98583,45.908527,1215.05 10.985736,45.908541,1215.86 10.985563,45.908553,1218.26 10.985439,45.90857,1219.99 10.985326,45.908597,1221.63 10.984901,45.90871,1224.51 10.984736,45.908744,1224.51 10.984486,45.908786,1225.27 10.984245,45.908837,1226.03 10.983965,45.9089,1226.9 10.983667,45.908977,1227.85 10.98357,45.909005,1227.93 10.983206,45.909057,1228.21 10.982705,45.909117,1228.59 10.982439,45.909139,1228.79 10.982313,45.90914,1228.97 10.982216,45.909131,1229.12 10.982058,45.909106,1229.35 10.981852,45.909052,1229.67 10.981722,45.909009,1229.88 10.981556,45.908892,1230.21 10.981508,45.908824,1230.37 10.981433,45.908686,1230.69 10.981261,45.908298,1231.65 10.981204,45.908192,1232.52 10.981141,45.908125,1233.13 10.981061,45.908058,1233.78 10.980958,45.908017,1234.39 10.980845,45.907991,1235 10.980675,45.907985,1236.45 10.980548,45.907987,1237.53 10.9804,45.908006,1238.84 10.980162,45.908059,1240.28 10.980023,45.908079,1241.29 10.979909,45.908084,1242.1 10.979813,45.908079,1242.78 10.97963,45.908049,1244.11 10.979282,45.907968,1245.83 10.978956,45.907882,1247.47 10.978729,45.907788,1248.34 10.978237,45.907552,1250.33 10.978109,45.907493,1250.5 10.977865,45.907403,1250.81 10.97764,45.907328,1250.73 10.977393,45.90724,1250.64 10.977059,45.907099,1250.42 10.976292,45.906734,1249.56 10.976151,45.906635,1248.91 10.975649,45.906222,1246.43 10.975308,45.905958,1245.12 10.975264,45.905929,1244.89 10.975168,45.905888,1244.47 10.974989,45.905836,1243.76 10.974797,45.905817,1242.54 10.974622,45.905814,1241.44 10.974436,45.905816,1240.35 10.974267,45.9058,1239.4 10.974162,45.905764,1238.75 10.974076,45.905717,1238.15 10.974,45.905648,1237.48 10.973947,45.905566,1236.84 10.973905,45.905479,1236.39 10.97368,45.905004,1232.07 10.97359,45.904806,1229.66 10.973575,45.90476,1229.41 10.973565,45.904696,1229.07 10.973562,45.904617,1228.66 10.973584,45.904534,1228.22 10.973645,45.9044,1227.49 10.973741,45.904278,1226.78 10.97393,45.904051,1224.81 10.974005,45.903952,1223.9 10.974046,45.903868,1223.16 10.974074,45.903804,1222.61 10.9741,45.903689,1221.63 10.974137,45.903447,1219.61 10.974157,45.90332,1218.61 10.974176,45.903175,1217.81 10.974184,45.903072,1217.24 10.974185,45.903003,1216.86 10.974145,45.902708,1215.24 10.974149,45.902609,1214.81 10.974158,45.902542,1214.52 10.974176,45.902477,1214.24 10.974212,45.902413,1213.94 10.974336,45.902181,1212.88 10.974381,45.902063,1212.36 10.974399,45.901994,1212.26 10.974401,45.901931,1212.16 10.974394,45.901853,1212.05 10.974316,45.901638,1211.72 10.974264,45.901498,1211.5 10.974254,45.901431,1211.4 10.974242,45.901359,1211.4 10.974257,45.901195,1211.4 10.974266,45.901073,1211.4 10.974266,45.90101,1211.4 10.974186,45.90072,1211.4 10.974179,45.900651,1211.01 10.974181,45.900592,1210.68 10.974202,45.900531,1210.33 10.974244,45.900459,1209.91 10.974336,45.900376,1209.33 10.974481,45.90027,1208.51 10.974627,45.900177,1207.37 10.974743,45.900093,1206.45 10.974788,45.900031,1205.93 10.974817,45.89997,1205.45 10.974817,45.89989,1204.86 10.974799,45.899806,1204.19 10.974755,45.899718,1203.71 10.974668,45.899563,1202.99 10.974573,45.899384,1202.17 10.974496,45.899236,1201.49 10.97443,45.899079,1200.79 10.974356,45.898869,1199.86 10.974294,45.898608,1198.9 10.974273,45.898541,1198.59 10.974246,45.89848,1198.31 10.974186,45.898438,1198.04 10.974111,45.898393,1197.74 10.973878,45.898326,1196.98 10.973485,45.898224,1194.09 10.97335,45.898194,1192.81 10.973213,45.898175,1191.58 10.973137,45.898172,1190.9 10.973028,45.898176,1189.94 10.97293,45.898187,1189.07 10.972798,45.898215,1187.85 10.972665,45.898247,1186.4 10.972297,45.898349,1182.08 10.972212,45.89838,1181.2 10.972117,45.89842,1180.31 10.972061,45.898492,1179.45 10.972065,45.898548,1178.88 10.972198,45.898678,1177.27 10.97228,45.898773,1176.44 10.972293,45.898811,1176.16 10.972281,45.898855,1175.83 10.972237,45.898887,1175.32 10.9722,45.898901,1175.01 10.972138,45.898903,1174.56 10.972069,45.898889,1174.07 10.972007,45.898841,1173.43 10.971931,45.898772,1173.43 10.971656,45.898549,1169.1 10.971532,45.898455,1167.61 10.971355,45.898353,1165.74 10.971196,45.898256,1164.05 10.971029,45.898163,1162.37 10.970678,45.897976,1159.49 10.970534,45.897903,1158.06 10.970322,45.897823,1156.12 10.970128,45.89776,1154.38 10.969982,45.897726,1153.11 10.969824,45.897703,1151.8 10.969445,45.89765,1148.43 10.969283,45.897618,1146.84 10.969206,45.89759,1146.04 10.96909,45.897498,1144.41 10.969008,45.897422,1143.14 10.968955,45.897365,1142.36 10.968937,45.897302,1141.65 10.968954,45.897237,1140.94 10.968989,45.897176,1140.23 10.969076,45.897112,1139.3 10.969161,45.897046,1138.23 10.96921,45.897006,1137.6 10.969248,45.896957,1136.98 10.969256,45.896919,1136.55 10.969237,45.896865,1135.94 10.969191,45.896836,1135.35 10.969052,45.896803,1134.01 10.96861,45.896709,1130.17 10.968213,45.896629,1126.32 10.968066,45.896604,1124.8 10.967985,45.896599,1123.98 10.967892,45.896598,1123.06 10.96784,45.896604,1122.53 10.967789,45.896616,1122 10.967684,45.896648,1120.92 10.967563,45.896698,1119.59 10.967202,45.896861,1115.75 10.967015,45.896948,1113.82 10.966914,45.89699,1112.95 10.966837,45.897007,1112.41 10.966775,45.897003,1112.01 10.966631,45.896943,1111.03 10.96659,45.896861,1110.31 10.966594,45.896816,1109.94 10.966611,45.896747,1109.46 10.966619,45.896668,1108.64 10.966614,45.896618,1108.12 10.966597,45.896555,1107.46 10.966485,45.89624,1104.13 10.966423,45.896076,1102.42 10.966349,45.895918,1100.74 10.966288,45.895813,1099.77 10.966239,45.89574,1099.29 10.966166,45.895664,1098.75 10.966069,45.895574,1098.09 10.965958,45.895497,1097.45 10.965864,45.895435,1096.93 10.965636,45.895344,1095.86 10.965408,45.895268,1094.47 10.965245,45.895203,1093.44 10.965147,45.895159,1092.79 10.965041,45.895099,1092.04 10.964977,45.895047,1091.5 10.964834,45.894894,1090.03 10.964522,45.894526,1085.68 10.964459,45.894447,1084.69 10.964368,45.894365,1083.57 10.964294,45.89432,1082.83 10.964212,45.894279,1082.07 10.964066,45.894224,1080.83 10.963868,45.894186,1079.81 10.963733,45.894168,1079.12 10.963506,45.894158,1077.92 10.963374,45.894162,1077.25 10.963194,45.894194,1076.32 10.963051,45.894256,1075.48 10.962213,45.894604,1071.58 10.962116,45.894643,1071.47 10.961985,45.894715,1071.31 10.961704,45.894909,1070.92 10.961427,45.895078,1070.56 10.961347,45.895124,1070.55 10.961224,45.89518,1070.55 10.961146,45.895207,1070.54 10.961054,45.895212,1070.54 10.96095,45.895209,1070.53 10.960885,45.895198,1070.53 10.960824,45.895175,1070.52 10.960699,45.895118,1070.51 10.960584,45.895065,1070.51 10.960509,45.895028,1070.5 10.960425,45.895004,1070.49 10.960364,45.894991,1070.49 10.96025,45.894982,1070.48 10.960113,45.894994,1070.48 10.95971,45.895028,1070.45 10.959529,45.895043,1070.01 10.959411,45.895061,1069.72 10.959336,45.89509,1069.52 10.95923,45.895187,1069.12 10.959201,45.895229,1068.97 10.959082,45.895394,1066.93 10.958982,45.89549,1065.63 10.958902,45.895542,1064.8 10.958813,45.895584,1063.98 10.958729,45.895611,1063.16 10.958628,45.89563,1062.57 10.958545,45.895636,1062.1 10.958416,45.895639,1061.38 10.95813,45.895611,1059.76 10.957686,45.895563,1056.37 10.957603,45.895554,1055.71 10.957523,45.895534,1055.04 10.95741,45.895499,1054.08 10.957206,45.895388,1052.01 10.957083,45.895316,1050.56 10.956985,45.895267,1049.25 10.956858,45.895212,1047.63 10.956715,45.895174,1045.73 10.95655,45.895151,1043.8 10.956316,45.895122,1040.9 10.956191,45.895106,1040.23 10.956124,45.89508,1039.82 10.95607,45.895046,1039.44 10.956044,45.895003,1038.73 10.956014,45.894891,1037.02 10.955983,45.894707,1034.61 10.955963,45.894629,1033.46 10.955936,45.894573,1032.61 10.955904,45.894522,1031.81 10.955853,45.89447,1030.92 10.955722,45.894397,1029.29 10.955123,45.894062,1024.43 10.954593,45.893766,1020.07 10.95447,45.893695,1019.1 10.95434,45.893591,1018.19 10.954294,45.893531,1017.74 10.95427,45.893483,1017.4 10.954233,45.893374,1016.66 10.954184,45.893044,1014.72 10.954105,45.892838,1012.78 10.954047,45.892749,1011.94 10.953973,45.892665,1011.09 10.9539,45.892587,1010.3 10.953752,45.892459,1008.89 10.953461,45.892241,1005.03 10.953168,45.892026,1002.11 10.953028,45.891917,1000.79 10.952942,45.891877,1000.13 10.95263,45.891751,997.75 10.952508,45.891703,996.78 10.9524,45.891672,996.25 10.952305,45.891657,995.8 10.952231,45.891654,995.68 10.952143,45.891663,995.53 10.95207,45.891683,995.4 10.952012,45.891691,995.3 10.951859,45.891701,995.3 10.95178,45.891697,994.93 10.95173,45.891678,994.71 10.951709,45.891618,994.37 10.951726,45.891566,994.1 10.951779,45.89153,993.83 10.952006,45.891472,991.9 10.952104,45.89146,991.11 10.952147,45.891458,990.78 10.952218,45.891438,990.23 10.952265,45.891373,989.48 10.952273,45.891334,989.1 10.952256,45.891274,988.5 10.952209,45.891235,988.02 10.952015,45.891084,987.04 10.951569,45.890741,983.16 10.951348,45.890582,981.67 10.951046,45.890391,979.75 10.950758,45.890247,978.77 10.950294,45.890011,974.9 10.949782,45.889719,971.01 10.949599,45.889575,970.03 10.949434,45.889331,967.13 10.949398,45.889217,966.55 10.949365,45.889145,966.18 10.949321,45.889064,965.76 10.949231,45.888996,965.31 10.948992,45.888838,964.19 10.948815,45.888723,963.22 10.948708,45.888625,962.41 10.948575,45.888491,961.27 10.94839,45.888314,960.43 10.948279,45.888168,959.75 10.948149,45.887984,958.91 10.948001,45.887744,957.83 10.947934,45.887645,957.22 10.947841,45.887528,956.47 10.947774,45.887455,956 10.947672,45.887359,955.39 10.947479,45.88724,954.39 10.947329,45.887151,953.62 10.947,45.886972,951.98 10.946645,45.886857,950.51 10.946426,45.886777,949.54 10.94634,45.886737,948.84 10.946043,45.886561,946.15 10.945596,45.886271,942.74 10.945406,45.88613,941.77 10.945307,45.886042,941.56 10.945237,45.885946,941.37 10.945031,45.885601,940.7 10.944881,45.885381,940.26 10.944805,45.885292,939.65 10.944663,45.885193,938.31 10.944396,45.885013,936.63 10.944168,45.885137,938.7 10.944063,45.885142,939.46 10.943775,45.885123,941.6 10.943042,45.885044,947.45 10.942824,45.885009,948.42 10.942636,45.884966,949.25 10.942329,45.884796,950.91 10.942083,45.884655,951.91 10.94203,45.884639,951.92 10.941919,45.884634,952.24 10.941815,45.884681,952.61 10.941782,45.884748,952.91 10.941805,45.884825,953.45 10.941965,45.884928,954.49 10.942144,45.885017,955.54 10.942264,45.88512,956.8 10.942367,45.885333,959.28 10.942508,45.885633,961.95 10.942646,45.885814,963.68 10.942823,45.886004,965.17 10.94329,45.886383,969.57 10.943757,45.88678,973.02 10.944253,45.887123,976.46 10.944983,45.887547,980.41 10.945459,45.887788,982.05 10.945874,45.887971,983.41 10.946206,45.888113,984.54 10.946418,45.888279,985.45 10.946524,45.888428,985.92 10.946918,45.88903,988.91 10.947043,45.889284,990.39 10.947089,45.889593,993.61 10.947091,45.889794,995.76 10.946999,45.89006,1000.13 10.94697,45.890304,1002.58 10.946987,45.890466,1004.44 10.947111,45.890715,1007.44 10.947294,45.890952,1010.38 10.947619,45.891346,1014.77 10.947735,45.891472,1015.95 10.947847,45.891582,1017.01 10.948156,45.891754,1019.19 10.948239,45.891826,1019.62 10.948248,45.891907,1020.01 10.94817,45.891983,1020.45 10.948058,45.892011,1021.27 10.947863,45.891962,1022.69 10.947724,45.891912,1023.75 10.947516,45.891859,1026.03 10.94733,45.891834,1027.98 10.946926,45.891815,1032.35 10.946668,45.891797,1034.23 10.946388,45.891764,1036.28 10.946204,45.891712,1037.71 10.94536,45.891464,1044.07 10.945125,45.891399,1045.6 10.944945,45.891391,1046.52 10.944542,45.891372,1049.93 10.94435,45.891349,1051.84 10.944064,45.891288,1054.79 10.943871,45.891215,1056.74 10.943674,45.891124,1059.12 10.943533,45.891074,1060.72 10.943357,45.891036,1062.57 10.943109,45.890992,1064.52 10.942831,45.890953,1067.36 10.942509,45.890865,1070.84 10.94228,45.89077,1073.27 10.941842,45.890603,1077.65 10.941398,45.890427,1081.07 10.941107,45.890308,1082.79 10.941004,45.890268,1083.38 10.940845,45.890185,1084.38 10.940763,45.890124,1084.98 10.940641,45.890014,1085.99 10.940559,45.88998,1086.48 10.940457,45.889974,1087.12 10.940362,45.890024,1087.94 10.940346,45.890094,1088.57 10.940367,45.890161,1089.17 10.940504,45.89026,1090.39 10.940576,45.890323,1091.66 10.940675,45.89045,1093.95 10.940729,45.890556,1095.73 10.940874,45.890855,1100.59 10.940972,45.89105,1104.46 10.941137,45.891398,1108.85 10.941317,45.891792,1113.25 10.941477,45.892131,1117.14 10.941616,45.892501,1121.53 10.941666,45.892804,1126.38 10.941729,45.893299,1133.27 10.941738,45.893483,1135.81 10.941747,45.893569,1137.01 10.941835,45.8938,1140.81 10.941907,45.893922,1142.91 10.942115,45.894125,1145.83 10.942237,45.894243,1148.07 10.942314,45.894438,1151.18 10.94233,45.894666,1153.59 10.942308,45.894899,1156.05 10.942266,45.895153,1158.98 10.942146,45.895327,1160.45 10.942056,45.895436,1161.91 10.941743,45.895705,1165.34 10.941184,45.896059,1169.26 10.940895,45.896158,1169.14 10.940256,45.896315,1168.89 10.939803,45.896407,1167.45 10.939518,45.896474,1167.25 10.939208,45.89658,1167.02 10.939087,45.896644,1166.92 10.939007,45.896751,1166.9 10.938964,45.896798,1166.46 10.938828,45.896885,1165.9 10.938456,45.897083,1164.47 10.938316,45.897144,1163.96 10.938063,45.897231,1162.78 10.937733,45.897295,1161.35 10.937515,45.897345,1160.4 10.937337,45.897408,1159.56 10.937212,45.89745,1158.77 10.936988,45.897489,1157.44 10.936847,45.897525,1156.57 10.936621,45.897583,1155.19 10.936128,45.897751,1152.75 10.93605,45.897768,1152.56 10.935854,45.897835,1152.08 10.935436,45.898093,1150.77 10.935187,45.898174,1149.65 10.934878,45.898252,1148.33 10.934694,45.898343,1147.51 10.934497,45.898465,1146.59 10.93441,45.898528,1146.14 10.934222,45.898601,1145.39 10.934057,45.898646,1144.2 10.933912,45.8987,1143.18 10.933852,45.898764,1142.39 10.933839,45.898841,1141.98 10.933839,45.898941,1141.6 10.933865,45.899129,1140.99 10.933931,45.899243,1140.08 10.934017,45.899324,1139.34 10.934084,45.899418,1138.56 10.93413,45.899571,1137.58 10.934112,45.899663,1136.61 10.934049,45.899782,1135.53 10.933944,45.899853,1134.66 10.933864,45.899888,1132.99 10.933747,45.899915,1132.05 10.933407,45.899932,1129.41 10.933313,45.899941,1128.81 10.933254,45.89994,1128.47 10.933191,45.899964,1128.07 10.933181,45.899999,1127.78 10.933204,45.900051,1127.35 10.933278,45.900097,1126.89 10.933341,45.90019,1126.22 10.933379,45.900292,1125.53 10.933382,45.900373,1124.99 10.933355,45.900437,1124.55 10.933312,45.900443,1124.35 10.933239,45.900435,1124.01 10.933219,45.900388,1123.69 10.933216,45.900297,1123.09 10.933203,45.900229,1122.64 10.933176,45.900164,1122.19 10.933067,45.900119,1121.61 10.932932,45.900093,1120.97 10.932665,45.900044,1119.7 10.932524,45.900007,1119.01 10.932488,45.899979,1118.76 10.932544,45.89989,1118.28 10.932706,45.899831,1117.65 10.93305,45.89969,1115.44 10.933199,45.899577,1114.22 10.933204,45.899502,1113.62 10.933181,45.899458,1112.73 10.933135,45.89944,1112.03 10.933044,45.899443,1110.84 10.932989,45.899483,1110.21 10.932917,45.899578,1109.61 10.932842,45.899655,1109.08 10.932334,45.899794,1106.94 10.932071,45.899874,1104.98 10.931897,45.899972,1103.44 10.931711,45.900092,1101.71 10.931571,45.900165,1101.1 10.931554,45.900212,1100.91 10.931572,45.900253,1100.73 10.931647,45.900273,1100.51 10.931838,45.90029,1099.98 10.932073,45.900331,1099.37 10.932204,45.90037,1099.06 10.932235,45.900422,1098.88 10.932222,45.900503,1098.64 10.932032,45.900682,1096.78 10.932001,45.900711,1096.47 10.931936,45.900789,1095.72 10.931875,45.900874,1094.27 10.931776,45.900954,1093.09 10.931652,45.901026,1091.84 10.931535,45.90106,1091.2 10.931477,45.901074,1090.9 10.931392,45.90112,1090.38 10.931348,45.901157,1090.04 10.931306,45.90126,1089.31 10.931248,45.901302,1088.92 10.931131,45.901333,1087.73 10.930952,45.901345,1086.01 10.930788,45.901342,1084.77 10.930656,45.901339,1083.79 10.930524,45.901317,1082.78 10.930453,45.901278,1082.13 10.930312,45.901176,1080.44 10.93018,45.901135,1079.23 10.930006,45.901151,1077.98 10.929869,45.901163,1077.04 10.929706,45.901115,1075.83 10.92952,45.90109,1074.47 10.929173,45.901131,1071.94 10.928638,45.901116,1068.86 10.928497,45.901073,1068 10.928329,45.901031,1067.14 10.928276,45.901038,1066.91 10.928248,45.901087,1066.59 10.928266,45.90115,1066.37 10.92847,45.901297,1065.67 10.928647,45.901448,1064.99 10.92888,45.901747,1061.77 10.92888,45.901807,1060.81 10.928807,45.901868,1059.54 10.928617,45.901902,1057.36 10.928315,45.901942,1055.41 10.928139,45.902052,1052.51 10.927919,45.902213,1049.13 10.927765,45.902319,1046.23 10.92766,45.902482,1044.76 10.927645,45.902591,1043.97 10.927685,45.902663,1043.45 10.927841,45.902743,1042.58 10.928112,45.90275,1041.36 10.928253,45.902772,1040.11 10.92831,45.902808,1039.42 10.928315,45.90287,1039.2 10.92828,45.902945,1038.92 10.928203,45.903119,1037.94 10.927956,45.903423,1032.14 10.927582,45.903784,1027.29 10.927507,45.903875,1026.37 10.927457,45.903962,1025.53 10.927469,45.904025,1025.33 10.927678,45.904164,1024.7 10.927771,45.904251,1024.35 10.927935,45.904377,1023.86 10.928088,45.904459,1023.75 10.92845,45.904595,1023.54 10.92863,45.904594,1023.61 10.928705,45.904593,1023.52 10.928797,45.904612,1023.41 10.928904,45.904705,1023.21 10.929017,45.904768,1023.2 10.92929,45.904808,1023.19 10.929421,45.904809,1023.03 10.929609,45.904795,1022.49 10.929706,45.904807,1022.2 10.929753,45.904853,1021.8 10.929742,45.904915,1021.52 10.929686,45.904949,1021.3 10.9296,45.904945,1021.13 10.929462,45.904906,1020.84 10.929198,45.904877,1020.31 10.928961,45.904843,1019.48 10.928673,45.90474,1017.28 10.928546,45.904731,1016.42 10.928337,45.90474,1014.43 10.928191,45.904722,1013.03 10.927701,45.904514,1010.59 10.927485,45.904406,1008.64 10.927225,45.904245,1005.27 10.927094,45.904116,1003.71 10.926968,45.90395,1001.86 10.926851,45.90377,999.77 10.926634,45.903618,997.49 10.926487,45.903564,996.2 10.926199,45.903455,993.61 10.926023,45.903334,991.68 10.925904,45.903224,990.42 10.925764,45.903068,988.77 10.92571,45.902968,987.76 10.925699,45.902886,986.98 10.925709,45.902788,986.07 10.925772,45.902667,984.88 10.925904,45.902534,982.94 10.925907,45.902468,982.17 10.925856,45.902375,981.01 10.925755,45.90234,980.25 10.925574,45.902296,978.99 10.925437,45.902293,978.09 10.925149,45.902277,976.61 10.924835,45.902198,974.91 10.924618,45.902134,973.71 10.924262,45.901999,971.99 10.924107,45.901953,971.26 10.923895,45.901884,970.61 10.923807,45.90182,970.26 10.923666,45.9017,969.66 10.923556,45.901618,969.21 10.923425,45.901569,968.8 10.923039,45.901486,968.29 10.922899,45.901415,968.12 10.922818,45.901321,967.95 10.922694,45.901061,967.57 10.922671,45.900949,967.4 10.922706,45.900854,967.26 10.922812,45.900763,966.78 10.922976,45.900692,965.96 10.923105,45.900685,965.41 10.923361,45.900712,964.32 10.923574,45.900733,963.7 10.923697,45.900729,963.15 10.923709,45.900693,962.91 10.9237,45.900665,962.72 10.923651,45.90064,962.44 10.923309,45.900593,960.88 10.923153,45.900585,960.41 10.923018,45.900577,959.46 10.922885,45.900602,958.48 10.922735,45.900702,957.96 10.92261,45.900809,957.48 10.922524,45.900951,957.15 10.922521,45.901036,956.98 10.92253,45.901204,956.15 10.922545,45.901333,955.51 10.92264,45.901532,953.45 10.922827,45.901664,951.63 10.923178,45.901872,949.67 10.923367,45.901988,948.09 10.923553,45.902154,946.19 10.923628,45.902235,945.32 10.923749,45.902398,943.67 10.923842,45.902529,942.35 10.92396,45.902593,941.41 10.924307,45.902685,939.02 10.924353,45.902706,938.68 10.924449,45.902765,937.97 10.924465,45.902836,937.42 10.924409,45.902994,936.08 10.924319,45.903194,934.12 10.924365,45.903386,932.57 10.924567,45.903572,930.72 10.92466,45.903647,929.96 10.924813,45.903853,928.29 10.925122,45.904314,924.39 10.925379,45.904661,920.99 10.92564,45.904947,917.59 10.925834,45.905146,914.97 10.926045,45.905291,912.74 10.926248,45.905389,911.1 10.926786,45.905643,906.82 10.926894,45.905686,906.01 10.926911,45.905722,905.64 10.926893,45.905749,905.36 10.926835,45.905759,904.96 10.926568,45.905689,903.51 10.926388,45.905613,902.05 10.925755,45.90539,898.64 10.925532,45.905277,896.91 10.925229,45.905075,894.28 10.925017,45.90493,892.43 10.924806,45.904774,890.5 10.924661,45.904677,889.25 10.924375,45.904534,887.05 10.924207,45.904431,885.64 10.924033,45.904332,884.25 10.923888,45.904229,882.95 10.923798,45.904156,882.09 10.923722,45.904097,881.37 10.923637,45.904051,880.7 10.923566,45.904054,880.26 10.923521,45.904073,879.93 10.923522,45.904107,879.62 10.923562,45.904144,879.2 10.923749,45.904317,876.7 10.923882,45.904438,874.92 10.924112,45.904664,871.7 10.924336,45.904887,868.54 10.924524,45.905121,865.9 10.924708,45.905304,863.69 10.925002,45.905506,861.73 10.925569,45.905861,857.85 10.926109,45.906194,854.91 10.926583,45.906479,850.54 10.92708,45.906792,846.17 10.927434,45.906966,843.58 10.927827,45.907133,840.83 10.928165,45.907303,837.91 10.928494,45.907509,834.52 10.928706,45.907658,832.45 10.928947,45.90782,830.16 10.929098,45.907901,828.85 10.929352,45.907989,826.91 10.929405,45.908024,826.4 10.929403,45.908071,825.94 10.92934,45.908097,825.43 10.929252,45.908079,824.8 10.929,45.907959,822.86 10.928757,45.907848,820.83 10.928541,45.907755,819.04 10.927857,45.907546,813.79 10.927505,45.907428,811.04 10.92671,45.907284,805.27 10.926434,45.907201,803.15 10.925974,45.907049,799.57 10.925415,45.906838,795.68 10.924915,45.906642,790.84 10.924449,45.90647,786.48 10.92402,45.906281,782.12 10.923752,45.90618,780.33 10.923539,45.905979,778.22 10.923379,45.905849,776.77 10.923145,45.905677,774.45 10.922905,45.905548,772.39 10.922465,45.905414,769.95 10.922066,45.905234,765.59 10.921927,45.905146,763.88 10.921873,45.905062,762.68 10.921826,45.905013,762.1 10.921763,45.904962,761.41 10.921684,45.90491,760.66 10.921598,45.904857,759.92 10.921552,45.904813,759.28 10.921527,45.904755,758.84 10.921507,45.904643,758.05 10.921493,45.904596,757.71 10.921449,45.904536,757.07 10.92134,45.904477,756.16 10.920908,45.904297,752.81 10.92054,45.904162,750.03 10.920112,45.903996,747.42 10.919991,45.90395,746.7 10.91983,45.903865,745.64 10.919603,45.903723,743.63 10.919295,45.903483,740.59 10.919186,45.903408,739.58 10.918984,45.90327,737.72 10.918766,45.9031,735.57 10.918553,45.902825,732.6 10.918448,45.902662,730.93 10.918392,45.902555,729.85 10.918346,45.902432,728.65 10.918296,45.902388,728.11 10.918225,45.90238,727.64 10.918164,45.902392,727.22 10.918147,45.902442,726.74 10.918155,45.902501,726.18 10.918177,45.902561,725.6 10.918227,45.9027,724.24 10.918304,45.902878,722.79 10.918435,45.903124,719.39 10.918571,45.903337,715.53 10.918747,45.903577,711.82 10.919011,45.903949,706.14 10.91926,45.904242,701.47 10.919465,45.904497,698.55 10.919548,45.904577,697.56 10.919634,45.904622,696.81 10.919745,45.904665,695.93 10.919865,45.904681,695.07 10.920078,45.904705,693.58 10.920212,45.904743,692.56 10.920305,45.904825,691.53 10.92032,45.90489,690.86 10.920318,45.904937,690.39 10.920275,45.905008,689.63 10.920261,45.905138,688.41 10.920262,45.905258,687.3 10.92025,45.905395,686.01 10.920279,45.90548,685.2 10.920471,45.905729,682.56 10.920761,45.9061,678.62 10.921223,45.906601,673.26 10.921314,45.90672,671.81 10.921404,45.906883,669.57 10.921488,45.906997,667.92 10.921733,45.907283,664.53 10.921847,45.907389,662.83 10.922006,45.907609,660.76 10.922406,45.907998,656.74 10.922752,45.908316,652.34 10.922962,45.908506,649.69 10.923255,45.908697,646.61 10.923462,45.908806,644.39 10.923654,45.90894,642.07 10.923894,45.909188,638.4 10.924053,45.909399,635.48 10.924109,45.909529,633.82 10.924163,45.909692,631.77 10.924201,45.909766,631.13 10.924323,45.909843,630.2 10.924548,45.9099,628.84 10.924859,45.909957,626.73 10.925139,45.910049,624.4 10.925243,45.91014,623.16 10.925304,45.910233,622.05 10.925331,45.910375,620.52 10.925307,45.910521,618.93 10.925175,45.910713,616.65 10.925134,45.910828,615.14 10.925168,45.910965,613.36 10.925247,45.911112,611.36 10.925207,45.91125,609.57 10.925119,45.911328,608.3 10.924904,45.911437,605.77 10.924822,45.911481,605.07 10.924652,45.911534,603.82 10.924519,45.911579,602.85 10.924395,45.911637,601.9 10.924267,45.91177,600.43 10.923999,45.91204,597.02 10.923961,45.912142,596.35 10.923998,45.912265,595.54 10.924051,45.912412,594.58 10.924016,45.912719,592.62 10.923884,45.912906,589.73 10.923775,45.913101,586.81 10.923698,45.913307,583.83 10.923689,45.91351,581.92 10.923699,45.913701,580.13 10.923761,45.913918,578.05 10.923827,45.914054,576.69 10.923863,45.914236,574.98 10.923856,45.914322,574.17 10.923704,45.914594,572.01 10.92364,45.914683,571.27 10.923595,45.914711,570.96 10.923535,45.914723,570.64 10.923476,45.914706,570.31 10.923436,45.914684,570.05 10.923419,45.914651,569.79 10.923424,45.91459,569.33 10.923479,45.914503,568.64 10.923644,45.914359,567.34 10.923674,45.914273,566.85 10.923644,45.914161,566.02 10.923559,45.914025,564.95 10.923444,45.913883,563.76 10.923382,45.913769,562.88 10.923356,45.913675,562.19 10.923339,45.913547,561.25 10.923331,45.913399,560.18 10.92331,45.91326,559.16 10.923283,45.913141,558.29 10.923205,45.912926,557.09 10.923142,45.91279,555.46 10.923105,45.91255,552.72 10.923082,45.912359,550.77 10.923015,45.912099,547.86 10.922979,45.911985,546.41 10.922904,45.911878,544.94 10.922821,45.911803,543.54 10.922732,45.911748,542.33 10.922663,45.911713,541.46 10.922575,45.911674,540.39 10.922518,45.911615,539.32 10.922506,45.911536,538.16 10.922525,45.911446,536.81 10.92252,45.911394,535.55 10.922461,45.911373,534.42 10.922397,45.91138,533.31 10.922353,45.911419,532.1 10.922339,45.911462,531.01 10.922353,45.911604,527.54 10.922419,45.911722,525.63 10.922505,45.911997,521.4 10.922612,45.912279,517.02 10.92265,45.912463,514.22 10.922645,45.912591,512.04 10.922587,45.912858,508.17 10.922616,45.913037,505.26 10.922608,45.91319,502.85 10.922518,45.913379,500.53 10.922361,45.913593,497.72 10.922131,45.913748,495.15 10.922038,45.913862,493.63 10.921908,45.914123,490.87 10.921712,45.914223,489.17 10.921523,45.914354,487.32 10.921235,45.914415,485.44 10.921179,45.914472,484.82 10.921162,45.91454,484.21 10.9212,45.914603,483.6 10.921319,45.914702,482.44 10.921524,45.914858,481.06 10.921775,45.915115,479.03 10.921954,45.915346,477 10.922122,45.915559,475.11 10.922283,45.915739,473.05 10.922491,45.915971,470.39 10.922699,45.916197,467.77 10.922854,45.916386,465.66 10.923038,45.916576,461.85 10.923037,45.916646,460.69 10.922996,45.916692,459.81 10.922907,45.91672,458.67 10.922796,45.916675,457.18 10.922737,45.916561,455.18 10.922607,45.916431,452.55 10.922433,45.916328,449.92 10.921982,45.916068,446.02 10.92173,45.915953,444.57 10.921487,45.915844,442.62 10.921141,45.915722,439.7 10.92088,45.915632,436.42 10.920529,45.915449,431.47 10.92028,45.915327,428.78 10.920106,45.915156,426.13 10.919806,45.91486,422.35 10.919757,45.914746,421.1 10.919758,45.914503,418.56 10.919774,45.914298,416.42 10.919784,45.914212,415.67 10.919831,45.914074,413.87 10.920026,45.913772,409.66 10.920048,45.913729,409.08 10.920047,45.91363,408.03 10.919992,45.91352,406.81 10.919921,45.913427,405.69 10.919844,45.913338,404.59 10.919814,45.913235,403.48 10.919789,45.913143,402.49 10.91978,45.913078,401.8 10.919737,45.912942,400.32 10.919693,45.912882,399.61 10.919599,45.912787,398.39 10.919522,45.912707,397.37 10.919471,45.91262,396.57 10.919435,45.912508,395.6 10.919413,45.912358,394.31 10.919406,45.912236,393.29 10.919372,45.912097,392.1 10.91932,45.911992,391.17 10.919217,45.911978,390.42 10.919137,45.912009,389.79 10.919117,45.91207,389.17 10.919141,45.912135,388.5 10.919214,45.912271,387.04 10.919203,45.912433,385.41 10.919123,45.912723,382.46 10.919063,45.91289,377.79 10.919038,45.913143,377.07 10.919024,45.913299,375.36 10.919006,45.913413,374.34 10.918947,45.913584,373.31 10.918826,45.913739,372.54 10.918667,45.91391,371.67 10.918585,45.913966,371.34 10.918507,45.913977,371.11 10.918458,45.913949,370.9 10.918454,45.91391,370.71 10.918486,45.91386,370.46 10.918595,45.913772,369.92 10.918651,45.913699,369.53 10.918659,45.913611,368.77 10.918636,45.913509,367.88 10.918587,45.913371,365.02 10.918462,45.913168,363.39 10.918319,45.912935,361.47 10.918131,45.912654,358.56 10.917996,45.912557,357.08 10.917903,45.912478,355.96 10.917847,45.912361,354.62 10.917962,45.912132,351.97 10.917914,45.91205,351.01 10.917829,45.912035,350.35 10.917749,45.912046,349.72 10.917661,45.912117,348.7 10.917428,45.91245,344.65 10.917394,45.912488,344.16 10.917301,45.912508,343.42 10.917203,45.912489,342.65 10.91716,45.912443,342.04 10.917179,45.912235,339.67 10.917183,45.91208,337.91 10.917186,45.911898,335.82 10.91719,45.911718,333.77 10.917194,45.911562,331.99 10.917194,45.911459,330.82 10.917173,45.911414,330.28 10.917114,45.911395,329.77 10.91704,45.911392,329.17 10.916964,45.911424,328.46 10.916934,45.91149,327.97 10.916941,45.911603,326.99 10.916931,45.911679,326.03 10.916875,45.911763,325.06 10.916716,45.911829,324.07 10.916481,45.911907,321.61 10.916261,45.911994,319.63 10.916118,45.912062,318.28 10.915983,45.912161,316.74 10.915831,45.912337,314.43 10.915769,45.912484,312.71 10.915758,45.912637,310.98 10.915852,45.912921,307.58 10.915932,45.913105,305.67 10.915927,45.913246,304.26 10.915839,45.913601,300.68 10.915754,45.913828,298.35 10.915636,45.914073,296.2 10.915428,45.914382,293.36 10.915339,45.914523,292.07 10.915301,45.914643,291.06 10.915277,45.914868,289.18 10.915214,45.914917,288.64 10.915144,45.914927,288.22 10.915075,45.914906,287.78 10.915041,45.914852,287.3 10.91505,45.914735,286.32 10.915013,45.914502,284.38 10.915015,45.914279,282.54 10.915026,45.914146,281.44 10.915067,45.913931,279.65 10.915122,45.913746,278.09 10.915114,45.913688,277.6 10.915073,45.913621,277 10.914976,45.913604,276.42 10.914896,45.913646,275.94 10.914871,45.913737,275.44 10.914836,45.91387,274.35 10.914788,45.91397,273.49 10.914653,45.914157,272.04 10.914596,45.914288,271.11 10.914608,45.914439,270.07 10.914626,45.914594,268.94 10.914576,45.914642,268.5 10.914515,45.914661,268.16 10.914451,45.914662,267.83 10.914392,45.914625,267.43 10.914389,45.914555,266.91 10.914452,45.914399,265.73 10.914359,45.914153,263.87 10.914337,45.914063,263.2 10.914305,45.913895,261.95 10.91425,45.91368,259.95 10.914214,45.913586,259.06 10.91416,45.913499,258.19 10.914052,45.913381,256.91 10.913863,45.91322,254.99 10.913642,45.913058,252.93 10.913513,45.912963,251.74 10.91335,45.912914,250.6 10.912938,45.912856,247.85 10.912853,45.912816,247.18 10.912813,45.912777,246.69 10.912802,45.91273,246.18 10.912799,45.912635,245.15 10.912828,45.912547,244.16 10.912816,45.912489,243.52 10.912754,45.912456,242.93 10.912647,45.912453,242.11 10.912591,45.912497,241.48 10.912569,45.91261,240.24 10.912573,45.912747,238.74 10.912597,45.912882,237.26 10.912687,45.912961,236.02 10.912788,45.913065,235.07 10.912806,45.913132,234.55 10.912753,45.91318,233.61 10.912682,45.913191,233.2 10.912581,45.913145,232.5 10.912474,45.913041,231.46 10.912303,45.912862,229.69 10.912173,45.912727,228.07 10.912115,45.912631,227.07 10.912106,45.912548,226.28 10.912147,45.91245,225.31 10.912196,45.912357,223.77 10.912184,45.912301,222.89 10.912147,45.91225,221.76 10.912036,45.912207,219.98 10.911831,45.912152,218.33 10.91172,45.912104,217.1 10.91166,45.912047,216.14 10.911545,45.911893,213.82 10.911479,45.911867,213.11 10.911373,45.911851,212.09 10.911261,45.911891,210.91 10.911207,45.911964,209.81 10.911119,45.912069,208.39 10.910991,45.912281,205.74 10.910958,45.912358,204.82 10.910951,45.91243,203.99 10.910929,45.912727,200.6 10.910913,45.912964,197.19 10.910898,45.913038,196.43 10.910669,45.913242,193.8 10.910385,45.913416,190 10.9102,45.913473,188.46 10.909439,45.913645,182.16 10.909269,45.91368,180.28 10.909021,45.913695,178.29 10.908837,45.91368,176.46 10.908597,45.913545,173.43 10.908235,45.913245,170.51 10.90786,45.912922,167.09 10.907132,45.912359,160.28 10.906791,45.911912,155.43 10.906682,45.911759,153.86 10.906564,45.911689,152.87 10.906393,45.911604,151.53 10.906154,45.911583,150.31 10.905852,45.911604,148.6 10.905591,45.911718,147.14 10.905182,45.911919,144.28 10.904819,45.91209,141.78 10.904418,45.912291,139.09 10.904043,45.912392,136.9 10.903556,45.912515,133.98 10.903604,45.912903,132.48 10.903645,45.913069,131.83 10.903527,45.913105,131.48 10.903221,45.913187,130.6 10.902843,45.913269,129.52 10.902699,45.913101,128.54 10.902455,45.912761,127.06 10.901957,45.912058,123.12 10.901829,45.911902,122.1 10.90145,45.911364,118.67 10.900958,45.91074,114.6 10.900878,45.910676,114.11 10.900724,45.910591,113.33 10.900578,45.91074,113.14 10.900248,45.910995,112.79 10.899245,45.911736,110.75 10.898165,45.912488,107.74 10.897252,45.913133,104.77 10.895977,45.914041,101.74 10.895106,45.914586,100.22 10.894982,45.914459,99.85 10.894936,45.914405,99.69 10.894807,45.9141,98.92 10.894782,45.914013,98.65 10.89476,45.91393,98.42 10.894686,45.913779,97.97 10.89457,45.91368,97.61 10.894369,45.91354,97.05 10.89415,45.91341,96.49 10.893884,45.913303,95.89 10.89357,45.9132,95.22 10.89312,45.913127,94.3 10.892801,45.913112,94.33 10.892468,45.913124,93.87 10.892251,45.913146,93.68 10.89198,45.91318,93.45 10.891614,45.913247,93.13 10.891283,45.913322,92.83 10.890975,45.913394,92.55 10.890602,45.913475,92.15 10.8902,45.913565,91.72 10.889837,45.913636,91.34 10.889486,45.913694,90.97 10.889174,45.913724,90.64 10.888825,45.913716,90.28 10.88846,45.913681,89.91 10.888213,45.913634,89.65 10.887849,45.913529,89.25 10.887613,45.913434,88.97 10.88736,45.913324,88.89 10.887095,45.913202,88.8 10.886739,45.913041,88.68 10.886403,45.91288,88.57 10.885988,45.912667,88.42 10.88572,45.9125,88.33 10.885507,45.912355,88.24 10.885311,45.912217,88.16 10.885156,45.912093,88.1 10.885005,45.911949,88.03 10.884873,45.911814,87.96 10.884664,45.911543,87.84 10.884469,45.911261,87.8 10.884322,45.911009,87.77 10.884175,45.910712,87.74 10.884073,45.910513,87.71 10.883933,45.910266,87.68 10.883803,45.910054,87.65 10.883659,45.909861,87.63 10.883512,45.909731,87.61 10.883327,45.909592,87.59 10.883168,45.9095,87.61 10.882992,45.909406,87.63 10.882688,45.909294,87.87 10.882317,45.909174,88.15 10.881967,45.909056,87.9 10.881597,45.908952,87.64 10.881346,45.908891,87.46 10.881098,45.908857,87.29 10.88095,45.90885,86.84 10.880637,45.908862,85.95 10.880472,45.908883,85.48 10.88029,45.90892,84.94 10.88017,45.90897,84.94 10.87997,45.909062,84.94 10.87977,45.909173,84.94 10.879582,45.909215,84.94 10.879375,45.909218,84.94 10.879255,45.909186,84.94 10.87915,45.90909,84.94 10.879019,45.908963,84.94 10.87873,45.908736,84.84 10.878155,45.908311,84.61 10.877596,45.90789,84.4 10.87732,45.907645,84.29 10.87692,45.907231,84.1 10.876442,45.906752,83.89 10.876047,45.906309,83.69 10.875469,45.905609,83.39 10.874771,45.904804,83.11 10.874215,45.904181,82.9 10.873895,45.903851,82.78 10.873703,45.903606,82.71 10.873309,45.9031,82.54 10.873008,45.902781,82.43 10.872628,45.902408,82.3 10.872234,45.902021,82.16 10.871722,45.901553,81.8 10.870997,45.901065,81.82 10.869403,45.899955,79.93 10.868215,45.899133,79.26 10.867739,45.898792,79 10.866232,45.897686,78.57 10.865568,45.897195,79.55 10.864743,45.896628,79.56 10.863744,45.895963,78.62 10.862742,45.8953,76.5 10.86235,45.89495,75.52 10.86227,45.89486,75.28 10.862166,45.894737,75 10.862092,45.89465,74.94 10.861569,45.894215,74.82 10.860566,45.893597,74.15 10.859734,45.89307,73.52 10.858868,45.892478,73.34 10.858149,45.891858,73.18 10.857549,45.891285,73.52 10.857191,45.890975,72.94 10.857092,45.890922,72.81 10.8568,45.890717,72.4 10.85607,45.890129,71.76 10.855324,45.889519,72.08 10.854802,45.889055,72.93 10.854713,45.888969,73.08 10.854595,45.888809,73.34 10.854548,45.888622,72.82 10.854523,45.888298,72.76 10.85469,45.88781,71.69 10.85456,45.887775,71.88 10.854382,45.88776,72.13 10.854229,45.887807,72.67 10.853756,45.887995,74.44 10.853481,45.887841,76.79 10.853465,45.887831,77 10.853417,45.887741,76.9 10.853309,45.88755,76.5 10.853199,45.887347,76.2 10.853076,45.88713,75.7 10.852958,45.886932,75.2 10.852844,45.886735,74.8 10.85274,45.886572,74.5 10.852655,45.886432,74.4 10.852552,45.886295,74.4 10.852524,45.886303,74 10.852207,45.886356,72.81 10.851785,45.886385,71.78 10.851238,45.886507,71.27 10.850711,45.886654,71.48 10.850422,45.886734,71.37 10.849558,45.886958,72.48 10.849027,45.887081,73.2 10.848412,45.887211,73.37 10.847794,45.887309,73.02 10.847705,45.88732,72.5 10.847057,45.885563,70.85 10.84643,45.885721,70.43 10.845961,45.88585,70.11 10.845665,45.885915,69.92 10.845484,45.885951,69.8 10.845239,45.885983,69.64 10.845265,45.885938,69.58 10.845265,45.885878,69.5 10.845201,45.885725,69.29 10.84511,45.885512,69.15 10.844997,45.885285,69 10.844836,45.885042,69 10.84467,45.884829,69 10.843946,45.884881,69 10.843431,45.884904,69 10.842996,45.884926,69 10.842594,45.884941,69.54 10.842449,45.884964,70 10.842353,45.885008,70.35 10.842267,45.885046,70.66 10.842165,45.885076,71
          </coordinates>
        </LineString>
      </MultiGeometry>
    </Placemark>
  </Folder>
</Document>
</kml>