<?xml version="1.0" encoding="UTF-8"?>
<kml xmlns="http://www.opengis.net/kml/2.2">
<Document>
  <name><![CDATA[TT-2026 06 Semonzo-Lavarone_numm]]></name>
  <description><![CDATA[Converted with MapKmlTools.com - Free online GPX to KML converter.]]></description>
  
  <!-- Styles -->
  <Style id="lineStyle">
    <LineStyle>
      <color>cc4444ef</color>
      <width>4</width>
    </LineStyle>
  </Style>
  
  <Style id="wptStyle">
    <IconStyle>
      <color>fff6823b</color>
      <scale>1.1</scale>
      <Icon>
        <href>http://maps.google.com/mapfiles/kml/pushpin/ylw-pushpin.png</href>
      </Icon>
    </IconStyle>
  </Style>

  <Folder>
    <name>Tracks</name>
    <Placemark>
      <name><![CDATA[TT-2026 06 Semonzo-Lavarone_numm]]></name>
      
      <styleUrl>#lineStyle</styleUrl>
      <MultiGeometry>
        <LineString>
          <tessellate>1</tessellate>
          <coordinates>
            11.772629,45.809901,183.09 11.773371,45.808404,179.36 11.773988,45.80717,177.57 11.774613,45.805944,176 11.774475,45.805895,176.2 11.77425,45.805813,176.5 11.77399,45.805713,177.1 11.773737,45.805623,177.7 11.773458,45.805527,178.5 11.773161,45.805424,179.4 11.772808,45.805299,180.1 11.77249,45.805186,180.7 11.772192,45.805082,181.2 11.771951,45.804996,181.6 11.771723,45.804912,181.9 11.771401,45.804793,182.4 11.771119,45.80469,183 11.770862,45.804596,183.6 11.770582,45.804496,184.2 11.770273,45.804383,184.8 11.770047,45.804299,185.3 11.769801,45.804202,185.9 11.769581,45.804107,186.2 11.769339,45.804007,186.5 11.769087,45.803905,186.8 11.768871,45.803815,187.2 11.768648,45.803722,187.5 11.768431,45.803633,187.8 11.768237,45.803542,188.1 11.768024,45.803437,188.4 11.767806,45.803325,188.8 11.767638,45.803246,189 11.767484,45.803176,189.3 11.767339,45.803123,189.5 11.767209,45.803079,189.8 11.766977,45.803019,190.2 11.766786,45.802996,190.7 11.766565,45.802973,191.2 11.766343,45.802955,191.8 11.766173,45.802934,192.2 11.766016,45.802904,192.6 11.765879,45.802876,192.9 11.765729,45.80282,193.1 11.765595,45.802752,193.3 11.765425,45.802657,193.5 11.765219,45.802535,193.6 11.76504,45.802428,193.4 11.764869,45.802317,193.2 11.764635,45.802175,192.8 11.764437,45.802048,192.5 11.764307,45.801957,192.2 11.764192,45.801871,192 11.764113,45.801805,191.8 11.764042,45.801723,191.7 11.763991,45.801643,191.5 11.763929,45.801526,191.3 11.76387,45.801404,191.1 11.763807,45.801266,190.8 11.763737,45.801123,190.6 11.763652,45.800945,190.3 11.76358,45.800793,190 11.763514,45.800656,189.8 11.763451,45.800526,189.5 11.763377,45.800378,189.2 11.763302,45.800235,188.8 11.763238,45.800104,188.4 11.763174,45.799963,187.9 11.763118,45.799841,187.5 11.763043,45.799679,186.8 11.762988,45.799569,186.4 11.762921,45.799437,185.7 11.762858,45.799317,185 11.762809,45.799235,184.6 11.762737,45.799156,184.2 11.76263,45.799064,183.7 11.762515,45.798983,183.2 11.762396,45.798901,182.4 11.762288,45.798831,181.8 11.762167,45.798748,181.1 11.762029,45.798653,180.3 11.761875,45.798551,179.5 11.761698,45.798438,178.6 11.761546,45.798331,177.9 11.761375,45.798214,177.2 11.761182,45.798088,176.3 11.76108,45.798017,175.9 11.760886,45.797889,175 11.760755,45.797806,174.5 11.76067,45.797749,174.2 11.760532,45.797656,173.6 11.760347,45.797526,173 11.760173,45.797409,172.4 11.759991,45.797291,171.8 11.759808,45.797173,171.3 11.759623,45.797049,170.7 11.759412,45.796908,170 11.759226,45.796781,169.3 11.759059,45.796666,168.7 11.758914,45.796564,168.1 11.758767,45.796454,167.4 11.75867,45.796381,167.3 11.758589,45.796325,167.1 11.758524,45.796282,167 11.758387,45.796221,166.8 11.758306,45.796168,166.3 11.758257,45.796125,165.8 11.758204,45.796062,165.2 11.758147,45.795977,165.1 11.758081,45.795877,165 11.758018,45.795783,164.8 11.757965,45.795676,164.6 11.757898,45.795532,164.2 11.757828,45.795389,163.8 11.757755,45.795243,163.4 11.757676,45.795078,163 11.757603,45.794935,162.7 11.757513,45.794761,162.3 11.757423,45.794586,162 11.757331,45.794401,161.7 11.757242,45.794227,161.5 11.757148,45.794047,161.2 11.757055,45.793872,161 11.756946,45.79367,160.7 11.756834,45.793457,160.5 11.756704,45.793205,160.2 11.756578,45.792967,159.8 11.756447,45.792715,159.4 11.756331,45.792489,159 11.756205,45.792248,158.6 11.756094,45.79203,158.1 11.755973,45.791797,157.6 11.75587,45.791592,157.2 11.755762,45.791396,156.7 11.755678,45.791249,156.4 11.755575,45.791058,155.9 11.755483,45.790878,155.6 11.755384,45.790681,155.1 11.755306,45.790519,154.6 11.755241,45.790372,154.2 11.755186,45.790219,153.8 11.755151,45.790059,153.4 11.755114,45.789863,153 11.755091,45.789691,152.6 11.75507,45.789516,152.5 11.755053,45.789336,152.3 11.755018,45.789158,152.2 11.75498,45.788975,152.1 11.754935,45.7888,152 11.754876,45.788596,151.9 11.754817,45.788397,151.7 11.754744,45.788171,151.3 11.754675,45.787962,151 11.754618,45.787783,150.8 11.754559,45.787606,150.4 11.754498,45.787442,150.1 11.754451,45.787314,149.9 11.754388,45.787165,149.7 11.754323,45.787025,149.5 11.754258,45.786926,149.4 11.754194,45.786849,149.3 11.75411,45.786757,149.2 11.754046,45.786695,149.4 11.753953,45.786606,149.7 11.753831,45.786509,150.3 11.753678,45.786381,151 11.75351,45.786235,152 11.753364,45.786107,152.1 11.753201,45.785953,152.2 11.753037,45.7858,151.5 11.752885,45.785652,150.7 11.752708,45.785478,149.8 11.752508,45.785285,148.8 11.752343,45.785121,147.9 11.752214,45.784986,147.3 11.752071,45.784835,146.6 11.751946,45.784713,146.2 11.751818,45.784589,145.8 11.751684,45.78446,145.6 11.751598,45.784368,145.4 11.751487,45.784266,145.1 11.751364,45.784155,144.7 11.75124,45.784051,144.4 11.7511,45.783949,144 11.750958,45.783854,143.7 11.750808,45.783749,143.3 11.750613,45.783627,142.9 11.750394,45.783501,142.4 11.750192,45.783387,142 11.750025,45.783292,141.7 11.749848,45.783188,141.2 11.749681,45.783084,140.8 11.749485,45.782967,140.5 11.749291,45.782849,140.1 11.749047,45.782701,139.8 11.748902,45.782612,139.5 11.748746,45.78252,139.4 11.748531,45.782405,139.1 11.748336,45.782298,139 11.748161,45.782194,138.8 11.747944,45.782072,138.7 11.747688,45.781937,138.5 11.74745,45.781814,138.4 11.747178,45.781672,138.3 11.746959,45.781556,138.2 11.746704,45.781421,138.1 11.746508,45.781324,138.1 11.746327,45.781229,138 11.746089,45.781111,137.9 11.745779,45.780951,137.9 11.745477,45.780795,137.8 11.745203,45.780655,137.7 11.744929,45.780511,137.7 11.744687,45.780388,137.6 11.744426,45.780257,137.6 11.744195,45.780136,137.5 11.743956,45.780016,137.7 11.743707,45.779885,137.8 11.743522,45.779788,137.9 11.743371,45.779716,138.1 11.743249,45.779664,138.2 11.743096,45.7796,138.3 11.742939,45.779542,138.1 11.742733,45.77947,137.8 11.742562,45.779432,137.5 11.742387,45.779402,137.2 11.742186,45.779393,136.9 11.742013,45.779403,136.6 11.741851,45.779425,136.5 11.741674,45.779449,136.4 11.741543,45.779467,136.3 11.741436,45.779474,136.2 11.741326,45.779474,136.2 11.741378,45.779346,136 11.741426,45.779245,135.9 11.741487,45.779108,135.8 11.741555,45.778962,135.6 11.741612,45.778837,135.5 11.741677,45.778711,135.3 11.741769,45.778567,135 11.741835,45.778461,135 11.74191,45.778333,134.9 11.74197,45.778209,134.8 11.742032,45.778088,134.7 11.74208,45.777962,134.6 11.74211,45.777849,134.6 11.742131,45.777709,134.4 11.742141,45.777597,134.3 11.742142,45.777458,134.1 11.742141,45.777328,134 11.742135,45.777198,133.8 11.742128,45.777041,133.7 11.742116,45.776892,133.8 11.742101,45.776743,133.9 11.74209,45.776644,134 11.742075,45.776568,134 11.742043,45.776449,134.1 11.742,45.776352,134.2 11.74189,45.776206,134.4 11.741776,45.776078,134.5 11.741636,45.775924,134.8 11.74151,45.775778,135 11.74138,45.775623,135.3 11.741288,45.775518,135.5 11.741236,45.775432,135.5 11.741197,45.77533,135.6 11.741173,45.775199,135.6 11.741158,45.775063,135.6 11.741142,45.774888,135.6 11.741117,45.774714,135.5 11.741097,45.774571,135.2 11.741079,45.774453,135 11.741061,45.774363,134.9 11.741029,45.774253,134.8 11.740977,45.774145,134.7 11.740891,45.774031,134.7 11.7408,45.773928,134.7 11.74073,45.773829,134.8 11.740664,45.773729,134.8 11.740611,45.773632,134.8 11.74056,45.773527,134.7 11.74052,45.773391,134.6 11.740491,45.77325,134.4 11.740472,45.773075,134.2 11.74045,45.772874,134 11.740431,45.772714,133.8 11.740411,45.772537,133.5 11.740395,45.77238,133.3 11.740377,45.77224,133.2 11.74035,45.772125,133.1 11.740304,45.772003,132.9 11.74025,45.771884,132.8 11.740196,45.771763,132.7 11.740129,45.771606,132.5 11.740056,45.771465,132.2 11.739998,45.771337,132 11.739945,45.771237,131.8 11.739901,45.77115,131.7 11.739818,45.771045,131.6 11.739681,45.770903,131.4 11.739519,45.770736,131.3 11.73938,45.770604,131.3 11.739243,45.770469,131.2 11.739122,45.770356,131.2 11.738969,45.770215,131.2 11.73882,45.770072,131.3 11.738658,45.769915,131.6 11.738532,45.769793,131.8 11.738455,45.769707,131.9 11.738399,45.769633,132 11.738342,45.769539,132 11.738323,45.769465,132 11.738307,45.769388,131.8 11.738298,45.769272,131.8 11.738301,45.769136,131.9 11.738305,45.768927,131.9 11.738312,45.768806,132 11.738321,45.768618,132.1 11.738333,45.768467,132.1 11.73834,45.768415,132 11.738337,45.768267,131.9 11.738348,45.768124,131.9 11.738358,45.76796,131.9 11.738358,45.767769,131.9 11.738368,45.76762,131.9 11.738379,45.767485,132 11.738395,45.7673,131.7 11.73841,45.767053,131.3 11.738422,45.766765,131 11.738433,45.766533,130.7 11.738447,45.766307,130.5 11.738451,45.766177,130.4 11.738459,45.766015,130.2 11.738454,45.765922,130 11.738418,45.765838,129.7 11.738359,45.765749,129.4 11.738241,45.765633,128.8 11.738088,45.765528,128.1 11.73792,45.765445,127.5 11.737735,45.765346,126.8 11.737526,45.765222,126 11.737387,45.765133,125.5 11.73721,45.765009,125 11.737019,45.764856,124.3 11.736899,45.764763,123.8 11.73676,45.764669,123.2 11.73658,45.764556,122.7 11.736449,45.76449,122.4 11.736338,45.764461,122.2 11.73613,45.764412,121.8 11.735919,45.764386,121.4 11.735661,45.764367,120.9 11.735473,45.764335,120.6 11.735294,45.764281,120.1 11.735087,45.764203,119.4 11.734851,45.764114,118.6 11.734622,45.764016,118 11.734413,45.763951,117.7 11.734123,45.763877,117.3 11.733819,45.763835,117 11.733467,45.763805,116.7 11.733254,45.763788,116.5 11.733005,45.763765,116.2 11.732727,45.763737,115.7 11.732456,45.763721,115.3 11.732261,45.763728,115 11.73217,45.763785,114.8 11.732011,45.763813,114.5 11.731871,45.763839,114.4 11.73169,45.763897,114.1 11.731371,45.764013,113.9 11.731093,45.764119,113.6 11.730784,45.764245,113.5 11.73045,45.764368,113.3 11.730093,45.764512,113.3 11.7297,45.764683,113.3 11.72941,45.764811,113.3 11.728985,45.764999,113.3 11.728667,45.765137,113.2 11.728343,45.765285,113.2 11.72807,45.765408,113.2 11.727793,45.765539,113.1 11.727611,45.765626,113.1 11.727434,45.765691,113 11.727299,45.765751,113 11.727352,45.765923,113 11.727392,45.766091,112.8 11.727432,45.766299,112.5 11.72748,45.766505,112.2 11.727525,45.766756,111.9 11.727588,45.767006,111.6 11.727627,45.767215,111.3 11.727671,45.767385,111.2 11.727696,45.767499,111.1 11.727727,45.76758,111 11.727782,45.767824,111 11.727854,45.768102,111 11.727903,45.768264,111 11.727943,45.768515,111 11.727992,45.768735,111.1 11.728041,45.76898,111.2 11.728122,45.769316,111.4 11.72817,45.769552,111.5 11.728248,45.769919,111.9 11.728309,45.770223,112.3 11.728389,45.770566,112.5 11.72846,45.770851,112.8 11.728545,45.771194,113 11.728591,45.771386,113 11.728648,45.771639,113 11.728681,45.771847,113 11.728699,45.771956,113.2 11.728711,45.772065,113.5 11.728738,45.772389,114 11.728751,45.772759,114.6 11.728762,45.773187,115.1 11.72878,45.773648,115.6 11.728789,45.773897,115.8 11.72878,45.774046,116 11.72873,45.774173,116.2 11.728652,45.774282,116.4 11.728523,45.774408,116.7 11.727947,45.774864,118 11.72736,45.775322,119.2 11.72685,45.775735,120.3 11.726632,45.775916,120.8 11.726323,45.776171,121.4 11.725874,45.776526,122.3 11.725479,45.776843,123 11.724923,45.777276,123.9 11.724616,45.777514,124.4 11.724269,45.777785,124.8 11.723935,45.778055,125.3 11.723587,45.778342,125.7 11.72328,45.77858,126 11.722893,45.778887,126.7 11.722524,45.779186,127.3 11.722172,45.779463,127.9 11.721866,45.779717,128.3 11.7217,45.779874,128.6 11.721559,45.78004,128.8 11.721468,45.780161,128.9 11.721401,45.780301,129 11.721359,45.780396,129.1 11.721308,45.780577,129.3 11.721261,45.780738,129.5 11.721111,45.781124,130.1 11.72104,45.781337,130 11.721018,45.781523,129.9 11.721034,45.781747,129.8 11.721045,45.781942,129.8 11.721077,45.782208,129.6 11.721109,45.782491,129.5 11.721142,45.782779,129.1 11.721168,45.783021,128.8 11.721193,45.783229,128.4 11.721225,45.783484,127.9 11.721278,45.783788,127 11.721341,45.784085,126.2 11.721395,45.784369,125.4 11.721428,45.784585,124.8 11.721445,45.784811,124.3 11.721418,45.784977,124 11.721374,45.785105,123.8 11.721292,45.785263,123.7 11.721178,45.785443,123.7 11.721081,45.785645,123.6 11.720977,45.785997,123.6 11.720914,45.786249,123.6 11.720852,45.786496,123.7 11.72079,45.786685,123.7 11.720742,45.786781,123.7 11.720625,45.786923,123.8 11.720508,45.787024,123.9 11.720414,45.787077,124 11.720201,45.787172,124.2 11.719894,45.787278,124.3 11.719344,45.787476,124.6 11.719147,45.787546,124.7 11.71897,45.787618,124.7 11.718835,45.787691,124.7 11.718628,45.787827,124.6 11.718518,45.787909,124.5 11.718376,45.788101,124.1 11.718204,45.788341,123.7 11.718096,45.788517,123.3 11.718026,45.788666,123.1 11.717947,45.788865,122.7 11.717814,45.789119,122.2 11.717656,45.789328,122 11.717479,45.789524,121.8 11.717355,45.789631,122 11.717198,45.789738,122.1 11.717084,45.789818,122.4 11.716864,45.789952,122.9 11.716615,45.790111,123.3 11.716288,45.790332,123.9 11.71608,45.790488,124.1 11.715939,45.790606,124.2 11.715798,45.790787,124 11.715552,45.791103,123.8 11.715345,45.791378,123.3 11.715173,45.791617,123 11.715038,45.791831,122.7 11.714945,45.792068,122.4 11.714867,45.792333,122.1 11.714753,45.7927,121.7 11.714668,45.792974,122.2 11.714565,45.793334,122.8 11.714474,45.793647,123.1 11.714376,45.793962,123.5 11.714256,45.794335,123.7 11.714194,45.794605,123.9 11.714094,45.794936,123.8 11.713987,45.795327,123.8 11.713895,45.795668,123.7 11.71381,45.795983,123.6 11.713736,45.796245,123.5 11.713657,45.796395,123.4 11.713487,45.796587,123.2 11.713261,45.796822,123 11.713042,45.797051,122.8 11.712833,45.797279,122.7 11.712647,45.797467,122.5 11.712484,45.797656,122.3 11.712372,45.797864,122.5 11.712208,45.798173,122.7 11.712059,45.798466,123.3 11.711889,45.798775,123.9 11.71172,45.799109,125 11.711603,45.799344,125.8 11.711536,45.799573,126.4 11.711463,45.799821,127.1 11.711402,45.800078,127.7 11.711344,45.800286,128.1 11.711256,45.800585,128.5 11.711178,45.800874,128.8 11.711089,45.80125,129.1 11.711023,45.801499,129.3 11.711002,45.801686,129.4 11.711016,45.801849,129.6 11.711078,45.801983,129.7 11.711203,45.802181,129.9 11.711377,45.80243,130.1 11.7116,45.802762,130.2 11.711755,45.80299,130.4 11.711873,45.803193,130.4 11.711936,45.803363,130.5 11.711987,45.803561,130.6 11.71201,45.803728,130.6 11.712011,45.803921,130.7 11.711974,45.804055,130.8 11.711892,45.804177,130.9 11.711723,45.804374,131.2 11.711565,45.804608,131.4 11.711358,45.804909,132.3 11.711203,45.805189,133.1 11.71108,45.805416,133.6 11.71105,45.805519,133.9 11.711035,45.805615,134 11.711045,45.805715,134.1 11.711106,45.805813,134.1 11.711203,45.805926,134.2 11.711363,45.806104,134.4 11.711555,45.806342,134.6 11.711699,45.806533,134.9 11.711786,45.806727,135.1 11.711887,45.806988,135.6 11.711977,45.80726,136.2 11.712065,45.807581,136.7 11.712145,45.807839,137.1 11.712278,45.808252,137.7 11.712381,45.808575,138.2 11.712486,45.808924,138.5 11.712593,45.80928,138.9 11.712684,45.809558,139.1 11.712776,45.809857,139.3 11.712919,45.810291,139.5 11.713015,45.810604,139.7 11.713094,45.810869,139.3 11.713151,45.811079,139 11.7132,45.81123,139 11.713308,45.811564,139 11.713443,45.811969,139.3 11.713567,45.812367,139.5 11.713685,45.812769,139.8 11.713779,45.813124,140.1 11.713899,45.813544,140.3 11.713997,45.813905,140.5 11.714106,45.814326,140.4 11.714192,45.814628,140.4 11.714288,45.814959,139.2 11.714375,45.815254,138.1 11.714412,45.815419,137.6 11.71442,45.815562,137.2 11.714393,45.815758,136.8 11.714332,45.816025,136.3 11.714296,45.816212,136.1 11.714219,45.816504,135.7 11.714122,45.816757,135.4 11.714005,45.816992,135.2 11.713914,45.817145,135 11.713812,45.817285,134.9 11.713643,45.817475,134.4 11.713321,45.817807,133.7 11.712976,45.818146,133 11.712597,45.818502,132.2 11.712388,45.818707,131.8 11.71214,45.818897,131.4 11.711811,45.819084,131.1 11.711591,45.819251,130.9 11.71134,45.819477,130.7 11.710644,45.820133,130.1 11.710292,45.820463,129.8 11.710079,45.820655,129.7 11.709828,45.820829,129.8 11.709504,45.82104,130.1 11.709196,45.821238,130.4 11.7089,45.821438,130.6 11.708529,45.821747,131.1 11.708145,45.822121,131.7 11.707757,45.822482,132.3 11.707419,45.822789,132.8 11.706971,45.823172,133.5 11.706597,45.823485,134 11.706307,45.823747,134.4 11.706044,45.824002,134.8 11.705798,45.824258,135 11.705566,45.824484,135.1 11.705306,45.824705,135.3 11.705006,45.82493,135.4 11.704848,45.825056,135.5 11.704517,45.825318,135.7 11.704141,45.825613,135.9 11.703884,45.825813,136.1 11.703569,45.826061,136.5 11.703271,45.826315,136.8 11.703002,45.826552,137.2 11.702751,45.82675,137.6 11.702532,45.826879,137.7 11.702312,45.82698,137.8 11.702121,45.827055,138 11.701957,45.827129,138.2 11.701748,45.827233,138.5 11.701483,45.827392,139.1 11.701183,45.827603,139.6 11.70084,45.827856,140.3 11.700541,45.828091,140.6 11.700291,45.828329,141 11.700081,45.828566,141.1 11.699893,45.828781,141.2 11.699802,45.828932,141.1 11.69966,45.829114,141 11.699546,45.829247,141 11.699294,45.829545,140.8 11.698896,45.829969,140.7 11.698571,45.830299,140.5 11.698179,45.830677,140.4 11.697791,45.831066,140.2 11.697537,45.83132,140.1 11.697247,45.831612,140 11.696983,45.831877,139.8 11.696648,45.832214,139.7 11.69641,45.832443,139.7 11.696165,45.832673,139.8 11.695958,45.832851,139.8 11.695687,45.833029,139.8 11.69541,45.833165,139.7 11.695111,45.833302,139.7 11.694755,45.833456,139.7 11.694327,45.83364,139.7 11.69393,45.833812,139.8 11.693555,45.833975,139.9 11.693036,45.83419,140.2 11.692556,45.834389,140.4 11.692124,45.834575,140.4 11.691814,45.834729,140.3 11.691508,45.834887,140.3 11.69125,45.835041,140.3 11.69092,45.835248,140.2 11.690537,45.83548,140.2 11.690189,45.835695,140.2 11.689791,45.835993,140.2 11.68943,45.836256,140.2 11.689124,45.83649,140.3 11.688825,45.836703,140.3 11.688535,45.836915,140.4 11.688301,45.837077,140.4 11.687998,45.83723,140.5 11.687621,45.837424,140.8 11.687299,45.837585,140.9 11.686947,45.837764,141.2 11.686612,45.837944,141.5 11.68615,45.838194,141.7 11.68571,45.838416,141.9 11.685286,45.838641,141.8 11.685051,45.838789,141.7 11.684863,45.838915,141.4 11.684528,45.839141,141 11.684214,45.839346,140.7 11.683919,45.839546,140.5 11.683626,45.839736,140.4 11.683445,45.839862,140.3 11.683203,45.840027,140.4 11.682948,45.840206,140.5 11.682683,45.840391,140.6 11.682383,45.840585,140.8 11.682181,45.840702,140.9 11.682014,45.840755,141 11.681715,45.840818,141.1 11.681198,45.840927,141.3 11.680835,45.84101,141.6 11.680418,45.841104,141.9 11.680138,45.841175,142.1 11.679865,45.841261,142.2 11.679359,45.841434,142.3 11.678857,45.841594,142.4 11.678384,45.84175,142.5 11.677877,45.841914,142.5 11.677655,45.841988,142.6 11.677499,45.842004,142.6 11.677089,45.842044,142.8 11.676615,45.842096,143.1 11.676265,45.842156,143.3 11.676062,45.842217,143.5 11.675746,45.84237,143.9 11.675351,45.842553,144.4 11.67504,45.842685,144.9 11.674806,45.842748,145.2 11.674457,45.842811,146 11.674178,45.842864,146.6 11.673896,45.842933,147.2 11.67357,45.843058,148.1 11.673181,45.843225,149.2 11.672848,45.843336,150.2 11.672586,45.843444,150.3 11.672401,45.843556,150.5 11.672206,45.843721,150.6 11.671927,45.843994,150.8 11.671673,45.84424,150.8 11.671489,45.844405,150.9 11.671129,45.844688,150.8 11.670826,45.844909,150.7 11.670607,45.845087,150.6 11.670233,45.845402,150.5 11.66997,45.845623,150.3 11.669811,45.845778,150.2 11.669736,45.845907,149.5 11.669669,45.846078,148.5 11.669591,45.846211,147.8 11.669497,45.846336,147 11.669425,45.846384,146.6 11.669316,45.846397,146.2 11.66915,45.846395,145.8 11.668928,45.846387,145.3 11.668634,45.846374,144.8 11.668223,45.846359,144.2 11.667899,45.846347,144.8 11.66779,45.846366,145.1 11.667722,45.846416,145.2 11.667666,45.846496,145.5 11.66765,45.846597,146.3 11.667658,45.846705,147.3 11.667721,45.846851,148.5 11.667775,45.846991,149.7 11.667766,45.847115,150.2 11.667711,45.84724,150.9 11.667571,45.847466,151.6 11.667321,45.847841,152.9 11.667146,45.848117,153.6 11.667025,45.848321,154.1 11.66696,45.848472,154.2 11.66695,45.848621,154.4 11.667005,45.848909,154.5 11.667064,45.849153,154.6 11.667078,45.84936,154.6 11.667036,45.849549,154.5 11.666962,45.84971,154.4 11.666777,45.849964,154.1 11.666503,45.850301,153.8 11.666182,45.85069,153.5 11.665916,45.851011,153.2 11.665672,45.851338,152.9 11.665443,45.851656,152.4 11.665191,45.852044,151.8 11.665004,45.852374,151.5 11.664801,45.852706,151.1 11.664666,45.852857,151.1 11.664478,45.85299,151 11.6643,45.85308,151.1 11.66409,45.8532,151.3 11.66398,45.853297,151.4 11.663893,45.853393,151.4 11.663756,45.853555,151.6 11.663551,45.853814,151.8 11.663308,45.854122,151.2 11.663123,45.85437,150.8 11.662926,45.854641,150.3 11.662653,45.855002,149.7 11.662326,45.855399,149 11.662285,45.855341,149.3 11.662276,45.85528,149.7 11.662277,45.855179,150.2 11.662286,45.855051,150.9 11.662291,45.854953,151.4 11.662289,45.854856,152 11.66228,45.854791,152.4 11.662245,45.854733,152.7 11.662178,45.85468,153.1 11.66211,45.854643,153.5 11.662036,45.854629,153.8 11.66196,45.854639,154.1 11.661869,45.85467,154.5 11.661788,45.854711,154.9 11.661703,45.854765,155.3 11.661621,45.854832,155.8 11.66153,45.854914,156.3 11.661464,45.854989,156.8 11.661396,45.855067,157.3 11.661323,45.85517,157.8 11.661277,45.855247,158.2 11.661239,45.855339,158.7 11.661205,45.855451,159.2 11.661174,45.855547,159.7 11.66113,45.855649,160.1 11.661086,45.85574,160.5 11.66103,45.85581,160.8 11.660937,45.85588,161.2 11.660808,45.855957,161.6 11.660647,45.85604,162.1 11.660512,45.856113,162.6 11.660353,45.8562,163.1 11.660251,45.856248,163.3 11.66014,45.856295,163.7 11.659998,45.856341,164 11.659855,45.856365,164.3 11.659713,45.856391,164.5 11.659541,45.856424,164.7 11.659412,45.856456,164.9 11.659295,45.856501,165 11.659179,45.856556,165.2 11.659056,45.856628,165.3 11.658934,45.856705,165.5 11.658814,45.856783,165.7 11.6587,45.856861,165.8 11.658619,45.856942,166 11.658568,45.85702,166.1 11.658532,45.85711,166.3 11.658477,45.857237,166.4 11.658413,45.857344,166.6 11.658332,45.857468,166.8 11.658267,45.857562,166.9 11.658192,45.857684,167.1 11.658118,45.857815,167.3 11.658066,45.857969,167.5 11.658031,45.858079,167.6 11.657998,45.858214,167.8 11.657983,45.858291,167.9 11.657982,45.858382,167.9 11.65799,45.858444,168 11.657946,45.858459,168 11.657901,45.858496,168 11.657886,45.858556,168 11.657876,45.858652,168.1 11.657854,45.858762,168.1 11.657831,45.858881,168.1 11.657808,45.858956,168.2 11.65777,45.859034,168.3 11.657711,45.859098,168.4 11.657619,45.859173,168.5 11.657537,45.859234,168.6 11.657419,45.859295,168.8 11.657305,45.859345,169 11.657162,45.859407,169.3 11.65704,45.859459,169.7 11.656927,45.859515,170 11.656826,45.85957,170.3 11.656739,45.859627,170.6 11.656649,45.859698,171 11.656586,45.859771,171.3 11.656544,45.859859,171.8 11.656527,45.859945,172.2 11.656497,45.860027,172.6 11.656438,45.860129,173.1 11.656373,45.860225,173.5 11.656285,45.860332,174 11.656198,45.860449,174.5 11.656116,45.860547,174.9 11.656038,45.860631,175.3 11.655954,45.86073,175.8 11.655871,45.860834,176.2 11.655799,45.860923,176.5 11.655728,45.860991,176.8 11.655637,45.861043,177.1 11.655523,45.861082,177.4 11.655386,45.861105,177.7 11.655261,45.861119,177.9 11.655123,45.861133,178.2 11.654984,45.861152,178.4 11.654877,45.86117,178.6 11.654779,45.861203,178.8 11.654693,45.861258,178.9 11.65459,45.861338,179.1 11.654491,45.861392,179.2 11.654371,45.861429,179.3 11.654235,45.861457,179.5 11.654131,45.861479,179.6 11.654004,45.861505,179.7 11.653883,45.861527,179.8 11.653759,45.861545,179.9 11.653641,45.861561,180.1 11.653518,45.861575,180.2 11.653391,45.861591,180.3 11.653272,45.861608,180.5 11.653163,45.861633,180.6 11.653039,45.861662,180.8 11.652927,45.861689,181 11.652813,45.86172,181.2 11.652698,45.861746,181.4 11.652565,45.861772,181.9 11.652436,45.861807,182.4 11.652339,45.861841,182.8 11.652252,45.861884,183.3 11.652183,45.861932,183.8 11.652106,45.862005,184.5 11.652019,45.862094,185.2 11.651951,45.862161,185.8 11.651874,45.862231,186.4 11.6518,45.862299,186.9 11.65172,45.86237,187.6 11.651638,45.862445,188.2 11.651561,45.862517,188.7 11.651483,45.86259,189.2 11.651394,45.862678,189.8 11.651323,45.862751,190.3 11.651254,45.862821,190.7 11.651184,45.862893,191.2 11.651103,45.862977,191.7 11.650988,45.863089,192.3 11.650884,45.863188,192.9 11.650795,45.863265,193.4 11.650717,45.863337,193.9 11.650639,45.863416,194.4 11.650548,45.863508,195 11.65044,45.863603,195.7 11.650312,45.863698,196.4 11.650169,45.863802,197.2 11.650022,45.863894,198 11.649875,45.863994,198.8 11.649765,45.864086,199.4 11.649644,45.864182,200.1 11.649549,45.864309,200.9 11.649492,45.864406,201.4 11.649452,45.864512,202 11.649413,45.864635,202.6 11.64938,45.864765,203.3 11.649366,45.864896,203.9 11.649355,45.86502,204.5 11.649343,45.865135,205 11.649321,45.865246,205.6 11.649284,45.865322,206 11.649221,45.865377,206.3 11.649142,45.865436,206.7 11.649026,45.8655,207.3 11.648922,45.86556,207.8 11.648789,45.865636,208.5 11.648686,45.865701,209 11.648591,45.865748,209.5 11.648482,45.865796,210 11.648329,45.865855,210.7 11.648228,45.865899,211.1 11.648135,45.865969,211.7 11.648061,45.866036,212.1 11.647962,45.866119,212.7 11.647862,45.866191,213.2 11.647756,45.866234,213.7 11.647622,45.866262,214.2 11.647497,45.866278,214.6 11.647393,45.866298,215 11.647289,45.866335,215.3 11.64717,45.86641,215.8 11.647072,45.866483,216.2 11.646965,45.866569,216.8 11.646848,45.866653,217.3 11.64674,45.866703,217.8 11.64662,45.866738,218.2 11.646555,45.866749,218.5 11.646508,45.866769,218.8 11.646491,45.866802,219 11.64652,45.866853,219.4 11.646571,45.866883,219.8 11.646657,45.866895,220.3 11.64677,45.866898,221 11.646932,45.866884,222.1 11.647118,45.866868,223.3 11.647259,45.866857,224.3 11.647451,45.866838,225.6 11.647595,45.86682,226.6 11.647726,45.866799,227.6 11.647872,45.866769,228.6 11.648045,45.866726,229.9 11.648188,45.866679,231 11.64833,45.866625,232.2 11.648467,45.866562,233.3 11.648555,45.866506,234.2 11.648621,45.866431,235.1 11.648691,45.866352,236.1 11.648745,45.866298,236.8 11.648833,45.866251,237.6 11.648955,45.866223,238.6 11.649066,45.866204,239.4 11.649161,45.866171,240.3 11.649222,45.866135,240.9 11.649295,45.86606,241.9 11.649368,45.866,242.8 11.649476,45.865939,243.8 11.649593,45.865884,244.8 11.649689,45.865838,245.6 11.649803,45.865791,246.5 11.6499,45.865763,247.2 11.649967,45.865752,247.6 11.65001,45.865769,247.9 11.650024,45.865805,248.1 11.650013,45.865839,248.4 11.649948,45.865873,248.8 11.649833,45.86591,249.4 11.649725,45.865952,250.1 11.649605,45.865999,250.7 11.64953,45.866042,251.2 11.649488,45.866111,251.8 11.649464,45.866189,252.4 11.649448,45.866259,252.9 11.649413,45.866304,253.3 11.649362,45.866341,253.7 11.649285,45.866353,254.1 11.649192,45.866359,254.6 11.649075,45.866363,255.2 11.649,45.86638,255.7 11.648936,45.866423,256.1 11.648894,45.866482,256.6 11.64885,45.866586,257.1 11.648808,45.86668,257.4 11.648762,45.866767,257.8 11.648717,45.866841,258.1 11.648668,45.866893,258.3 11.648579,45.866939,258.6 11.648453,45.866972,258.9 11.648336,45.867007,259.1 11.648241,45.867046,259.4 11.648167,45.867097,259.7 11.648106,45.86715,259.9 11.648046,45.867179,260.1 11.647967,45.867189,260.4 11.647874,45.867184,260.8 11.64777,45.86718,261.2 11.647686,45.867201,261.6 11.647623,45.867236,261.9 11.647558,45.867282,262.4 11.647498,45.867307,262.7 11.647435,45.867309,263.1 11.647371,45.867289,263.5 11.647307,45.867261,263.9 11.647229,45.867244,264.4 11.647142,45.867247,265 11.647062,45.867257,265.4 11.646993,45.867282,265.9 11.646947,45.867313,266.3 11.646941,45.867347,266.6 11.646963,45.867371,266.8 11.647007,45.867381,267.1 11.647079,45.867374,267.5 11.647159,45.867356,267.9 11.647237,45.867351,268.3 11.64733,45.867365,268.8 11.647413,45.867382,269.3 11.647494,45.867393,269.7 11.647575,45.867383,270.1 11.647681,45.867342,270.8 11.647761,45.867313,271.3 11.647831,45.867306,271.6 11.64793,45.867316,272.2 11.648012,45.867315,272.7 11.648079,45.867306,273.1 11.648153,45.867263,273.7 11.648206,45.867206,274.2 11.648278,45.867151,274.9 11.648367,45.867126,275.4 11.648467,45.867125,276 11.648556,45.867133,276.5 11.648644,45.86712,277 11.648734,45.86709,277.6 11.648781,45.867055,278 11.648812,45.866997,278.4 11.648837,45.866921,279 11.648882,45.866856,279.5 11.648952,45.866798,280.1 11.649035,45.866722,280.7 11.649109,45.866652,281.3 11.649168,45.866591,281.8 11.649223,45.866566,282.1 11.649298,45.866563,282.5 11.649388,45.866575,282.9 11.649503,45.8666,283.5 11.649597,45.866617,284 11.649668,45.866617,284.4 11.649722,45.866599,284.7 11.649757,45.866557,285 11.649777,45.866492,285.5 11.649801,45.866424,286.1 11.649834,45.866352,286.6 11.649883,45.866293,287.2 11.649965,45.866247,287.7 11.650078,45.866196,288.5 11.650177,45.866142,289.2 11.650229,45.866083,289.8 11.650279,45.866042,290.2 11.650351,45.866007,290.7 11.650431,45.865963,291.3 11.650509,45.865904,291.9 11.650584,45.865823,292.7 11.650671,45.865724,293.7 11.650728,45.86564,294.5 11.650785,45.865551,295.3 11.650816,45.865454,296.1 11.650829,45.865358,296.9 11.65084,45.865285,297.4 11.650875,45.865243,297.8 11.65093,45.865211,298.2 11.651033,45.86518,298.9 11.65114,45.865161,299.5 11.651225,45.865146,300 11.651272,45.865123,300.4 11.651305,45.86508,300.8 11.651318,45.865014,301.4 11.651325,45.86494,302 11.651336,45.864876,302.6 11.651359,45.864823,303 11.651414,45.86475,303.6 11.651452,45.864677,304.1 11.651486,45.864586,304.8 11.651518,45.864504,305.3 11.651563,45.864444,305.8 11.651621,45.864408,306.1 11.65172,45.864379,306.6 11.651841,45.864354,307.2 11.65193,45.864333,307.7 11.651987,45.864307,308 11.65202,45.864268,308.3 11.652029,45.864216,308.7 11.652034,45.864148,309.2 11.65205,45.86408,309.7 11.652102,45.864027,310.2 11.652172,45.86397,310.8 11.65223,45.863933,311.3 11.652282,45.863918,311.6 11.65232,45.863929,311.9 11.652334,45.86396,312.2 11.652322,45.863998,312.5 11.652268,45.86403,313 11.652193,45.864072,313.6 11.652146,45.864125,314.1 11.652135,45.8642,314.8 11.652129,45.864281,315.5 11.652117,45.864335,316 11.652072,45.864377,316.4 11.65198,45.864402,316.9 11.651878,45.864429,317.5 11.651785,45.864462,318 11.651722,45.864497,318.4 11.651689,45.864552,318.8 11.651682,45.864628,319.3 11.651684,45.864713,319.9 11.651688,45.864796,320.4 11.651658,45.864851,320.7 11.6516,45.864904,321.1 11.651554,45.864956,321.4 11.65153,45.865002,321.7 11.651525,45.865068,322.1 11.65153,45.865153,322.6 11.651529,45.865235,323.1 11.651533,45.865291,323.4 11.651517,45.865324,323.6 11.651478,45.865355,323.8 11.651413,45.865368,324.1 11.651342,45.865372,324.5 11.651258,45.865377,324.9 11.651188,45.865385,325.2 11.651131,45.865418,325.6 11.651102,45.86548,326.1 11.651071,45.865563,326.8 11.651032,45.865662,327.6 11.650995,45.865755,328.4 11.650943,45.865847,329.2 11.650887,45.865926,330 11.650846,45.865982,330.5 11.650831,45.866047,331.1 11.65083,45.866117,331.7 11.65081,45.866167,332.1 11.650763,45.866208,332.6 11.650666,45.866263,333.3 11.650557,45.866332,334.2 11.650474,45.866392,334.9 11.650396,45.866446,335.5 11.650334,45.866497,336.1 11.650296,45.866548,336.5 11.650284,45.866627,337.1 11.650275,45.866724,337.9 11.650262,45.866838,338.8 11.650251,45.866935,339.5 11.650245,45.867006,340.1 11.650218,45.86705,340.4 11.650158,45.86708,340.8 11.650091,45.86709,341.1 11.649948,45.867092,341.8 11.649857,45.867092,342.3 11.649755,45.867104,342.8 11.649644,45.867106,343.4 11.649554,45.867107,343.8 11.649471,45.867125,344.3 11.649426,45.867155,344.6 11.649401,45.867216,345.1 11.649385,45.867283,345.6 11.649359,45.867341,346.1 11.649302,45.867392,346.6 11.649226,45.867432,347.1 11.649116,45.867461,347.8 11.649,45.867484,348.4 11.648913,45.867518,349 11.648817,45.867575,349.7 11.648724,45.867644,350.5 11.648631,45.867714,351.2 11.64852,45.867793,352.1 11.648433,45.867848,352.8 11.64831,45.867919,353.7 11.648231,45.867972,354.3 11.648136,45.868045,355.1 11.648054,45.868113,355.9 11.647959,45.868181,356.7 11.647854,45.868245,357.5 11.647755,45.868297,358.2 11.647624,45.868361,359.1 11.647504,45.868409,359.9 11.647422,45.868439,360.5 11.647359,45.868479,361 11.647323,45.868526,361.4 11.647317,45.868599,362 11.647318,45.868727,363 11.647321,45.868834,363.9 11.647319,45.868945,364.8 11.647318,45.869061,365.7 11.647323,45.869162,366.5 11.647334,45.869259,367.2 11.647339,45.869341,367.9 11.647335,45.869421,368.5 11.647334,45.869469,368.9 11.647342,45.869499,369.1 11.647375,45.869516,369.3 11.647401,45.869516,369.4 11.647424,45.869496,369.6 11.647427,45.869455,369.9 11.647418,45.869366,370.6 11.647417,45.869283,371.2 11.647414,45.86919,371.9 11.64742,45.869104,372.6 11.647439,45.869009,373.3 11.647467,45.868908,374.1 11.647497,45.868808,374.9 11.647534,45.868731,375.6 11.647572,45.868681,376.1 11.647636,45.868642,376.5 11.647715,45.868616,377 11.647814,45.868591,377.6 11.647925,45.868559,378.3 11.648041,45.868517,379.1 11.64815,45.868477,379.8 11.648259,45.868429,380.6 11.648366,45.868373,381.4 11.648461,45.868308,382.1 11.648555,45.868247,382.9 11.648644,45.868195,383.6 11.648743,45.868148,384.3 11.648846,45.868102,385.1 11.648918,45.868067,385.6 11.648975,45.86802,386.1 11.649023,45.867974,386.6 11.649104,45.867921,387.2 11.649213,45.867874,387.9 11.649294,45.867843,388.4 11.649402,45.867819,388.9 11.6495,45.867806,389.5 11.649609,45.867799,390 11.649702,45.867785,390.4 11.649789,45.867753,390.8 11.649852,45.867695,391.3 11.649896,45.867636,391.6 11.649938,45.867598,391.9 11.649985,45.867583,392.1 11.650031,45.867591,392.3 11.650063,45.867615,392.4 11.65006,45.867654,392.7 11.650028,45.867694,392.9 11.649966,45.867745,393.4 11.649888,45.867802,393.9 11.649814,45.867837,394.3 11.649718,45.867853,394.9 11.64961,45.867858,395.5 11.649535,45.867868,396 11.649446,45.867888,396.6 11.649356,45.867928,397.3 11.64928,45.867985,398 11.649204,45.868049,398.8 11.649134,45.868104,399.5 11.649043,45.868178,400.4 11.648953,45.868261,401.4 11.648837,45.868355,402.5 11.648745,45.868434,403.4 11.648676,45.868525,404.4 11.648616,45.868595,405.2 11.648539,45.86867,406 11.64845,45.868749,406.9 11.648357,45.868825,407.9 11.648277,45.868906,408.8 11.648215,45.868987,409.6 11.648163,45.869058,410.3 11.648127,45.869145,411.1 11.648109,45.869241,411.9 11.6481,45.869324,412.6 11.648107,45.869425,413.5 11.648119,45.869512,414.2 11.648129,45.869603,414.9 11.648141,45.869668,415.4 11.648161,45.869716,415.8 11.6482,45.869737,416 11.648244,45.869733,416.2 11.64826,45.869704,416.4 11.648247,45.869647,416.8 11.648233,45.869582,417.1 11.648225,45.86951,417.6 11.648223,45.86943,418 11.648223,45.869339,418.4 11.648244,45.869268,418.9 11.648286,45.8692,419.4 11.648358,45.869124,420 11.648437,45.869054,420.6 11.648522,45.868979,421.3 11.648615,45.8689,422.1 11.648685,45.868855,422.6 11.648773,45.868813,423.2 11.648859,45.868781,423.7 11.648929,45.868739,424.2 11.648987,45.868679,424.9 11.649032,45.868625,425.4 11.649089,45.868554,426.1 11.649156,45.868497,426.8 11.649224,45.868466,427.2 11.649319,45.868439,427.9 11.649419,45.868409,428.5 11.649517,45.868365,429.2 11.649609,45.86831,429.9 11.649683,45.868263,430.5 11.649805,45.868221,431.2 11.649926,45.868204,431.9 11.650039,45.868192,432.5 11.6501,45.868187,432.8 11.650144,45.8682,433.1 11.650163,45.868231,433.3 11.650134,45.868265,433.6 11.650044,45.868279,434 11.649948,45.868281,434.4 11.649839,45.868292,435 11.649745,45.868318,435.4 11.649661,45.868357,435.9 11.649572,45.868412,436.5 11.649481,45.868461,437 11.649406,45.868499,437.5 11.649329,45.868535,437.9 11.649258,45.86858,438.4 11.649223,45.868644,438.9 11.649197,45.868726,439.5 11.649166,45.868801,440.1 11.649111,45.868871,440.6 11.649027,45.868938,441.3 11.648954,45.868995,441.8 11.648882,45.869072,442.5 11.648825,45.869159,443.2 11.648749,45.869259,444 11.648691,45.869362,444.8 11.648673,45.869446,445.5 11.648675,45.869534,446.1 11.648676,45.869639,446.9 11.64867,45.869749,447.8 11.648666,45.869852,448.6 11.648659,45.869938,449.2 11.648654,45.870029,449.9 11.64862,45.8701,450.5 11.648569,45.870173,451.1 11.648511,45.870235,451.6 11.648445,45.870278,452.1 11.648377,45.870308,452.5 11.648272,45.87033,453.1 11.648156,45.870354,453.6 11.648007,45.87039,454.2 11.647883,45.870424,454.8 11.647773,45.870464,455.3 11.647694,45.870515,455.7 11.647639,45.870594,456.3 11.647606,45.87069,456.9 11.6476,45.870801,457.6 11.647603,45.870899,458.3 11.647596,45.870976,458.8 11.647556,45.87105,459.3 11.647478,45.871118,459.9 11.647401,45.871181,460.6 11.647332,45.871257,461.2 11.647266,45.871318,461.8 11.647202,45.871362,462.3 11.647105,45.871399,462.9 11.646986,45.871432,463.6 11.646883,45.871466,464.2 11.64682,45.871501,464.6 11.646784,45.871553,465 11.646766,45.871626,465.6 11.646761,45.871711,466.2 11.646767,45.87181,466.9 11.646777,45.871915,467.7 11.646792,45.872021,468.4 11.646807,45.872134,469.1 11.646811,45.872234,469.8 11.646816,45.872322,470.3 11.646822,45.872391,470.8 11.646849,45.872425,471 11.64689,45.872435,471.1 11.646932,45.872429,471.2 11.646968,45.872408,471.4 11.646966,45.872368,471.6 11.64694,45.872306,471.8 11.646928,45.872245,472.2 11.646908,45.872156,472.6 11.646891,45.872046,473.2 11.646878,45.87194,473.8 11.646884,45.871854,474.3 11.646896,45.871745,474.9 11.646926,45.871672,475.4 11.646956,45.871626,475.7 11.647008,45.871593,476 11.647103,45.87156,476.4 11.647236,45.871516,477.1 11.647339,45.871477,477.6 11.647448,45.871425,478.1 11.647543,45.871366,478.7 11.647646,45.871293,479.3 11.647763,45.871206,480.1 11.647828,45.871148,480.5 11.64787,45.871085,480.9 11.647899,45.870994,481.5 11.647927,45.870902,482.1 11.647979,45.870819,482.6 11.648052,45.870779,483 11.648166,45.870749,483.5 11.648289,45.87073,484.1 11.648418,45.870731,484.5 11.648546,45.870745,485 11.648671,45.870769,485.5 11.64878,45.870776,485.9 11.648882,45.870757,486.3 11.648963,45.870714,486.7 11.649028,45.87064,487.2 11.649072,45.870561,487.8 11.649126,45.870472,488.4 11.649175,45.870382,489.1 11.64923,45.870296,489.7 11.649302,45.870207,490.4 11.649405,45.870099,491.5 11.649513,45.870009,492.4 11.649595,45.869929,493.2 11.649694,45.86982,494.3 11.649764,45.869724,495.2 11.649824,45.869632,496.1 11.649892,45.869519,497.2 11.64995,45.869416,498.2 11.650009,45.869305,499.3 11.650044,45.869224,500 11.65007,45.869157,500.7 11.650108,45.869115,501.2 11.650164,45.869091,501.6 11.650201,45.869091,501.9 11.650229,45.869116,502.1 11.650234,45.86916,502.6 11.650195,45.869212,503.1 11.650154,45.869265,503.7 11.650116,45.869318,504.2 11.650089,45.869395,504.9 11.650068,45.869498,505.8 11.650056,45.869605,506.8 11.650035,45.869744,507.9 11.650019,45.869843,508.8 11.650001,45.869944,509.6 11.649982,45.870045,510.4 11.649957,45.870141,511.1 11.649905,45.870237,511.9 11.649842,45.870336,512.8 11.649766,45.870428,513.6 11.649687,45.870528,514.4 11.649593,45.870649,515.4 11.649516,45.870758,516.2 11.64945,45.870849,516.9 11.649365,45.870965,517.8 11.649308,45.871055,518.5 11.649256,45.871114,518.9 11.649176,45.871153,519.3 11.649058,45.871187,519.8 11.648952,45.871218,520.3 11.648829,45.871252,520.8 11.648723,45.871283,521.2 11.648631,45.871309,521.7 11.648558,45.871329,522 11.648526,45.87135,522.2 11.648531,45.871383,522.4 11.648555,45.871403,522.5 11.648597,45.871409,522.7 11.64867,45.871399,523.1 11.648772,45.871363,523.7 11.648897,45.871326,524.4 11.648981,45.8713,524.8 11.649094,45.871289,525.4 11.649211,45.871288,526 11.649309,45.871279,526.5 11.649395,45.871255,527 11.649465,45.87121,527.5 11.649536,45.871141,528.2 11.649601,45.871076,528.9 11.649686,45.870986,529.7 11.649772,45.870914,530.5 11.649848,45.870855,531.1 11.649962,45.870777,532.1 11.650087,45.870701,533 11.650195,45.870639,533.9 11.650296,45.870564,534.7 11.650361,45.870498,535.4 11.650404,45.870438,535.9 11.650435,45.8704,536.3 11.650463,45.870383,536.5 11.650504,45.870373,536.7 11.650553,45.870373,537 11.650585,45.8704,537.2 11.650592,45.870427,537.3 11.650574,45.870471,537.6 11.650501,45.870533,538 11.650397,45.870611,538.5 11.650294,45.870686,539 11.65017,45.870786,539.7 11.650062,45.87088,540.2 11.649949,45.870988,540.9 11.649857,45.871076,541.4 11.649779,45.871167,541.9 11.649726,45.871272,542.4 11.649674,45.871369,542.9 11.649629,45.871435,543.2 11.649578,45.871478,543.5 11.649505,45.871498,543.7 11.649426,45.871504,544 11.649328,45.871501,544.3 11.649228,45.871507,544.6 11.649117,45.871535,545 11.648982,45.871578,545.5 11.648876,45.871618,545.9 11.648762,45.871657,546.3 11.648687,45.871684,546.5 11.648605,45.871714,546.9 11.648579,45.871744,547 11.648576,45.87178,547.2 11.648604,45.871805,547.4 11.648642,45.871815,547.5 11.648693,45.871808,547.7 11.648772,45.871773,548.1 11.648892,45.871718,548.6 11.648996,45.87168,549.1 11.649084,45.871655,549.5 11.649185,45.871625,549.9 11.649275,45.871614,550.2 11.649372,45.871623,550.7 11.649482,45.871638,551.3 11.649568,45.871643,551.7 11.649648,45.871634,552.1 11.649718,45.871608,552.5 11.649786,45.871562,553 11.649824,45.871512,553.5 11.649878,45.871463,553.9 11.649987,45.871404,554.7 11.650086,45.871357,555.3 11.650196,45.871304,556 11.650319,45.871247,556.9 11.650443,45.87119,557.7 11.650554,45.871138,558.4 11.650634,45.871092,559 11.650719,45.871032,559.6 11.650788,45.870957,560.3 11.650878,45.870872,561.2 11.650972,45.870791,562 11.65105,45.870708,562.7 11.651117,45.87063,563.4 11.651166,45.870561,564 11.651202,45.870468,564.8 11.651219,45.870364,565.6 11.651226,45.870295,566.1 11.651232,45.870202,566.8 11.651253,45.87016,567.1 11.6513,45.870138,567.4 11.651346,45.870147,567.7 11.651376,45.870169,567.9 11.651393,45.870223,568.3 11.651387,45.870306,568.9 11.651364,45.870436,569.9 11.65132,45.870563,570.9 11.651277,45.870674,571.7 11.651223,45.87079,572.6 11.651179,45.870883,573.3 11.651112,45.870989,574.2 11.65104,45.871092,575 11.650937,45.871209,576 11.650863,45.871302,576.8 11.650783,45.871386,577.5 11.650685,45.871459,578.2 11.650572,45.871527,578.9 11.650442,45.871609,579.8 11.650327,45.871691,580.6 11.650214,45.871773,581.5 11.650119,45.871856,582.2 11.65007,45.871938,582.9 11.650033,45.872015,583.5 11.649985,45.872083,584.1 11.649921,45.872126,584.6 11.649848,45.872151,585.1 11.64975,45.872157,585.7 11.649633,45.872161,586.4 11.649521,45.872173,587.1 11.649416,45.872198,587.9 11.649312,45.872249,588.8 11.649192,45.87231,589.8 11.649092,45.87237,590.7 11.649006,45.872433,591.4 11.648939,45.8725,592.1 11.648884,45.872567,592.7 11.64885,45.872641,593.3 11.648829,45.872742,594.1 11.648817,45.872845,595 11.648801,45.872969,596 11.648773,45.873089,596.9 11.648746,45.873192,597.8 11.648712,45.873279,598.5 11.648656,45.873366,599.2 11.648565,45.873447,600 11.64848,45.873501,600.7 11.648418,45.873569,601.3 11.648383,45.873644,601.9 11.648361,45.873734,602.6 11.648323,45.873821,603.3 11.648273,45.873887,603.8 11.648203,45.873925,604.3 11.648125,45.873949,604.7 11.648029,45.873965,605.1 11.647941,45.873973,605.6 11.647901,45.873991,605.8 11.647898,45.87402,606 11.647917,45.874049,606.1 11.647956,45.874059,606.3 11.648022,45.874056,606.5 11.648137,45.874032,606.9 11.648247,45.874002,607.3 11.648321,45.873975,607.6 11.648369,45.873943,607.8 11.648399,45.873894,608.1 11.648427,45.873835,608.4 11.64845,45.873771,608.7 11.648474,45.873702,609 11.648505,45.873647,609.3 11.648556,45.873597,609.6 11.648636,45.873555,610 11.648721,45.873508,610.4 11.648807,45.873451,610.9 11.64888,45.873394,611.4 11.648958,45.873316,612 11.649021,45.873222,612.7 11.649078,45.873128,613.4 11.649135,45.873014,614.2 11.649195,45.872913,615 11.649266,45.872821,615.8 11.649352,45.872749,616.4 11.649456,45.872701,617.1 11.649576,45.872663,617.8 11.649726,45.872636,618.6 11.649844,45.872635,619.2 11.65,45.872662,620 11.650146,45.872685,620.8 11.65026,45.872706,621.4 11.650382,45.872717,622 11.650479,45.872714,622.4 11.650563,45.87269,622.9 11.650643,45.872647,623.3 11.650695,45.872588,623.8 11.650715,45.872524,624.2 11.650714,45.872451,624.7 11.65071,45.87239,625.1 11.650714,45.872341,625.5 11.650737,45.872307,625.8 11.650807,45.872259,626.3 11.650903,45.87221,626.9 11.651023,45.872157,627.7 11.651143,45.872105,628.5 11.651285,45.872044,629.5 11.651436,45.871975,630.6 11.651561,45.871919,631.4 11.651714,45.871855,632.5 11.65187,45.871791,633.6 11.652,45.871739,634.5 11.652121,45.871684,635.3 11.652201,45.871639,635.9 11.652294,45.871568,636.8 11.652362,45.871504,637.4 11.652427,45.87142,638.3 11.652462,45.871367,638.8 11.652495,45.871355,639 11.652538,45.871366,639.3 11.65256,45.871393,639.6 11.652551,45.871434,640 11.652519,45.871488,640.5 11.652476,45.87155,641.2 11.652407,45.871624,642.1 11.652308,45.871713,643.2 11.652202,45.871798,644.2 11.652104,45.871863,645.1 11.651974,45.871942,646.3 11.651846,45.872029,647.4 11.651739,45.872108,648.5 11.651624,45.872193,649.5 11.651524,45.872266,650.5 11.651416,45.872359,651.6 11.651325,45.872442,652.6 11.651255,45.872509,653.4 11.651213,45.872577,654.1 11.6512,45.872641,654.7 11.651206,45.872753,655.8 11.65121,45.872849,656.7 11.651204,45.872957,657.7 11.65119,45.87303,658.4 11.651152,45.873108,659.1 11.651092,45.873172,659.8 11.651018,45.873206,660.4 11.650929,45.873228,661 11.650831,45.873237,661.5 11.650711,45.873234,662.3 11.650537,45.873233,663.3 11.650415,45.873236,664 11.650304,45.873243,664.6 11.650201,45.873273,665.3 11.650136,45.873317,665.8 11.650083,45.873363,666.3 11.650025,45.873433,666.9 11.649977,45.873512,667.6 11.649931,45.873596,668.4 11.649874,45.873682,669.2 11.64981,45.873751,670 11.649718,45.873819,670.8 11.649637,45.87387,671.5 11.649557,45.873943,672.4 11.649487,45.874013,673.1 11.649419,45.874104,674.1 11.649367,45.874195,674.9 11.649307,45.874289,675.8 11.649274,45.874371,676.6 11.64926,45.874458,677.3 11.649241,45.874529,678 11.649201,45.874586,678.5 11.649132,45.874644,679.1 11.649009,45.874685,679.9 11.648854,45.874718,680.7 11.64873,45.874742,681.5 11.648631,45.874779,682.1 11.648559,45.874839,682.7 11.6485,45.874924,683.4 11.648435,45.875015,684.2 11.648369,45.875096,684.9 11.648291,45.875207,685.9 11.648236,45.87528,686.5 11.648203,45.875347,687 11.6482,45.875426,687.6 11.648212,45.875512,688.2 11.648203,45.875586,688.8 11.648161,45.875652,689.3 11.648071,45.875708,689.9 11.647951,45.875748,690.5 11.647822,45.875786,691.2 11.647727,45.87581,691.6 11.647688,45.875831,691.9 11.647673,45.875864,692.1 11.647696,45.875899,692.4 11.647746,45.875916,692.7 11.647815,45.875902,693.1 11.647902,45.875866,693.6 11.647981,45.875834,694.1 11.64809,45.875798,694.8 11.648172,45.875759,695.3 11.648241,45.875719,695.8 11.648297,45.875673,696.3 11.648337,45.875608,696.9 11.648369,45.875526,697.5 11.648398,45.875449,698.2 11.648436,45.875378,698.8 11.648503,45.875302,699.4 11.648579,45.875233,700.1 11.64868,45.87515,700.9 11.648766,45.87507,701.6 11.648839,45.875017,702.2 11.648941,45.874979,702.8 11.649059,45.874973,703.4 11.649169,45.874976,703.9 11.649263,45.874976,704.4 11.649361,45.874955,704.9 11.649439,45.874926,705.3 11.649531,45.874871,705.9 11.6496,45.874827,706.5 11.649643,45.874807,706.7 11.649681,45.874806,707 11.649716,45.874825,707.2 11.649732,45.874859,707.5 11.649719,45.87489,707.8 11.649684,45.874922,708.1 11.649608,45.874956,708.7 11.649503,45.874994,709.4 11.649378,45.875036,710.3 11.64926,45.875065,711.1 11.649132,45.875082,711.9 11.649035,45.875108,712.6 11.648964,45.875143,713.2 11.648898,45.875204,713.9 11.648841,45.875285,714.8 11.648769,45.875377,715.8 11.648707,45.87548,716.9 11.648679,45.87554,717.5 11.648672,45.875603,718.1 11.648681,45.875659,718.6 11.648674,45.875717,719.2 11.648651,45.875766,719.7 11.6486,45.875809,720.2 11.648536,45.875851,720.7 11.648441,45.875882,721.4 11.648304,45.875917,722.2 11.648202,45.875938,722.8 11.648094,45.875972,723.4 11.648012,45.876013,723.9 11.647963,45.876061,724.3 11.647937,45.876123,724.7 11.64793,45.876191,725.1 11.647952,45.876252,725.5 11.647995,45.876337,726 11.648035,45.876422,726.5 11.648053,45.876493,727 11.648048,45.876559,727.4 11.648019,45.876628,727.8 11.647958,45.876698,728.3 11.647885,45.876763,728.8 11.647796,45.876827,729.4 11.64769,45.876904,730 11.647599,45.876951,730.5 11.647488,45.876992,731 11.64739,45.877015,731.5 11.647255,45.877026,732 11.647131,45.877039,732.6 11.647023,45.877064,733.1 11.646949,45.877106,733.5 11.646874,45.877184,734.1 11.64681,45.87727,734.7 11.646759,45.877348,735.3 11.646715,45.877431,735.8 11.646678,45.877534,736.5 11.646647,45.87763,737.2 11.646626,45.877732,737.9 11.646639,45.877795,738.3 11.646678,45.877866,738.9 11.646736,45.877931,739.4 11.646816,45.878024,740.3 11.646863,45.878096,740.9 11.646886,45.878175,741.6 11.64688,45.878248,742.2 11.646855,45.878315,742.8 11.646809,45.878389,743.5 11.646732,45.878458,744.3 11.646622,45.878554,745.4 11.646529,45.878642,746.4 11.646465,45.878719,747.2 11.646415,45.878808,748 11.646375,45.878923,749.1 11.646328,45.87905,750.2 11.646289,45.879168,751.3 11.646249,45.879247,752.1 11.646211,45.879309,752.7 11.646149,45.87935,753.2 11.646044,45.87938,753.9 11.645935,45.879396,754.6 11.645835,45.879411,755.2 11.645736,45.879443,755.8 11.645654,45.879502,756.5 11.645584,45.879569,757.2 11.645505,45.879655,758.1 11.645429,45.879724,758.8 11.645359,45.879782,759.4 11.645265,45.879828,760.1 11.645163,45.879865,760.8 11.645085,45.879903,761.4 11.645007,45.87996,762 11.644931,45.880032,762.8 11.64485,45.880121,763.7 11.644793,45.880198,764.4 11.644729,45.880287,765.3 11.644671,45.880381,766.1 11.644598,45.880506,767.3 11.644531,45.880624,768.4 11.644473,45.880726,769.3 11.64442,45.880828,770.2 11.644387,45.880916,771 11.644363,45.881026,772 11.644357,45.881142,772.9 11.644344,45.881264,773.9 11.644322,45.881375,774.9 11.644284,45.881461,775.6 11.644222,45.881557,776.5 11.64416,45.881656,777.4 11.644084,45.881767,778.4 11.644017,45.881874,779.4 11.643945,45.881966,780.3 11.643853,45.882058,781.3 11.643767,45.882144,782.2 11.643681,45.882223,783.1 11.643601,45.882285,783.8 11.643508,45.882318,784.5 11.643407,45.882326,785.1 11.643296,45.882309,785.9 11.643196,45.882266,786.7 11.64312,45.882215,787.4 11.643045,45.882146,788.3 11.643009,45.882082,788.7 11.642995,45.882006,789.2 11.643009,45.881925,789.7 11.643044,45.881842,790.2 11.643065,45.881773,790.7 11.643063,45.881702,791.1 11.643034,45.881598,791.7 11.643012,45.88151,792.3 11.642978,45.881402,792.9 11.642944,45.881304,793.5 11.642908,45.881214,794.1 11.642874,45.881148,794.5 11.642821,45.881077,795 11.642748,45.881009,795.6 11.642666,45.880948,796.1 11.642587,45.880895,796.6 11.642516,45.880843,797.1 11.642462,45.880785,797.5 11.642422,45.88072,798 11.642403,45.880654,798.5 11.642396,45.880573,799 11.642398,45.880489,799.6 11.642409,45.880418,800.1 11.642428,45.880333,800.7 11.642435,45.880273,801.1 11.642419,45.880215,801.5 11.64238,45.880166,801.9 11.642316,45.880126,802.4 11.64222,45.880086,802.9 11.642105,45.880045,803.6 11.642029,45.880011,804 11.641944,45.879954,804.6 11.641877,45.879888,805.2 11.641827,45.879819,805.8 11.641792,45.879738,806.4 11.641772,45.879651,807.1 11.641767,45.87954,807.9 11.641781,45.879436,808.7 11.641805,45.879359,809.4 11.64183,45.879284,810 11.641842,45.879222,810.5 11.64183,45.879179,810.8 11.641792,45.879155,811.2 11.641745,45.879149,811.5 11.64169,45.879171,811.9 11.641674,45.879208,812.2 11.641669,45.879279,812.9 11.64166,45.879365,813.8 11.64164,45.879457,814.7 11.641607,45.879524,815.5 11.641572,45.879602,816.3 11.641556,45.879687,817.2 11.641561,45.879783,818.3 11.641586,45.879879,819.3 11.641646,45.879975,820.5 11.641732,45.88006,821.7 11.641822,45.880121,822.7 11.641895,45.880174,823.5 11.641934,45.880222,824.2 11.64195,45.880286,824.9 11.641942,45.880387,826.2 11.641922,45.880495,827.7 11.641912,45.880594,828.9 11.641926,45.880691,830.2 11.641954,45.88078,831.3 11.642016,45.88089,832.8 11.642078,45.880999,834.3 11.642146,45.881123,835.9 11.642199,45.881217,837.1 11.642268,45.881343,838.8 11.642337,45.881467,840.4 11.642394,45.881582,841.8 11.642437,45.881692,843.1 11.642463,45.881798,844.4 11.642475,45.8819,845.5 11.642475,45.882,846.6 11.642459,45.88211,847.8 11.642436,45.882199,848.8 11.642389,45.882301,849.9 11.642321,45.882392,850.9 11.642271,45.882463,851.6 11.642246,45.882519,852.2 11.64224,45.882581,852.8 11.642279,45.882656,853.5 11.642338,45.882707,854 11.642434,45.882774,854.7 11.642542,45.882853,855.5 11.642633,45.882918,856.2 11.642695,45.882978,856.8 11.642732,45.883046,857.4 11.642746,45.883143,858.1 11.642759,45.883274,859.2 11.642777,45.883416,860.3 11.642795,45.88356,861.5 11.64281,45.883709,862.7 11.642827,45.883863,864 11.64284,45.884038,865.4 11.64286,45.88419,866.7 11.642875,45.884334,867.9 11.642867,45.884429,868.7 11.64284,45.884516,869.4 11.642792,45.88462,870.3 11.642749,45.884705,871 11.642694,45.884814,871.9 11.642637,45.884914,872.7 11.642591,45.885,873.4 11.642545,45.885094,874.1 11.64252,45.885189,874.9 11.642504,45.885291,875.6 11.642484,45.885385,876.2 11.642466,45.885478,876.9 11.642458,45.885553,877.4 11.642461,45.885634,878 11.642478,45.885717,878.5 11.642511,45.88581,879.2 11.642546,45.885898,879.8 11.64257,45.885978,880.3 11.642584,45.886061,880.9 11.642584,45.886165,881.6 11.642572,45.886259,882.2 11.642547,45.88635,883.1 11.642508,45.886448,884 11.64246,45.886525,884.8 11.642406,45.886605,885.6 11.642349,45.886692,886.5 11.642307,45.886771,887.3 11.642281,45.886853,888 11.642268,45.886942,888.8 11.64226,45.887041,889.8 11.642253,45.887119,890.5 11.642238,45.887184,891.1 11.642203,45.887249,891.7 11.64213,45.88733,892.6 11.642041,45.887398,893.4 11.641964,45.887453,894.1 11.64187,45.887531,895 11.641783,45.887605,895.9 11.641697,45.887686,896.7 11.641627,45.887761,897.5 11.641583,45.887839,898.2 11.64155,45.88793,899 11.641528,45.888025,899.8 11.641495,45.888142,900.7 11.641465,45.88826,901.7 11.641428,45.8884,902.7 11.641384,45.888555,903.9 11.641346,45.888673,904.7 11.641299,45.888803,905.7 11.641249,45.888938,906.6 11.641206,45.889047,907.4 11.641177,45.889132,908 11.641144,45.889227,908.6 11.641112,45.889329,909.2 11.641082,45.889425,909.8 11.641046,45.889539,910.5 11.641009,45.889655,911.2 11.640969,45.889791,912 11.64094,45.889901,912.7 11.640912,45.890005,913.4 11.640885,45.890103,914.1 11.640859,45.890214,914.9 11.640833,45.890331,915.7 11.640815,45.890448,916.6 11.640795,45.890567,917.4 11.640772,45.890667,918.2 11.640744,45.890753,918.9 11.640698,45.890873,919.8 11.640654,45.890974,920.6 11.640634,45.891048,921.2 11.640631,45.891125,921.9 11.640653,45.89122,922.6 11.640687,45.891308,923.4 11.640725,45.891424,924.4 11.640737,45.891526,925.2 11.640742,45.891625,926 11.640742,45.89174,927 11.640726,45.891834,927.8 11.640696,45.891934,928.6 11.640659,45.892006,929.3 11.640607,45.892094,930.1 11.640546,45.892169,930.8 11.640479,45.892251,931.5 11.64041,45.892327,932.2 11.64033,45.892409,932.9 11.640238,45.892495,933.7 11.64014,45.892586,934.6 11.640043,45.892669,935.3 11.639956,45.89273,936 11.639846,45.892799,936.7 11.639714,45.892874,937.5 11.639594,45.892937,938.2 11.639477,45.892993,938.9 11.639384,45.893042,939.5 11.639323,45.89308,939.9 11.639284,45.89313,940.3 11.639277,45.893183,940.6 11.639288,45.893261,941.2 11.63931,45.893367,941.9 11.639337,45.893467,942.7 11.639371,45.893602,943.6 11.639401,45.89371,944.4 11.639422,45.89383,945.3 11.639432,45.893931,946 11.639443,45.894027,946.7 11.639448,45.89415,947.6 11.639456,45.894269,948.4 11.639459,45.894392,949.3 11.63945,45.894501,950 11.639425,45.894604,950.8 11.639388,45.894692,951.4 11.639338,45.894768,951.9 11.63925,45.894846,952.5 11.639141,45.894912,953.2 11.639039,45.894958,953.7 11.638914,45.894994,954.4 11.638789,45.895019,955 11.638649,45.895032,955.6 11.6385,45.89504,956.3 11.63834,45.895043,957 11.638162,45.895036,957.9 11.637962,45.895028,958.8 11.637724,45.89501,959.9 11.63748,45.894984,961.1 11.637232,45.894959,962.5 11.636983,45.894932,964 11.636732,45.894907,965.4 11.636479,45.894882,966.9 11.636254,45.894864,968.1 11.636031,45.894849,969.1 11.635813,45.894827,970 11.635598,45.89482,970.9 11.63544,45.894826,971.5 11.635248,45.894849,972.3 11.635103,45.894886,972.9 11.634937,45.894944,973.6 11.634761,45.895006,974.4 11.634585,45.895069,975.1 11.634472,45.895124,975.6 11.634379,45.895205,976.1 11.634317,45.895289,976.5 11.634241,45.895398,977.3 11.634151,45.895531,978.2 11.634068,45.89566,979.1 11.633988,45.895774,979.9 11.633894,45.895897,980.8 11.633805,45.896016,981.6 11.63374,45.896106,982.3 11.633681,45.896187,982.9 11.633661,45.896249,983.4 11.633677,45.896318,983.9 11.633741,45.896375,984.5 11.633835,45.896407,985.1 11.633969,45.896427,985.6 11.634111,45.89643,986.1 11.634274,45.896427,986.8 11.634497,45.896417,987.7 11.634682,45.896412,988.5 11.634917,45.896402,989.6 11.635121,45.89639,990.5 11.635361,45.896382,991.6 11.63558,45.896383,992.5 11.635806,45.896394,993.5 11.636001,45.896411,994.2 11.636157,45.89644,994.8 11.636319,45.8965,995.8 11.636466,45.896568,996.7 11.63661,45.896625,997.5 11.636783,45.896676,998.5 11.636933,45.896711,999.3 11.637081,45.89674,1000 11.637196,45.896785,1000.7 11.637288,45.89685,1001.3 11.63738,45.896928,1002 11.637498,45.897026,1002.9 11.637596,45.897101,1003.7 11.637704,45.897188,1004.5 11.637758,45.897254,1005.2 11.637786,45.897329,1005.9 11.637795,45.89742,1006.7 11.637798,45.897523,1007.6 11.637792,45.897635,1008.7 11.637784,45.897755,1009.9 11.637765,45.897883,1011.1 11.637725,45.898009,1012.3 11.637673,45.898136,1013.4 11.637601,45.898299,1014.9 11.637526,45.89847,1016.4 11.637452,45.898622,1017.7 11.63737,45.898786,1019 11.637278,45.898958,1020.3 11.637181,45.899144,1021.8 11.637087,45.899305,1023.1 11.636988,45.899469,1024.5 11.636901,45.899602,1025.6 11.636804,45.899762,1027 11.63672,45.8999,1028.3 11.636636,45.90003,1029.6 11.636546,45.900139,1030.7 11.636451,45.900243,1031.9 11.636326,45.900357,1033.3 11.636189,45.900454,1034.5 11.636069,45.90052,1035.4 11.635895,45.90058,1036.6 11.635745,45.90061,1037.6 11.635581,45.900617,1038.7 11.635384,45.900608,1040 11.63521,45.900584,1041.2 11.635029,45.900542,1042.4 11.634834,45.900493,1043.8 11.634646,45.900451,1045.2 11.634459,45.900397,1046.5 11.634305,45.900347,1047.7 11.634163,45.900291,1048.1 11.633974,45.900203,1048.7 11.633781,45.900118,1049.4 11.633582,45.900027,1050 11.633399,45.899941,1050.7 11.633209,45.899844,1051.3 11.633027,45.899748,1052.1 11.632862,45.899656,1052.8 11.632711,45.899571,1053.5 11.632541,45.899471,1054.2 11.632401,45.899382,1055 11.632251,45.899284,1055.8 11.632136,45.899203,1056.8 11.632015,45.899114,1057.9 11.631899,45.899058,1058.7 11.631776,45.899005,1059.5 11.631643,45.898959,1060.2 11.631503,45.898929,1060.9 11.631388,45.898918,1061.4 11.631258,45.898933,1061.8 11.631134,45.898971,1062.2 11.631014,45.899024,1062.7 11.630873,45.899102,1063.1 11.630767,45.899177,1063.5 11.630658,45.899259,1064.1 11.630575,45.899332,1064.6 11.630461,45.899444,1065.5 11.630376,45.899533,1066.1 11.63027,45.899649,1067.1 11.630161,45.899781,1068.1 11.630073,45.899904,1069.2 11.630004,45.90002,1070.2 11.629943,45.900118,1071.1 11.629889,45.900171,1071.6 11.629836,45.900211,1072 11.629829,45.900137,1072.5 11.629837,45.900045,1073.2 11.629857,45.899957,1073.8 11.629879,45.899842,1074.6 11.629901,45.899746,1075.3 11.629924,45.899644,1076 11.629954,45.899545,1076.7 11.629995,45.899399,1077.8 11.630028,45.899267,1078.6 11.63006,45.899155,1079.4 11.630098,45.899028,1080.2 11.63013,45.898898,1081.1 11.630163,45.898782,1081.6 11.630196,45.898648,1082.2 11.630236,45.898496,1082.8 11.630271,45.898356,1083.3 11.630304,45.898215,1083.7 11.630332,45.89809,1084.1 11.630368,45.897958,1084.1 11.630414,45.897797,1084.2 11.63047,45.89765,1084 11.630543,45.89753,1083.9 11.630615,45.897415,1083.6 11.630646,45.897335,1083.4 11.630657,45.897238,1083 11.630662,45.897128,1082.4 11.630672,45.896978,1081.7 11.630683,45.896835,1081 11.630698,45.896681,1080.1 11.630712,45.896591,1079.6 11.630707,45.896519,1079.2 11.630684,45.896483,1079 11.630625,45.896456,1078.6 11.630542,45.896448,1078.1 11.630441,45.896465,1077.5 11.630346,45.896497,1076.9 11.630238,45.896547,1076.5 11.630134,45.896615,1075.9 11.630005,45.896711,1075.3 11.629866,45.89682,1074.6 11.629743,45.896915,1074.1 11.629596,45.897024,1073.4 11.629429,45.897162,1072.6 11.629252,45.897335,1071.7 11.629087,45.897496,1070.7 11.628939,45.897641,1069.8 11.628777,45.897793,1068.7 11.628666,45.897931,1067.9 11.628562,45.898121,1066.3 11.628467,45.898293,1065 11.628351,45.898496,1063.3 11.628208,45.898707,1061.5 11.628074,45.898886,1059.9 11.627954,45.899056,1058.5 11.627877,45.899151,1057.7 11.627791,45.899256,1056.8 11.6277,45.89932,1056.2 11.627575,45.89936,1055.5 11.627436,45.899363,1054.9 11.627319,45.899327,1054.4 11.62722,45.89929,1054 11.627078,45.899247,1053.6 11.626957,45.899238,1053.2 11.626851,45.899262,1052.9 11.62671,45.899308,1052.4 11.626522,45.899389,1051.8 11.62633,45.899453,1051.2 11.626142,45.899486,1050.7 11.625898,45.899505,1049.9 11.625687,45.899512,1049.3 11.62552,45.899523,1048.8 11.625392,45.899547,1048.4 11.625257,45.899599,1047.8 11.625167,45.899664,1047.3 11.625081,45.899745,1046.9 11.625019,45.899848,1046.3 11.624994,45.899955,1045.9 11.62499,45.900072,1045.3 11.624991,45.900206,1044.8 11.624996,45.900346,1044.2 11.624986,45.900476,1043.6 11.624947,45.900573,1043.2 11.624876,45.900637,1042.8 11.624764,45.900685,1042.4 11.624628,45.900698,1041.9 11.624461,45.900689,1041.3 11.62428,45.900668,1040.7 11.624109,45.900644,1040.2 11.623873,45.900618,1039.4 11.623666,45.900593,1038.7 11.62349,45.900586,1038.2 11.623314,45.900595,1037.7 11.623106,45.900627,1037.2 11.622881,45.900664,1036.5 11.622672,45.900686,1036 11.622471,45.900686,1035.5 11.622307,45.900671,1035.1 11.622137,45.900639,1034.6 11.621975,45.900595,1034.2 11.621822,45.900533,1033.8 11.621676,45.900447,1033.4 11.621536,45.900349,1032.9 11.621361,45.900222,1032.4 11.621189,45.900095,1031.8 11.621001,45.899961,1031.3 11.620773,45.899805,1030.6 11.620513,45.899622,1029.9 11.620239,45.899428,1029.1 11.620099,45.899316,1028.9 11.619957,45.899209,1028.7 11.619726,45.899055,1028.4 11.619516,45.898909,1028.2 11.619306,45.898759,1028 11.619104,45.898627,1027.8 11.618921,45.898505,1027.7 11.618715,45.898373,1027.5 11.618495,45.898251,1027.4 11.618322,45.898168,1027.3 11.61813,45.898093,1027.2 11.617956,45.898021,1027.2 11.617791,45.897942,1027.2 11.617668,45.897856,1027.2 11.617586,45.897773,1027.2 11.617534,45.897676,1027.2 11.617507,45.897564,1027.2 11.617493,45.897454,1027.2 11.617456,45.89732,1027.1 11.617409,45.897195,1027.1 11.617342,45.897073,1027 11.617253,45.896947,1026.9 11.61714,45.896818,1026.8 11.616946,45.896623,1026.7 11.616775,45.896452,1026.4 11.616568,45.896254,1026.1 11.616372,45.896067,1025.8 11.61621,45.895906,1025.5 11.616031,45.89573,1025.1 11.615876,45.895571,1024.8 11.615785,45.895476,1024.6 11.615689,45.895358,1024.3 11.615572,45.895204,1024.1 11.615467,45.895048,1023.8 11.615383,45.894908,1023.6 11.615292,45.894733,1023.4 11.615196,45.894531,1023.2 11.615099,45.894325,1023 11.615019,45.894157,1022.8 11.614942,45.893994,1022.7 11.614916,45.893881,1022.6 11.61492,45.893773,1022.5 11.61496,45.893662,1022.5 11.615045,45.893542,1022.4 11.615186,45.893399,1022.3 11.615363,45.893246,1022.2 11.615557,45.893062,1022.1 11.615764,45.892864,1022 11.615944,45.892693,1021.7 11.616101,45.892529,1021.5 11.616224,45.892372,1021.2 11.616335,45.892199,1021 11.616451,45.891982,1020.6 11.61655,45.891777,1020.2 11.61663,45.891581,1019.9 11.616679,45.891433,1019.6 11.616713,45.891295,1019.4 11.616754,45.891138,1019.1 11.616781,45.891015,1018.9 11.616768,45.890929,1018.8 11.61672,45.89086,1018.6 11.616632,45.890793,1018.5 11.616541,45.890756,1018.3 11.616447,45.890731,1018.2 11.616313,45.890728,1018 11.616192,45.890756,1017.8 11.616085,45.890794,1017.6 11.615992,45.890862,1017.5 11.615903,45.890962,1017.3 11.615825,45.891082,1017.1 11.615727,45.891253,1016.9 11.615629,45.891395,1016.7 11.615498,45.891554,1016.5 11.615364,45.891685,1016.3 11.615193,45.89182,1016.1 11.61503,45.891919,1015.9 11.614855,45.892012,1015.7 11.614661,45.892098,1015.5 11.614458,45.892165,1015.3 11.614241,45.8922,1015.1 11.614017,45.892215,1014.9 11.613804,45.892201,1014.6 11.613597,45.892177,1014.4 11.613378,45.892146,1014.1 11.613206,45.892122,1013.8 11.613046,45.892089,1013.5 11.61287,45.89204,1013.2 11.61271,45.892001,1012.8 11.612488,45.891966,1012.4 11.612284,45.891939,1012 11.612127,45.891927,1011.7 11.611969,45.891938,1011.4 11.611793,45.891987,1011.1 11.611642,45.892046,1010.8 11.611506,45.892118,1010.6 11.611379,45.892208,1010.3 11.611287,45.892304,1010.1 11.61121,45.892407,1010 11.611149,45.892515,1009.8 11.611083,45.892664,1009.6 11.611031,45.892815,1009.3 11.610988,45.89296,1009.1 11.610936,45.893093,1008.9 11.610878,45.893203,1008.8 11.610798,45.893313,1008.6 11.610693,45.893446,1008.4 11.610605,45.893554,1008.2 11.610504,45.893686,1008 11.610386,45.893815,1007.7 11.610276,45.893909,1007.5 11.610131,45.894013,1007.2 11.609988,45.894113,1006.9 11.609822,45.894209,1006.5 11.609664,45.894288,1006.1 11.609517,45.894349,1005.8 11.609352,45.894398,1005.4 11.609168,45.894428,1005 11.609012,45.894437,1004.7 11.608825,45.89444,1004.4 11.608587,45.894447,1004 11.608396,45.894449,1003.8 11.608203,45.894455,1003.5 11.607959,45.89446,1003.3 11.607769,45.894479,1003.1 11.607554,45.894516,1003 11.607346,45.894566,1002.9 11.607165,45.894599,1002.8 11.607009,45.89461,1002.7 11.606834,45.894609,1002.6 11.606653,45.894601,1002.5 11.606467,45.894599,1002.4 11.606293,45.894595,1002.3 11.606102,45.894581,1002.1 11.605894,45.894573,1001.9 11.605736,45.894565,1001.8 11.605601,45.894569,1001.6 11.605428,45.89459,1001.4 11.605284,45.894628,1001.3 11.605134,45.894683,1001.1 11.604951,45.894766,1000.9 11.6048,45.894852,1000.6 11.604666,45.894948,1000.4 11.604503,45.895075,1000.1 11.604363,45.895184,999.9 11.604208,45.895307,999.6 11.6041,45.895372,999.5 11.603966,45.895441,999.3 11.603784,45.895514,999 11.603555,45.89559,998.7 11.60331,45.895672,998.4 11.603086,45.89574,998.1 11.602803,45.895829,997.7 11.602524,45.895921,997.4 11.602268,45.896001,997.1 11.602027,45.896077,996.9 11.601828,45.896139,996.7 11.60165,45.896192,996.7 11.601522,45.896207,996.6 11.601391,45.8962,996.7 11.60128,45.896171,996.7 11.601191,45.896126,996.7 11.601103,45.896063,996.7 11.60104,45.895992,996.8 11.601007,45.895906,996.8 11.600978,45.895776,996.9 11.600952,45.895626,997 11.60093,45.895503,997 11.600895,45.895386,997.1 11.600857,45.895295,997.2 11.6008,45.895218,997.2 11.600712,45.895157,997.4 11.600601,45.895114,997.5 11.600477,45.895088,997.6 11.600317,45.895089,997.8 11.600118,45.895122,998.1 11.59991,45.895164,998.4 11.599672,45.895213,998.8 11.599415,45.895268,999.2 11.599176,45.895318,999.6 11.598938,45.895365,1000 11.598751,45.895392,1000.3 11.598562,45.895419,1000.6 11.598378,45.895438,1000.9 11.598158,45.895457,1001.3 11.597924,45.895465,1001.6 11.5977,45.895464,1002 11.597484,45.895463,1002.3 11.597256,45.89546,1002.6 11.597018,45.895457,1003 11.596828,45.895447,1003.3 11.596645,45.895426,1003.6 11.596474,45.895392,1003.9 11.596309,45.895348,1004 11.596118,45.895295,1004.3 11.595923,45.89523,1004.5 11.59575,45.895166,1004.7 11.595576,45.895108,1004.9 11.595397,45.895056,1005.1 11.595222,45.895016,1005.3 11.595052,45.894989,1005.5 11.594895,45.894981,1005.7 11.594717,45.894986,1005.9 11.594505,45.895004,1006.2 11.59434,45.895034,1006.5 11.59414,45.895059,1007 11.593976,45.89507,1007.4 11.593803,45.895066,1007.8 11.593641,45.895047,1008.2 11.59348,45.895011,1008.6 11.593304,45.894955,1009.1 11.593119,45.894892,1009.6 11.592901,45.894823,1010.2 11.592668,45.894763,1010.7 11.592503,45.894728,1011.1 11.59232,45.894704,1011.4 11.592141,45.894688,1011.7 11.591945,45.894682,1012.2 11.591705,45.894684,1012.8 11.59142,45.894689,1013.5 11.591174,45.894694,1014 11.590902,45.894693,1014.7 11.590631,45.894688,1015.3 11.590328,45.894683,1016 11.590084,45.894675,1016.5 11.589841,45.894673,1017 11.589537,45.894679,1017.6 11.589278,45.894694,1018.1 11.589032,45.894715,1018.6 11.588845,45.89472,1018.9 11.588648,45.894713,1019.2 11.588425,45.894682,1019.6 11.588194,45.894646,1019.9 11.588001,45.894613,1020.2 11.587842,45.894583,1020.5 11.587668,45.894528,1020.8 11.587524,45.894466,1021 11.587368,45.894385,1021.3 11.587188,45.894291,1021.6 11.587023,45.894207,1021.9 11.586872,45.894141,1022.1 11.586744,45.894089,1022.4 11.586562,45.894029,1022.7 11.586337,45.893971,1023.1 11.58611,45.893928,1023.6 11.585855,45.893885,1024.1 11.585593,45.893844,1024.6 11.585259,45.893787,1025.4 11.584976,45.893743,1026 11.584722,45.893707,1026.6 11.584469,45.893675,1027.1 11.584232,45.893636,1027.7 11.584083,45.893598,1028 11.583963,45.893535,1028.4 11.583863,45.893455,1028.8 11.583812,45.893377,1029.2 11.583761,45.893256,1029.8 11.583727,45.893148,1030.3 11.583704,45.893035,1030.8 11.583679,45.892942,1031.2 11.583629,45.892864,1031.6 11.583566,45.892794,1032 11.583461,45.89272,1032.5 11.583341,45.892662,1032.9 11.583188,45.892605,1033.4 11.583003,45.892552,1033.9 11.58279,45.89248,1034.5 11.582525,45.892394,1035.2 11.582271,45.892308,1035.9 11.582045,45.892232,1036.5 11.581823,45.892154,1037.1 11.581541,45.892068,1037.9 11.581298,45.891987,1038.6 11.581106,45.891928,1039.2 11.580943,45.891878,1039.8 11.580813,45.891831,1040.3 11.580626,45.891752,1041 11.580459,45.891661,1041.5 11.580337,45.891598,1041.8 11.580212,45.891546,1042.1 11.580114,45.89152,1042.3 11.579987,45.891511,1042.5 11.579879,45.89153,1042.7 11.579759,45.891573,1042.8 11.579622,45.891634,1043 11.579499,45.891703,1043.1 11.579387,45.891757,1043.3 11.579261,45.891806,1043.3 11.579133,45.89184,1043.5 11.578965,45.891868,1043.5 11.578756,45.891907,1043.7 11.578584,45.891953,1043.8 11.578461,45.892001,1043.9 11.578383,45.892064,1044 11.578336,45.892148,1044.1 11.578296,45.892258,1044.3 11.578247,45.892387,1044.5 11.578206,45.892476,1044.6 11.578146,45.892546,1044.7 11.578063,45.892595,1044.8 11.577964,45.892621,1045 11.577845,45.892627,1045 11.577711,45.892623,1045 11.577563,45.892614,1045.1 11.577369,45.8926,1045.1 11.577196,45.892583,1045.1 11.577041,45.892561,1045.1 11.576934,45.892536,1045.1 11.576822,45.89249,1045 11.576717,45.892433,1045 11.576611,45.89237,1044.9 11.576504,45.892303,1044.8 11.576403,45.892244,1044.8 11.576311,45.892207,1044.8 11.576215,45.892178,1044.8 11.576075,45.892158,1044.8 11.575929,45.892157,1044.7 11.575777,45.892176,1044.7 11.575625,45.892208,1044.7 11.575431,45.892255,1044.7 11.57523,45.892299,1044.7 11.57505,45.892326,1044.7 11.574891,45.892334,1044.7 11.574726,45.892318,1044.7 11.574573,45.892289,1044.7 11.574394,45.892239,1044.7 11.574198,45.892176,1044.8 11.574042,45.892119,1044.8 11.573877,45.89208,1044.8 11.573727,45.892069,1044.9 11.573573,45.892089,1044.9 11.57335,45.892147,1045.1 11.573142,45.8922,1045.2 11.572936,45.892255,1045.3 11.572789,45.892309,1045.4 11.572674,45.892366,1045.5 11.572547,45.892445,1045.6 11.572412,45.892527,1045.7 11.572303,45.892592,1045.7 11.572187,45.892641,1045.8 11.572042,45.892674,1045.8 11.571898,45.892681,1045.8 11.571739,45.892675,1045.9 11.5716,45.892651,1046 11.571421,45.892611,1046 11.571217,45.892564,1046.1 11.571027,45.89253,1046.2 11.570852,45.892512,1046.2 11.57065,45.892508,1046.3 11.570451,45.892521,1046.5 11.570234,45.892555,1046.6 11.569994,45.892602,1046.8 11.569744,45.892663,1046.9 11.569526,45.892723,1047.1 11.569307,45.89279,1047.3 11.569052,45.892879,1047.6 11.568824,45.892967,1047.9 11.568596,45.893062,1048.3 11.568408,45.893137,1048.6 11.568145,45.893235,1049 11.567898,45.893331,1049.5 11.567721,45.893408,1049.8 11.567576,45.893484,1050.2 11.567459,45.89357,1050.5 11.567376,45.893661,1050.7 11.567312,45.893763,1051 11.567273,45.893871,1051.2 11.567249,45.894003,1051.5 11.567238,45.894146,1051.8 11.56723,45.894288,1052 11.567229,45.894416,1052.2 11.567249,45.894504,1052.4 11.567306,45.894611,1052.6 11.56739,45.894717,1052.8 11.567496,45.89483,1053.1 11.567606,45.894945,1053.4 11.567689,45.895062,1053.7 11.567726,45.895167,1053.9 11.567731,45.895281,1054.1 11.567709,45.895388,1054.3 11.567661,45.895505,1054.5 11.567614,45.895602,1054.7 11.567549,45.895731,1054.9 11.567468,45.895886,1055.2 11.567395,45.896027,1055.5 11.567346,45.896146,1055.7 11.567324,45.896256,1055.9 11.567338,45.896358,1056.1 11.567393,45.896497,1056.4 11.567439,45.896623,1056.6 11.567445,45.89672,1056.7 11.567436,45.896835,1056.9 11.567404,45.896988,1057.1 11.567358,45.897112,1057.3 11.567312,45.897252,1057.5 11.567265,45.897402,1057.8 11.567215,45.897509,1058 11.567148,45.897581,1058.2 11.567067,45.897637,1058.3 11.566966,45.897658,1058.5 11.566876,45.897655,1058.6 11.566796,45.89763,1058.8 11.566703,45.897578,1059 11.566613,45.897505,1059.2 11.566524,45.897432,1059.5 11.566426,45.897375,1059.8 11.566333,45.897336,1060 11.566232,45.89732,1060.2 11.566132,45.89732,1060.4 11.566033,45.897341,1060.6 11.565943,45.897382,1060.7 11.565868,45.897437,1060.9 11.565807,45.897499,1061 11.565713,45.897603,1061.2 11.565613,45.897728,1061.5 11.565543,45.897816,1061.7 11.5655,45.897908,1061.9 11.565475,45.898005,1062.1 11.565472,45.898105,1062.3 11.565463,45.898221,1062.5 11.565445,45.898319,1062.7 11.565402,45.898414,1063 11.565346,45.898519,1063.3 11.565281,45.898651,1063.7 11.565213,45.898776,1064.1 11.565137,45.898882,1064.4 11.565031,45.898964,1064.8 11.564921,45.899016,1065.1 11.564808,45.89904,1065.4 11.564678,45.899048,1065.8 11.564564,45.899033,1066.1 11.564447,45.899008,1066.5 11.56434,45.898966,1066.9 11.564177,45.898876,1067.1 11.564036,45.898799,1067.3 11.563889,45.898715,1067.5 11.563747,45.898651,1067.6 11.563581,45.898579,1067.8 11.563424,45.898516,1067.9 11.563262,45.898441,1068.1 11.563128,45.898357,1068.3 11.563011,45.89827,1068.4 11.562895,45.898171,1068.6 11.56277,45.898067,1068.8 11.562628,45.89793,1069 11.562503,45.897801,1069.3 11.562404,45.897684,1069.6 11.562316,45.897566,1069.9 11.562221,45.897465,1070.2 11.562099,45.897355,1070.5 11.561975,45.89726,1070.9 11.561798,45.897153,1071.4 11.561622,45.897048,1071.9 11.56144,45.896934,1072.4 11.561316,45.896842,1072.8 11.561243,45.896764,1073.1 11.561221,45.896697,1073.3 11.56122,45.896605,1073.5 11.561246,45.89651,1073.7 11.561296,45.896436,1073.9 11.561382,45.896349,1074.1 11.561507,45.896263,1074.3 11.561658,45.896178,1074.5 11.561817,45.896104,1074.7 11.561979,45.896043,1074.9 11.56207,45.895987,1075.1 11.562133,45.895932,1075.2 11.562181,45.895855,1075.3 11.562202,45.895749,1075.5 11.562211,45.89562,1075.9 11.562214,45.895479,1076.4 11.562208,45.895351,1076.8 11.562199,45.895201,1077.2 11.56219,45.895064,1077.6 11.562164,45.894969,1077.9 11.562126,45.894871,1078.2 11.562052,45.894764,1078.5 11.561978,45.894673,1078.7 11.561891,45.894565,1079 11.561798,45.894461,1079.2 11.561704,45.894353,1079.5 11.561611,45.894247,1079.8 11.561531,45.894163,1080 11.561444,45.894095,1080.2 11.561342,45.894035,1080.5 11.561185,45.893957,1080.9 11.561017,45.893886,1081.3 11.560812,45.893805,1081.8 11.560604,45.893722,1082.3 11.560405,45.893641,1082.8 11.560228,45.89357,1083.3 11.560047,45.893492,1083.7 11.55991,45.893419,1084.1 11.559798,45.893338,1084.5 11.559684,45.893244,1084.9 11.559542,45.893125,1085.4 11.559406,45.893006,1085.9 11.559288,45.892897,1086.4 11.55916,45.892782,1086.9 11.559065,45.892677,1087.3 11.558963,45.892555,1087.8 11.558877,45.892445,1088.2 11.558796,45.892355,1088.6 11.558721,45.892301,1088.8 11.558609,45.892244,1089.1 11.558538,45.892211,1089.3 11.558437,45.892188,1089.5 11.55833,45.892183,1089.6 11.558179,45.892179,1089.8 11.558046,45.89217,1090 11.557912,45.892155,1090.2 11.557795,45.89213,1090.3 11.55769,45.89209,1090.5 11.557562,45.892011,1090.7 11.557414,45.891904,1091 11.557204,45.891764,1091.3 11.557044,45.89165,1091.6 11.556896,45.891549,1091.8 11.556795,45.891489,1091.9 11.556709,45.891435,1092 11.556589,45.891394,1092.2 11.556453,45.891368,1092.3 11.556316,45.891359,1092.4 11.556161,45.891367,1092.5 11.555983,45.891389,1092.5 11.555732,45.891415,1092.7 11.555472,45.891447,1092.8 11.555206,45.891474,1092.9 11.554953,45.891503,1093 11.554691,45.891535,1093.1 11.554403,45.89157,1093.2 11.554145,45.891598,1093.3 11.553937,45.891622,1093.3 11.553765,45.891643,1093.4 11.55358,45.891683,1093.4 11.553339,45.891739,1093.4 11.553129,45.891792,1093.3 11.552923,45.891838,1093.2 11.552735,45.891877,1093.2 11.552537,45.891915,1093.1 11.552359,45.891944,1093 11.552122,45.891971,1092.8 11.551843,45.892005,1092.7 11.551595,45.892034,1092.4 11.551255,45.892068,1092 11.550936,45.892111,1091.6 11.550578,45.892159,1091.1 11.550283,45.892192,1090.5 11.549961,45.892232,1089.8 11.549639,45.892274,1088.9 11.549344,45.892312,1088.1 11.549097,45.892343,1087.3 11.548873,45.892374,1086.5 11.548713,45.892399,1086 11.548576,45.892421,1084.7 11.548465,45.892438,1083.7 11.548307,45.892455,1082.2 11.54817,45.89247,1081 11.547869,45.8925,1081.05 11.547773,45.892286,1080.6 11.547748,45.892061,1080.58 11.547802,45.891895,1080.57 11.547917,45.891668,1080.55 11.548009,45.891464,1080.43 11.548075,45.891295,1080.16 11.548104,45.891187,1080.1 11.548121,45.891084,1080.01 11.548102,45.890952,1079.86 11.548052,45.890798,1079.68 11.54802,45.890681,1079.55 11.54789,45.890403,1079.24 11.547842,45.890299,1079.12 11.547816,45.890182,1079 11.5478,45.890089,1078.9 11.547788,45.88999,1078.8 11.547753,45.889422,1078.36 11.547739,45.889242,1078.29 11.547744,45.888949,1078.08 11.547766,45.88883,1078 11.547826,45.888679,1077.92 11.547879,45.888549,1077.82 11.547953,45.888421,1077.72 11.548083,45.888296,1077.63 11.548278,45.888148,1077.45 11.548364,45.888079,1077.37 11.548444,45.888011,1077.29 11.548531,45.887911,1077.08 11.548581,45.887727,1076.82 11.548619,45.887374,1076.37 11.54861,45.887104,1076.01 11.548601,45.887015,1075.92 11.548586,45.886924,1075.76 11.548495,45.886494,1075.17 11.54847,45.886452,1075.12 11.548427,45.886405,1075.21 11.548363,45.886349,1075.32 11.548393,45.88631,1075.42 11.548409,45.886246,1075.58 11.548397,45.886186,1075.63 11.548282,45.88575,1076.33 11.54816,45.88533,1077.01 11.548095,45.885096,1077.39 11.548046,45.884899,1077.7 11.548013,45.884736,1077.95 11.547978,45.88457,1078.36 11.547954,45.884377,1078.83 11.54794,45.884208,1079.24 11.54795,45.884026,1079.67 11.548,45.883635,1080.61 11.548147,45.882577,1081.99 11.548313,45.881357,1081.58 11.548406,45.880714,1080.58 11.548487,45.880134,1079.69 11.548534,45.879888,1079.31 11.548552,45.879664,1078.96 11.548537,45.879479,1078.62 11.54847,45.879105,1077.97 11.548336,45.878514,1076.82 11.548256,45.878173,1076.19 11.54819,45.877812,1075.52 11.548142,45.87762,1075.18 11.548088,45.877458,1074.89 11.547952,45.877226,1074.63 11.547667,45.876824,1074.17 11.547438,45.87647,1073.71 11.547307,45.876292,1073.65 11.547156,45.876079,1073.62 11.54699,45.875804,1073.58 11.546867,45.875567,1073.55 11.546727,45.875208,1073.78 11.546545,45.874732,1074.1 11.546454,45.874481,1074.21 11.546146,45.873649,1075.72 11.546129,45.873542,1076.08 11.546112,45.873318,1076.54 11.546155,45.873096,1077 11.546209,45.872955,1077.29 11.546436,45.872614,1078.07 11.546536,45.872504,1078.46 11.546861,45.872225,1079.39 11.547203,45.871906,1080.79 11.547728,45.871399,1082.76 11.547859,45.871248,1083.27 11.547966,45.871096,1083.77 11.548033,45.870954,1084.2 11.548134,45.870685,1084.79 11.548304,45.870158,1085.94 11.549029,45.867932,1090.79 11.549218,45.867443,1091.62 11.549271,45.867358,1091.76 11.549366,45.867274,1091.81 11.54964,45.867101,1092.09 11.55004,45.866865,1092.5 11.550327,45.866687,1092.8 11.550566,45.866538,1093.05 11.550895,45.866299,1093.07 11.551093,45.866138,1093.09 11.551229,45.866015,1093.02 11.551373,45.865881,1092.59 11.551481,45.865775,1092.41 11.551778,45.865463,1091.84 11.55212,45.86511,1091.25 11.552248,45.86494,1090.98 11.552322,45.864809,1090.89 11.552413,45.864641,1090.24 11.552615,45.864239,1089.18 11.552685,45.864032,1088.65 11.552736,45.863807,1088.09 11.552806,45.863395,1087.06 11.552852,45.863059,1086.52 11.552866,45.862902,1086.27 11.55285,45.862752,1086.02 11.552818,45.86259,1085.92 11.552792,45.862477,1085.85 11.552694,45.862217,1085.68 11.552642,45.862082,1085.59 11.552579,45.861912,1085.48 11.552516,45.861692,1085.33 11.552406,45.861427,1085.16 11.552241,45.861173,1084.88 11.552073,45.860988,1084.55 11.551803,45.86072,1084.07 11.551516,45.860431,1083.54 11.551403,45.860287,1083.3 11.551284,45.860101,1083.01 11.551209,45.859955,1082.78 11.551143,45.859774,1082.56 11.550922,45.858979,1080.32 11.550842,45.858698,1079.54 11.550755,45.858477,1078.97 11.550646,45.858246,1078.41 11.550396,45.857863,1077.32 11.549995,45.857285,1075.9 11.549864,45.857103,1075.65 11.549603,45.856709,1075.49 11.549379,45.856306,1075.55 11.549141,45.855861,1075.63 11.548838,45.855272,1075.72 11.54859,45.854775,1075.8 11.548275,45.854167,1075.9 11.548159,45.853935,1075.93 11.548077,45.85372,1076.35 11.548032,45.853554,1076.66 11.547995,45.853151,1077.4 11.548003,45.852837,1078.31 11.548056,45.851721,1082.14 11.548039,45.851503,1082.89 11.548005,45.851245,1083.17 11.547923,45.850992,1083.44 11.547803,45.850706,1083.69 11.547278,45.849602,1083.52 11.547142,45.849306,1083.43 11.546999,45.849338,1083.42 11.546919,45.849344,1083.42 11.546826,45.849345,1083.41 11.54673,45.849328,1083.4 11.546636,45.849299,1083.39 11.546534,45.849245,1083.37 11.546442,45.849172,1083.37 11.546348,45.849035,1083.36 11.545998,45.849136,1083.26 11.545314,45.849336,1082.99 11.544697,45.849546,1082.73 11.543504,45.849913,1082.25 11.542882,45.850104,1081.65 11.542426,45.850207,1081.27 11.542045,45.850267,1080.96 11.541701,45.850319,1080.24 11.541393,45.850359,1079.6 11.540997,45.850409,1078.81 11.540695,45.850504,1078.22 11.540403,45.850647,1077.59 11.540102,45.850834,1076.87 11.539614,45.851213,1075.73 11.539029,45.851654,1074.38 11.538444,45.852077,1072.96 11.537775,45.852604,1070.74 11.537337,45.852879,1069.47 11.537104,45.853013,1068.76 11.536828,45.853125,1068.01 11.536444,45.853273,1067.42 11.53602,45.853437,1066.42 11.534698,45.853889,1063.43 11.53346,45.854311,1061.47 11.532089,45.85481,1059.32 11.531036,45.855184,1057.64 11.529806,45.855618,1054.87 11.528673,45.856002,1052.35 11.528291,45.856128,1051.5 11.528048,45.856216,1050.95 11.527726,45.856347,1050.35 11.527637,45.856401,1050 11.527524,45.85648,1050.3 11.527388,45.856602,1050.5 11.52711,45.856847,1051 11.526937,45.857021,1051.2 11.526741,45.857237,1051.4 11.526579,45.857434,1051 11.526518,45.857643,1050.6 11.526495,45.857918,1049.8 11.526468,45.858242,1048.9 11.526434,45.858635,1047.4 11.526396,45.859086,1044.6 11.52637,45.859365,1042.9 11.526359,45.859689,1039.6 11.526304,45.859893,1037.7 11.526203,45.860071,1036 11.525993,45.860269,1034.5 11.525788,45.860431,1033.2 11.525488,45.860636,1031.8 11.525168,45.860836,1030.3 11.524847,45.861062,1028.7 11.524603,45.861229,1027.5 11.524441,45.861426,1026.3 11.524404,45.861594,1025.5 11.524403,45.861783,1025 11.524519,45.862014,1023.9 11.52463,45.862248,1022.7 11.524727,45.862471,1021.5 11.524743,45.862601,1020.9 11.5247,45.862795,1019.9 11.524624,45.863042,1018.6 11.524509,45.863216,1017.6 11.524342,45.863422,1016.4 11.52408,45.863698,1014.8 11.523802,45.864021,1013.1 11.523564,45.864303,1011.6 11.523324,45.864565,1010.5 11.523027,45.864891,1009 11.522797,45.865167,1007.7 11.522607,45.865362,1006.8 11.522429,45.865492,1006 11.522282,45.865592,1005.4 11.521977,45.865756,1004.2 11.521619,45.865955,1002.7 11.521349,45.86611,1001.7 11.521026,45.866297,1000.4 11.520661,45.866501,999.1 11.520278,45.866712,997.7 11.519913,45.866907,996.2 11.519589,45.867071,995 11.519238,45.867228,994.4 11.518806,45.867428,993.6 11.518291,45.86766,992.8 11.517762,45.867919,992 11.517241,45.86816,991.5 11.516803,45.868366,991.1 11.516251,45.868619,990.8 11.515733,45.86886,990.5 11.515272,45.869068,990.5 11.514906,45.869224,990.5 11.51454,45.869329,991.1 11.51416,45.869407,991.8 11.513835,45.869471,992.5 11.513628,45.869541,992.9 11.513469,45.869652,993.5 11.51326,45.869873,994.4 11.513098,45.870065,995 11.512972,45.870262,995.5 11.512837,45.870483,995.8 11.512658,45.87073,996 11.51245,45.870986,996 11.512215,45.87121,995.9 11.512046,45.87138,996 11.511913,45.871505,996 11.51173,45.871722,995.9 11.511615,45.871894,996.37 11.511425,45.871925,995.76 11.511128,45.871976,994.13 11.510882,45.872017,993.48 11.510596,45.872063,992.34 11.510294,45.872116,992.62 11.509931,45.872162,992.38 11.509353,45.872265,992.95 11.50917,45.872293,992.83 11.508898,45.872319,993.14 11.508689,45.872344,993.8 11.508523,45.872356,994.33 11.508264,45.872391,995.56 11.508125,45.872408,996.61 11.507936,45.872429,998.04 11.50769,45.872467,998.94 11.507414,45.872524,999.24 11.507318,45.87254,999.34 11.507067,45.872585,999.64 11.506747,45.872803,1000.56 11.506573,45.872978,1001.04 11.506182,45.87328,1001.52 11.50608,45.873328,1001.85 11.505868,45.873397,1002.01 11.505785,45.873481,1002.11 11.505707,45.873633,1002 11.505616,45.873606,1001.8 11.505456,45.873556,1001.6 11.505315,45.873514,1001.5 11.50507,45.873432,1002 11.504885,45.873371,1002.3 11.504676,45.873302,1002.5 11.504433,45.873234,1002.9 11.504225,45.873175,1003.1 11.503979,45.873098,1003.4 11.503735,45.873022,1003.3 11.50349,45.872945,1003.3 11.503252,45.872872,1003 11.503029,45.872797,1002.7 11.502806,45.872711,1002.2 11.502569,45.872622,1001.7 11.502325,45.872534,1001 11.502099,45.872447,1000.3 11.501845,45.872348,999.5 11.501662,45.872266,998.9 11.501464,45.872154,998.2 11.501282,45.87204,997.5 11.501091,45.871919,996.8 11.500889,45.871785,995.9 11.500621,45.871607,994.9 11.500406,45.871449,994 11.500222,45.871322,993.2 11.499955,45.871159,992.2 11.499735,45.87102,991.4 11.499436,45.870829,990.3 11.499204,45.870681,989.6 11.498931,45.870513,988.7 11.498644,45.870329,988 11.498385,45.870165,987.3 11.498165,45.87002,986.9 11.497856,45.869828,986.5 11.497591,45.86965,986.3 11.497256,45.869444,986.1 11.496998,45.869279,986 11.496748,45.869127,986 11.496577,45.869023,986.6 11.496417,45.868942,987.1 11.496156,45.868831,988.1 11.495873,45.868722,989.2 11.495612,45.868629,990.3 11.495318,45.868522,991.5 11.494991,45.868413,993.1 11.49462,45.868294,994.9 11.494388,45.868229,996.1 11.494188,45.868181,997.1 11.493944,45.86813,998.3 11.493716,45.868108,999.5 11.4935,45.868104,1000.3 11.493267,45.868121,1001.2 11.493058,45.86815,1002 11.492821,45.868192,1002.9 11.492628,45.868241,1003.7 11.492424,45.868315,1004.6 11.492268,45.868388,1005.2 11.492052,45.868494,1006.2 11.491845,45.868595,1007.1 11.49159,45.868719,1008.2 11.491336,45.868848,1009.3 11.491078,45.868974,1010.4 11.490842,45.869091,1011.4 11.490607,45.869205,1012.4 11.490405,45.869305,1013.3 11.490189,45.869412,1014.3 11.48998,45.869519,1015.3 11.489818,45.869601,1016 11.489661,45.869662,1016.7 11.489533,45.869693,1017.2 11.489403,45.869696,1017.6 11.489266,45.869665,1018.1 11.489127,45.869616,1018.5 11.48896,45.869538,1019.1 11.488744,45.869447,1019 11.488539,45.869354,1019 11.488328,45.869257,1018.7 11.488108,45.869154,1018.5 11.487901,45.869054,1018.1 11.487649,45.868934,1017.6 11.487374,45.868807,1016.9 11.487118,45.868686,1016.3 11.486878,45.868577,1015.6 11.486665,45.86847,1015 11.486459,45.868366,1014.4 11.486344,45.868308,1014.1 11.486203,45.868257,1014 11.486057,45.868225,1013.9 11.485913,45.868215,1013.8 11.485802,45.868232,1013.7 11.485679,45.868279,1013.5 11.485573,45.868353,1013.4 11.485437,45.868449,1013.1 11.485305,45.868553,1012.7 11.485172,45.868654,1012.4 11.485027,45.868755,1011.9 11.484875,45.868861,1011.4 11.484782,45.868922,1011.1 11.484647,45.869012,1010.7 11.484528,45.869088,1010.3 11.484417,45.869136,1010 11.484282,45.869163,1009.8 11.484131,45.869176,1009.5 11.483969,45.869183,1009.1 11.483758,45.869188,1008.8 11.483543,45.869182,1008.4 11.483357,45.869162,1008 11.483214,45.869131,1007.8 11.483074,45.869093,1007.5 11.482931,45.869037,1007.2 11.482788,45.868963,1007 11.482638,45.868887,1006.8 11.482493,45.868815,1006.5 11.482337,45.868747,1006.3 11.482187,45.868706,1006.1 11.482049,45.868687,1005.9 11.481892,45.868696,1005.5 11.481752,45.86873,1005.3 11.481637,45.868772,1005 11.481493,45.868845,1004.6 11.481329,45.868938,1004.2 11.481136,45.869054,1003.6 11.480965,45.869156,1003.1 11.480774,45.869266,1002.5 11.480607,45.869354,1002 11.480418,45.869451,1001.4 11.480274,45.869517,1001 11.480125,45.869566,1000.6 11.480006,45.869599,1000.3 11.479776,45.869641,1000 11.479714,45.869739,999.4 11.479651,45.869804,999.4 11.479571,45.869883,999.4 11.479497,45.869931,999.4 11.479378,45.869975,999.3 11.479229,45.870022,999.3 11.47906,45.87007,999.1 11.478881,45.870121,999 11.478617,45.870198,998.7 11.478368,45.870258,998.4 11.478121,45.870313,998.1 11.477909,45.870363,997.8 11.477655,45.870419,997.3 11.477445,45.870477,996.9 11.477287,45.870529,996.5 11.477099,45.870612,996.1 11.476937,45.870704,995.7 11.476803,45.870799,995.4 11.476685,45.870904,995 11.47658,45.871006,994.6 11.476479,45.871133,994.1 11.476404,45.871255,993.6 11.476355,45.871378,993.1 11.476314,45.871509,992.6 11.476276,45.871667,991.7 11.47623,45.871829,990.8 11.476186,45.871999,989.9 11.476149,45.872142,989.1 11.476108,45.872303,988.2 11.476082,45.872445,987.4 11.476091,45.87254,986.9 11.47612,45.872629,986.4 11.476187,45.872706,986 11.476281,45.872758,985.6 11.476413,45.872799,985.3 11.476533,45.87281,985 11.476705,45.872806,984.7 11.476828,45.872794,984.5 11.476988,45.87276,984.2 11.477174,45.872705,983.9 11.477318,45.872655,983.5 11.477483,45.872596,983.1 11.477596,45.872562,982.8 11.477726,45.872556,982.4 11.477845,45.872574,982 11.477938,45.87261,981.6 11.478018,45.87267,981.2 11.478067,45.872754,980.8 11.478065,45.87285,980.2 11.478022,45.872951,979.6 11.477954,45.873079,978.9 11.477895,45.873212,978.1 11.477846,45.873336,977.5 11.477809,45.873471,976.8 11.477788,45.873589,976.3 11.477799,45.87369,975.9 11.477832,45.873773,975.7 11.477885,45.873834,975.5 11.477983,45.87388,975.3 11.478084,45.873905,975.2 11.478214,45.873922,974.9 11.478392,45.873934,974.5 11.478566,45.873951,974.1 11.478732,45.873984,973.7 11.478877,45.874025,973.3 11.479035,45.874087,972.9 11.47917,45.874155,972.5 11.479299,45.874241,972.1 11.47944,45.874336,971.7 11.479548,45.874413,971.4 11.479641,45.874479,971.1 11.479692,45.874535,970.9 11.479721,45.874599,970.5 11.479726,45.874678,970.1 11.479692,45.874749,969.7 11.479626,45.874808,969.3 11.479498,45.874866,968.8 11.479329,45.874907,968.1 11.479181,45.874946,967.4 11.478974,45.875,966.5 11.478856,45.875044,966 11.478753,45.875109,965.4 11.478696,45.875191,964.8 11.478654,45.875318,964 11.478633,45.875412,963.5 11.478593,45.875484,963.1 11.478516,45.875538,962.6 11.4784,45.875572,962.1 11.478299,45.875576,961.7 11.478196,45.87555,961.3 11.478069,45.875478,960.6 11.477956,45.875395,959.9 11.477847,45.875317,959.1 11.477747,45.87526,958.5 11.477627,45.875219,957.9 11.47751,45.875199,957.2 11.477331,45.87519,956.6 11.477109,45.875193,955.9 11.476898,45.875199,955.1 11.476667,45.875206,954.3 11.476419,45.875213,953.4 11.476133,45.875224,952.4 11.475914,45.875235,951.6 11.475686,45.875244,950.8 11.475515,45.875252,950.2 11.475371,45.875276,949.6 11.475278,45.87531,949.2 11.475202,45.875376,948.8 11.475154,45.875456,948.3 11.475131,45.875564,947.7 11.475138,45.875673,947 11.475153,45.875844,946 11.475165,45.876004,944.9 11.475174,45.876168,943.9 11.475182,45.876341,942.7 11.475191,45.876514,941.6 11.475189,45.876641,940.9 11.475178,45.876755,940.2 11.475137,45.876862,939.7 11.475084,45.876937,939.2 11.475021,45.876999,939.1 11.4749,45.877055,938.8 11.474763,45.877089,938.6 11.474628,45.87711,938.5 11.47443,45.877144,938.3 11.474221,45.87718,938.1 11.474014,45.877214,938 11.473778,45.87725,937.9 11.473547,45.877288,937.8 11.473352,45.877315,937.8 11.473166,45.87734,937.8 11.472998,45.877364,937.7 11.472828,45.877387,937.8 11.472721,45.877398,937.9 11.472617,45.877384,937.9 11.472542,45.877348,938 11.472489,45.877295,938.1 11.472432,45.877201,938.3 11.472385,45.877115,938.5 11.472331,45.877001,938.8 11.472244,45.876844,939.3 11.472159,45.876722,939.8 11.472064,45.876605,940.2 11.471939,45.876471,940.8 11.471817,45.876348,941.5 11.471686,45.876219,942.4 11.471569,45.876086,943.2 11.471467,45.875958,944 11.471366,45.875823,944.9 11.471274,45.875722,945.5 11.471165,45.875622,946.2 11.471058,45.875542,946.9 11.470894,45.875468,947.6 11.470759,45.875397,948.3 11.47062,45.875311,949 11.470484,45.875191,949.8 11.470386,45.875082,950.3 11.470262,45.874951,950.9 11.470188,45.874882,951.3 11.470115,45.874832,951.6 11.47002,45.874801,951.9 11.469891,45.874789,952.3 11.46975,45.874812,952.8 11.469597,45.874838,953.4 11.469486,45.874843,953.8 11.469394,45.874831,954.1 11.469303,45.874796,954.5 11.469251,45.874742,954.9 11.469227,45.874672,955.2 11.469222,45.874585,955.7 11.469229,45.874486,956.2 11.469238,45.874366,956.8 11.469239,45.874294,957.2 11.469233,45.874219,957.6 11.469215,45.874144,958 11.469166,45.874064,958.4 11.469102,45.873993,958.9 11.469019,45.873937,959.3 11.468899,45.873882,959.8 11.468739,45.873828,960.4 11.468577,45.873775,961 11.468412,45.873719,961.7 11.46826,45.873666,962.3 11.468094,45.873595,963 11.467941,45.873524,963.6 11.467793,45.87346,964.3 11.46768,45.873419,964.7 11.467545,45.873392,965.3 11.467371,45.873353,966 11.467258,45.873318,966.5 11.467161,45.873271,966.9 11.467073,45.873211,967.4 11.466986,45.873128,968.1 11.466885,45.873044,968.7 11.466795,45.87296,969.3 11.466712,45.872911,969.8 11.466604,45.872872,970.1 11.466443,45.872838,970.7 11.46629,45.872802,971.2 11.466127,45.872765,971.8 11.465944,45.872724,972.4 11.465781,45.872686,972.9 11.465677,45.87267,973.3 11.465577,45.872673,973.6 11.465499,45.872698,974 11.465439,45.872749,974.3 11.465412,45.872843,974.8 11.465407,45.872942,975.4 11.465402,45.873106,976.3 11.465387,45.873239,977 11.465355,45.873355,977.6 11.465299,45.87345,978.1 11.465221,45.873544,978.7 11.465124,45.873634,979.2 11.464994,45.873716,979.8 11.464846,45.873792,980.4 11.464684,45.873886,981.3 11.464544,45.87397,982 11.464458,45.874053,982.6 11.464383,45.874137,983.1 11.464304,45.874254,983.7 11.464234,45.874379,984.4 11.464161,45.874529,985 11.464094,45.874678,985.6 11.46402,45.874823,986.2 11.46396,45.874922,986.7 11.463891,45.875008,987 11.463807,45.875077,987.4 11.463691,45.875142,987.6 11.463528,45.875211,988 11.463354,45.875273,988.4 11.463141,45.875349,988.9 11.462959,45.875417,989.3 11.46281,45.875479,989.6 11.462695,45.875528,989.8 11.462621,45.875558,990 11.462471,45.875604,989.1 11.462332,45.87565,988.3 11.462221,45.875684,987.7 11.462082,45.875728,986.9 11.461932,45.875775,986 11.461751,45.875835,985 11.461584,45.875895,984 11.461368,45.875966,982.8 11.461147,45.87604,981.5 11.460976,45.876096,980.6 11.460725,45.876179,979.2 11.46054,45.87624,978.2 11.46043,45.876281,977.6 11.460359,45.876322,977.2 11.460286,45.876378,976.6 11.460215,45.876471,975.9 11.46015,45.876566,975.1 11.460096,45.876657,974.4 11.460042,45.876737,973.9 11.459982,45.8768,973.4 11.459909,45.876837,973 11.459831,45.876848,972.7 11.459744,45.876849,972.4 11.459659,45.876824,972.1 11.459583,45.876783,971.7 11.4595,45.876731,971.2 11.459412,45.876665,970.6 11.459312,45.876596,969.9 11.459183,45.876502,968.9 11.459043,45.876405,967.8 11.458935,45.876325,966.9 11.458828,45.876248,966 11.458737,45.876181,965.3 11.458656,45.876139,964.7 11.458568,45.876109,964.1 11.458486,45.876089,963.6 11.458387,45.876072,963 11.458259,45.87607,962.3 11.458097,45.876071,961.4 11.457911,45.876075,960.3 11.4577,45.876076,959.1 11.457503,45.876082,958 11.457333,45.876084,957.3 11.457138,45.876085,956.5 11.456966,45.876089,956 11.45683,45.876083,955.6 11.456706,45.87607,955.5 11.45655,45.876043,955.2 11.456304,45.875998,955.6 11.45609,45.875958,955.8 11.455904,45.875925,956.1 11.455679,45.875884,956.4 11.455446,45.87584,956.6 11.455164,45.875788,957 11.454918,45.875743,957.3 11.454621,45.875687,957.7 11.454364,45.875641,958 11.45409,45.87559,958.3 11.453761,45.87553,958.7 11.453433,45.875469,959.1 11.453122,45.875413,959.5 11.452762,45.875351,960 11.452439,45.875284,960.4 11.452083,45.875219,960.8 11.451784,45.87517,961.2 11.451533,45.875123,961.5 11.451339,45.875105,961.8 11.451087,45.875091,962.1 11.450792,45.875082,962.4 11.450509,45.875074,962.8 11.450189,45.875069,963.1 11.449839,45.875063,963.5 11.44951,45.875059,963.9 11.449106,45.875062,964.4 11.448813,45.875069,964.7 11.448482,45.875082,965.1 11.44817,45.875092,965.4 11.447891,45.8751,965.7 11.447676,45.875104,966 11.447384,45.875102,966.3 11.447126,45.875095,966.6 11.446855,45.87508,966.9 11.446617,45.875062,967.2 11.446342,45.875033,967.5 11.446041,45.874992,967.8 11.445764,45.874954,968.1 11.445491,45.874905,968.4 11.445172,45.874843,968.8 11.444834,45.874776,969.2 11.44449,45.874709,969.5 11.444137,45.874637,969.9 11.443765,45.874562,970.3 11.443424,45.874495,970.7 11.443053,45.874418,971.1 11.442751,45.874356,971.4 11.442444,45.874292,971.7 11.441968,45.8742,972.2 11.441596,45.874126,972.6 11.441233,45.874053,973 11.440809,45.87397,973.5 11.440398,45.873889,973.9 11.439973,45.873802,974.3 11.439612,45.87373,974.7 11.439253,45.873665,975 11.438975,45.87361,975.2 11.438701,45.873556,975.4 11.43843,45.873492,975.6 11.438145,45.873415,975.8 11.437855,45.87333,975.8 11.437554,45.873236,975.8 11.437257,45.873148,975.8 11.436913,45.873045,975.9 11.436601,45.872952,975.9 11.436317,45.872872,975.9 11.436074,45.872803,975.9 11.435829,45.872721,975.9 11.435628,45.872644,976 11.435444,45.872573,976 11.435283,45.872498,976 11.43511,45.872398,976 11.434937,45.872285,976 11.434738,45.872156,976 11.434541,45.872029,976.1 11.434322,45.871892,976.1 11.434117,45.871764,976.1 11.433897,45.871621,976.1 11.433691,45.871491,976.1 11.433511,45.871374,976.1 11.433295,45.871224,976.1 11.433063,45.871046,976.1 11.43287,45.870895,976 11.432662,45.870717,976 11.432478,45.870559,976 11.432336,45.870436,976 11.432206,45.870334,976 11.43209,45.870259,976 11.431944,45.870174,976 11.431757,45.87008,976 11.431587,45.870006,976 11.431364,45.869914,976 11.431146,45.869828,976 11.430901,45.869751,976 11.430638,45.869704,976 11.430399,45.869668,976 11.430169,45.869621,976 11.429946,45.869559,976 11.429738,45.869474,976 11.429539,45.869394,976 11.429341,45.869307,976 11.429119,45.869215,976.1 11.428905,45.869141,976.1 11.428685,45.869077,976.1 11.428489,45.869012,976.1 11.428306,45.868949,976.2 11.428141,45.868871,976.2 11.42802,45.86882,976.2 11.42793,45.86879,976.3 11.427836,45.868787,976.4 11.427731,45.868815,976.5 11.427566,45.868873,976.6 11.427422,45.868932,976.8 11.427277,45.868965,976.9 11.427134,45.868974,977.1 11.426932,45.86896,977.4 11.426701,45.86894,977.8 11.426502,45.868926,978.1 11.42628,45.868921,978.5 11.426037,45.868921,979 11.425769,45.868923,979.5 11.425512,45.868927,980 11.425293,45.868929,980.4 11.425064,45.868931,980.9 11.424858,45.868932,981.3 11.42468,45.868936,981.6 11.424551,45.86895,981.9 11.424409,45.868982,982.2 11.424248,45.869037,982.5 11.424033,45.869136,983 11.423804,45.869237,983.6 11.423581,45.869338,984.1 11.423357,45.86942,984.5 11.42313,45.869484,984.9 11.422929,45.86953,985.2 11.422787,45.869557,985.5 11.422683,45.869572,985.6 11.422598,45.869573,985.7 11.422534,45.869562,985.8 11.422474,45.869537,985.9 11.422415,45.869496,986 11.422362,45.869427,986.2 11.42229,45.869316,986.4 11.422214,45.8692,986.7 11.422137,45.869092,986.8 11.422053,45.868976,987 11.421969,45.868865,987.1 11.421883,45.86874,987.3 11.421782,45.868595,987.4 11.42169,45.868473,987.5 11.421599,45.868351,987.6 11.421527,45.868255,987.7 11.421439,45.868156,987.7 11.421363,45.868065,987.7 11.421265,45.867967,987.7 11.421165,45.867887,987.7 11.421019,45.867787,987.7 11.420875,45.867695,987.7 11.420721,45.867601,987.7 11.420579,45.867527,987.6 11.420442,45.867472,987.6 11.420254,45.867411,987.5 11.420029,45.86735,987.4 11.419796,45.86729,987.3 11.419516,45.867217,987.2 11.419286,45.867157,987.1 11.4189,45.867063,987 11.418587,45.86698,986.9 11.418237,45.866897,986.7 11.417853,45.866797,986.5 11.417558,45.866721,986.4 11.417211,45.866628,986.3 11.416928,45.866553,986.1 11.416688,45.866487,986 11.416486,45.866426,985.9 11.416337,45.866379,985.9 11.416158,45.866323,985.8 11.416006,45.866289,985.7 11.415872,45.86628,985.7 11.415713,45.866275,985.6 11.415517,45.866293,985.3 11.415246,45.866329,984.8 11.414976,45.866369,984.4 11.414721,45.866405,983.9 11.414428,45.866438,983.4 11.41409,45.866485,982.8 11.413847,45.86652,982.3 11.41357,45.866566,981.8 11.413312,45.866618,981.2 11.413037,45.866674,980.6 11.412745,45.866738,979.8 11.41242,45.866805,979 11.412151,45.86686,978.4 11.411931,45.866905,977.8 11.411702,45.866938,977.2 11.41156,45.866955,976.9 11.411455,45.866955,976.6 11.411348,45.866941,976.3 11.411261,45.866907,976 11.411199,45.866849,975.7 11.411125,45.866764,975.3 11.411056,45.866666,974.9 11.410991,45.866575,974.4 11.410914,45.866474,974 11.410845,45.866371,973.6 11.410787,45.866296,973.4 11.410714,45.866245,973.1 11.410619,45.866217,972.9 11.410496,45.866197,972.6 11.410299,45.866189,972.1 11.410116,45.866186,971.7 11.40993,45.866187,971.2 11.409768,45.866187,970.7 11.409531,45.866183,970.1 11.409323,45.866186,969.5 11.409087,45.866199,968.8 11.408881,45.866211,968.1 11.408703,45.866224,967.5 11.408585,45.866241,967 11.408466,45.866285,966.5 11.408365,45.866337,966.1 11.408254,45.866404,965.6 11.408144,45.866479,965 11.408067,45.86653,964.7 11.407971,45.866569,964.3 11.407843,45.866597,963.8 11.407715,45.866603,963.4 11.407592,45.866589,963 11.407504,45.866563,962.5 11.407369,45.866503,961.8 11.407245,45.86642,961 11.407117,45.866335,960.2 11.407017,45.86627,959.6 11.406928,45.866224,959.2 11.406845,45.866191,958.8 11.406746,45.866165,958.3 11.406593,45.866149,957.7 11.406416,45.866152,957 11.406173,45.866156,956.1 11.405963,45.86616,955.3 11.405704,45.866166,954.2 11.405403,45.866168,953 11.405193,45.866173,952.1 11.405034,45.86618,951.5 11.404912,45.86619,951 11.404799,45.866221,950.6 11.404686,45.866279,950.1 11.404563,45.866344,949.6 11.404421,45.866404,949 11.404303,45.866451,948.6 11.40417,45.866486,948.1 11.404026,45.866513,947.7 11.403822,45.866536,947.1 11.403654,45.866561,946.6 11.403485,45.866592,946.2 11.403318,45.86664,945.7 11.403157,45.866686,945.3 11.403027,45.866699,944.9 11.402927,45.866687,944.7 11.402853,45.866658,944.5 11.402797,45.866611,944.3 11.40277,45.866554,944.1 11.40275,45.866466,943.8 11.402741,45.866397,943.6 11.402722,45.866273,943.2 11.402704,45.86615,942.9 11.402683,45.866026,942.6 11.402658,45.865908,942.3 11.402628,45.865806,942 11.402583,45.865718,941.8 11.402533,45.865649,941.7 11.402455,45.865571,941.5 11.402353,45.86548,941.2 11.402245,45.865392,941 11.402153,45.865313,940.8 11.402077,45.865228,940.6 11.402015,45.865137,940.4 11.401965,45.865037,940.2 11.401914,45.86492,940 11.401865,45.864807,939.8 11.401814,45.864703,939.6 11.40176,45.864615,939.4 11.401685,45.86452,939.2 11.401609,45.864429,939.1 11.40152,45.864352,938.9 11.401395,45.86428,938.7 11.401263,45.864208,938.5 11.401093,45.864125,938.2 11.40089,45.864037,937.7 11.400679,45.863954,937.3 11.400507,45.863889,936.6 11.400319,45.86382,936 11.400107,45.863738,935.2 11.399891,45.863653,934.5 11.399657,45.863565,933.6 11.399441,45.863491,932.9 11.399302,45.863437,932.4 11.399187,45.863382,932 11.39907,45.863312,931.5 11.39896,45.863238,931 11.398828,45.863159,930.4 11.398658,45.863057,929.7 11.39849,45.862947,928.9 11.398315,45.862834,928.1 11.398164,45.862736,927.5 11.397999,45.862646,926.8 11.397798,45.862548,926 11.397577,45.862457,925.1 11.397339,45.86236,924.2 11.397094,45.862274,923.3 11.396812,45.862188,922.5 11.396549,45.862103,921.8 11.396252,45.862013,920.8 11.39596,45.861922,919.9 11.395687,45.861831,918.9 11.395464,45.861767,918.2 11.395252,45.861712,917.4 11.394981,45.861661,916.5 11.394665,45.861621,915.4 11.39444,45.861606,914.6 11.394236,45.861599,913.9 11.394054,45.861603,913.3 11.393787,45.861612,912.3 11.393525,45.861637,911.3 11.393293,45.861672,910.3 11.393054,45.861724,909.2 11.392823,45.86178,908.1 11.39261,45.861844,907.1 11.392393,45.861924,905.8 11.392152,45.862015,904.5 11.391905,45.862119,903 11.391691,45.862202,901.7 11.391486,45.862259,900.5 11.391293,45.86229,899.4 11.391121,45.862302,898.5 11.390937,45.862305,897.5 11.390767,45.862285,896.6 11.390597,45.862249,895.7 11.390437,45.862195,894.7 11.390268,45.862122,893.7 11.390118,45.862044,892.7 11.389948,45.861942,891.5 11.389759,45.861825,890.3 11.389572,45.861709,889 11.389357,45.861572,887.6 11.389157,45.86145,886.4 11.388958,45.861331,885.2 11.388735,45.86119,883.9 11.388527,45.861064,882.5 11.388317,45.86094,881.1 11.38814,45.860835,880 11.387997,45.860764,879.2 11.38787,45.860708,878.6 11.387711,45.860666,877.9 11.387566,45.860636,877.2 11.387393,45.860616,876.5 11.387121,45.860593,875.5 11.386866,45.860568,874.4 11.386604,45.860544,873.4 11.386352,45.860523,872.3 11.386061,45.860499,871.1 11.38582,45.860477,870 11.385594,45.860464,869.1 11.38537,45.860458,868.2 11.385122,45.860458,867.2 11.384885,45.860459,866.2 11.384639,45.860463,865.2 11.38435,45.860468,864 11.384124,45.860471,863 11.383928,45.860465,862.2 11.383776,45.860456,861.5 11.383628,45.860435,860.9 11.383463,45.860401,860.1 11.383272,45.860341,859.2 11.383112,45.860283,858.4 11.382968,45.860217,857.7 11.382835,45.860158,857 11.382664,45.860081,856.2 11.382493,45.860009,855.3 11.382285,45.859924,854.2 11.382098,45.859844,853.2 11.381931,45.859766,852.3 11.381729,45.859685,851.1 11.381542,45.859606,850 11.381344,45.859521,849.1 11.381237,45.859461,848.5 11.381151,45.85939,848 11.3811,45.85931,847.4 11.381078,45.859207,846.8 11.381077,45.859115,846.2 11.381113,45.859025,845.6 11.381194,45.858918,844.9 11.381288,45.858816,844.2 11.381374,45.858716,843.6 11.381447,45.858623,843 11.381497,45.858536,842.5 11.381521,45.858436,841.7 11.381527,45.858344,841 11.38151,45.858257,840.3 11.381474,45.858195,839.8 11.381399,45.858131,839.2 11.381297,45.858077,838.6 11.381205,45.858036,838.1 11.381077,45.857985,837.4 11.38092,45.857928,836.7 11.380684,45.857866,835.7 11.380492,45.857826,835 11.380297,45.857793,834.2 11.380132,45.85776,833.6 11.379971,45.857724,833 11.379834,45.85769,832.4 11.379714,45.857641,831.9 11.379617,45.857589,831.4 11.379509,45.857516,830.8 11.379398,45.857438,830.2 11.379305,45.857371,829.7 11.379219,45.857287,829.1 11.379126,45.857173,828.3 11.379057,45.857074,827.7 11.378967,45.856924,826.7 11.378866,45.856775,825.9 11.37879,45.856657,825.2 11.378692,45.85651,824.4 11.378629,45.856404,823.8 11.378592,45.856317,823.3 11.378575,45.856229,822.9 11.37857,45.856094,822.1 11.378573,45.855984,821.6 11.378578,45.855833,820.8 11.378587,45.855677,819.9 11.378606,45.855503,818.9 11.378623,45.855339,818 11.37864,45.85522,817.3 11.378642,45.855121,816.7 11.378634,45.855048,816.3 11.378606,45.854983,815.9 11.378566,45.854916,815.6 11.378505,45.85485,815.2 11.378426,45.854806,814.9 11.378346,45.854778,814.6 11.378272,45.85477,814.4 11.37819,45.85477,814.1 11.378092,45.854789,813.8 11.377993,45.854838,813.4 11.377931,45.854907,813 11.377868,45.855005,812.5 11.377816,45.855103,811.9 11.377749,45.855208,811.3 11.37768,45.855319,810.6 11.377611,45.855406,810 11.377546,45.855472,809.6 11.377462,45.855541,809 11.377364,45.855606,808.4 11.377257,45.855664,807.8 11.377158,45.855725,807.3 11.377047,45.855813,806.5 11.37692,45.85593,805.8 11.376825,45.85601,805.2 11.376688,45.85612,804.4 11.376553,45.85623,803.7 11.376407,45.856359,802.8 11.376302,45.856458,802.1 11.376176,45.856559,801.3 11.376045,45.856657,800.5 11.375928,45.856745,799.8 11.375771,45.856854,798.9 11.375627,45.856956,798 11.375485,45.857049,797.1 11.375315,45.857145,796.3 11.37517,45.857224,795.7 11.375027,45.857293,795 11.374932,45.85733,794.6 11.374806,45.857356,794.1 11.374677,45.857362,793.6 11.374545,45.857352,793.1 11.374421,45.857324,792.6 11.374302,45.857286,792.2 11.374158,45.857234,791.6 11.374052,45.85721,791.2 11.37393,45.857217,790.8 11.373805,45.857262,790.4 11.37373,45.857315,790.1 11.373691,45.857377,789.8 11.373645,45.857483,789.3 11.373603,45.857598,788.7 11.373565,45.857723,788.1 11.373527,45.857851,787.4 11.37348,45.857998,786.6 11.373444,45.858132,785.9 11.373397,45.85827,785.2 11.373345,45.858414,784.5 11.373291,45.858542,783.8 11.373231,45.858687,782.5 11.373181,45.858785,781.6 11.373164,45.858824,781.3 11.373124,45.858849,781 11.373088,45.858854,780.8 11.373046,45.858845,780.6 11.373019,45.858822,780.4 11.373007,45.858789,780.2 11.373028,45.858731,779.8 11.373062,45.858652,779.3 11.37311,45.858532,778.4 11.373154,45.858393,777.5 11.373199,45.858241,776.3 11.373244,45.858083,775.2 11.373293,45.857921,774 11.373323,45.857809,773.1 11.37334,45.857687,772.3 11.373345,45.857552,771.3 11.373343,45.857408,770.3 11.373341,45.857256,769.3 11.373335,45.857122,768.4 11.373332,45.857013,767.7 11.373351,45.856921,767.1 11.373378,45.856846,766.6 11.373433,45.856768,765.9 11.37351,45.8567,765.2 11.373625,45.856626,764.4 11.373746,45.856557,763.6 11.373893,45.856457,762.6 11.373976,45.856392,761.9 11.374053,45.856311,761.3 11.37411,45.856227,760.7 11.374144,45.85614,760.1 11.374182,45.856024,759.4 11.374208,45.855918,758.8 11.374252,45.855785,758 11.374307,45.855663,757.3 11.374376,45.855547,756.7 11.374421,45.855474,756.3 11.374437,45.855424,756 11.374421,45.85539,755.9 11.374376,45.855364,755.7 11.374313,45.855363,755.5 11.374247,45.855397,755.3 11.374169,45.855488,754.8 11.374079,45.855605,754.2 11.37398,45.85573,753.6 11.373854,45.855884,752.8 11.373736,45.856022,751.9 11.373638,45.856137,751.1 11.373541,45.856242,750.4 11.373452,45.856316,749.9 11.373326,45.856406,749.2 11.37323,45.85647,748.7 11.373143,45.856536,748.2 11.373098,45.85658,747.9 11.373045,45.856663,747.4 11.373011,45.856764,746.8 11.37299,45.856872,746.1 11.372973,45.856967,745.6 11.372955,45.857054,745.1 11.37292,45.857137,744.6 11.372849,45.857247,743.9 11.372778,45.857351,743.3 11.372715,45.857448,742.7 11.372658,45.857558,742 11.372613,45.857679,741.4 11.372571,45.857789,740.7 11.372529,45.857895,740.1 11.372494,45.857986,739.6 11.372457,45.858088,739 11.372431,45.858173,738.5 11.372404,45.858239,738 11.372383,45.858272,737.8 11.372337,45.858294,737.5 11.372285,45.858295,737.2 11.372235,45.858282,737 11.37221,45.85826,736.8 11.372195,45.858216,736.4 11.372219,45.858168,736 11.372278,45.858094,735.4 11.372342,45.858029,734.8 11.372387,45.857959,734.2 11.372422,45.857885,733.7 11.372455,45.857789,732.9 11.372485,45.857675,732 11.372527,45.857533,730.9 11.372564,45.857407,729.9 11.372592,45.857303,729.1 11.372622,45.857182,728.1 11.372653,45.857052,727.1 11.372687,45.856931,726.1 11.372732,45.856813,725.1 11.372786,45.856695,724.1 11.372838,45.856575,723.1 11.372877,45.856482,722.4 11.372925,45.856389,721.8 11.372984,45.856301,721.2 11.373036,45.856247,720.8 11.373114,45.856177,720.3 11.373199,45.85611,719.8 11.37326,45.856061,719.4 11.373313,45.856005,719 11.373345,45.855945,718.7 11.373385,45.855855,718.2 11.373426,45.855753,717.6 11.373476,45.855636,717 11.373532,45.85552,716.4 11.373592,45.855412,715.7 11.373659,45.855295,715.1 11.373727,45.855191,714.5 11.373787,45.855091,713.9 11.373831,45.854992,713.4 11.373865,45.854884,712.9 11.373895,45.854773,712.4 11.37391,45.854656,711.9 11.373919,45.854545,711.5 11.373912,45.854436,711 11.373893,45.854318,710.6 11.373855,45.854212,710.2 11.373817,45.854096,709.9 11.373778,45.854012,709.6 11.373761,45.853976,709.5 11.373726,45.853957,709.4 11.373679,45.853956,709.4 11.373636,45.853968,709.3 11.373607,45.853996,709.2 11.373603,45.854052,709 11.373634,45.854148,708.8 11.373678,45.854271,708.3 11.373698,45.854366,708 11.373701,45.854464,707.6 11.373694,45.854567,707 11.37367,45.854671,706.4 11.373654,45.854791,705.7 11.373639,45.854891,705.1 11.373626,45.854979,704.7 11.373614,45.855036,704.4 11.373607,45.85506,704.2 11.373571,45.855081,704 11.373531,45.855081,703.9 11.373497,45.855078,703.8 11.373467,45.85506,703.6 11.373455,45.855029,703.4 11.373459,45.854945,703 11.373465,45.854822,702.3 11.373462,45.8547,701.7 11.373446,45.854597,701.1 11.373419,45.854484,700.5 11.373381,45.854363,699.8 11.373343,45.854253,699.2 11.373306,45.854155,698.6 11.373301,45.854071,698.2 11.373319,45.854005,697.8 11.373357,45.853936,697.4 11.37341,45.853869,697 11.373478,45.853804,696.5 11.37355,45.853756,696.1 11.373656,45.853714,695.7 11.373758,45.853683,695.3 11.373812,45.85366,695.1 11.373825,45.853625,695 11.373815,45.853592,694.8 11.373784,45.853569,694.7 11.373722,45.853563,694.5 11.373652,45.853577,694.4 11.373575,45.853612,694.1 11.3735,45.853673,693.8 11.373405,45.853747,693.2 11.373335,45.853811,692.8 11.373284,45.853869,692.4 11.373244,45.853931,692 11.373224,45.853964,691.9 11.37318,45.853993,691.6 11.373124,45.853997,691.5 11.373069,45.853982,691.2 11.373043,45.853955,691.1 11.373042,45.853918,690.9 11.373074,45.853872,690.6 11.373138,45.853825,690.3 11.373262,45.853726,689.6 11.373367,45.853647,689 11.373443,45.853586,688.6 11.373521,45.853526,688.2 11.373611,45.853493,687.8 11.373698,45.85348,687.5 11.373828,45.853469,687 11.373924,45.853462,686.7 11.374,45.853437,686.4 11.374062,45.853385,686 11.37414,45.853305,685.5 11.374235,45.853205,684.9 11.37431,45.85312,684.4 11.374376,45.853065,684 11.374457,45.853038,683.7 11.374549,45.853014,683.3 11.374614,45.852981,683 11.374699,45.852903,682.5 11.374781,45.852818,682 11.374852,45.85276,681.6 11.374952,45.852727,681.2 11.375043,45.8527,680.9 11.375114,45.852673,680.6 11.375143,45.852639,680.4 11.375143,45.852583,680.1 11.37512,45.852505,679.7 11.375066,45.852404,679.2 11.37501,45.852335,678.9 11.374935,45.852247,678.4 11.3749,45.852182,678 11.374904,45.852122,677.8 11.374935,45.852052,677.4 11.374986,45.851979,677 11.375067,45.851905,676.6 11.375156,45.851847,676.2 11.375258,45.851806,675.9 11.375372,45.851779,675.4 11.375529,45.851758,674.7 11.375696,45.851734,674 11.375837,45.851725,673.4 11.37596,45.851731,672.9 11.376128,45.851753,672.2 11.376254,45.851772,671.7 11.376393,45.851777,671.1 11.376554,45.85177,670.5 11.37671,45.851762,669.8 11.376833,45.851757,669.3 11.376957,45.851759,668.8 11.37706,45.851772,668.4 11.377145,45.851784,668 11.377238,45.851787,667.7 11.37735,45.851775,667.2 11.377458,45.851748,666.8 11.377555,45.851714,666.4 11.377643,45.85167,666 11.3777,45.851623,665.6 11.377765,45.851555,665.2 11.377835,45.85149,664.7 11.377903,45.851441,664.3 11.377967,45.851409,664 11.378049,45.851378,663.6 11.378127,45.851367,663.2 11.378211,45.851371,662.9 11.378292,45.851388,662.5 11.378376,45.851408,662 11.378454,45.851414,661.7 11.378544,45.851404,661.3 11.378656,45.85138,660.7 11.378735,45.851372,660.4 11.378827,45.851374,660 11.378906,45.851385,659.6 11.378988,45.851411,659.3 11.37908,45.851442,658.8 11.379178,45.851476,658.3 11.379269,45.851509,657.6 11.379341,45.851539,657.1 11.379416,45.851566,656.5 11.379464,45.851567,656.1 11.379496,45.851554,655.8 11.379501,45.851532,655.5 11.379493,45.851512,655.2 11.379461,45.851493,654.8 11.379397,45.851472,654.2 11.379328,45.851448,653.5 11.379254,45.851423,653 11.379185,45.8514,652.5 11.379122,45.851377,652.1 11.379054,45.851354,651.7 11.378973,45.851324,651.1 11.378904,45.851302,650.7 11.378829,45.851293,650.2 11.378748,45.85129,649.8 11.378659,45.851295,649.3 11.37859,45.851302,648.9 11.378532,45.851307,648.6 11.378471,45.851302,648.3 11.378411,45.851287,648 11.378343,45.851258,647.6 11.378276,45.851232,647.2 11.378219,45.851214,646.9 11.378155,45.851203,646.5 11.378075,45.851203,646.1 11.377996,45.851216,645.7 11.377905,45.851238,645.2 11.377823,45.851261,644.7 11.377752,45.851289,644.3 11.377715,45.851314,644 11.377695,45.851358,643.6 11.377676,45.851397,643.4 11.377633,45.85143,643.2 11.377585,45.851456,642.9 11.377527,45.851486,642.6 11.377454,45.851511,642.3 11.377373,45.851523,642 11.377296,45.851527,641.7 11.377202,45.851529,641.3 11.377098,45.851534,640.9 11.377017,45.851534,640.6 11.376941,45.851532,640.2 11.376869,45.851526,639.9 11.376797,45.851511,639.6 11.376721,45.85149,639.3 11.376638,45.851464,638.9 11.376556,45.85144,638.5 11.376474,45.851418,638.1 11.376386,45.851399,637.7 11.376297,45.851381,637.4 11.376219,45.85137,637 11.376137,45.851367,636.7 11.376038,45.851367,636.2 11.375938,45.851368,635.6 11.375866,45.851365,635.2 11.375772,45.851353,634.7 11.375685,45.851339,634.3 11.37561,45.851328,633.9 11.375545,45.851322,633.5 11.375469,45.851318,633.1 11.375401,45.851315,632.7 11.375351,45.851309,632.5 11.375323,45.851294,632.3 11.375316,45.851274,632.1 11.375323,45.851255,632 11.375344,45.85124,631.8 11.375392,45.851234,631.6 11.375442,45.851236,631.3 11.375511,45.851242,630.9 11.3756,45.851251,630.4 11.375693,45.851265,629.9 11.375787,45.851276,629.4 11.375863,45.851284,629 11.375954,45.851287,628.5 11.376037,45.851287,628.1 11.376131,45.851284,627.6 11.376226,45.851285,627.2 11.376331,45.85129,626.7 11.376425,45.851299,626.3 11.376528,45.851307,625.9 11.376641,45.851316,625.4 11.376754,45.851329,625 11.37685,45.851343,624.6 11.376945,45.851354,624.2 11.37704,45.851363,623.8 11.377134,45.851368,623.4 11.377214,45.85137,623.1 11.377295,45.851365,622.7 11.377357,45.851361,622.5 11.377406,45.851353,622.3 11.377432,45.851343,622.1 11.377441,45.851324,622 11.37744,45.851306,621.9 11.377423,45.851293,621.8 11.377389,45.851285,621.7 11.377329,45.851286,621.4 11.377259,45.851293,621.1 11.377195,45.851301,620.9 11.377129,45.851302,620.6 11.377055,45.851299,620.3 11.376976,45.851292,620 11.376888,45.851278,619.6 11.376796,45.851259,619.1 11.376714,45.851245,618.5 11.376632,45.851232,618 11.376549,45.851224,617.4 11.376459,45.851216,616.8 11.376372,45.851211,616.2 11.376283,45.851203,615.6 11.376177,45.851194,614.9 11.376085,45.851186,614.2 11.375988,45.851176,613.5 11.375904,45.851171,612.9 11.375821,45.851167,612.3 11.37575,45.851164,611.8 11.375691,45.851157,611.4 11.375658,45.851148,611.2 11.375636,45.851133,611 11.375631,45.851113,610.8 11.375641,45.851099,610.6 11.375662,45.851093,610.4 11.375701,45.851091,610.1 11.375752,45.851092,609.8 11.375836,45.8511,609.2 11.37592,45.85111,608.6 11.376004,45.851116,608 11.376086,45.851122,607.4 11.376175,45.851126,606.9 11.376275,45.851129,606.2 11.376379,45.851135,605.6 11.3765,45.851143,604.9 11.376609,45.85115,604.3 11.37671,45.851156,603.7 11.376801,45.851165,603.2 11.376896,45.851171,602.7 11.376985,45.851179,602.2 11.377073,45.851182,601.8 11.377151,45.851181,601.4 11.377226,45.851172,601 11.37728,45.851164,600.6 11.377356,45.851143,600.2 11.377423,45.851117,599.7 11.377488,45.851087,599.2 11.377543,45.851047,598.8 11.377594,45.851005,598.4 11.377656,45.850967,597.9 11.37772,45.850934,597.5 11.377789,45.850904,597 11.37788,45.85087,596.5 11.377977,45.850841,595.9 11.378058,45.850827,595.4 11.378137,45.850827,595.1 11.378219,45.850835,594.8 11.378307,45.850843,594.4 11.378398,45.850844,594 11.378482,45.850837,593.6 11.378574,45.850824,593.1 11.378669,45.850811,592.6 11.378771,45.850794,592 11.378884,45.850771,591.3 11.37899,45.850749,590.7 11.379088,45.850738,590.2 11.379178,45.850733,589.6 11.379252,45.850742,589.4 11.379338,45.850763,589.1 11.379425,45.850795,588.8 11.379525,45.850834,588.6 11.379633,45.850883,588.4 11.37974,45.850928,588.2 11.379856,45.850964,588.2 11.379952,45.850994,588.2 11.380051,45.85102,588.3 11.380135,45.851033,588.3 11.380253,45.851038,588.4 11.38037,45.851041,588.5 11.380475,45.851044,588.5 11.380602,45.85105,588.5 11.380721,45.851053,588.5 11.380818,45.851049,588.5 11.380929,45.851037,588.6 11.381023,45.851016,588.6 11.381112,45.850988,588.6 11.381185,45.850953,588.6 11.381257,45.850897,588.6 11.381314,45.850844,588.6 11.381369,45.850795,588.6 11.381432,45.850752,588.6 11.381496,45.85073,588.6 11.381586,45.850719,588.6 11.381706,45.85072,588.5 11.381829,45.850731,588.5 11.381975,45.850754,588.4 11.382115,45.850779,588.4 11.382267,45.850812,588.3 11.382401,45.85084,588.2 11.38252,45.850857,588.1 11.382631,45.850865,588 11.382762,45.850874,587.9 11.382891,45.850886,587.8 11.383005,45.850899,587.7 11.383095,45.850919,587.6 11.383195,45.85095,587.5 11.383313,45.850992,587.3 11.383441,45.851043,587.1 11.383572,45.851095,586.9 11.383706,45.851151,586.6 11.383836,45.851207,586.3 11.38394,45.851244,586.1 11.384065,45.851277,585.9 11.38419,45.851305,585.6 11.384333,45.85133,585.2 11.384456,45.851345,585 11.384555,45.851343,584.7 11.384663,45.851335,584.5 11.384752,45.851325,584.3 11.384877,45.851304,583.9 11.38498,45.851289,583.7 11.385066,45.851281,583.4 11.385154,45.851275,583.2 11.385253,45.851269,582.9 11.385386,45.851266,582.5 11.385492,45.851266,582.1 11.385604,45.85127,581.8 11.385726,45.85128,581.3 11.385854,45.851289,580.8 11.38596,45.851294,580.5 11.386076,45.851303,580 11.386197,45.851313,579.6 11.386315,45.851332,579.1 11.386419,45.851353,578.8 11.386539,45.851376,578.3 11.386656,45.8514,577.9 11.386771,45.851429,577.4 11.386885,45.851463,577 11.386965,45.851494,576.6 11.387052,45.851526,576.2 11.387149,45.851558,575.8 11.387255,45.85159,575.3 11.387358,45.851613,574.9 11.387452,45.851635,574.5 11.387557,45.851656,574 11.387657,45.851676,573.5 11.387775,45.851693,573 11.387874,45.851703,572.5 11.38796,45.851709,572.1 11.388067,45.851711,571.6 11.388173,45.851717,571.1 11.388284,45.851723,570.5 11.388362,45.851723,570.1 11.388403,45.851719,569.9 11.388424,45.851707,569.7 11.38843,45.851692,569.6 11.388427,45.851678,569.5 11.388414,45.851663,569.4 11.38838,45.851652,569.2 11.388325,45.851648,568.9 11.38824,45.851645,568.5 11.388154,45.851639,568 11.388062,45.851632,567.5 11.387973,45.851625,567.1 11.387878,45.851611,566.7 11.387785,45.851595,566.3 11.387689,45.851577,565.9 11.387607,45.851559,565.5 11.387534,45.851541,565.2 11.387441,45.851515,564.8 11.387351,45.851486,564.4 11.387271,45.85146,564 11.387186,45.851429,563.6 11.3871,45.85139,563.2 11.387011,45.851347,562.7 11.386935,45.851306,562.2 11.386868,45.851274,561.8 11.386796,45.851253,561.5 11.386698,45.851233,561 11.386585,45.851212,560.5 11.386471,45.851187,559.9 11.386344,45.851164,559.3 11.386225,45.851139,558.8 11.386092,45.851113,558.2 11.385997,45.851092,557.8 11.385893,45.851068,557.3 11.38581,45.851048,557 11.385718,45.851021,556.5 11.385636,45.850993,556.1 11.38556,45.85097,555.7 11.38548,45.850942,555.3 11.385414,45.85092,555 11.385335,45.850901,554.6 11.385256,45.850887,554.3 11.385185,45.850882,554 11.385101,45.850881,553.6 11.38502,45.850882,553.3 11.384919,45.850893,552.8 11.384813,45.850904,552.4 11.384712,45.850911,552 11.384629,45.850915,551.6 11.384551,45.850911,551.3 11.38449,45.850899,551 11.384423,45.850875,550.7 11.384359,45.850848,550.4 11.384291,45.850817,550 11.384221,45.850778,549.6 11.384161,45.85074,549.3 11.384109,45.850708,549 11.384055,45.850673,548.6 11.383989,45.850641,548.3 11.383928,45.850611,548 11.383858,45.850587,547.8 11.383791,45.850571,547.5 11.383699,45.850546,546.9 11.383618,45.850526,546.4 11.383548,45.850511,546 11.383498,45.850497,545.7 11.383474,45.850483,545.5 11.383471,45.85047,545.4 11.383475,45.850458,545.3 11.383494,45.850445,545.1 11.383522,45.850436,545 11.383579,45.850435,544.7 11.383643,45.850449,544.3 11.38375,45.850476,543.6 11.383862,45.8505,543 11.383962,45.850525,542.4 11.384046,45.850552,542 11.384125,45.850587,541.6 11.384193,45.850617,541.2 11.384265,45.850653,540.8 11.384333,45.850689,540.4 11.384402,45.850723,540 11.384464,45.850744,539.7 11.384518,45.850758,539.5 11.384572,45.850766,539.2 11.38464,45.850765,538.9 11.384707,45.850756,538.6 11.384794,45.850741,538.2 11.384867,45.850726,537.9 11.384968,45.850705,537.4 11.385059,45.850691,537 11.385154,45.850684,536.5 11.385238,45.850682,536.1 11.385326,45.850688,535.7 11.385406,45.850706,535.2 11.385476,45.850726,534.9 11.385564,45.850749,534.5 11.385661,45.85078,534 11.385749,45.850804,533.6 11.385851,45.850826,533.1 11.385939,45.850841,532.7 11.386036,45.850853,532.2 11.386139,45.850864,531.8 11.386258,45.850865,531.3 11.386389,45.850867,530.7 11.386526,45.850864,530.1 11.386634,45.850863,529.7 11.38675,45.850867,529.1 11.386864,45.850875,528.6 11.386978,45.850893,528 11.387082,45.850914,527.5 11.387188,45.850949,526.9 11.387281,45.85098,526.4 11.387376,45.851015,525.9 11.387487,45.851053,525.3 11.387572,45.851074,524.8 11.387667,45.851097,524.3 11.387748,45.851111,523.9 11.387829,45.851118,523.5 11.387918,45.851125,523.1 11.387994,45.851127,522.8 11.38808,45.851122,522.4 11.388173,45.851108,522 11.388249,45.851093,521.6 11.38834,45.851079,521.2 11.38842,45.85107,520.9 11.388487,45.851065,520.6 11.38855,45.851059,520.3 11.388586,45.851044,520.1 11.388595,45.851027,520 11.388594,45.851006,519.8 11.388575,45.850989,519.7 11.388538,45.850985,519.5 11.388475,45.850988,519.2 11.38841,45.850997,518.9 11.38833,45.851007,518.5 11.38825,45.851017,518.1 11.388158,45.851033,517.7 11.388088,45.851042,517.4 11.38803,45.851047,517.1 11.38797,45.851048,516.9 11.387914,45.85104,516.6 11.387846,45.851026,516.3 11.387779,45.851006,516 11.387707,45.850978,515.7 11.387628,45.850937,515.2 11.387564,45.850904,514.9 11.387489,45.850869,514.6 11.387414,45.85084,514.2 11.387343,45.850816,513.9 11.387251,45.850785,513.5 11.387161,45.850757,513.1 11.387071,45.850732,512.7 11.386974,45.850713,512.2 11.386875,45.850694,511.8 11.386761,45.850678,511.4 11.386635,45.850664,510.9 11.386521,45.850655,510.4 11.386397,45.850647,509.9 11.386293,45.85064,509.5 11.386203,45.850626,509.1 11.386109,45.850599,508.8 11.386015,45.850566,508.4 11.385924,45.850531,508.1 11.385838,45.850495,507.7 11.385735,45.85046,507.4 11.38564,45.850427,507.1 11.38555,45.850399,506.7 11.385448,45.850364,506.2 11.385358,45.850333,505.8 11.385283,45.850309,505.5 11.385208,45.850292,505.2 11.385131,45.850281,505 11.385047,45.850276,504.7 11.384956,45.850276,504.4 11.384877,45.850273,504.2 11.384813,45.850268,504.1 11.384751,45.85026,503.9 11.384685,45.850245,503.7 11.384604,45.850215,503.4 11.384517,45.85018,503.1 11.384421,45.85014,502.8 11.384335,45.850103,502.5 11.384244,45.85007,502.2 11.384144,45.850036,501.9 11.384037,45.849999,501.5 11.383936,45.849967,501.2 11.383839,45.849938,501 11.383751,45.84992,500.7 11.383654,45.849907,500.5 11.383577,45.849903,500.3 11.383494,45.849904,500.1 11.383429,45.849918,499.9 11.383369,45.84994,499.6 11.383299,45.849969,499.4 11.383238,45.849992,499.2 11.383171,45.850006,499 11.383094,45.850016,498.8 11.38302,45.850022,498.6 11.382896,45.850021,498.3 11.38278,45.850018,497.9 11.382676,45.850011,497.7 11.382572,45.850004,497.4 11.382472,45.849998,497.1 11.382371,45.849997,496.9 11.382262,45.849994,496.6 11.382184,45.849983,496.4 11.382105,45.849964,496.1 11.38202,45.849936,495.9 11.381926,45.849906,495.6 11.38183,45.849876,495.3 11.381728,45.849847,495 11.381638,45.849819,494.8 11.381531,45.849786,494.5 11.381446,45.849759,494.2 11.381365,45.849732,494 11.381279,45.849711,493.8 11.381199,45.849693,493.5 11.381108,45.849671,493.3 11.381021,45.849653,493 11.380939,45.849641,492.8 11.380861,45.849634,492.6 11.380774,45.849636,492.3 11.380653,45.849639,491.9 11.380553,45.84964,491.6 11.380477,45.849636,491.4 11.380391,45.849631,491.1 11.380312,45.849619,490.9 11.380233,45.8496,490.7 11.380152,45.849568,490.4 11.380059,45.849531,490.1 11.379983,45.849502,489.9 11.379919,45.849481,489.7 11.379846,45.84946,489.5 11.379781,45.849439,489.3 11.379699,45.849419,489.1 11.37963,45.849403,488.9 11.379557,45.849391,488.7 11.37949,45.849387,488.5 11.379389,45.849383,488.1 11.379295,45.849382,487.8 11.379187,45.849381,487.4 11.379093,45.849379,487.1 11.378995,45.849373,486.8 11.378898,45.849361,486.4 11.378802,45.849343,486.1 11.378711,45.849318,485.7 11.378628,45.849306,485.4 11.378551,45.849301,485.1 11.37846,45.849301,484.8 11.378359,45.849302,484.5 11.378259,45.849307,484.1 11.378165,45.849319,483.8 11.378053,45.849343,483.3 11.377937,45.849371,482.9 11.377829,45.8494,482.4 11.377713,45.849431,482 11.377611,45.849457,481.5 11.377538,45.849477,481.2 11.377464,45.849489,480.9 11.377359,45.849495,480.4 11.377252,45.849499,479.8 11.37712,45.849503,479.1 11.377005,45.849505,478.4 11.376878,45.849509,477.6 11.376756,45.84951,476.9 11.37664,45.849511,476.2 11.376524,45.849513,475.5 11.376385,45.849516,474.7 11.376256,45.849519,474 11.376138,45.849522,473.3 11.376015,45.849527,472.6 11.375882,45.849531,471.9 11.375774,45.849538,471.3 11.375683,45.849542,470.9 11.37557,45.849546,470.2 11.375434,45.849552,469.5 11.375306,45.849558,468.8 11.375197,45.849566,468.2 11.375103,45.849573,467.6 11.375015,45.84958,467.1 11.374919,45.84959,466.6 11.374822,45.849612,466 11.374735,45.849637,465.5 11.37465,45.849665,464.9 11.374554,45.849708,464.3 11.374464,45.849756,463.6 11.374362,45.849813,462.9 11.37427,45.849869,462.1 11.374171,45.849931,461.4 11.37408,45.849988,460.8 11.373987,45.850043,460.1 11.373895,45.850097,459.5 11.37381,45.850146,459 11.373739,45.85019,458.6 11.373655,45.850226,458.1 11.373561,45.850259,457.6 11.37345,45.850292,456.9 11.373355,45.85032,456.4 11.373262,45.850354,455.9 11.373171,45.850397,455.3 11.37308,45.850443,454.7 11.372988,45.850488,454.1 11.372914,45.850524,453.6 11.372818,45.850572,453 11.372736,45.850615,452.5 11.372645,45.850664,451.9 11.372554,45.850721,451.2 11.372459,45.850793,450.4 11.372375,45.850856,449.8 11.372298,45.850911,449.1 11.372223,45.85097,448.6 11.372164,45.851025,448.1 11.372112,45.851076,447.6 11.372068,45.851134,447.1 11.372021,45.85121,446.6 11.371976,45.851278,446 11.371921,45.851351,445.4 11.371866,45.851412,444.9 11.371815,45.851455,444.6 11.371747,45.851499,444.1 11.371669,45.85153,443.7 11.371568,45.85157,443.1 11.371468,45.851603,442.7 11.371382,45.851639,442.3 11.371316,45.851678,441.8 11.371252,45.851728,441.3 11.371198,45.851783,440.8 11.371158,45.851832,440.4 11.371124,45.851874,440.1 11.371102,45.851895,439.9 11.371062,45.851907,439.7 11.371018,45.851906,439.4 11.370993,45.851899,439.3 11.370975,45.85188,439.1 11.370969,45.851855,438.9 11.370981,45.851827,438.7 11.371015,45.851797,438.5 11.371072,45.851751,438 11.371142,45.851702,437.5 11.371207,45.85165,437 11.371279,45.8516,436.5 11.371354,45.851559,436 11.371425,45.85152,435.5 11.371503,45.851478,435 11.37156,45.851434,434.6 11.371618,45.851384,434.1 11.371671,45.85133,433.7 11.371703,45.851278,433.4 11.371731,45.851219,433 11.371762,45.851146,432.5 11.37179,45.851083,432 11.371824,45.851,431.4 11.371872,45.850916,430.8 11.371932,45.850843,430.2 11.371988,45.850775,429.7 11.372062,45.850682,428.9 11.372119,45.850604,428.4 11.372181,45.850528,427.8 11.372236,45.850467,427.1 11.372286,45.850429,426.5 11.372366,45.850383,425.8 11.372451,45.850348,425.2 11.37255,45.850319,424.5 11.372644,45.850297,423.9 11.372736,45.85028,423.5 11.372815,45.85026,423.1 11.372885,45.850236,422.7 11.372958,45.8502,422.4 11.373027,45.850154,422 11.373094,45.850097,421.6 11.373162,45.850039,420.9 11.37323,45.849986,420.3 11.373304,45.849933,419.7 11.373384,45.84988,419.1 11.373465,45.849822,418.5 11.373532,45.849767,418 11.373612,45.849689,417.4 11.373679,45.849621,416.9 11.37376,45.849556,416.4 11.373837,45.84951,416 11.373951,45.849447,415.4 11.374061,45.849396,414.9 11.374172,45.849353,414.5 11.374286,45.849315,414.1 11.374405,45.849272,413.7 11.374513,45.849227,413.3 11.374628,45.849178,413 11.374737,45.849132,412.6 11.37485,45.84908,412.2 11.374972,45.849023,411.8 11.375091,45.848962,411.2 11.375211,45.848898,410.7 11.375307,45.84885,410.1 11.375421,45.848795,409.5 11.375532,45.848751,409 11.375638,45.848711,408.5 11.375775,45.848674,407.9 11.375937,45.848632,407.3 11.3761,45.848593,406.6 11.376263,45.848558,405.9 11.376397,45.848533,405.5 11.376547,45.848508,404.9 11.376695,45.84849,404.4 11.376894,45.848472,403.8 11.377041,45.848457,403.3 11.377175,45.848453,402.9 11.377328,45.848451,402.4 11.377487,45.848454,401.9 11.3776,45.848446,401.5 11.377718,45.848427,401.2 11.377848,45.848388,400.7 11.377983,45.848357,400.3 11.378109,45.848341,399.9 11.378247,45.84833,399.4 11.378405,45.848318,398.9 11.378573,45.84831,398.4 11.378736,45.848306,397.9 11.378868,45.848305,397.5 11.378973,45.848311,397.1 11.379068,45.848311,396.6 11.379103,45.848302,396.4 11.37912,45.848286,396.3 11.379114,45.848264,396.1 11.379094,45.848247,396 11.379052,45.848236,395.7 11.378978,45.84823,395.3 11.378877,45.848225,394.6 11.378771,45.848221,394 11.378658,45.848214,393.3 11.378544,45.848206,392.6 11.378438,45.848198,392 11.378311,45.84819,391.2 11.378173,45.848182,390.4 11.378051,45.848176,389.6 11.377904,45.848172,388.7 11.377773,45.848171,387.9 11.377667,45.84817,387.3 11.377564,45.848165,386.6 11.377477,45.848155,386.1 11.377378,45.848133,385.5 11.377264,45.848101,384.8 11.377155,45.848071,384.1 11.37706,45.848041,383.5 11.376962,45.848016,382.9 11.376862,45.848002,382.4 11.376757,45.847998,381.9 11.376637,45.847994,381.4 11.376515,45.847993,380.9 11.376378,45.847998,380.4 11.376249,45.848004,380 11.376137,45.848015,379.6 11.376035,45.848026,379.2 11.375931,45.848049,378.8 11.375847,45.848077,378.5 11.375749,45.848119,378.2 11.375622,45.848174,377.8 11.375503,45.848224,377.4 11.37539,45.848274,377 11.375221,45.848347,376.4 11.375089,45.848404,376 11.374951,45.848458,375.5 11.374829,45.848503,375.1 11.374683,45.848553,374.6 11.374533,45.848602,374.1 11.374378,45.848659,373.6 11.374236,45.848713,373.2 11.37411,45.848766,372.7 11.374004,45.848813,372.3 11.3739,45.848867,371.9 11.373813,45.848916,371.5 11.37372,45.848981,371.1 11.373626,45.849038,370.7 11.373538,45.849095,370.3 11.373471,45.849132,370 11.373406,45.849161,369.8 11.37334,45.849184,369.5 11.373265,45.849199,369.3 11.373178,45.849214,369 11.373074,45.849234,368.6 11.372971,45.849255,368.3 11.372866,45.849284,367.8 11.372764,45.849323,367.4 11.372662,45.849364,366.9 11.372578,45.849408,366.4 11.372485,45.849468,365.9 11.372399,45.849531,365.4 11.372315,45.849597,364.8 11.372237,45.849661,364.3 11.372175,45.849728,363.9 11.372109,45.849812,363.3 11.372066,45.849876,363 11.372007,45.849942,362.6 11.371925,45.849999,362.3 11.37185,45.850039,362 11.371722,45.850094,361.4 11.371598,45.850145,360.9 11.371452,45.8502,360.4 11.371288,45.850261,359.7 11.37115,45.850315,359.2 11.371036,45.850354,358.8 11.370933,45.850384,358.4 11.370822,45.850413,358 11.370705,45.850437,357.5 11.370595,45.850459,357 11.370504,45.85048,356.6 11.370421,45.850511,356.2 11.370341,45.850553,355.7 11.370271,45.850595,355.3 11.370203,45.850636,354.9 11.370144,45.850676,354.6 11.370098,45.850714,354.3 11.370053,45.850763,353.9 11.37001,45.850826,353.5 11.369959,45.850908,353 11.369908,45.850996,352.6 11.369858,45.851077,352.1 11.369798,45.851144,351.7 11.369732,45.851216,351.3 11.369673,45.851283,350.9 11.369618,45.851352,350.5 11.369564,45.851426,350.1 11.369521,45.851495,349.8 11.369471,45.851568,349.4 11.36942,45.851645,349 11.369366,45.851713,348.6 11.36931,45.851768,348.3 11.369239,45.851839,347.9 11.369158,45.851916,347.5 11.369057,45.852011,346.9 11.36898,45.852088,346.5 11.368892,45.852166,346 11.368825,45.852222,345.7 11.36874,45.852288,345.3 11.368673,45.852341,345 11.368629,45.852377,344.8 11.368592,45.852404,344.7 11.368559,45.852419,344.6 11.368512,45.852421,344.5 11.368473,45.852408,344.4 11.368456,45.852388,344.4 11.368446,45.85236,344.3 11.368455,45.852327,344.2 11.368486,45.852303,344.1 11.368532,45.852277,344 11.368607,45.852239,343.7 11.368688,45.852189,343.4 11.368765,45.852126,343 11.368849,45.852046,342.6 11.368925,45.851962,342.1 11.368992,45.851878,341.7 11.369065,45.851789,341.2 11.369139,45.851699,340.7 11.369205,45.851621,340.2 11.369266,45.851537,339.8 11.369329,45.851449,339.3 11.369374,45.851369,338.9 11.36941,45.851286,338.5 11.369441,45.851195,338.1 11.369462,45.851109,337.6 11.369489,45.851026,337.3 11.369527,45.850936,336.8 11.369576,45.850855,336.4 11.369649,45.850743,335.9 11.369707,45.850645,335.4 11.369767,45.850541,334.8 11.369829,45.850438,334.3 11.369887,45.850327,333.7 11.369949,45.850219,333.2 11.370008,45.850125,332.7 11.370055,45.850066,332.4 11.370116,45.849999,332 11.370189,45.849939,331.6 11.370271,45.849894,331.3 11.370392,45.849838,330.8 11.370529,45.849775,330.3 11.37061,45.849729,330 11.370666,45.849688,329.7 11.370709,45.849626,329.4 11.370748,45.84957,329.2 11.370785,45.849493,328.8 11.370822,45.849428,328.5 11.370872,45.849358,328.1 11.370928,45.849289,327.7 11.370951,45.849241,327.5 11.370947,45.849192,327.2 11.37093,45.849146,327 11.370858,45.849071,326.6 11.370771,45.848993,326.3 11.370678,45.848924,325.9 11.370578,45.848844,325.6 11.37051,45.848776,325.3 11.370446,45.848697,325 11.370385,45.848599,324.6 11.37032,45.848498,324.2 11.370238,45.848386,323.7 11.370166,45.84828,323.3 11.370096,45.848191,322.9 11.370032,45.848129,322.6 11.369949,45.848074,322.3 11.36983,45.848006,321.8 11.36972,45.84794,321.4 11.369604,45.84787,321 11.36946,45.847787,320.6 11.369342,45.84772,320.2 11.36922,45.847649,319.9 11.369071,45.847562,319.5 11.368962,45.847503,319.2 11.368859,45.847452,319 11.368782,45.847404,318.8 11.368704,45.847348,318.6 11.368649,45.847289,318.4 11.368599,45.847217,318 11.36856,45.847134,317.7 11.368544,45.847058,317.4 11.368543,45.846962,317.1 11.368562,45.846849,316.7 11.368584,45.846709,316.3 11.368608,45.846585,315.9 11.368629,45.846476,315.6 11.36865,45.846368,315.2 11.368658,45.846287,315 11.368658,45.846208,314.8 11.368647,45.846112,314.6 11.368626,45.846032,314.4 11.368596,45.845961,314.2 11.368539,45.845876,314 11.368477,45.84579,313.8 11.368407,45.845696,313.5 11.368315,45.845582,313.2 11.36823,45.845475,312.9 11.368133,45.845352,312.6 11.36804,45.845233,312.2 11.367973,45.845147,312 11.367905,45.845064,311.8 11.367828,45.844989,311.6 11.367759,45.844916,311.4 11.367696,45.844866,311.3 11.367634,45.84482,311.1 11.367533,45.844758,310.9 11.367413,45.844693,310.7 11.367292,45.84464,310.5 11.367182,45.8446,310.4 11.367077,45.844558,310.2 11.367008,45.844523,310.1 11.366908,45.844469,310 11.366922,45.844379,309.9 11.366945,45.844204,309.9 11.366973,45.84402,309.8 11.366999,45.843837,309.7 11.367024,45.843675,309.7 11.367048,45.843527,309.6 11.367084,45.843379,309.5 11.367123,45.843241,309.3 11.367171,45.843118,309.2 11.367237,45.843001,309 11.367323,45.84287,308.8 11.367443,45.842691,308.6 11.36758,45.842476,308.2 11.3677,45.842308,307.9 11.367848,45.84212,307.6 11.367982,45.841968,307.3 11.368114,45.841831,307.1 11.368282,45.841655,306.8 11.36845,45.841474,306.4 11.368644,45.84126,306.1 11.368801,45.841087,305.8 11.368944,45.840936,305.5 11.369118,45.840778,305.2 11.369299,45.840626,304.9 11.369497,45.840471,304.6 11.36965,45.840346,304.3 11.369761,45.840237,304.1 11.36989,45.840087,303.9 11.370076,45.839856,303.5 11.37018,45.839716,303.2 11.370251,45.839598,303 11.370322,45.839455,302.8 11.370386,45.839295,302.6 11.370429,45.839146,302.3 11.370455,45.838992,302.1 11.370468,45.838846,301.8 11.370483,45.838656,301.5 11.370491,45.838478,301.3 11.3705,45.838311,301.1 11.370504,45.838168,301 11.370489,45.838044,300.9 11.370464,45.837916,300.7 11.370424,45.837778,300.6 11.370367,45.83763,300.4 11.370281,45.837439,300.1 11.370225,45.837289,300 11.370181,45.837157,299.8 11.370138,45.837016,299.6 11.370101,45.836872,299.4 11.370064,45.836714,299.3 11.370016,45.83657,299.1 11.369961,45.836406,298.9 11.369894,45.836238,298.7 11.369853,45.836106,298.6 11.36981,45.835966,298.4 11.369774,45.835812,298.2 11.369743,45.835683,298.1 11.369704,45.83553,297.9 11.369658,45.835339,297.7 11.369612,45.835138,297.4 11.369566,45.83495,297.2 11.369512,45.83475,297 11.369473,45.834592,296.9 11.36944,45.834449,296.7 11.369415,45.834321,296.6 11.369404,45.834206,296.5 11.369413,45.834098,296.4 11.36945,45.834001,296.3 11.369514,45.833883,296.2 11.369606,45.83375,296.1 11.369713,45.833599,295.9 11.369777,45.833478,295.8 11.36982,45.833364,295.7 11.369836,45.833254,295.6 11.369849,45.833129,295.4 11.369845,45.833002,295.3 11.369831,45.832871,295.1 11.369803,45.832739,294.9 11.369775,45.832602,294.8 11.369736,45.832445,294.6 11.369683,45.832298,294.4 11.369613,45.832155,294.2 11.369541,45.832033,294 11.369456,45.831888,293.8 11.36937,45.831748,293.6 11.369289,45.831624,293.4 11.369215,45.831507,293.1 11.369165,45.831394,292.9 11.369122,45.831261,292.7 11.369081,45.831118,292.5 11.369041,45.830941,292.2 11.369006,45.830788,292 11.368961,45.830616,291.8 11.368912,45.830475,291.6 11.368856,45.830335,291.5 11.368794,45.8302,291.3 11.368747,45.830085,291.2 11.368712,45.829977,291.1 11.368695,45.829878,291.1 11.368703,45.829758,291.2 11.368728,45.82963,291.3 11.36876,45.829512,291.6 11.368798,45.829391,291.8 11.36884,45.829227,292.4 11.368869,45.829081,293 11.36888,45.828933,293.6 11.368886,45.828775,294.3 11.368881,45.828616,295 11.368868,45.828449,295.8 11.368861,45.828284,296.6 11.368848,45.828131,297.2 11.368842,45.827961,298 11.368837,45.827799,298.8 11.368842,45.827645,299.5 11.368845,45.827491,300.3 11.368843,45.827338,301 11.36884,45.827222,301.5 11.368833,45.82709,302.1 11.368808,45.826972,302.6 11.368774,45.826842,303.1 11.368729,45.826724,303.5 11.368677,45.826605,304 11.368622,45.826486,304.5 11.368561,45.826374,305 11.368473,45.82623,305.7 11.368363,45.82604,306.5 11.368245,45.825837,307.4 11.368108,45.825605,308.4 11.367966,45.825355,309.5 11.367865,45.825174,310.2 11.367753,45.824971,311.1 11.367632,45.824769,311.9 11.367492,45.824555,312.8 11.367381,45.824391,313.3 11.367262,45.824236,313.8 11.367139,45.82408,314.3 11.367022,45.823932,314.7 11.366891,45.823777,315.1 11.366755,45.823605,315.6 11.366608,45.823438,315.9 11.366486,45.823287,316.2 11.366365,45.823132,316.4 11.366248,45.822946,316.6 11.366174,45.822843,316.6 11.36604,45.822646,316.7 11.36591,45.822448,316.7 11.365832,45.822328,316.7 11.365735,45.822172,316.7 11.365641,45.822005,316.7 11.365549,45.821846,316.7 11.365428,45.821645,316.7 11.365321,45.82147,316.7 11.365219,45.821297,316.7 11.365095,45.8211,316.6 11.364983,45.820907,316.6 11.364879,45.820723,316.6 11.364758,45.820531,316.6 11.364639,45.820333,316.6 11.364526,45.820149,316.6 11.364431,45.819992,316.6 11.364346,45.819842,316.6 11.364259,45.819692,316.6 11.364197,45.819582,316.6 11.364129,45.819437,316.6 11.364057,45.819289,316.6 11.363992,45.819147,316.6 11.363913,45.819002,316.6 11.363836,45.818884,316.6 11.363738,45.818771,316.6 11.363635,45.818661,316.5 11.363546,45.818546,316.5 11.363465,45.818427,316.5 11.363409,45.818313,316.5 11.363377,45.818208,316.5 11.36336,45.81809,316.5 11.363356,45.817924,316.5 11.363359,45.817777,316.4 11.363353,45.817638,316.4 11.363337,45.817515,316.4 11.363294,45.817367,316.3 11.363247,45.81722,316.3 11.363187,45.817057,316.2 11.363128,45.816882,316.2 11.363085,45.816739,316.1 11.363053,45.816598,316.1 11.36304,45.816471,316.1 11.363036,45.816338,316 11.363033,45.816194,316 11.363047,45.816002,315.9 11.363072,45.815828,315.8 11.363111,45.815647,315.8 11.363182,45.815416,315.6 11.363258,45.815188,315.5 11.36332,45.814999,315.4 11.363379,45.814825,315.3 11.363423,45.814658,315.2 11.363444,45.814506,315.1 11.363456,45.814373,315 11.363455,45.814232,314.9 11.363438,45.814099,314.8 11.363398,45.813943,314.7 11.363347,45.813798,314.6 11.363269,45.813637,314.4 11.363187,45.813493,314.3 11.363073,45.813291,314.1 11.36296,45.813094,313.9 11.362833,45.812862,313.7 11.362728,45.812675,313.6 11.362629,45.812491,313.4 11.36252,45.812288,313.2 11.362428,45.812126,313.1 11.362335,45.811969,312.9 11.362217,45.811749,312.8 11.362102,45.811541,312.5 11.361998,45.811357,312.4 11.361877,45.811148,312.1 11.361767,45.810943,311.9 11.361646,45.810725,311.7 11.361516,45.810499,311.5 11.3614,45.8103,311.3 11.361294,45.810113,311.1 11.361188,45.809921,311 11.361073,45.809708,310.8 11.360963,45.809504,310.6 11.360858,45.809317,310.4 11.360742,45.809117,310.2 11.360643,45.808947,310 11.360566,45.808802,309.9 11.360463,45.808607,309.7 11.360358,45.808417,309.5 11.360217,45.808149,309.2 11.360133,45.808001,309.1 11.360078,45.807904,309.1 11.360024,45.807813,309 11.359963,45.807706,309 11.359842,45.807613,309.1 11.359718,45.807492,309.2 11.359574,45.807341,309.4 11.359453,45.807209,309.6 11.359323,45.807065,309.8 11.35916,45.8069,310 11.359018,45.806746,310.1 11.358872,45.80659,310.2 11.358773,45.806486,310.2 11.358675,45.806384,310.3 11.358594,45.806299,310.3 11.358466,45.806159,310.4 11.358317,45.805991,310.4 11.358157,45.805822,310.5 11.358006,45.805663,310.6 11.357861,45.805508,310.6 11.357708,45.805354,310.7 11.357538,45.805179,310.8 11.35741,45.805036,310.8 11.357273,45.804886,310.9 11.357141,45.804739,310.9 11.357013,45.804581,311 11.356872,45.804426,311.1 11.356719,45.804266,311.1 11.356561,45.804104,311.2 11.356413,45.803947,311.2 11.35628,45.803802,311.3 11.356155,45.803667,311.4 11.35604,45.80354,311.4 11.355935,45.803441,311.5 11.35582,45.803361,311.7 11.355738,45.803308,311.8 11.355597,45.803251,312 11.355454,45.803213,312.3 11.355304,45.80321,312.6 11.355151,45.803231,312.9 11.35496,45.803282,313.6 11.354744,45.803345,314.3 11.354549,45.803414,315 11.354336,45.803486,315.9 11.354126,45.803567,316.8 11.35391,45.803644,317.8 11.353729,45.803693,318.8 11.353574,45.803714,319.6 11.353416,45.803718,320.4 11.353266,45.803706,321.2 11.353104,45.803679,322.1 11.352948,45.803635,323 11.352825,45.803591,323.8 11.352684,45.803519,324.7 11.352535,45.803426,325.8 11.352406,45.803342,326.8 11.352296,45.803279,327.6 11.352173,45.803221,328.4 11.352019,45.803165,329.4 11.351824,45.803121,330.5 11.351641,45.803097,331.6 11.351466,45.803086,332.6 11.351264,45.803087,333.9 11.351134,45.803121,334.8 11.351038,45.80316,335.5 11.350923,45.803224,336.4 11.350781,45.803298,337.5 11.350622,45.803386,338.7 11.350501,45.803452,339.6 11.350391,45.80351,340.4 11.350271,45.803569,341 11.350308,45.80362,341.1 11.350354,45.803694,341.2 11.350382,45.803755,341.3 11.350399,45.803812,341.4 11.350417,45.803886,341.6 11.350436,45.803958,341.7 11.350463,45.804032,341.8 11.350495,45.804087,341.9 11.35056,45.80416,342 11.350642,45.804241,342.2 11.350721,45.804313,342.3 11.350806,45.804386,342.5 11.350881,45.804452,342.6 11.350955,45.804519,342.7 11.351035,45.804602,342.9 11.351093,45.804664,343 11.35115,45.804733,343.1 11.351211,45.804807,343.2 11.351283,45.804896,343.4 11.351344,45.804982,343.5 11.351393,45.805058,343.6 11.351456,45.805152,343.8 11.35152,45.805235,343.9 11.351607,45.80534,344.1 11.351692,45.805444,344.5 11.351785,45.805549,344.8 11.351867,45.805631,345.2 11.351957,45.805718,345.6 11.352063,45.805812,346.1 11.352146,45.805868,346.4 11.352251,45.805926,346.9 11.352368,45.805996,347.5 11.352505,45.806074,348.2 11.352635,45.806145,348.8 11.352761,45.806208,349.5 11.352898,45.806275,350.2 11.353049,45.806346,350.9 11.353211,45.806422,351.7 11.353341,45.806486,352.3 11.353496,45.806555,353.1 11.35368,45.806636,353.9 11.353833,45.806701,354.6 11.354004,45.806778,355.5 11.354133,45.806835,356.1 11.354249,45.80688,356.8 11.35439,45.80694,357.5 11.354474,45.806976,358 11.354558,45.807009,358.5 11.35466,45.807049,359 11.354766,45.807088,359.6 11.354893,45.807137,360.2 11.355005,45.807186,360.8 11.355107,45.807235,361.3 11.355196,45.80728,361.8 11.355288,45.807336,362.2 11.35538,45.807396,362.7 11.355474,45.807465,363.2 11.355561,45.807536,363.8 11.355653,45.807615,364.4 11.355741,45.807694,364.9 11.355841,45.807785,365.7 11.355938,45.807875,366.4 11.356039,45.807969,367.3 11.356136,45.808058,368.1 11.35625,45.808159,369.1 11.356363,45.808252,370.1 11.35648,45.808343,371.1 11.356612,45.808434,372.2 11.356736,45.808519,373.3 11.356837,45.808593,374.2 11.356919,45.808663,375.1 11.356987,45.808733,375.9 11.357055,45.808815,376.8 11.35712,45.8089,377.7 11.357183,45.808992,378.6 11.357245,45.809085,379.6 11.357305,45.809178,380.5 11.35737,45.80928,381.5 11.357446,45.809376,382.5 11.35754,45.809488,383.6 11.357635,45.809597,384.7 11.357712,45.809694,385.7 11.357784,45.809786,386.6 11.357847,45.809871,387.5 11.357906,45.809959,388.3 11.357959,45.810057,389.1 11.358002,45.810154,389.9 11.358052,45.810269,390.9 11.358094,45.81037,391.7 11.358126,45.810456,392.4 11.35817,45.810574,393.3 11.358225,45.810722,394.4 11.35827,45.810847,395.3 11.358308,45.810946,396.1 11.358343,45.811038,396.8 11.358367,45.811109,397.3 11.358379,45.811174,397.8 11.358378,45.811229,398.3 11.358362,45.811298,398.9 11.358342,45.811367,399.6 11.358333,45.811442,400.3 11.358337,45.811515,400.9 11.358359,45.811581,401.6 11.3584,45.811653,402.4 11.358449,45.811739,403.3 11.358489,45.811811,404.1 11.35853,45.811902,405 11.358557,45.81198,405.9 11.358576,45.812043,406.5 11.358589,45.8121,407.1 11.358606,45.812174,407.8 11.358619,45.812225,408.3 11.358633,45.812286,408.9 11.358655,45.812381,409.8 11.358671,45.81248,410.6 11.358679,45.812565,411.4 11.358676,45.812656,412.2 11.358667,45.812751,413.1 11.358645,45.812851,414 11.358619,45.812944,414.8 11.358593,45.81303,415.4 11.358552,45.813129,416.2 11.358507,45.813229,416.9 11.358469,45.813329,417.7 11.358425,45.813431,418.4 11.358384,45.813538,419.2 11.358352,45.813619,419.9 11.358316,45.81371,420.5 11.358292,45.813789,421.1 11.35828,45.813865,421.7 11.358287,45.813953,422.4 11.358313,45.814053,423.1 11.358346,45.814136,423.8 11.358393,45.814252,424.8 11.358437,45.814368,425.7 11.358479,45.814481,426.6 11.358525,45.814599,427.5 11.358553,45.814687,428.2 11.358556,45.814759,428.8 11.358541,45.81484,429.5 11.358505,45.814943,430.5 11.35846,45.81504,431.4 11.358418,45.815129,432.3 11.358366,45.815231,433.4 11.35831,45.815346,434.5 11.358245,45.815471,435.7 11.358186,45.815587,436.8 11.35814,45.815686,437.7 11.358106,45.815784,438.5 11.358086,45.815885,439.4 11.358062,45.815995,440.3 11.358033,45.816095,441.1 11.358009,45.816226,442.2 11.357992,45.816328,443 11.357963,45.816453,444 11.357936,45.816558,444.9 11.357918,45.816643,445.5 11.357931,45.816726,446.1 11.357974,45.816789,446.7 11.358054,45.816846,447.3 11.358152,45.816883,448 11.358265,45.816892,448.7 11.358371,45.816882,449.4 11.358476,45.816842,450.1 11.358568,45.816771,451 11.358664,45.816668,452.2 11.358778,45.816558,453.4 11.35888,45.816465,454.6 11.358995,45.816368,455.6 11.359075,45.816313,456.3 11.359161,45.816277,456.9 11.359263,45.816264,457.5 11.359361,45.816274,458 11.359457,45.816303,458.6 11.359565,45.816359,459.2 11.359685,45.816424,460 11.359836,45.816501,460.9 11.359959,45.81656,461.6 11.360077,45.816624,462.3 11.360174,45.816687,462.9 11.360238,45.816748,463.8 11.360298,45.816821,464.8 11.360349,45.816911,466 11.360387,45.816998,467 11.360421,45.817089,468.1 11.360452,45.817189,469.2 11.360495,45.817306,470.6 11.360527,45.817403,471.6 11.360554,45.817488,472.6 11.360588,45.817576,473.5 11.36063,45.81765,474.3 11.360693,45.817711,475.1 11.36078,45.817755,475.8 11.3609,45.817787,476.5 11.361008,45.817808,477.2 11.361101,45.817831,477.7 11.36118,45.81787,478.2 11.361246,45.817927,478.8 11.361297,45.818002,479.6 11.361337,45.818084,480.3 11.36138,45.818168,481.3 11.361415,45.818246,482.2 11.361445,45.818323,483.2 11.361469,45.818416,484.4 11.361496,45.81853,485.5 11.361517,45.818631,486.5 11.361536,45.818748,487.7 11.361557,45.818868,488.9 11.361573,45.81897,489.8 11.361591,45.819081,490.9 11.361601,45.819172,491.8 11.361602,45.819272,492.7 11.361597,45.819366,493.6 11.361582,45.819443,494.3 11.361565,45.819525,495.1 11.361564,45.819593,495.7 11.361578,45.819678,496.6 11.36161,45.819766,497.5 11.361669,45.819888,498.7 11.361743,45.820057,500.3 11.361824,45.820241,501.9 11.361897,45.820404,503.4 11.361966,45.820561,504.7 11.362032,45.820713,506 11.36208,45.82083,506.9 11.362136,45.820961,508 11.362184,45.82111,509.3 11.362234,45.821262,510.5 11.362261,45.821364,511.3 11.362269,45.821479,512.3 11.362254,45.821589,513.2 11.36222,45.821693,514 11.36216,45.821792,514.9 11.362066,45.821926,516.2 11.362002,45.822017,517.2 11.361981,45.822106,518 11.361992,45.822212,519.1 11.362028,45.822302,520.1 11.362074,45.822429,521.5 11.362112,45.822565,523.1 11.362126,45.822667,523.9 11.362111,45.822767,524.6 11.362071,45.822849,525.2 11.362038,45.822919,525.7 11.362013,45.823014,526.4 11.362024,45.823106,527 11.362095,45.823221,527.9 11.362127,45.823294,528.4 11.362142,45.823394,529.2 11.362172,45.823498,530 11.362232,45.823581,530.7 11.362311,45.82363,531.3 11.362423,45.823669,532.1 11.362601,45.82371,533.4 11.362799,45.823745,534.8 11.362944,45.823778,535.9 11.363084,45.823816,536.9 11.363202,45.823865,537.8 11.363343,45.823937,538.8 11.363461,45.824012,539.7 11.363585,45.824102,540.5 11.363669,45.824173,541.2 11.363711,45.824256,541.6 11.363726,45.824351,542.1 11.363713,45.824465,542.7 11.363694,45.824619,543.6 11.363679,45.824762,544.3 11.363661,45.824908,545 11.363637,45.825102,545.9 11.363615,45.825268,546.7 11.363593,45.825433,547.5 11.363567,45.825611,548.3 11.363546,45.825737,548.9 11.363508,45.825827,549.3 11.36346,45.825899,549.7 11.363377,45.825958,550.1 11.363263,45.826009,550.9 11.363121,45.826061,551.9 11.362954,45.826118,553 11.362822,45.826177,553.9 11.36273,45.826252,554.7 11.36266,45.826353,555.6 11.362635,45.82644,556.3 11.362646,45.826555,557.2 11.362681,45.826646,558 11.362759,45.826747,558.9 11.362864,45.826832,559.9 11.362986,45.826908,560.8 11.363115,45.82698,561.9 11.363222,45.827054,562.8 11.363315,45.827159,563.9 11.363426,45.827298,565.3 11.363522,45.827434,566.6 11.363589,45.827531,567.5 11.363656,45.827641,568.5 11.363684,45.82774,569.2 11.363678,45.827857,570.1 11.363645,45.827957,570.8 11.363597,45.828064,571.5 11.363518,45.828193,572.4 11.363451,45.828319,573.6 11.363396,45.828445,574.8 11.363364,45.82858,576 11.363349,45.828715,577.2 11.363358,45.828824,578.2 11.363398,45.828947,579.3 11.363461,45.82904,580.2 11.363577,45.829142,581.3 11.363707,45.829243,582.5 11.363813,45.829333,583.5 11.363929,45.829436,584.6 11.364059,45.829558,586 11.364154,45.829662,587.1 11.364233,45.829778,588.3 11.364305,45.829916,589.6 11.364361,45.830035,590.7 11.364419,45.830177,592 11.364467,45.830287,593.1 11.364479,45.830388,593.9 11.36445,45.830504,594.9 11.364388,45.83062,595.8 11.364293,45.830732,596.7 11.364186,45.830839,597.6 11.364062,45.830937,598.5 11.363938,45.831023,599.6 11.363799,45.831117,600.8 11.363656,45.831215,602 11.363532,45.831325,603.2 11.36343,45.831454,604.4 11.363363,45.831584,605.6 11.363283,45.831749,607.1 11.363201,45.831899,608.5 11.363125,45.832016,609.5 11.363022,45.832124,610.5 11.362908,45.832231,611.6 11.362774,45.832349,612.7 11.362655,45.832454,613.6 11.36253,45.832561,614.4 11.362433,45.832644,615.1 11.362382,45.832715,615.6 11.362365,45.832795,616.2 11.362383,45.832878,616.8 11.362446,45.83296,617.4 11.362555,45.833067,618.4 11.362678,45.833187,619.4 11.3628,45.833308,620.5 11.362939,45.833456,621.8 11.363045,45.833564,622.7 11.363156,45.833681,624.1 11.363248,45.833775,625.2 11.363321,45.833857,626.2 11.363361,45.833934,627 11.363378,45.834022,628 11.363372,45.83412,629.1 11.363359,45.834231,630.5 11.363339,45.834341,631 11.363321,45.834428,632.5 11.363258,45.834683,635 11.363198,45.834957,637.7 11.36314,45.835176,639.2 11.363093,45.835344,640.4 11.362989,45.835481,641.5 11.362865,45.835596,642.5 11.362722,45.835723,643.5 11.362634,45.835809,644.3 11.362607,45.835882,644.8 11.362617,45.83597,645.4 11.362647,45.836044,646 11.362719,45.836107,646.6 11.362823,45.836167,647.3 11.362936,45.836211,648 11.363067,45.836272,648.9 11.363172,45.836349,649.8 11.363258,45.836439,650.7 11.363358,45.836563,651.9 11.363457,45.836698,653.1 11.36357,45.836855,654.6 11.363666,45.836988,655.8 11.363697,45.837072,656.6 11.363695,45.837147,657.2 11.363666,45.837209,657.8 11.363613,45.837267,658.5 11.363503,45.837322,659.4 11.363365,45.837378,660.3 11.363175,45.837453,661.6 11.363052,45.837506,662.5 11.362954,45.837555,663.2 11.362886,45.837614,663.8 11.362847,45.837684,664.5 11.362839,45.837748,665 11.362864,45.837841,665.9 11.362908,45.837943,666.8 11.362966,45.838064,667.9 11.363021,45.838182,669 11.36307,45.83831,670.2 11.36311,45.838426,671.2 11.363132,45.838528,672.1 11.363131,45.838613,672.8 11.363099,45.838685,673.3 11.363046,45.838764,673.8 11.362959,45.838852,674.4 11.362849,45.83895,675 11.362716,45.839072,675.7 11.362592,45.839181,676.3 11.362452,45.839297,677 11.362331,45.83941,677.7 11.362196,45.839531,678.4 11.362044,45.839658,679 11.361899,45.839778,679.6 11.361729,45.839937,680.4 11.361546,45.840105,681.1 11.361377,45.840263,681.8 11.36123,45.840397,682.4 11.361109,45.840512,682.8 11.360992,45.840638,683.2 11.360914,45.840733,683.5 11.360887,45.840806,683.6 11.360874,45.840892,683.8 11.360848,45.841029,684.1 11.360813,45.841194,684.7 11.360782,45.841327,685.1 11.360755,45.841449,685.5 11.360739,45.841539,685.8 11.360746,45.841632,686 11.360784,45.841735,686.4 11.360842,45.841849,686.8 11.360916,45.841992,687.4 11.360989,45.842122,687.9 11.361052,45.842242,688.4 11.361096,45.842321,688.8 11.361119,45.842422,689.3 11.361118,45.842513,689.9 11.361096,45.842598,690.4 11.361044,45.842687,691.1 11.360994,45.84275,691.6 11.360916,45.842819,692.3 11.360813,45.842894,693 11.360681,45.842987,694 11.360556,45.843071,694.8 11.360437,45.84315,695.5 11.360312,45.843241,696.2 11.360192,45.843331,696.8 11.360107,45.843445,697.4 11.360055,45.843539,698.1 11.359989,45.843649,698.9 11.359941,45.843766,699.7 11.35993,45.843855,700.3 11.359971,45.843978,701.2 11.360049,45.844112,702.2 11.360139,45.844271,703.3 11.360226,45.84443,704.5 11.360316,45.844593,705.7 11.360404,45.84476,706.9 11.360478,45.844888,707.8 11.360547,45.845014,708.7 11.360612,45.845131,709.4 11.360668,45.845239,710 11.360719,45.845339,710.6 11.360752,45.845438,711.2 11.36075,45.845509,711.7 11.360725,45.845593,712.2 11.360671,45.845655,712.6 11.360585,45.845714,713.2 11.36049,45.845753,713.6 11.360409,45.845787,714 11.360222,45.845854,714.9 11.36004,45.845914,715.6 11.359846,45.845974,716.3 11.359649,45.846032,717 11.359464,45.846089,717.6 11.359306,45.846155,718.1 11.359216,45.846199,718.5 11.35914,45.846257,718.8 11.359091,45.846328,719 11.359058,45.846421,719.4 11.359074,45.846531,719.7 11.359104,45.846635,720.1 11.359154,45.846747,720.5 11.359205,45.846861,720.9 11.359248,45.847001,721.8 11.359257,45.847094,722.4 11.35924,45.84718,722.9 11.35919,45.847257,723.5 11.359095,45.847335,724.1 11.358961,45.847394,724.9 11.358791,45.847458,725.9 11.358642,45.847515,726.7 11.358481,45.847579,727.6 11.358348,45.847638,728.4 11.358224,45.847704,729.1 11.358117,45.847767,729.8 11.358031,45.847837,730.4 11.357973,45.847914,731 11.357944,45.848008,731.6 11.357918,45.848125,732.4 11.357898,45.848262,733.3 11.357884,45.84839,734.1 11.35786,45.848502,734.8 11.357829,45.848602,735.5 11.35778,45.848701,736.1 11.357706,45.848788,736.7 11.357588,45.848882,737.5 11.357464,45.848972,738.2 11.357317,45.849073,739.2 11.357151,45.849181,740.2 11.356985,45.849293,741.4 11.356851,45.849405,742.4 11.35674,45.8495,743.4 11.356621,45.849629,744.6 11.356509,45.849762,745.9 11.356416,45.849911,747.3 11.356349,45.850054,748.6 11.356284,45.850221,750.1 11.356221,45.850376,751.6 11.356172,45.850517,752.9 11.356116,45.850702,754.3 11.356063,45.850855,755.5 11.355991,45.851028,756.8 11.355922,45.851187,758.1 11.355844,45.851355,759.4 11.355771,45.8515,760.6 11.355713,45.851639,761.7 11.355675,45.85175,762.5 11.35564,45.851902,763.6 11.355601,45.852078,764.9 11.355551,45.852227,766 11.355492,45.852393,767.2 11.355419,45.852571,768.7 11.355347,45.852743,770.1 11.355278,45.852903,771.5 11.355215,45.853052,772.8 11.355138,45.853196,774.2 11.355052,45.853301,775.2 11.354939,45.853418,776.5 11.354829,45.853534,777.7 11.354705,45.853656,779 11.354596,45.853764,780.2 11.354509,45.853844,781 11.354436,45.853903,781.6 11.354349,45.853952,782.3 11.354257,45.853982,782.9 11.354121,45.854009,783.7 11.354001,45.854028,784.4 11.353901,45.85405,785 11.353806,45.854095,785.7 11.35372,45.854156,786.5 11.353606,45.854266,787.7 11.353499,45.854377,788.9 11.353382,45.854502,790.2 11.353268,45.854623,791.5 11.35316,45.854742,792.8 11.353054,45.854859,794 11.352973,45.854957,795 11.352903,45.85505,796 11.352832,45.855161,797 11.352774,45.855283,798.2 11.352748,45.855381,799.1 11.352738,45.855492,800.1 11.352726,45.855591,801 11.352718,45.855694,801.9 11.352724,45.855811,802.9 11.352732,45.855922,803.9 11.352747,45.856036,804.8 11.352754,45.856103,805.5 11.352755,45.856171,806.1 11.352734,45.856203,806.5 11.352695,45.856222,806.8 11.352637,45.856219,807.2 11.352587,45.856194,807.6 11.35256,45.856161,807.9 11.352529,45.856103,808.4 11.352506,45.856027,809 11.35247,45.855898,810.1 11.352436,45.855785,811 11.352398,45.855649,812.1 11.352356,45.85552,813.2 11.35231,45.855385,814.3 11.352271,45.85526,815.4 11.352238,45.855115,816.6 11.352207,45.85497,817.9 11.352181,45.854817,819.2 11.352157,45.854667,820.6 11.352137,45.854537,821.8 11.352126,45.854421,822.9 11.352119,45.854295,824.1 11.35213,45.854161,825.4 11.352163,45.854041,826.5 11.352203,45.853924,827.6 11.352267,45.853791,828.9 11.352334,45.853663,830 11.352417,45.853533,831.3 11.352493,45.853414,832.4 11.352543,45.853315,833.3 11.352562,45.853233,833.9 11.35256,45.853137,834.7 11.352546,45.853026,835.6 11.352527,45.852888,836.7 11.352516,45.852778,837.6 11.352524,45.852676,838.4 11.352537,45.85256,839.3 11.352567,45.852403,840.5 11.352596,45.852249,841.6 11.352627,45.852063,843.1 11.352658,45.851914,844.2 11.352692,45.851759,845.4 11.352706,45.851633,846.3 11.352713,45.851501,847.3 11.352716,45.85137,848.2 11.352702,45.851236,849.1 11.352684,45.851085,850.1 11.352672,45.850949,851 11.35265,45.850764,851.9 11.352624,45.850603,852.7 11.352593,45.85046,853.4 11.352554,45.8503,854.1 11.352515,45.850158,854.7 11.352476,45.850053,855.1 11.352433,45.849973,855.5 11.352394,45.849928,855.7 11.352354,45.849907,855.9 11.352295,45.849905,856.2 11.352254,45.849923,856.4 11.352226,45.84996,856.7 11.352234,45.85003,857.2 11.352258,45.850176,858.4 11.35228,45.85031,859.5 11.352287,45.850453,860.7 11.352291,45.850591,861.8 11.352283,45.850725,863 11.352251,45.850863,864.2 11.352206,45.851,865.4 11.352152,45.851139,866.7 11.352091,45.851286,868.1 11.352025,45.851407,869.3 11.351943,45.851533,870.5 11.351852,45.851665,871.6 11.351737,45.851801,872.8 11.351622,45.851934,873.9 11.351515,45.852063,874.9 11.351409,45.85219,875.9 11.351317,45.852303,876.7 11.351239,45.852406,877.5 11.351133,45.852565,878.6 11.351053,45.85269,879.5 11.350991,45.85281,880.3 11.350926,45.852911,881 11.350839,45.853028,881.9 11.350734,45.853141,882.9 11.35061,45.853255,883.9 11.350486,45.853361,884.9 11.350349,45.853474,886.1 11.35021,45.853587,887.2 11.350077,45.853708,888.5 11.349949,45.853814,889.7 11.349856,45.853894,890.5 11.349768,45.853987,891.6 11.349708,45.854093,892.6 11.349678,45.854201,893.7 11.349667,45.854296,894.6 11.349678,45.854404,895.5 11.349724,45.854507,896.4 11.349779,45.854627,897.4 11.349806,45.854693,898 11.349811,45.854807,898.7 11.349798,45.85492,899.5 11.349763,45.855055,900.4 11.349712,45.855217,901.4 11.34966,45.855387,902.5 11.349608,45.855537,903.4 11.349545,45.855725,904.6 11.349498,45.855892,905.7 11.349457,45.856029,906.6 11.349398,45.856164,907.6 11.349319,45.856306,908.7 11.349236,45.856449,909.8 11.349134,45.856627,911.1 11.34905,45.856772,912.1 11.348935,45.856975,913.8 11.348849,45.857125,914.9 11.348773,45.857271,916.2 11.348706,45.857403,917.3 11.348669,45.857469,917.9 11.348632,45.857512,918.3 11.348588,45.857536,918.6 11.348528,45.857536,918.9 11.348466,45.857516,919.2 11.348406,45.857471,919.7 11.348341,45.857401,920.4 11.348289,45.857332,921 11.348234,45.857252,921.7 11.348186,45.85717,922.5 11.348135,45.85707,923.4 11.348091,45.856949,924.5 11.348049,45.856835,925.5 11.34801,45.856711,926.7 11.347962,45.856593,927.7 11.347899,45.856471,928.8 11.347828,45.856356,929.9 11.347744,45.856243,930.9 11.347639,45.856114,932.1 11.347526,45.855994,933.2 11.347387,45.85586,934.5 11.347261,45.855737,935.6 11.34715,45.855615,936.7 11.347044,45.855479,937.9 11.346987,45.855383,938.7 11.346948,45.855293,939.4 11.346922,45.855186,940.2 11.346895,45.855044,941.4 11.346865,45.854892,942.6 11.346836,45.854756,943.6 11.34682,45.854664,944.4 11.346818,45.854591,944.9 11.346848,45.854493,945.7 11.346903,45.854355,946.9 11.346968,45.85422,948 11.347039,45.854063,949.4 11.347093,45.85394,950.4 11.347138,45.853845,951.2 11.347174,45.853758,952.1 11.347189,45.853696,952.8 11.347184,45.853649,953.2 11.347162,45.853611,953.6 11.347116,45.853594,953.9 11.347045,45.853595,954.3 11.346961,45.853627,954.9 11.34686,45.8537,955.8 11.346764,45.853772,956.6 11.34665,45.853874,957.6 11.346535,45.853979,958.7 11.346442,45.854072,959.6 11.346337,45.854204,960.8 11.346216,45.854355,962.1 11.346138,45.854456,963 11.346045,45.854573,963.9 11.345939,45.8547,964.9 11.345852,45.85481,965.8 11.345779,45.854909,966.5 11.345738,45.854986,967.1 11.345711,45.855072,967.8 11.345685,45.855215,968.9 11.345664,45.855369,970.2 11.345639,45.855543,971.7 11.34561,45.855733,973.3 11.345589,45.85588,974.5 11.345568,45.856023,975.6 11.345553,45.856136,976.6 11.345559,45.856225,977.3 11.345587,45.856338,978.3 11.34563,45.856457,979.4 11.345702,45.856641,981 11.345763,45.856794,982.4 11.345817,45.856938,983.7 11.345863,45.85706,984.9 11.345885,45.857138,985.6 11.345891,45.857194,986 11.345876,45.857268,986.5 11.345839,45.857333,987 11.345799,45.857415,987.5 11.34578,45.857467,987.7 11.345785,45.857518,988 11.345724,45.857509,988.11 11.345486,45.857418,988.56 11.345314,45.857302,989.01 11.345178,45.857147,989.45 11.345032,45.857049,988.1 11.344859,45.85693,986.49 11.344718,45.856811,985.49 11.344415,45.856582,982.06 11.344133,45.856336,980.81 11.343983,45.85619,980.05 11.343795,45.855979,979.01 11.343612,45.856052,978.5 11.343584,45.856145,978.2 11.343599,45.856239,977.96 11.34385,45.856608,976.94 11.344163,45.856988,975.85 11.344352,45.857148,975.69 11.345022,45.857633,975.17 11.345275,45.857863,974.38 11.345488,45.858107,973.6 11.345603,45.858257,973.56 11.345792,45.858503,973.98 11.346079,45.858924,974.83 11.346433,45.859531,978.06 11.346471,45.859627,978.79 11.346602,45.860023,981.78 11.346662,45.860229,985.1 11.346748,45.860546,988.87 11.346834,45.860851,991.2 11.34692,45.861031,992.69 11.34706,45.861192,994.08 11.347157,45.861244,994.54 11.347264,45.861255,994.94 11.347365,45.861207,995.39 11.347443,45.861161,995.85 11.347519,45.86109,996.03 11.347602,45.860974,996.28 11.347749,45.860748,997.19 11.347867,45.860671,998.12 11.347886,45.860747,999.2 11.347886,45.860877,1000 11.347874,45.860995,1000.7 11.347853,45.861114,1001.4 11.34782,45.861259,1002.3 11.347783,45.861399,1003.2 11.347747,45.861534,1004 11.347705,45.861655,1004.7 11.347655,45.861733,1005.2 11.347587,45.861807,1005.8 11.347489,45.861876,1006.4 11.347404,45.861919,1006.8 11.347301,45.861956,1007.3 11.347165,45.86198,1007.9 11.347041,45.861985,1008.4 11.346902,45.861972,1009 11.346768,45.861929,1009.6 11.346615,45.861859,1010.4 11.346461,45.861788,1011.3 11.346313,45.861713,1012.1 11.346138,45.861622,1013 11.346008,45.861555,1013.8 11.345873,45.861489,1014.5 11.345705,45.861421,1015.5 11.345504,45.861347,1016.6 11.345316,45.861281,1017.6 11.345127,45.861213,1018.7 11.344957,45.861153,1019.7 11.344781,45.861089,1020.7 11.344575,45.861016,1021.9 11.344381,45.860951,1023 11.344171,45.860877,1024 11.34398,45.860809,1024.9 11.343815,45.86075,1025.7 11.343666,45.860698,1026.4 11.343518,45.86065,1027 11.343409,45.860624,1027.4 11.343297,45.860607,1027.9 11.343173,45.860604,1028.3 11.343036,45.860619,1028.8 11.342891,45.86064,1029.4 11.342772,45.86068,1029.9 11.342682,45.860724,1030.4 11.342613,45.860772,1030.7 11.342531,45.860847,1031.2 11.342436,45.860959,1031.9 11.34238,45.861041,1032.3 11.342299,45.861154,1032.9 11.342208,45.861296,1033.6 11.342132,45.861406,1034.1 11.342047,45.861524,1034.6 11.341961,45.861626,1035 11.34185,45.861741,1035.5 11.341737,45.861845,1035.8 11.34165,45.861921,1036.1 11.341552,45.862008,1036.6 11.341473,45.862085,1037 11.341392,45.862181,1037.7 11.341319,45.862289,1038.3 11.341257,45.862383,1039 11.341204,45.862451,1039.6 11.341162,45.862491,1040 11.341092,45.862521,1040.5 11.341006,45.862544,1041.1 11.340881,45.862564,1042 11.34079,45.862562,1042.6 11.340674,45.862543,1043.4 11.340507,45.862508,1044.3 11.340349,45.862475,1045.2 11.340229,45.862443,1045.9 11.340124,45.862407,1046.5 11.340045,45.86235,1047.2 11.339999,45.862294,1047.7 11.339965,45.86221,1048.3 11.339948,45.862123,1049 11.339925,45.862001,1050 11.339906,45.861896,1050.9 11.339886,45.861783,1051.8 11.339865,45.861686,1052.7 11.339842,45.861587,1053.4 11.339825,45.861535,1053.8 11.339783,45.861486,1054.2 11.339722,45.861447,1054.6 11.339646,45.861412,1055 11.339496,45.861358,1055.8 11.33935,45.861302,1056.5 11.339257,45.86126,1057 11.339192,45.861228,1057.3 11.339115,45.861178,1057.7 11.339053,45.861131,1058 11.338989,45.861069,1058.5 11.338941,45.860986,1058.9 11.338906,45.8609,1059.3 11.338875,45.860809,1059.8 11.33885,45.860713,1060.4 11.338825,45.860609,1061 11.338798,45.860513,1061.6 11.33876,45.8604,1062.4 11.338725,45.860296,1063.1 11.338698,45.860218,1063.6 11.338655,45.860122,1064.3 11.338625,45.860032,1065 11.3386,45.859937,1065.7 11.338586,45.859859,1066.3 11.338585,45.85976,1067 11.338581,45.85964,1068 11.33857,45.859524,1068.9 11.338553,45.859414,1069.7 11.338519,45.859301,1070.5 11.338478,45.859205,1071.2 11.338428,45.859093,1071.9 11.338395,45.858989,1072.5 11.338372,45.858897,1073 11.338359,45.85879,1073.5 11.338354,45.858669,1074.1 11.338347,45.858551,1074.5 11.33835,45.858388,1075.2 11.338349,45.85828,1075.6 11.338324,45.858184,1076 11.338282,45.858107,1076.3 11.338222,45.858026,1076.7 11.338146,45.857932,1077.2 11.338065,45.857838,1077.7 11.337972,45.857736,1078.3 11.337884,45.857638,1078.8 11.337829,45.857586,1079.1 11.337761,45.857557,1079.4 11.337694,45.857554,1079.7 11.337626,45.857563,1080 11.337572,45.857579,1080.2 11.337529,45.85762,1080.6 11.3375,45.857691,1081.1 11.337479,45.857807,1081.9 11.33747,45.857983,1083.2 11.337466,45.858116,1084.2 11.337458,45.858229,1085.2 11.337447,45.858314,1085.9 11.337434,45.858378,1086.5 11.337395,45.85846,1087.3 11.337338,45.858553,1088.1 11.337275,45.858673,1089.2 11.33724,45.858765,1089.9 11.337216,45.858879,1090.8 11.337198,45.85897,1091.5 11.337163,45.859079,1092.3 11.337123,45.859179,1093.1 11.337058,45.859297,1094 11.33699,45.859418,1095 11.336918,45.85955,1096 11.336844,45.859678,1097.1 11.336769,45.859807,1098.2 11.336718,45.859911,1099.2 11.336671,45.860039,1100.4 11.336628,45.860162,1101.4 11.336588,45.860289,1102.5 11.336542,45.860389,1103.2 11.336488,45.860483,1104 11.336409,45.860596,1104.7 11.336326,45.860692,1105.3 11.336246,45.860775,1105.9 11.336179,45.860823,1106.3 11.336087,45.860872,1106.8 11.335962,45.860918,1107.3 11.33582,45.860948,1107.8 11.335617,45.860987,1108.5 11.335462,45.861016,1109 11.335341,45.861047,1109.3 11.335245,45.861074,1109.6 11.335141,45.861121,1110 11.335019,45.861193,1110.5 11.334931,45.861257,1110.9 11.334842,45.86136,1111.5 11.334746,45.861488,1112.2 11.334656,45.8616,1112.9 11.334565,45.861715,1113.6 11.334484,45.861817,1114.4 11.334391,45.86193,1115.4 11.334341,45.862015,1116.1 11.334311,45.862091,1116.7 11.334281,45.862199,1117.6 11.334252,45.862314,1118.6 11.33422,45.862456,1119.8 11.334185,45.862602,1121.1 11.334153,45.862745,1122.5 11.334112,45.862915,1124.1 11.334065,45.863118,1126 11.334027,45.863279,1127.6 11.334002,45.863402,1129 11.333987,45.863518,1130.2 11.333979,45.86367,1131.9 11.333973,45.863803,1133.4 11.333968,45.863942,1135 11.333951,45.864085,1136.6 11.333927,45.864226,1138 11.333891,45.864366,1139.4 11.333842,45.864531,1140.9 11.333811,45.864632,1141.8 11.33378,45.864726,1142.4 11.33375,45.8648,1142.9 11.333723,45.864857,1143.5 11.333682,45.864919,1144.2 11.333636,45.864967,1144.7 11.333578,45.865012,1145.3 11.333522,45.865052,1145.9 11.333446,45.865098,1146.6 11.333372,45.865141,1147.3 11.333293,45.865194,1148.1 11.333239,45.865231,1148.7 11.333195,45.865279,1149.3 11.333164,45.865324,1149.8 11.33315,45.865372,1150.4 11.333148,45.865441,1151.2 11.333148,45.865511,1152.1 11.33315,45.865583,1153 11.333155,45.865661,1153.9 11.333157,45.865738,1154.8 11.333155,45.865807,1155.6 11.333154,45.865854,1156.1 11.333141,45.865908,1156.6 11.333123,45.865961,1157.1 11.333088,45.866025,1157.8 11.33303,45.866112,1158.6 11.332976,45.866186,1159.4 11.332926,45.866255,1160 11.332876,45.86633,1160.7 11.332836,45.86639,1161.3 11.332803,45.866444,1161.8 11.332781,45.866492,1162.2 11.332762,45.866556,1162.8 11.332752,45.866629,1163.5 11.332755,45.866696,1164.1 11.332762,45.866771,1164.8 11.332771,45.866857,1165.6 11.332781,45.866961,1166.6 11.332793,45.867058,1167.5 11.332802,45.867144,1168.2 11.332817,45.867247,1169.1 11.332827,45.867317,1169.6 11.332847,45.867382,1170.1 11.332863,45.867424,1170.5 11.332902,45.867477,1170.9 11.332955,45.867527,1171.4 11.333018,45.867562,1171.8 11.333095,45.867599,1172.3 11.333173,45.867633,1172.9 11.333279,45.867682,1173.7 11.333394,45.86774,1174.6 11.333512,45.867794,1175.8 11.333605,45.86784,1176.7 11.333689,45.867889,1177.6 11.333778,45.867947,1178.6 11.333854,45.868002,1179.6 11.333939,45.868061,1180.6 11.334021,45.86811,1181.6 11.334103,45.868151,1182.5 11.334188,45.868179,1183.2 11.334305,45.868209,1184.3 11.334416,45.868238,1185.3 11.334529,45.868273,1186.3 11.334627,45.868308,1187.2 11.334724,45.868344,1188.1 11.334817,45.868383,1189 11.334924,45.868435,1190 11.335008,45.868477,1190.8 11.335106,45.868534,1191.7 11.335202,45.86859,1192.6 11.335297,45.868647,1193.4 11.335408,45.868714,1194.4 11.335517,45.868781,1195.3 11.335635,45.868852,1196.3 11.335732,45.868908,1197.1 11.335832,45.868964,1198 11.33593,45.869015,1198.9 11.336033,45.869063,1199.8 11.336148,45.869117,1200.8 11.336257,45.869168,1201.8 11.336354,45.869214,1202.7 11.336427,45.869255,1203.5 11.336499,45.869298,1204.2 11.33656,45.869346,1204.9 11.336629,45.869399,1205.7 11.336716,45.869456,1206.6 11.336777,45.869487,1207.2 11.336843,45.869511,1207.6 11.336929,45.869525,1208.2 11.337015,45.869531,1208.6 11.33709,45.869537,1209 11.337119,45.869541,1209.15 11.337147,45.869549,1209.3 11.337165,45.869562,1209.11 11.33717,45.869588,1209.25 11.337157,45.869618,1209.4 11.337096,45.869653,1209.64 11.336973,45.869683,1210.23 11.33686,45.869688,1210.71 11.336759,45.869674,1211.16 11.336538,45.869582,1212.27 11.336397,45.86953,1212.96 11.336232,45.869493,1213.7 11.335468,45.869368,1217.11 11.334968,45.86924,1220.26 11.334724,45.869171,1222.07 11.334592,45.869122,1223.1 11.334437,45.869006,1224.66 11.334326,45.86895,1225.59 11.334151,45.868916,1226.85 11.333532,45.868845,1231.16 11.333119,45.868776,1234.07 11.332867,45.868726,1235.86 11.332601,45.868687,1237.72 11.332366,45.868675,1239.32 11.332123,45.868685,1240.97 11.331879,45.868706,1242.64 11.331747,45.868709,1243.52 11.331617,45.868693,1244.42 11.331399,45.868637,1245.99 11.331261,45.868582,1247.06 11.331041,45.868474,1248.88 11.330921,45.868433,1249.79 11.330747,45.868396,1251.01 11.330592,45.868384,1252.07 11.330241,45.868383,1254.05 11.329628,45.868389,1257.52 11.329255,45.868396,1259.63 11.328919,45.868423,1261.48 11.328702,45.868446,1262.69 11.328567,45.868465,1263.44 11.328168,45.868482,1265.72 11.327886,45.868481,1267.32 11.327803,45.868487,1267.78 11.327706,45.868502,1268.35 11.327397,45.868585,1270.59 11.326983,45.868725,1273.69 11.326498,45.868908,1277.42 11.326155,45.869063,1280.18 11.325954,45.869181,1281.95 11.325851,45.869219,1282.73 11.325748,45.869232,1283.43 11.325677,45.869224,1283.92 11.325604,45.869208,1284.44 11.324881,45.868861,1289.86 11.324465,45.868692,1292.84 11.324215,45.868595,1294.61 11.323869,45.868466,1297.02 11.323696,45.868435,1298.11 11.323637,45.868429,1298.47 11.323543,45.868441,1299.05 11.323212,45.868531,1301.31 11.322881,45.868647,1303.95 11.322801,45.86868,1304.61 11.322738,45.868724,1305.24 11.322731,45.868766,1305.64 11.322771,45.868799,1306.05 11.322798,45.86882,1306.33 11.322839,45.868831,1306.64 11.322916,45.868822,1307.19 11.323159,45.868736,1309.12 11.323261,45.868716,1309.87 11.32336,45.868705,1310.57 11.323502,45.868707,1311.58 11.323671,45.868745,1312.83 11.323934,45.868878,1315.15 11.324097,45.868986,1316.75 11.324367,45.869165,1319.19 11.324532,45.86928,1320.73 11.324746,45.869466,1322.7 11.324925,45.869639,1324.46 11.325066,45.869835,1326.27 11.325177,45.869972,1327.57 11.325305,45.870044,1328.51 11.325497,45.870098,1329.7 11.325653,45.87012,1330.61 11.325801,45.87013,1331.47 11.325974,45.870122,1332.46 11.326288,45.870059,1334.46 11.326645,45.869947,1336.84 11.32696,45.869859,1338.9 11.327215,45.869826,1340.48 11.327623,45.869796,1343.02 11.327959,45.869796,1345.11 11.328075,45.869802,1345.8 11.328111,45.869822,1346.08 11.328138,45.869843,1346.31 11.328134,45.869877,1346.59 11.328096,45.869927,1347.1 11.328054,45.869943,1347.39 11.327975,45.869958,1347.9 11.327752,45.869955,1349.28 11.327612,45.869968,1350.16 11.327481,45.869983,1351.5 11.3274,45.870006,1352.39 11.32709,45.870143,1356.16 11.326626,45.870397,1362.22 11.326401,45.870533,1365.28 11.326265,45.870609,1367.07 11.32606,45.870679,1369.42 11.325942,45.870716,1370.75 11.32584,45.870742,1371.87 11.325664,45.870777,1373.73 11.32551,45.87078,1375.31 11.324977,45.870733,1379.18 11.324611,45.870701,1381.84 11.32445,45.87067,1383.04 11.324319,45.870599,1384.16 11.324041,45.870391,1386.89 11.323913,45.870334,1387.91 11.32383,45.870313,1388.49 11.323723,45.870317,1389.2 11.323454,45.870393,1391.16 11.32328,45.870426,1392.37 11.323086,45.870448,1393.87 11.322898,45.870454,1395.3 11.322786,45.870483,1396.2 11.322642,45.870536,1397.61 11.322532,45.870598,1398.84 11.322386,45.870696,1400.6 11.322277,45.870816,1402.36 11.322136,45.870982,1404.78 11.322003,45.871124,1406.9 11.321932,45.871178,1407.8 11.321816,45.871228,1408.99 11.321669,45.871279,1410.42 11.32157,45.871314,1411.39 11.321372,45.871386,1413.31 11.321167,45.871502,1415.59 11.321029,45.87158,1417.12 11.320826,45.871648,1418.92 11.320739,45.871678,1419.69 11.320622,45.871696,1420.63 11.320413,45.871673,1422.32 11.320239,45.871641,1423.75 11.320123,45.871608,1424.74 11.319887,45.871544,1426.77 11.319571,45.871433,1429.59 11.319454,45.871393,1430.63 11.319242,45.87131,1432.57 11.319145,45.871284,1433.4 11.319083,45.871269,1433.91 11.319014,45.871273,1434.45 11.318918,45.87131,1435.33 11.31877,45.871431,1437.15 11.318677,45.871459,1437.83 11.318604,45.871474,1438.33 11.318325,45.871505,1440.16 11.318112,45.87151,1441.55 11.317912,45.871498,1442.84 11.317519,45.871427,1445.47 11.317263,45.8714,1447.15 11.317102,45.871385,1448.2 11.316977,45.871385,1449.01 11.316722,45.871396,1450.66 11.316504,45.871425,1452.09 11.31631,45.871495,1453.51 11.316173,45.871526,1454.45 11.315931,45.871542,1456.06 11.31583,45.871556,1456.75 11.314985,45.871683,1462.5 11.314413,45.871775,1466.41 11.314089,45.87183,1468.63 11.313798,45.871869,1470.86 11.313556,45.871884,1472.69 11.31288,45.871874,1479.43 11.312331,45.87185,1484.92 11.312224,45.87185,1485.99 11.312099,45.871856,1487.24 11.31198,45.87188,1488.46 11.311849,45.871939,1490 11.311604,45.872066,1493.05 11.311353,45.872199,1496.2 11.311133,45.872285,1498.64 11.310968,45.87234,1500.37 11.310848,45.872361,1501.54 11.310705,45.872379,1502.91 11.310589,45.872375,1504.02 11.310501,45.872378,1504.85 11.310355,45.872405,1506.29 11.310278,45.872436,1507.13 11.310215,45.872481,1507.98 11.310171,45.872538,1508.84 11.310165,45.872597,1509.63 11.310159,45.873011,1515.18 11.310155,45.873351,1519.73 11.310152,45.873453,1521.1 11.310137,45.873512,1521.9 11.310112,45.873576,1522.38 11.310064,45.873621,1522.79 11.310038,45.873659,1523.1 11.310039,45.873726,1523.59 11.310061,45.873828,1524.34 11.310065,45.873875,1524.69 11.310016,45.87396,1525.36 11.309768,45.874215,1527.63 11.309448,45.87455,1530.58 11.309357,45.874619,1531.27 11.309275,45.874661,1531.79 11.309042,45.874701,1533.01 11.308704,45.874728,1534.75 11.308573,45.874726,1535.36 11.308442,45.874713,1535.97 11.308119,45.874656,1537.5 11.307654,45.874514,1539.83 11.307567,45.874504,1540.23 11.307474,45.874536,1540.71 11.307477,45.874594,1541.09 11.307567,45.874648,1541.63 11.307791,45.87469,1542.7 11.308026,45.87478,1543.93 11.308191,45.874853,1544.82 11.30827,45.874924,1545.17 11.308288,45.874966,1545.27 11.308296,45.874993,1545.33 11.308257,45.87503,1545.16 11.308002,45.875142,1543.73 11.307704,45.875252,1541.74 11.307456,45.875316,1540.18 11.307231,45.875358,1538.81 11.307005,45.875414,1537.39 11.306826,45.875474,1536.22 11.306515,45.87559,1534.14 11.306279,45.875746,1532.22 11.306043,45.875928,1530.15 11.305827,45.876139,1527.96 11.305728,45.876232,1526.98 11.30565,45.876359,1525.81 11.305572,45.876532,1524.28 11.305389,45.876741,1522.21 11.305062,45.877081,1518.75 11.304949,45.877255,1517.57 11.304912,45.877339,1517.02 11.304674,45.877594,1515.14 11.304518,45.877699,1514.2 11.304321,45.877755,1513.28 11.304105,45.877803,1512.3 11.303897,45.877845,1511.36 11.303797,45.877907,1510.79 11.303705,45.877998,1510.1 11.303578,45.878116,1509.64 11.303292,45.878378,1508.62 11.303201,45.878473,1508.42 11.303084,45.878612,1508.14 11.303039,45.878672,1508 11.30295,45.878736,1508.1 11.302872,45.878791,1508.2 11.302777,45.878845,1508.3 11.302676,45.878879,1508.3 11.302578,45.878886,1508.3 11.302436,45.878882,1508.2 11.302288,45.878855,1508.1 11.30215,45.878833,1508 11.301994,45.878815,1507.8 11.301868,45.8788,1507.1 11.301763,45.87878,1506.6 11.301624,45.878733,1505.8 11.301478,45.878678,1505 11.301342,45.878622,1504.2 11.301212,45.878582,1503.5 11.301099,45.878553,1503.1 11.300966,45.878532,1502.5 11.300856,45.878516,1502.2 11.300761,45.878511,1501.9 11.300692,45.878533,1501.8 11.300647,45.878571,1501.6 11.300595,45.878661,1501.8 11.300549,45.878761,1501.9 11.300511,45.878855,1502.1 11.300475,45.878922,1502.2 11.30044,45.878971,1502.3 11.300378,45.879002,1502.4 11.300298,45.879004,1502.4 11.300226,45.878982,1502.4 11.300104,45.878909,1502.3 11.300031,45.878861,1502.2 11.299924,45.87881,1501.9 11.2998,45.878772,1501.7 11.29965,45.878748,1501.3 11.299483,45.87873,1501 11.299276,45.878712,1500.5 11.299101,45.878677,1500.1 11.298957,45.87864,1499.7 11.298807,45.878577,1499.3 11.298652,45.878502,1498.8 11.298521,45.878408,1498.2 11.298409,45.878304,1497.7 11.298294,45.878176,1497 11.298228,45.878074,1496.5 11.298174,45.878003,1496.2 11.298105,45.877961,1496 11.29802,45.877947,1495.8 11.297928,45.87797,1495.5 11.297869,45.878022,1495.2 11.297831,45.878125,1494.4 11.297773,45.878251,1493.4 11.297705,45.87839,1492 11.297638,45.878523,1490.8 11.297574,45.878658,1489.4 11.297508,45.878799,1488 11.29744,45.878953,1486.4 11.297372,45.879102,1484.9 11.297307,45.87924,1483.3 11.297239,45.879395,1481.5 11.297167,45.879551,1479.8 11.297101,45.879684,1478.2 11.297056,45.879804,1476.8 11.297032,45.879929,1475.4 11.297015,45.880094,1473.5 11.296995,45.880225,1472.1 11.296963,45.880348,1470.7 11.296902,45.880452,1469.4 11.296822,45.880539,1468.3 11.296726,45.880597,1467.3 11.296596,45.880665,1466.1 11.296493,45.880727,1465.1 11.296398,45.880788,1464.2 11.296308,45.880842,1463.4 11.29621,45.880885,1462.6 11.296089,45.880922,1461.7 11.295974,45.880951,1461 11.295847,45.880979,1460.2 11.295733,45.881011,1459.5 11.295608,45.881054,1458.7 11.295542,45.88109,1458.2 11.295516,45.88113,1457.9 11.295532,45.881172,1457.6 11.29558,45.881197,1457.3 11.295664,45.881211,1456.8 11.295773,45.881216,1456.2 11.295885,45.881216,1455.5 11.296042,45.881215,1454.5 11.296179,45.881218,1453.7 11.296303,45.881225,1452.9 11.296387,45.881242,1452.5 11.296451,45.881265,1452.1 11.296487,45.881304,1451.8 11.296485,45.881345,1451.5 11.296458,45.881382,1451.1 11.296393,45.881406,1450.6 11.296287,45.881421,1449.9 11.296171,45.88143,1449.1 11.296038,45.881442,1448.3 11.295914,45.881454,1447.5 11.295752,45.881467,1446.5 11.29559,45.881481,1445.5 11.29542,45.881494,1444.6 11.295258,45.881511,1443.7 11.295106,45.881526,1442.9 11.294947,45.881548,1442.1 11.29479,45.881568,1441.5 11.294614,45.881593,1440.9 11.294452,45.881627,1440.3 11.294298,45.881679,1439.8 11.294151,45.881741,1439.2 11.294036,45.881809,1438.8 11.293954,45.881883,1438.5 11.29389,45.881975,1438.3 11.293848,45.882078,1438.2 11.293808,45.882206,1438.2 11.293768,45.88233,1438.2 11.293725,45.882459,1438.3 11.293683,45.882581,1438.9 11.293641,45.882725,1439.5 11.293601,45.882854,1440.1 11.293558,45.882994,1440.8 11.293518,45.883111,1441.4 11.29346,45.883219,1442 11.293398,45.88332,1442.5 11.293303,45.883443,1443.2 11.29321,45.883564,1443.8 11.293098,45.883709,1444.5 11.293005,45.883838,1445.1 11.292909,45.883968,1445.6 11.292814,45.884095,1445.9 11.29274,45.884202,1446.1 11.292679,45.884299,1446.4 11.292651,45.884398,1446.6 11.29264,45.88449,1446.9 11.292657,45.884613,1447.3 11.29269,45.884758,1447.9 11.292719,45.88491,1448.5 11.292748,45.885032,1448.9 11.292763,45.885157,1449.3 11.29276,45.885232,1449.6 11.292741,45.885323,1449.9 11.292685,45.885416,1450.2 11.292603,45.885535,1450.5 11.292558,45.88563,1450.9 11.292548,45.885734,1451.2 11.292559,45.885868,1451.8 11.292573,45.886016,1452.5 11.292589,45.886136,1453 11.292605,45.886285,1453.8 11.292615,45.886414,1454.3 11.292589,45.886524,1454.9 11.292538,45.886625,1455.3 11.292479,45.886724,1455.8 11.292403,45.886815,1455.7 11.292306,45.88689,1455.7 11.292208,45.886951,1455.5 11.292089,45.88703,1455.4 11.291993,45.887087,1455.2 11.291911,45.887131,1455 11.291802,45.887172,1454.6 11.291685,45.8872,1454.2 11.291538,45.887224,1453.6 11.291397,45.887238,1453.1 11.29123,45.887256,1452.5 11.291054,45.887276,1451.7 11.290868,45.887298,1451 11.290695,45.887327,1450.2 11.29055,45.887365,1449.5 11.290439,45.887403,1448.9 11.290332,45.887469,1448 11.290256,45.887545,1447.2 11.29019,45.887615,1446.4 11.29009,45.887693,1445.3 11.29,45.887736,1444.6 11.289873,45.88779,1443.7 11.289745,45.887846,1442.7 11.289634,45.887892,1441.9 11.289504,45.887938,1440.8 11.289401,45.88798,1440 11.289329,45.888044,1439.2 11.289281,45.888122,1438.2 11.289244,45.888212,1437.2 11.289209,45.888331,1435.9 11.289158,45.88847,1434.3 11.289118,45.88859,1433 11.289069,45.88872,1431.5 11.289042,45.888813,1430.5 11.289034,45.888898,1429.7 11.289061,45.888995,1428.6 11.289115,45.889105,1427.7 11.289165,45.889219,1426.8 11.289197,45.889326,1425.9 11.289207,45.889432,1425.1 11.289208,45.889551,1424.1 11.289188,45.889658,1423.3 11.289143,45.889778,1422.3 11.2891,45.889865,1421.5 11.289042,45.889914,1421.1 11.28895,45.889957,1420.5 11.288864,45.889967,1420.1 11.288752,45.889955,1419.5 11.28863,45.889927,1419 11.288508,45.889886,1418.5 11.288365,45.889828,1417.8 11.288258,45.889777,1417.3 11.288151,45.889709,1416.7 11.288065,45.889629,1416.1 11.287992,45.889559,1415.7 11.287909,45.889509,1415.3 11.287809,45.889481,1415.1 11.287675,45.889476,1414.7 11.287524,45.889479,1414.5 11.287416,45.889468,1414.2 11.287331,45.889448,1413.9 11.287247,45.8894,1413.4 11.287138,45.889302,1412.7 11.287032,45.889224,1412.1 11.286923,45.889158,1411.5 11.286814,45.88914,1411.1 11.28669,45.889138,1410.7 11.286562,45.889147,1410.3 11.286439,45.88915,1410 11.286364,45.889132,1409.8 11.286298,45.889079,1409.6 11.286237,45.889003,1409.4 11.286188,45.888918,1409.2 11.286125,45.888848,1408.9 11.286031,45.888776,1408.6 11.285911,45.888716,1408.3 11.285762,45.888662,1408.1 11.285656,45.888625,1407.9 11.285578,45.88862,1407.9 11.285522,45.888619,1407.9 11.285426,45.888639,1408 11.285359,45.888665,1408.1 11.285274,45.88871,1408.3 11.285224,45.888741,1408.5 11.285165,45.888777,1408.7 11.285082,45.888823,1409.1 11.285011,45.888866,1409.4 11.284952,45.888907,1409.7 11.284874,45.888965,1410.1 11.284812,45.889021,1410.4 11.28477,45.889072,1410.7 11.284725,45.889133,1411.1 11.284679,45.889205,1411.5 11.284631,45.889286,1412.2 11.284589,45.889356,1412.7 11.284539,45.889436,1413.3 11.284499,45.889508,1414 11.28446,45.889569,1414.3 11.284417,45.889617,1414.6 11.284366,45.889659,1414.9 11.284299,45.889693,1415.2 11.284212,45.889725,1415.5 11.284126,45.889756,1415.8 11.284051,45.889792,1416.2 11.283975,45.889838,1416.6 11.283908,45.889889,1417 11.283827,45.889961,1417.5 11.283753,45.890026,1418 11.283686,45.890078,1418.5 11.283595,45.890132,1419 11.283509,45.890181,1419.4 11.283425,45.890242,1420 11.283346,45.890311,1420.6 11.283284,45.890376,1421.2 11.283202,45.890456,1421.9 11.283137,45.890518,1422.5 11.283084,45.890566,1423 11.283015,45.89061,1423.5 11.282939,45.890637,1423.9 11.282844,45.890657,1424.4 11.282734,45.890676,1424.9 11.282572,45.890704,1425.5 11.282435,45.890729,1426 11.282278,45.890757,1426.6 11.28215,45.890771,1427 11.282027,45.89076,1427.4 11.281922,45.890728,1427.8 11.281804,45.890672,1428.2 11.281681,45.890591,1428.8 11.28156,45.890529,1429.3 11.281429,45.890488,1429.8 11.281294,45.890455,1430.3 11.28115,45.890432,1430.8 11.281014,45.890428,1431.6 11.280881,45.890414,1432.2 11.28078,45.890377,1432.8 11.280692,45.89032,1433.4 11.280603,45.890235,1434.2 11.280515,45.890151,1434.9 11.280431,45.890084,1435.5 11.28034,45.890014,1436.2 11.280261,45.889972,1436.7 11.280163,45.889949,1437.2 11.28002,45.889947,1437.9 11.279903,45.889962,1438.5 11.279792,45.890009,1439.1 11.279715,45.890064,1439.6 11.279643,45.890152,1440.3 11.279572,45.89023,1440.9 11.279506,45.890305,1441.4 11.279433,45.89038,1442 11.279345,45.890429,1442.4 11.279227,45.890459,1442.9 11.279119,45.890469,1443.2 11.278992,45.890477,1443.6 11.278884,45.890475,1444 11.278773,45.890458,1444.3 11.278671,45.890424,1444.6 11.27855,45.890365,1444.9 11.278431,45.890305,1445.3 11.278288,45.890235,1445.8 11.278174,45.890164,1446.2 11.27803,45.890071,1446.7 11.277921,45.889999,1447.1 11.277843,45.889947,1447.4 11.277756,45.889905,1447.8 11.277656,45.88988,1448.1 11.277548,45.88987,1448.5 11.277433,45.889891,1448.9 11.277327,45.889944,1449.5 11.27724,45.890015,1450.1 11.277166,45.890101,1450.8 11.277091,45.890195,1451.5 11.277038,45.890281,1452.1 11.277003,45.890362,1452.6 11.276995,45.890453,1453.2 11.276991,45.890577,1453.9 11.276997,45.890686,1454.5 11.277003,45.890805,1455.2 11.277013,45.890938,1455.9 11.277026,45.891085,1456.7 11.277024,45.891188,1457.2 11.277008,45.891288,1457.8 11.276974,45.89139,1458.3 11.276918,45.891476,1458.9 11.276825,45.891533,1459.3 11.276701,45.891584,1459.9 11.276542,45.89162,1460.5 11.276387,45.891648,1461.1 11.276233,45.891681,1461.7 11.276093,45.891722,1462.3 11.275935,45.891771,1462.8 11.275797,45.891817,1463.4 11.275592,45.891894,1464.4 11.275379,45.891968,1465.4 11.275192,45.892028,1466.3 11.274987,45.892087,1467.3 11.27476,45.892136,1468.4 11.274569,45.892192,1469.3 11.27447,45.892242,1469.9 11.274343,45.892331,1470.7 11.274234,45.892412,1471.4 11.274111,45.892481,1472 11.273955,45.892545,1472.8 11.273782,45.892593,1473.5 11.273621,45.892631,1474.1 11.273442,45.89267,1474.7 11.273315,45.892713,1475.1 11.273205,45.892787,1475.6 11.273155,45.892879,1476 11.273138,45.892974,1476.4 11.273138,45.89308,1476.9 11.273128,45.893191,1477.4 11.273093,45.893276,1477.9 11.273028,45.893361,1478.5 11.272933,45.893442,1479.2 11.272822,45.893516,1480 11.272698,45.893588,1480.7 11.272563,45.893649,1481.4 11.272441,45.893698,1481.9 11.272279,45.893757,1482.5 11.272135,45.893812,1483 11.271994,45.893881,1483.5 11.27188,45.893953,1483.7 11.271751,45.894033,1484 11.27164,45.894125,1484.1 11.271537,45.894216,1484.2 11.271432,45.894319,1484.2 11.271334,45.894393,1484.1 11.271228,45.89444,1483.8 11.271118,45.894468,1483.4 11.270991,45.894483,1482.9 11.270875,45.894476,1482.4 11.270714,45.894453,1481.5 11.270576,45.894425,1480.7 11.270449,45.894388,1479.9 11.270321,45.894327,1478.9 11.270249,45.894279,1478.4 11.270149,45.894197,1477.7 11.270054,45.894105,1476.9 11.269958,45.894006,1476.2 11.269866,45.893888,1475.5 11.269797,45.893803,1474.9 11.269732,45.893721,1474.4 11.269661,45.893647,1474 11.269595,45.893592,1473.6 11.269496,45.893539,1473.2 11.269372,45.893506,1472.7 11.269258,45.893489,1472.4 11.269097,45.893469,1471.8 11.268913,45.893444,1471.3 11.268771,45.893419,1470.8 11.268632,45.893374,1470.4 11.268484,45.89331,1469.4 11.26835,45.893253,1468.5 11.268219,45.893198,1467.7 11.268107,45.893143,1467 11.26798,45.893065,1466.2 11.26791,45.893017,1465.7 11.267821,45.892964,1465.2 11.267693,45.892921,1464.6 11.267587,45.892914,1464.2 11.267484,45.892927,1463.7 11.267373,45.892965,1463.2 11.267282,45.893025,1462.7 11.267176,45.893115,1462 11.267056,45.893207,1461.2 11.26696,45.893281,1460.6 11.266837,45.893376,1459.9 11.26674,45.893456,1459.3 11.266666,45.893531,1458.8 11.266611,45.893614,1458.5 11.266586,45.893713,1458.1 11.266572,45.893827,1457.8 11.26656,45.893978,1457.3 11.266545,45.894151,1457 11.266523,45.894322,1456.6 11.266501,45.894468,1456.2 11.266486,45.894612,1455.8 11.266471,45.894727,1455.5 11.266441,45.894813,1455.2 11.266397,45.894874,1455 11.266322,45.894929,1454.7 11.266215,45.894969,1454.4 11.266075,45.894992,1454.1 11.26593,45.895012,1453.8 11.26579,45.895044,1453.4 11.265628,45.895103,1453 11.265492,45.89518,1452.7 11.265391,45.895271,1452.5 11.265306,45.89538,1452.4 11.265252,45.895493,1452.4 11.265206,45.895614,1452.3 11.26516,45.895756,1452.2 11.26512,45.895875,1452.2 11.265097,45.895988,1452.2 11.265098,45.896102,1452.2 11.265107,45.896242,1452.2 11.265123,45.896388,1452.2 11.265128,45.896521,1452.2 11.265111,45.896623,1452.2 11.265072,45.896735,1452.2 11.265024,45.896824,1452.2 11.264964,45.896894,1452.2 11.264879,45.896943,1452.2 11.264779,45.896975,1452.1 11.264676,45.896978,1452.1 11.264563,45.896969,1452.1 11.264469,45.896956,1452 11.26426,45.896932,1451.9 11.264061,45.896909,1451.7 11.263875,45.896887,1451.5 11.26371,45.896873,1451 11.263552,45.896863,1450.4 11.263433,45.896869,1449.7 11.263339,45.896904,1449 11.263248,45.896959,1448.4 11.26317,45.897034,1447.7 11.263108,45.89713,1446.9 11.263035,45.897244,1446 11.262956,45.897383,1445 11.262875,45.897505,1444.1 11.262781,45.897618,1443.2 11.262705,45.897716,1442.5 11.262602,45.897835,1441.6 11.262509,45.897924,1441 11.262415,45.898002,1440.4 11.262295,45.898067,1439.8 11.262151,45.898117,1439.2 11.261949,45.89816,1438.4 11.261743,45.898202,1437.7 11.261518,45.89825,1437 11.261304,45.898292,1436.4 11.261075,45.898338,1435.9 11.260895,45.89838,1435.5 11.2607,45.898436,1435.1 11.260548,45.898486,1434.8 11.260392,45.898546,1434.7 11.260255,45.898621,1434.5 11.260147,45.898686,1434.5 11.260025,45.898783,1434.3 11.25991,45.898895,1434.3 11.259834,45.899001,1434.2 11.259755,45.899109,1434.2 11.259686,45.899203,1434.3 11.259599,45.899287,1434.3 11.259475,45.899361,1434.4 11.259308,45.899431,1434.5 11.259146,45.899473,1434.6 11.258989,45.899516,1434.7 11.258755,45.899563,1434.9 11.258494,45.899608,1435 11.258244,45.899645,1435.1 11.257999,45.899683,1435.1 11.257797,45.899716,1435.1 11.257552,45.899749,1435 11.257358,45.899781,1435 11.257197,45.899809,1435 11.257001,45.899835,1435 11.256826,45.899861,1435.1 11.256679,45.899886,1435.2 11.256549,45.899899,1435.3 11.256417,45.899897,1435.5 11.256265,45.899876,1435.6 11.256139,45.899842,1435.7 11.255968,45.899787,1435.9 11.255785,45.899725,1436.1 11.255631,45.899677,1436.3 11.255452,45.899625,1436.4 11.255255,45.899568,1436.6 11.255027,45.89951,1436.7 11.254833,45.899465,1436.8 11.254677,45.899432,1436.9 11.25456,45.899417,1436.8 11.254459,45.899415,1436.7 11.25435,45.899438,1436.7 11.254257,45.89949,1436.6 11.254186,45.899557,1436.5 11.254113,45.899628,1436.5 11.254042,45.899662,1436.4 11.253918,45.899677,1436.4 11.253759,45.899675,1436.3 11.253544,45.899665,1436.3 11.25337,45.899661,1436.2 11.253176,45.899657,1436.2 11.252983,45.899659,1436 11.252777,45.899661,1435.8 11.252553,45.899661,1435.5 11.252295,45.899664,1435.2 11.251999,45.899664,1434.7 11.251794,45.899666,1434.4 11.251568,45.899653,1434 11.251343,45.899635,1433.6 11.251057,45.899623,1433.2 11.250806,45.899618,1432.7 11.250524,45.899619,1432.3 11.250274,45.899623,1431.9 11.250014,45.899638,1431.3 11.249762,45.899663,1430.8 11.249475,45.899695,1430.1 11.249207,45.89973,1429.4 11.248922,45.899771,1428.7 11.248731,45.899803,1428.2 11.248546,45.899836,1427.7 11.248373,45.899895,1427.2 11.248186,45.899977,1426.7 11.248012,45.900054,1426.2 11.24784,45.900114,1425.7 11.24768,45.90015,1425.3 11.247514,45.900172,1425 11.247307,45.900196,1424.8 11.247154,45.900207,1424.6 11.247017,45.900245,1424.4 11.246889,45.900307,1424.2 11.246789,45.900399,1424 11.24674,45.900498,1424 11.246722,45.900613,1423.9 11.246714,45.900733,1423.9 11.246714,45.900878,1423.8 11.246711,45.901005,1423.9 11.24673,45.901115,1424 11.246759,45.901207,1424.3 11.246822,45.901291,1424.7 11.246922,45.901373,1425.3 11.247062,45.90147,1425.9 11.247225,45.901568,1426.8 11.247389,45.901672,1427.6 11.247516,45.901753,1428.4 11.247657,45.901854,1429.2 11.247772,45.90195,1430 11.247833,45.902029,1430.5 11.247881,45.90213,1431.1 11.247913,45.902255,1431.5 11.247945,45.902386,1432 11.247977,45.902547,1432.2 11.248009,45.902701,1432.3 11.248046,45.90287,1432.5 11.248077,45.902995,1432.7 11.248114,45.90316,1432.8 11.248152,45.903326,1433 11.248178,45.903462,1433.2 11.248181,45.903579,1433.3 11.248172,45.90372,1433.5 11.248165,45.903902,1433.8 11.24816,45.904052,1434 11.248153,45.904163,1434.2 11.248159,45.904256,1434.4 11.24815,45.904351,1434.6 11.248123,45.904448,1434.8 11.248067,45.90453,1435 11.247978,45.904606,1435.3 11.24785,45.904665,1435.5 11.247689,45.90471,1435.8 11.247486,45.904747,1436.2 11.247286,45.904783,1436.5 11.247071,45.904829,1436.8 11.246859,45.904879,1437.1 11.246668,45.904923,1437.2 11.246498,45.904964,1437.2 11.246329,45.905001,1437.2 11.246126,45.905045,1437.2 11.245976,45.90508,1437.1 11.245855,45.905107,1437 11.245645,45.905148,1436.7 11.245364,45.905206,1436.3 11.245121,45.90526,1435.9 11.24487,45.905311,1435.5 11.244688,45.905342,1435.2 11.244513,45.905369,1434.9 11.244314,45.90539,1434.6 11.244109,45.90541,1434.3 11.243853,45.905432,1433.8 11.24364,45.905452,1433.5 11.243447,45.905471,1433.1 11.243281,45.905504,1432.7 11.243125,45.905549,1432.3 11.242998,45.905603,1432 11.2429,45.905663,1431.7 11.242782,45.905758,1431.3 11.242682,45.905846,1430.9 11.242563,45.905939,1430.5 11.242376,45.906094,1430 11.24218,45.906261,1429.3 11.242001,45.906408,1428.8 11.241852,45.906524,1428.4 11.24169,45.906653,1428.1 11.241511,45.906791,1427.7 11.241369,45.906902,1427.6 11.241251,45.906997,1427.5 11.241118,45.907105,1427.6 11.241014,45.907201,1427.7 11.240918,45.907313,1428.1 11.240852,45.907414,1428.5 11.240783,45.907548,1429 11.240735,45.907684,1429.6 11.240704,45.907794,1430 11.240663,45.907965,1430.7 11.240627,45.908105,1431.3 11.240585,45.908274,1432 11.240552,45.908419,1432.6 11.24051,45.908579,1433.2 11.240466,45.90876,1433.9 11.240417,45.908943,1434.6 11.240391,45.90907,1435 11.240379,45.909176,1435.3 11.240384,45.909289,1435.7 11.240424,45.909413,1436.1 11.24049,45.909561,1436.6 11.240563,45.90969,1437 11.240642,45.909843,1437.6 11.240705,45.909974,1438 11.24075,45.910101,1438.4 11.24075,45.910207,1438.7 11.240714,45.910291,1439 11.24064,45.910391,1439.3 11.240533,45.910498,1439.4 11.240436,45.910611,1439.5 11.240351,45.910715,1439.5 11.24027,45.910818,1439.5 11.240227,45.910914,1439.5 11.240204,45.911023,1439.5 11.240193,45.911152,1439.3 11.24018,45.91124,1439.2 11.240126,45.911321,1439 11.240029,45.911408,1438.7 11.239865,45.911502,1438.4 11.239694,45.911577,1438 11.239517,45.911655,1437.5 11.239322,45.911745,1436.9 11.239133,45.911834,1436.3 11.238958,45.911916,1435.7 11.238781,45.91199,1435.1 11.238625,45.912038,1434.7 11.238436,45.912073,1434 11.238232,45.912088,1433.3 11.238032,45.912091,1432.6 11.237774,45.912097,1431.7 11.237551,45.912103,1430.9 11.237359,45.912107,1430.2 11.237124,45.912116,1429.4 11.2369,45.912127,1428.6 11.236714,45.912143,1428.1 11.236559,45.912177,1427.6 11.236419,45.912218,1427.3 11.236284,45.91228,1426.9 11.23613,45.912375,1426.6 11.236005,45.912464,1426.3 11.235858,45.91257,1426.1 11.235699,45.912673,1425.8 11.23555,45.912777,1425.6 11.235407,45.912867,1425.5 11.235285,45.912917,1425.1 11.235101,45.912982,1424.6 11.234905,45.913046,1424 11.234687,45.913116,1423.4 11.234485,45.913182,1422.7 11.234351,45.913228,1422.2 11.234272,45.913249,1422 11.23417,45.913253,1421.6 11.234058,45.913233,1421.2 11.233969,45.913192,1420.8 11.233899,45.913137,1420.5 11.233847,45.913067,1420.2 11.233779,45.912954,1419.3 11.233712,45.912831,1418.4 11.233648,45.912729,1417.7 11.233585,45.912619,1416.8 11.233516,45.91252,1416.1 11.233441,45.912439,1415.4 11.233351,45.91237,1414.7 11.233234,45.912317,1413.9 11.233101,45.912261,1413 11.232952,45.912196,1412 11.232775,45.912127,1410.8 11.232644,45.912072,1409.8 11.232542,45.912019,1409.3 11.232457,45.911975,1408.9 11.232386,45.911898,1408.4 11.232355,45.91181,1407.8 11.232358,45.911728,1407.3 11.232387,45.911656,1406.8 11.232449,45.911594,1406.1 11.232538,45.911518,1405.3 11.232646,45.911444,1404.3 11.232793,45.911353,1403.1 11.232952,45.911257,1401.7 11.233068,45.911191,1400.6 11.233193,45.91113,1400.2 11.233303,45.911062,1399.7 11.233346,45.911011,1399.4 11.23336,45.910952,1399.2 11.233341,45.91088,1398.9 11.2333,45.910811,1398.6 11.233221,45.910749,1398.2 11.233128,45.910706,1397.9 11.233032,45.910697,1397.5 11.232899,45.910712,1397.1 11.232752,45.910743,1396.5 11.232643,45.910785,1396 11.232526,45.910847,1395.2 11.23242,45.91091,1394.4 11.232309,45.910987,1393.5 11.232216,45.911071,1392.7 11.232118,45.911157,1391.8 11.232054,45.911212,1391.2 11.23196,45.911254,1390.6 11.231865,45.911282,1390.1 11.231766,45.911306,1389.5 11.231681,45.911332,1389 11.231563,45.911373,1388.1 11.231385,45.911432,1386.7 11.231121,45.911521,1384.9 11.230864,45.911622,1383.1 11.230676,45.911682,1381.9 11.230504,45.91171,1380.9 11.230288,45.911717,1379.7 11.229988,45.911714,1378.1 11.22974,45.911714,1377 11.229557,45.911705,1376 11.229322,45.911695,1374.7 11.229101,45.911689,1373.5 11.228859,45.911682,1372.2 11.228627,45.911678,1371 11.228377,45.911667,1369.7 11.228102,45.911652,1368.4 11.227902,45.911648,1367.5 11.227713,45.911643,1366.6 11.22752,45.911639,1365.8 11.227365,45.911629,1365.1 11.227198,45.911614,1364.4 11.227069,45.911574,1363.9 11.226974,45.911529,1363.5 11.226892,45.91146,1363.2 11.226864,45.9114,1362.9 11.226858,45.911332,1362.7 11.226888,45.91127,1362.5 11.226951,45.91121,1362.4 11.227058,45.911138,1362.2 11.227151,45.911073,1362.1 11.227238,45.910995,1362 11.227307,45.910906,1361.9 11.227376,45.910791,1361.9 11.227447,45.910676,1361.8 11.227526,45.910587,1361.8 11.227623,45.910521,1361.8 11.227757,45.910444,1361.8 11.227882,45.910374,1361.8 11.228046,45.910277,1361.7 11.228162,45.910205,1361.7 11.228266,45.910139,1361.6 11.228369,45.910058,1361.5 11.228441,45.90997,1361.5 11.228476,45.909881,1361.4 11.228479,45.909794,1361.3 11.228461,45.909715,1361.1 11.228423,45.909641,1360.9 11.228349,45.909574,1360.8 11.228236,45.909523,1360.6 11.228106,45.909496,1360.4 11.227984,45.90951,1360.2 11.227834,45.909553,1360.1 11.22764,45.909608,1359.8 11.227444,45.909656,1359.6 11.227276,45.909686,1359.4 11.22716,45.909698,1359.2 11.227031,45.909686,1359.1 11.226945,45.90965,1358.9 11.226831,45.90958,1358.7 11.226724,45.909523,1358.5 11.226647,45.909492,1358.3 11.226544,45.909484,1358.1 11.226398,45.909514,1357.8 11.226262,45.909559,1357.6 11.226136,45.909606,1357.3 11.226034,45.909634,1357.2 11.225905,45.909639,1357 11.22578,45.909618,1356.8 11.225679,45.909581,1356.7 11.225591,45.909521,1356.6 11.22552,45.909426,1356.5 11.225456,45.90933,1356.3 11.225389,45.909213,1356.1 11.225304,45.909075,1355.9 11.225243,45.908957,1355.7 11.225193,45.908833,1355.4 11.225142,45.90868,1355.1 11.225093,45.908549,1354.8 11.225042,45.908405,1354.5 11.224986,45.908245,1354.1 11.224929,45.908108,1353.7 11.224857,45.90798,1353.4 11.224792,45.907877,1353.1 11.224712,45.907774,1352.9 11.224611,45.907663,1352.6 11.224514,45.907578,1352.4 11.224419,45.907494,1352.2 11.224308,45.907414,1352.1 11.224181,45.907353,1352 11.224052,45.90731,1351.9 11.223921,45.907296,1351.8 11.223779,45.907322,1351.8 11.223625,45.907353,1351.7 11.223473,45.907366,1351.5 11.223326,45.907365,1351.3 11.223185,45.90735,1351.1 11.223011,45.907319,1350.9 11.222897,45.907275,1350.7 11.222785,45.90721,1350.5 11.222684,45.907113,1350.2 11.222646,45.907034,1350.1 11.222628,45.906952,1349.9 11.222626,45.906868,1349.8 11.222644,45.906753,1349.6 11.222681,45.906631,1349.4 11.222718,45.906509,1349.2 11.222758,45.906382,1349 11.222808,45.906254,1348.9 11.222842,45.906142,1348.7 11.222864,45.906037,1348.7 11.222872,45.905954,1348.6 11.222836,45.90584,1348.5 11.222783,45.905764,1348.5 11.222695,45.905694,1348.5 11.22256,45.905651,1348.4 11.2224,45.905616,1348.3 11.222255,45.905576,1348.2 11.222117,45.905514,1348.1 11.22202,45.905424,1348 11.221954,45.905333,1347.9 11.221897,45.905205,1347.7 11.221888,45.90509,1347.5 11.221896,45.904937,1347.3 11.221912,45.904819,1347.2 11.221916,45.9047,1347 11.221908,45.904598,1346.9 11.221893,45.904498,1346.8 11.221874,45.904419,1346.7 11.221821,45.904343,1346.7 11.221725,45.904287,1346.7 11.221638,45.904246,1346.7 11.221532,45.904211,1346.7 11.221413,45.904189,1346.7 11.221296,45.904189,1346.7 11.221179,45.904206,1346.7 11.221051,45.904264,1346.6 11.22093,45.904347,1346.6 11.220811,45.904438,1346.4 11.220663,45.904557,1346.3 11.22053,45.904656,1346.1 11.22038,45.904773,1345.9 11.220247,45.904879,1345.6 11.220096,45.905011,1345.3 11.219937,45.905157,1345 11.219782,45.905306,1344.7 11.219643,45.905447,1344.4 11.219488,45.905607,1344.1 11.219347,45.905764,1343.8 11.219235,45.905906,1343.7 11.219149,45.906044,1343.5 11.219099,45.906159,1343.4 11.219066,45.906316,1343.3 11.219053,45.906471,1343.2 11.219033,45.90664,1343 11.219018,45.906804,1342.8 11.218995,45.906948,1342.6 11.218957,45.907059,1342.5 11.218892,45.907165,1342.3 11.21881,45.907234,1342.2 11.218707,45.907293,1342 11.218573,45.907354,1341.9 11.218428,45.907391,1341.7 11.218272,45.907416,1341.5 11.218116,45.907428,1341.3 11.217941,45.907433,1341.1 11.217777,45.907414,1341 11.217627,45.907374,1340.8 11.217477,45.907314,1340.6 11.217321,45.907235,1340.5 11.217196,45.907149,1340.3 11.21708,45.907058,1340.2 11.216961,45.906955,1340 11.216864,45.90686,1340 11.216758,45.906754,1339.9 11.216596,45.906608,1339.8 11.216434,45.906473,1339.7 11.216268,45.906336,1339.6 11.216105,45.906225,1339.6 11.215929,45.906123,1339.6 11.21575,45.90603,1339.5 11.215541,45.905925,1339.5 11.215345,45.905831,1339.5 11.215139,45.905723,1339.5 11.214961,45.905623,1339.5 11.21479,45.905531,1339.5 11.214615,45.905431,1339.5 11.214451,45.90532,1339.5 11.214275,45.905193,1339.4 11.214122,45.905071,1339.3 11.214002,45.904959,1339 11.213879,45.904832,1338.7 11.213749,45.904686,1338.4 11.213624,45.904543,1338 11.213499,45.904385,1337.7 11.21337,45.904216,1337.3 11.213264,45.904077,1337 11.213147,45.903917,1336.7 11.213022,45.903753,1336.4 11.212914,45.903613,1336.2 11.21282,45.903488,1336 11.212715,45.903348,1335.7 11.212586,45.903183,1335.5 11.212475,45.903033,1335.3 11.212342,45.902859,1335.1 11.212212,45.902697,1335 11.212093,45.902552,1334.8 11.212048,45.902472,1334.8 11.212022,45.902393,1334.7 11.21202,45.902305,1334.7 11.212055,45.90221,1334.6 11.212111,45.90214,1334.6 11.212216,45.902042,1334.5 11.212361,45.901949,1334.4 11.212521,45.901852,1334 11.212635,45.901782,1333.8 11.212747,45.901692,1333.5 11.212822,45.901602,1333.2 11.212861,45.901508,1332.9 11.212864,45.901421,1332.7 11.212831,45.901326,1332.5 11.212765,45.901251,1332.2 11.212663,45.901209,1332.1 11.212534,45.901195,1331.9 11.212358,45.901196,1331.7 11.212144,45.901203,1331.5 11.211914,45.901204,1331.3 11.211708,45.901186,1331.2 11.211535,45.901154,1331.1 11.211362,45.901106,1331 11.211187,45.901045,1330.9 11.211024,45.900984,1330.8 11.210889,45.900924,1330.7 11.210742,45.900843,1330.6 11.210638,45.900767,1330.5 11.210575,45.900687,1330.5 11.210546,45.900596,1330.4 11.210545,45.900497,1330.3 11.210556,45.900371,1330.2 11.210569,45.900248,1330 11.210581,45.900117,1329.9 11.210552,45.900025,1329.8 11.210469,45.899953,1329.7 11.210381,45.899864,1329.6 11.210319,45.899765,1329.5 11.210275,45.89966,1329.4 11.21022,45.899548,1329.3 11.21015,45.899438,1329.2 11.21003,45.899301,1329.1 11.20997,45.89921,1329 11.209936,45.899112,1328.7 11.209925,45.899007,1328.3 11.209919,45.898889,1327.9 11.20991,45.898785,1327.6 11.209908,45.898698,1327.4 11.209901,45.898632,1327.2 11.209872,45.898555,1327.1 11.209836,45.898507,1327 11.209755,45.898457,1327 11.209701,45.898443,1327 11.209571,45.898412,1326.9 11.20942,45.898419,1326.9 11.209282,45.898453,1327 11.209217,45.898502,1327 11.209157,45.898582,1327.4 11.209069,45.898702,1328 11.208985,45.898822,1328.5 11.208888,45.89895,1329.1 11.208801,45.899073,1329.5 11.208713,45.899192,1330 11.208642,45.899292,1330.3 11.208593,45.899381,1330.5 11.20857,45.899502,1330.8 11.208566,45.899626,1331 11.208571,45.899773,1331.3 11.208577,45.899935,1331.6 11.208587,45.900061,1331.7 11.208597,45.900186,1331.8 11.208607,45.900319,1331.9 11.208579,45.900419,1332 11.208529,45.900504,1332 11.208443,45.900585,1332.1 11.2083,45.900669,1332.2 11.208155,45.900743,1332.3 11.208006,45.900814,1332.3 11.207883,45.900878,1332.4 11.207734,45.900953,1332.5 11.207629,45.901028,1332.5 11.20754,45.901124,1332.7 11.207465,45.901222,1332.8 11.207398,45.90134,1333 11.207322,45.901474,1333.1 11.207232,45.901622,1333.2 11.207138,45.901776,1333.4 11.207061,45.901906,1333.5 11.20698,45.902037,1333.7 11.206902,45.902155,1333.8 11.206846,45.902251,1334 11.206754,45.902399,1334.1 11.206675,45.902527,1334.3 11.206589,45.902663,1334.4 11.206491,45.902809,1334.5 11.206408,45.902939,1334.6 11.206334,45.903057,1334.7 11.206272,45.903166,1334.7 11.206247,45.903274,1334.8 11.206245,45.903374,1334.8 11.206271,45.903472,1334.8 11.206334,45.903567,1334.8 11.20642,45.90365,1334.9 11.206513,45.903714,1334.9 11.206617,45.903786,1334.9 11.206747,45.903864,1334.9 11.206869,45.903926,1334.9 11.207039,45.904016,1335 11.207231,45.904108,1335 11.207418,45.904189,1335 11.207622,45.904279,1335.1 11.207821,45.904361,1335.2 11.208021,45.90444,1335.3 11.208136,45.904495,1335.4 11.208235,45.90456,1335.5 11.208294,45.904649,1335.7 11.20833,45.90475,1335.9 11.208345,45.904895,1336 11.208342,45.905062,1336.1 11.208347,45.905249,1336.2 11.208354,45.905438,1336.3 11.208369,45.90564,1336.4 11.208365,45.905806,1336.6 11.208365,45.905946,1336.7 11.20835,45.906061,1336.8 11.208308,45.906156,1336.9 11.208222,45.906243,1337 11.208083,45.906311,1337.1 11.207907,45.906355,1337.2 11.207756,45.90637,1337.3 11.207586,45.906377,1337.4 11.207363,45.906373,1337.6 11.207108,45.906369,1337.7 11.206841,45.906367,1337.9 11.206558,45.906384,1338 11.206278,45.906405,1338.2 11.206066,45.906422,1338.3 11.205861,45.906465,1338.4 11.20569,45.906522,1338.5 11.205551,45.906617,1338.6 11.205443,45.906727,1338.7 11.205383,45.906847,1338.7 11.205358,45.906947,1338.8 11.205373,45.907068,1338.9 11.205408,45.907215,1339 11.20545,45.907348,1339.1 11.205502,45.907513,1339.2 11.205554,45.907699,1339.4 11.205609,45.907874,1339.5 11.205677,45.90803,1339.7 11.205801,45.90823,1339.8 11.205904,45.90839,1340 11.206021,45.908581,1340.1 11.206138,45.908761,1340.2 11.206258,45.908955,1340.2 11.206406,45.909181,1340.3 11.206549,45.909374,1340.4 11.206668,45.909527,1340.4 11.206805,45.90966,1340.5 11.206981,45.909796,1340.6 11.207154,45.909927,1340.6 11.207393,45.910107,1340.7 11.20764,45.910298,1340.8 11.207918,45.910504,1340.9 11.208175,45.910702,1340.9 11.208413,45.910871,1341 11.208675,45.911043,1341 11.208889,45.911172,1341 11.209071,45.911283,1341 11.209229,45.911368,1341.1 11.209389,45.911417,1341.1 11.209583,45.911435,1341.1 11.209803,45.911458,1341.2 11.20996,45.911502,1341.2 11.210092,45.911574,1341.3 11.210219,45.911691,1341.4 11.210366,45.911827,1341.5 11.210506,45.911951,1341.7 11.210656,45.912056,1341.8 11.210811,45.912143,1341.9 11.21103,45.912233,1342 11.211276,45.912332,1342.2 11.211472,45.912414,1342.3 11.211656,45.912498,1342.4 11.211773,45.912583,1342.4 11.211864,45.912687,1342.5 11.211895,45.912822,1342.5 11.211863,45.912998,1342.6 11.211821,45.913221,1342.8 11.211761,45.913434,1342.8 11.211713,45.913689,1343 11.211661,45.913918,1343 11.211607,45.914186,1343.2 11.21155,45.914453,1343.2 11.211509,45.91471,1343.3 11.211476,45.914934,1343.3 11.211438,45.915195,1343.4 11.211414,45.915398,1343.3 11.2114,45.91563,1343.3 11.211392,45.915822,1343.2 11.211412,45.916002,1343.2 11.211463,45.916154,1343.1 11.211511,45.916312,1343.1 11.211524,45.916463,1343 11.211485,45.91663,1343 11.211407,45.916755,1342.9 11.211315,45.916876,1342.9 11.211227,45.916952,1342.8 11.211089,45.917034,1342.8 11.210921,45.9171,1342.8 11.210672,45.917175,1342.7 11.210376,45.91727,1342.6 11.21008,45.917357,1342.5 11.209822,45.917439,1342.5 11.209644,45.917516,1342.4 11.2095,45.917625,1342.4 11.209367,45.917749,1342.3 11.209196,45.917917,1342.2 11.20906,45.918061,1342.2 11.208916,45.918257,1342.1 11.208786,45.918469,1342 11.208673,45.918638,1341.9 11.20857,45.918808,1341.8 11.208467,45.918975,1341.6 11.208364,45.919143,1341.5 11.208284,45.91932,1341.3 11.208203,45.919452,1341.1 11.208101,45.91956,1340.9 11.207963,45.91966,1340.6 11.207809,45.919701,1340.4 11.207604,45.919732,1340.1 11.207444,45.919744,1339.7 11.207289,45.919749,1339.3 11.207152,45.919781,1338.8 11.20707,45.919853,1338.4 11.206989,45.919926,1337.9 11.206932,45.919977,1337.5 11.206895,45.920033,1336.6 11.206976,45.920112,1336.3 11.207091,45.920228,1335.5 11.207222,45.92036,1334.5 11.20736,45.920488,1333.5 11.207491,45.920618,1332.5 11.207566,45.920723,1331.7 11.207601,45.920852,1330.9 11.207584,45.920994,1329.9 11.207512,45.921129,1328.9 11.207431,45.921281,1327.8 11.207362,45.921422,1326.7 11.207328,45.921591,1325.5 11.207326,45.921738,1324.5 11.207354,45.921869,1323.7 11.20743,45.922003,1322.8 11.207534,45.922098,1322.2 11.207671,45.922183,1321.5 11.20782,45.922273,1320.9 11.208026,45.922393,1320 11.208196,45.922494,1319.3 11.20835,45.922584,1318.8 11.208504,45.922675,1318.1 11.208639,45.922765,1317.5 11.208705,45.922856,1317 11.208725,45.922956,1316.6 11.208692,45.923048,1316.2 11.208632,45.923125,1315.8 11.208538,45.92319,1315.4 11.208409,45.923231,1314.9 11.20827,45.92326,1314.3 11.20816,45.923281,1313.9 11.208071,45.923312,1313.4 11.207996,45.923353,1313 11.207955,45.92341,1312.5 11.207953,45.923487,1311.8 11.207991,45.923554,1311.2 11.208101,45.923625,1310.3 11.208206,45.923667,1309.7 11.208328,45.92371,1308.9 11.208451,45.92376,1308.2 11.208545,45.923822,1307.5 11.208602,45.923906,1306.9 11.208629,45.924011,1306.2 11.208629,45.924144,1305.4 11.208633,45.924294,1304.5 11.208639,45.924421,1303.8 11.208639,45.924502,1303.4 11.208645,45.924578,1303 11.208649,45.924689,1302.4 11.208676,45.924759,1301.9 11.208733,45.924813,1301.5 11.208826,45.924843,1301 11.208915,45.924845,1300.6 11.208998,45.924825,1300.1 11.209067,45.924778,1299.6 11.209141,45.924705,1298.8 11.209239,45.92461,1297.8 11.209326,45.924521,1296.8 11.209432,45.924417,1295.6 11.209519,45.924346,1294.7 11.209617,45.924299,1293.9 11.209744,45.924258,1293.1 11.209903,45.924233,1292.1 11.210054,45.924229,1291.2 11.210264,45.924234,1290 11.210518,45.924243,1288.7 11.210752,45.924256,1287.4 11.211007,45.924265,1286 11.211261,45.924278,1284.7 11.211466,45.924287,1283.5 11.211797,45.924296,1281.7 11.212134,45.924313,1279.8 11.212417,45.924321,1278.2 11.212704,45.924336,1276.4 11.212961,45.924344,1274.8 11.213247,45.924356,1273.1 11.213529,45.924367,1271.4 11.213809,45.924376,1269.8 11.214068,45.924385,1268.3 11.214372,45.924397,1266.4 11.21463,45.924409,1264.8 11.214871,45.924419,1263.2 11.215155,45.92443,1261.3 11.215409,45.924439,1259.5 11.215656,45.924449,1257.8 11.215855,45.924462,1256.5 11.215999,45.924482,1255.7 11.216136,45.92452,1254.7 11.21626,45.924573,1253.8 11.216361,45.924634,1253 11.216464,45.924718,1252 11.21657,45.92483,1250.7 11.21666,45.924932,1249.5 11.21675,45.925043,1248.2 11.216848,45.925151,1246.9 11.216907,45.925221,1246 11.216964,45.925267,1245.4 11.217038,45.925286,1244.8 11.217114,45.925284,1244.2 11.217171,45.92526,1243.8 11.217207,45.925224,1243.4 11.217218,45.925179,1243 11.217206,45.925124,1242.5 11.217155,45.92506,1241.8 11.217078,45.924973,1240.9 11.216991,45.924876,1239.8 11.216885,45.924748,1238.4 11.216794,45.924644,1237.2 11.216706,45.924538,1236 11.216638,45.924452,1234.9 11.216593,45.924381,1234.1 11.216572,45.924297,1233.1 11.21656,45.924194,1232 11.216544,45.924092,1230.8 11.216511,45.924015,1229.9 11.216455,45.923923,1228.9 11.21639,45.923854,1228.1 11.216305,45.923792,1227.3 11.216263,45.923743,1226.8 11.216254,45.923689,1226.4 11.216289,45.923643,1226 11.216348,45.923622,1225.7 11.216419,45.923618,1225.4 11.216494,45.923646,1225 11.216564,45.923699,1224.6 11.216654,45.923799,1223.7 11.216723,45.923891,1222.9 11.216791,45.924001,1222 11.216842,45.924111,1221 11.216889,45.924197,1220.3 11.216939,45.924256,1219.7 11.217038,45.924316,1218.9 11.217177,45.924384,1217.9 11.217326,45.924453,1216.8 11.217479,45.924526,1215.6 11.217617,45.924589,1214.7 11.217721,45.924617,1214 11.217851,45.924629,1213.3 11.218002,45.924634,1212.5 11.218122,45.924644,1211.8 11.21823,45.924674,1211.2 11.218319,45.924728,1210.5 11.218406,45.924814,1209.7 11.218487,45.924913,1208.7 11.21857,45.925015,1207.8 11.218648,45.925108,1206.8 11.21873,45.92522,1205.8 11.218804,45.925321,1204.7 11.218882,45.925438,1203.5 11.218964,45.925575,1202.1 11.219029,45.92568,1201 11.219087,45.925798,1199.7 11.219128,45.925893,1198.7 11.219142,45.925959,1197.9 11.219134,45.926056,1196.8 11.219114,45.926151,1195.7 11.219096,45.926267,1194.4 11.21911,45.926343,1193.6 11.219164,45.926428,1192.5 11.219243,45.92652,1191.4 11.219344,45.926625,1190.1 11.219464,45.926751,1188.6 11.219555,45.926849,1187.4 11.219623,45.926944,1186.4 11.21967,45.927042,1185.5 11.219699,45.927167,1184.5 11.21972,45.927325,1183.2 11.219738,45.927493,1182 11.21977,45.927687,1180.5 11.219798,45.92786,1179.2 11.219826,45.92803,1177.9 11.219849,45.92816,1176.8 11.219889,45.928273,1175.9 11.219958,45.92835,1175.1 11.220045,45.928401,1174.4 11.220167,45.928459,1173.4 11.220319,45.928519,1172.2 11.220485,45.928591,1170.8 11.220589,45.928654,1169.8 11.220678,45.928734,1168.7 11.220754,45.928833,1167.5 11.220831,45.928935,1166.6 11.220919,45.929054,1165.4 11.221017,45.929165,1164.4 11.221108,45.929251,1163.5 11.221221,45.929339,1162.5 11.221319,45.929406,1161.8 11.221436,45.929482,1160.9 11.22159,45.929567,1159.8 11.221724,45.929629,1158.8 11.221904,45.929693,1157.7 11.222151,45.929779,1156.1 11.222348,45.929853,1154.8 11.222621,45.929952,1153 11.222827,45.930022,1151.6 11.222981,45.930078,1150.5 11.223116,45.930129,1149.6 11.223272,45.930193,1148.6 11.223389,45.930251,1147.7 11.223471,45.930315,1146.9 11.22352,45.930382,1146.2 11.223533,45.930469,1145.3 11.223523,45.930567,1144.2 11.223484,45.930693,1142.7 11.223451,45.930828,1141.1 11.223405,45.930983,1139.1 11.22339,45.931092,1137.7 11.223394,45.931171,1136.7 11.223416,45.931214,1136.2 11.223468,45.931252,1135.5 11.223554,45.931272,1134.8 11.223639,45.931263,1134.1 11.223709,45.931228,1133.4 11.223769,45.931165,1132.6 11.223808,45.931095,1131.8 11.223873,45.930992,1130.7 11.223945,45.930885,1129.5 11.224013,45.930781,1128.5 11.224078,45.930678,1127.5 11.224147,45.930573,1126.4 11.224203,45.93049,1125.6 11.224257,45.930437,1125 11.224334,45.930407,1124.5 11.224423,45.930395,1123.9 11.224501,45.930413,1123.4 11.224577,45.930452,1122.8 11.224624,45.930503,1122.3 11.22465,45.930582,1121.5 11.224661,45.930701,1120.5 11.224672,45.930817,1119.4 11.224688,45.930925,1118.4 11.224719,45.931009,1117.7 11.224785,45.931091,1116.8 11.224892,45.931187,1115.7 11.225002,45.931278,1114.6 11.225124,45.931376,1113.4 11.22523,45.931465,1112.4 11.225335,45.93153,1111.5 11.225438,45.931567,1110.7 11.225573,45.931592,1109.7 11.225731,45.9316,1108.7 11.225851,45.931608,1107.8 11.225938,45.931622,1107.2 11.22599,45.931659,1106.7 11.226015,45.931721,1106.1 11.226004,45.93179,1105.4 11.225965,45.931841,1104.8 11.225882,45.93188,1104.2 11.225756,45.931913,1103.2 11.225606,45.931945,1102.1 11.225443,45.93198,1100.9 11.225331,45.931998,1100.1 11.225194,45.932004,1099.1 11.225044,45.932003,1098 11.224944,45.932014,1097.3 11.224863,45.932039,1096.7 11.224798,45.932091,1096 11.22477,45.932165,1095.3 11.224784,45.932267,1094.3 11.224822,45.932376,1093.2 11.224865,45.932484,1092.1 11.224913,45.932602,1090.8 11.224974,45.932742,1089.2 11.225015,45.932844,1088 11.225066,45.932909,1087.2 11.225158,45.932954,1086.5 11.225282,45.932991,1085.7 11.22542,45.93303,1084.8 11.225551,45.933072,1084 11.22567,45.933106,1083.3 11.22582,45.933148,1082.4 11.22594,45.933195,1081.7 11.226026,45.933262,1081.1 11.226088,45.933342,1080.4 11.226129,45.933439,1079.7 11.226153,45.933529,1079 11.226177,45.933641,1078.2 11.226208,45.93374,1077.6 11.226263,45.933858,1076.8 11.22632,45.933953,1076.1 11.226372,45.934036,1075.5 11.226408,45.934104,1075 11.226576,45.934467,1071.45 11.226685,45.934781,1069.38 11.226729,45.934982,1068.65 11.226754,45.935163,1068.01 11.226791,45.935267,1067.64 11.226852,45.9354,1067.15 11.226962,45.93567,1066.17 11.227067,45.935907,1065.26 11.227084,45.935996,1064.92 11.227071,45.936071,1064.65 11.227038,45.936135,1064.39 11.226986,45.936221,1064.04 11.226661,45.936834,1064.1 11.22657,45.937033,1064.12 11.226563,45.937113,1064.12 11.226562,45.93721,1064.31 11.226604,45.937307,1064.5 11.226667,45.937358,1064.75 11.226765,45.937411,1065.08 11.226871,45.93745,1065.4 11.226984,45.937485,1065.74 11.227109,45.937507,1066.11 11.227264,45.937536,1066.57 11.227677,45.937604,1066.8 11.227846,45.937643,1066.91 11.227983,45.937707,1067.01 11.228074,45.937776,1067.09 11.228482,45.938093,1066.87 11.228662,45.938223,1066.78 11.228783,45.938337,1066.71 11.228919,45.938507,1066.55 11.229002,45.938619,1066.45 11.229113,45.938778,1066.32 11.229267,45.939018,1066.1 11.229461,45.939308,1065.85 11.229609,45.939478,1065.61 11.229754,45.939608,1065.4 11.229993,45.939764,1065.18 11.230155,45.939826,1065.21 11.230288,45.93985,1065.22 11.230588,45.939878,1065.57 11.23084,45.939921,1066.16 11.230966,45.939956,1066.45 11.23116,45.940049,1066.91 11.231244,45.940123,1067.18 11.231328,45.940194,1067.44 11.231541,45.940399,1068.85 11.23176,45.940603,1070.28 11.231883,45.940763,1071.75 11.231999,45.940933,1073.29 11.232087,45.941065,1074.73 11.232166,45.941146,1075.71 11.232529,45.941403,1079.6 11.23295,45.941665,1081.92 11.233146,45.941751,1082.99 11.23333,45.941804,1083.91 11.233546,45.941845,1084.95 11.23413,45.94191,1087.88 11.234742,45.942006,1091.05 11.234981,45.942023,1092.26 11.235163,45.942016,1093.19 11.235412,45.942017,1094.45 11.235635,45.94204,1095.6 11.23575,45.942074,1096.63 11.23606,45.942226,1099.02 11.236281,45.942354,1100.33 11.236383,45.942446,1101.08 11.23645,45.942531,1101.74 11.236485,45.942638,1102.44 11.236534,45.942779,1102.93 11.236553,45.942895,1103.47 11.236576,45.943004,1104.03 11.236609,45.94309,1104.48 11.236651,45.943179,1104.96 11.236689,45.943239,1105.28 11.23674,45.943323,1105.75 11.236833,45.943421,1106.35 11.237266,45.943795,1106.23 11.237382,45.943914,1106.2 11.23745,45.944012,1106.17 11.237518,45.944124,1106.14 11.237569,45.944271,1106.05 11.237621,45.944435,1105.97 11.237678,45.944522,1105.92 11.237772,45.944647,1105.98 11.237877,45.944756,1106.03 11.238507,45.945218,1107.44 11.238609,45.945303,1107.76 11.238681,45.945386,1108.05 11.238775,45.945534,1108.63 11.238911,45.945701,1109.33 11.238987,45.945774,1109.65 11.239228,45.945946,1110.52 11.239339,45.946008,1110.84 11.239436,45.94603,1111.04 11.23955,45.946019,1111.28 11.239641,45.945984,1111.81 11.239879,45.945896,1113.17 11.240041,45.945854,1114.25 11.2404,45.945819,1116.5 11.240592,45.945824,1117.34 11.240773,45.945879,1118.74 11.240882,45.945956,1119.85 11.240934,45.946036,1120.76 11.240957,45.946122,1121.7 11.241018,45.946379,1124.72 11.24105,45.946534,1126.55 11.241191,45.947012,1131.4 11.241239,45.947271,1133.37 11.241254,45.947446,1134.84 11.241256,45.947557,1135.77 11.241245,45.947799,1138.11 11.241252,45.947909,1138.54 11.241302,45.948067,1139.19 11.241366,45.948161,1139.2 11.241527,45.948368,1139.22 11.241676,45.948498,1139.23 11.241838,45.948597,1139.25 11.242026,45.948675,1139.26 11.242219,45.948705,1139.27 11.242401,45.948694,1139.28 11.242558,45.948689,1139.54 11.242677,45.948685,1139.74 11.242775,45.948722,1140.15 11.242817,45.948765,1140.44 11.242857,45.948805,1140.73 11.242912,45.948864,1141.15 11.243025,45.948956,1141.88 11.243133,45.949065,1142.71 11.243279,45.949219,1143.52 11.243423,45.949326,1144.18 11.243539,45.949387,1144.19 11.243685,45.949423,1144.2 11.243812,45.949433,1144.59 11.244032,45.949424,1145.29 11.24414,45.949388,1145.88 11.244203,45.949325,1146.42 11.244245,45.949236,1147.13 11.244393,45.948955,1149.33 11.244491,45.948736,1151.02 11.244489,45.948618,1151.33 11.244438,45.948553,1151.52 11.244368,45.948507,1151.92 11.244272,45.94847,1152.39 11.244173,45.948451,1152.84 11.24404,45.948434,1153.42 11.243932,45.948399,1153.96 11.243846,45.948337,1154.63 11.243772,45.948246,1155.31 11.243759,45.948158,1155.91 11.243773,45.948086,1156.16 11.243811,45.948032,1156.38 11.243888,45.947986,1156.64 11.244001,45.947968,1156.93 11.24416,45.947952,1157.38 11.244875,45.947896,1159.8 11.24514,45.947882,1159.86 11.245264,45.947858,1159.9 11.245353,45.947825,1159.92 11.245437,45.947765,1159.95 11.245573,45.947651,1160 11.245704,45.94754,1159.96 11.245814,45.947499,1159.94 11.245887,45.947496,1159.94 11.245979,45.947503,1159.91 11.246232,45.947556,1160 11.246338,45.947556,1160.03 11.246454,45.94754,1160.07 11.24659,45.947454,1160.24 11.24665,45.947373,1160.37 11.246682,45.947283,1160.5 11.246745,45.947163,1160.67 11.246888,45.947017,1160.93 11.247261,45.946578,1161.01 11.247622,45.946182,1161.06 11.247736,45.946006,1161.67 11.247849,45.945849,1162.36 11.248015,45.945652,1163.06 11.248235,45.945417,1163.94 11.248342,45.945268,1164.44 11.248417,45.945103,1164.82 11.24845,45.944962,1165.02 11.248428,45.944839,1165.15 11.248412,45.94473,1165.26 11.248391,45.944551,1165.28 11.248407,45.944421,1165.15 11.248455,45.944298,1165.03 11.248589,45.944108,1164.82 11.248702,45.94394,1164.64 11.248745,45.943757,1164.54 11.248745,45.943548,1164.42 11.248772,45.943235,1164.24 11.248814,45.943074,1164.15 11.248916,45.942929,1164.12 11.249061,45.942772,1164.08 11.249324,45.942481,1164.09 11.249657,45.942201,1164.12 11.250097,45.94191,1164.28 11.250622,45.941623,1164.28 11.250783,45.9415,1164.13 11.25088,45.941358,1163.83 11.251003,45.941164,1163.21 11.251164,45.941034,1162.47 11.251373,45.940926,1161.47 11.251625,45.940843,1160.23 11.251958,45.940773,1158.57 11.252237,45.940676,1157.06 11.252639,45.940497,1154.64 11.252977,45.940329,1152.55 11.253181,45.940228,1151.35 11.253401,45.940179,1150.38 11.253648,45.940172,1149.46 11.253846,45.940146,1148.76 11.254007,45.94009,1148.22 11.254125,45.940015,1147.79 11.254233,45.939903,1147.27 11.254297,45.939747,1146.64 11.254351,45.939474,1145.5 11.25442,45.939251,1144.55 11.254511,45.939053,1143.69 11.254737,45.938777,1142.36 11.255021,45.938452,1140.78 11.255209,45.938269,1139.85 11.255332,45.938199,1139.38 11.255407,45.938172,1139.2 11.255547,45.938139,1138.89 11.255783,45.938109,1138.39 11.256046,45.938087,1137.83 11.256314,45.938038,1137.23 11.256518,45.938019,1136.75 11.256738,45.938019,1136.22 11.256899,45.938034,1135.83 11.257065,45.938027,1135.44 11.257296,45.937993,1134.94 11.257505,45.93796,1134.51 11.257789,45.937926,1134.02 11.257998,45.937915,1133.71 11.258165,45.937922,1133.51 11.258476,45.937956,1133.23 11.258658,45.937975,1133.12 11.258835,45.937982,1133.07 11.25898,45.937971,1133.03 11.259114,45.937945,1133.03 11.259339,45.937911,1133 11.259522,45.937893,1133 11.25972,45.937893,1133.06 11.259892,45.937926,1133.16 11.260123,45.937993,1133.34 11.260289,45.938083,1133.52 11.260428,45.938217,1133.73 11.260552,45.9384,1134.01 11.260675,45.938557,1134.24 11.260831,45.938743,1134.47 11.261019,45.938933,1134.64 11.26112,45.93906,1134.72 11.261169,45.939187,1134.8 11.261212,45.93934,1134.92 11.261244,45.939463,1135.02 11.26131,45.939582,1135.13 11.261429,45.939677,1135.21 11.261651,45.939791,1135.39 11.262212,45.94008,1135.95 11.262889,45.940429,1136.96 11.263117,45.940521,1137.65 11.263285,45.94057,1138.14 11.263415,45.940602,1138.56 11.263549,45.940652,1139.06 11.263665,45.940727,1139.49 11.263798,45.940852,1140.2 11.263905,45.940959,1140.94 11.26403,45.941052,1141.5 11.264146,45.941087,1141.95 11.264296,45.941097,1142.49 11.264414,45.941086,1142.93 11.264604,45.940995,1143.8 11.264787,45.940914,1144.67 11.264961,45.940866,1145.51 11.265102,45.940847,1146.12 11.265316,45.940815,1147.17 11.26542,45.940779,1147.65 11.265503,45.940728,1148.15 11.265552,45.940685,1148.5 11.265655,45.940584,1149.31 11.265762,45.940496,1150.15 11.265832,45.940463,1150.51 11.265905,45.940452,1150.83 11.266099,45.940429,1151.69 11.266254,45.940407,1152.38 11.266388,45.940373,1152.98 11.266608,45.940291,1153.98 11.266812,45.940228,1154.83 11.266984,45.940209,1155.44 11.267139,45.940206,1155.93 11.267263,45.940232,1156.3 11.267391,45.940273,1156.68 11.267542,45.940329,1157.1 11.267681,45.940396,1157.46 11.267842,45.940437,1157.77 11.268078,45.940463,1158.09 11.268287,45.940478,1158.41 11.268443,45.940497,1158.66 11.268581,45.940536,1158.79 11.268706,45.94059,1158.87 11.268731,45.940517,1158.66 11.268738,45.940452,1158.48 11.268716,45.940221,1157.83 11.268695,45.939885,1157.22
          </coordinates>
        </LineString>
      </MultiGeometry>
    </Placemark>
  </Folder>
</Document>
</kml>