<?xml version="1.0" encoding="UTF-8"?>
<kml xmlns="http://www.opengis.net/kml/2.2">
<Document>
  <name><![CDATA[TT-2026 02 Sillian-Falcade]]></name>
  <description><![CDATA[Converted with MapKmlTools.com - Free online GPX to KML converter.]]></description>
  
  <!-- Styles -->
  <Style id="lineStyle">
    <LineStyle>
      <color>cc4444ef</color>
      <width>4</width>
    </LineStyle>
  </Style>
  
  <Style id="wptStyle">
    <IconStyle>
      <color>fff6823b</color>
      <scale>1.1</scale>
      <Icon>
        <href>http://maps.google.com/mapfiles/kml/pushpin/ylw-pushpin.png</href>
      </Icon>
    </IconStyle>
  </Style>

  <Folder>
    <name>Tracks</name>
    <Placemark>
      <name><![CDATA[TT-2026 02 Sillian-Falcade]]></name>
      
      <styleUrl>#lineStyle</styleUrl>
      <MultiGeometry>
        <LineString>
          <tessellate>1</tessellate>
          <coordinates>
            12.417951,46.746822,1080 12.417792,46.747025,1079.9 12.417698,46.747151,1079.92 12.417609,46.747305,1079.94 12.417573,46.747401,1080.01 12.417558,46.747473,1080.28 12.417553,46.747568,1080.5 12.41737,46.747574,1081.01 12.417235,46.747576,1081.12 12.416991,46.747562,1081.32 12.416667,46.747521,1081.23 12.416392,46.747452,1081.16 12.416102,46.747364,1081.07 12.415867,46.747297,1081.01 12.415433,46.747175,1081.44 12.414951,46.747044,1081.91 12.41466,46.746968,1082.3 12.414429,46.746905,1082.69 12.412153,46.74634,1086.52 12.41157,46.74622,1086.83 12.410979,46.746152,1087.14 12.410422,46.746116,1087.43 12.409598,46.746062,1087.85 12.408733,46.745993,1088.3 12.407696,46.745919,1090.68 12.406114,46.745874,1093.98 12.403456,46.745815,1096.29 12.402111,46.745814,1096.29 12.40107,46.745868,1096.29 12.400221,46.74593,1096.31 12.399868,46.745922,1096.32 12.399451,46.745867,1096.33 12.398821,46.745781,1096.35 12.398407,46.745733,1096.6 12.397867,46.745735,1096.95 12.396964,46.745728,1097.54 12.395595,46.745688,1098.43 12.395324,46.74565,1098.74 12.395039,46.745535,1099.1 12.39488,46.745424,1099.36 12.393965,46.744435,1100.73 12.393783,46.744228,1101.16 12.393644,46.744082,1102.09 12.393491,46.743982,1102.87 12.393123,46.743818,1104.49 12.392469,46.743633,1108.79 12.391588,46.743441,1112.6 12.390813,46.743307,1115.45 12.390242,46.743216,1116.39 12.388811,46.742926,1119.7 12.388236,46.742771,1120.12 12.387568,46.742511,1120.66 12.387082,46.742297,1121.07 12.38682,46.742099,1121.26 12.386679,46.741935,1121.4 12.386392,46.741611,1121.66 12.38601,46.741282,1121.96 12.385748,46.741123,1122.06 12.385407,46.740983,1122.16 12.385025,46.740856,1122.36 12.38464,46.740789,1122.54 12.384158,46.740729,1122.76 12.383892,46.740729,1122.88 12.383375,46.740718,1123.12 12.382572,46.740742,1123.48 12.381952,46.740723,1123.57 12.38123,46.740658,1123.68 12.38086,46.740606,1123.74 12.380074,46.740502,1122.52 12.379378,46.740407,1121.44 12.378591,46.740322,1120.23 12.377738,46.740265,1119.58 12.3771,46.740235,1119.52 12.376434,46.740259,1119.46 12.375633,46.740333,1119.89 12.374406,46.740487,1120.55 12.373197,46.740629,1121.32 12.372251,46.74068,1121.91 12.371694,46.740669,1121.8 12.371016,46.740608,1121.67 12.370165,46.740456,1121.49 12.369607,46.740369,1122.16 12.369312,46.740312,1122.52 12.369059,46.740243,1122.83 12.368787,46.740141,1123.48 12.368563,46.740066,1124 12.368311,46.739957,1124.96 12.367861,46.739716,1126.26 12.367417,46.739481,1127.48 12.367087,46.739324,1128.63 12.366773,46.739226,1129.29 12.366395,46.739145,1130.04 12.366076,46.739116,1130.65 12.365751,46.739114,1131.27 12.365381,46.739107,1131.88 12.365004,46.739091,1132.51 12.363773,46.739037,1134.55 12.363268,46.739016,1134.83 12.362661,46.738987,1135.26 12.362058,46.738928,1135.67 12.361723,46.738852,1135.91 12.361216,46.738696,1135.66 12.36056,46.73847,1135.32 12.359963,46.738245,1135.45 12.359717,46.738124,1135.51 12.359301,46.7379,1136.38 12.358992,46.737774,1136.87 12.358771,46.737701,1137.19 12.358483,46.737647,1137.22 12.358222,46.737612,1137.24 12.357596,46.737534,1137.28 12.357037,46.737451,1137.32 12.356468,46.737346,1137.37 12.355984,46.737252,1137.4 12.355376,46.737151,1137.56 12.354798,46.737071,1137.7 12.354019,46.736957,1137.91 12.353363,46.73683,1138.08 12.352687,46.736694,1137.9 12.352353,46.736596,1137.81 12.351973,46.73647,1137.71 12.350208,46.735829,1136.88 12.349162,46.735475,1137.51 12.348688,46.735331,1137.79 12.347922,46.735162,1138.24 12.347339,46.735058,1138.74 12.346951,46.734975,1139.07 12.346632,46.734885,1139.36 12.34636,46.73478,1139.62 12.346016,46.734619,1139.18 12.345694,46.734429,1138.67 12.345345,46.734248,1138.67 12.345036,46.734113,1138.66 12.344697,46.733974,1138.65 12.34412,46.733748,1138.63 12.343728,46.733552,1138.61 12.343496,46.733402,1139.6 12.343274,46.7333,1140.44 12.342942,46.733215,1140.73 12.342608,46.733216,1140.89 12.34227,46.733262,1141.18 12.341899,46.733295,1141.49 12.341527,46.733306,1141.81 12.341238,46.733297,1141.33 12.340855,46.733236,1140.67 12.340378,46.733142,1140.62 12.3401,46.733096,1141.07 12.339669,46.733099,1141.74 12.339377,46.733139,1142.15 12.339084,46.733166,1142.67 12.338722,46.733141,1143.14 12.338378,46.733083,1143.59 12.338002,46.733036,1144.07 12.337462,46.732975,1144.8 12.337031,46.732987,1145.42 12.336501,46.733003,1146.18 12.336031,46.733021,1146.86 12.335367,46.732992,1147.82 12.334264,46.73292,1148.32 12.333817,46.732879,1148.52 12.333409,46.732841,1148.71 12.333046,46.732802,1148.6 12.332636,46.732733,1148.41 12.332253,46.732677,1148.16 12.331756,46.732565,1147.94 12.330982,46.732435,1147.73 12.330567,46.732402,1147.89 12.330179,46.732372,1147.51 12.329783,46.732361,1146.92 12.32925,46.732372,1146.11 12.328926,46.732366,1145.62 12.328676,46.732351,1145.72 12.327578,46.732225,1147.05 12.327156,46.732175,1148.26 12.326843,46.732125,1149.17 12.326408,46.732025,1150.47 12.326137,46.731934,1151.32 12.325889,46.73184,1151.7 12.325517,46.731689,1152.29 12.32506,46.731504,1153.01 12.324639,46.731357,1153.65 12.324198,46.731205,1155.24 12.323974,46.731138,1154.85 12.323049,46.730881,1153.84 12.322533,46.730745,1153.27 12.322013,46.730583,1153.28 12.321277,46.73033,1154.56 12.320119,46.729906,1155.95 12.31954,46.729703,1155.56 12.318929,46.729495,1155.11 12.31866,46.729431,1154.92 12.318323,46.729378,1154.91 12.318053,46.729354,1153.97 12.31782,46.729345,1153.16 12.317588,46.729343,1152.35 12.317324,46.729358,1152.15 12.31707,46.729387,1151.96 12.316784,46.729423,1152.55 12.316525,46.729462,1154.4 12.316207,46.729514,1156.67 12.315728,46.729593,1159.54 12.31517,46.729674,1162.03 12.314667,46.729738,1164.26 12.314178,46.729773,1164.67 12.31379,46.729784,1164.99 12.313407,46.729786,1165.3 12.312945,46.729779,1165.69 12.312389,46.729777,1165.65 12.312022,46.729783,1165.63 12.311174,46.729815,1164.42 12.310347,46.729884,1162.68 12.310018,46.72992,1162.37 12.309671,46.729957,1163.63 12.309252,46.730023,1167.87 12.308767,46.730109,1171.7 12.308333,46.730185,1173.35 12.307944,46.730241,1175.03 12.307648,46.730268,1175.43 12.307328,46.730284,1175.87 12.306923,46.730289,1176.43 12.306513,46.730289,1176.89 12.305883,46.730314,1177.44 12.305411,46.730353,1177.86 12.305038,46.730404,1178.19 12.30465,46.730476,1178.54 12.304343,46.730546,1178.83 12.303933,46.730629,1179.2 12.303616,46.73069,1179.19 12.303102,46.730748,1177.8 12.302755,46.730796,1176.02 12.302458,46.730854,1174.5 12.301954,46.730963,1171.99 12.301657,46.73103,1170.89 12.301383,46.731099,1169.88 12.301188,46.731183,1169.56 12.301028,46.731289,1169.25 12.300863,46.731422,1168.89 12.300649,46.731566,1168.78 12.300384,46.731677,1168.66 12.300135,46.731725,1168.56 12.299834,46.731772,1168.76 12.299564,46.731806,1168.94 12.299363,46.731835,1169.07 12.299227,46.731866,1169.25 12.299076,46.731908,1169.47 12.298821,46.732012,1169.85 12.298597,46.732093,1170.3 12.298355,46.732161,1170.76 12.298124,46.732185,1171.18 12.297792,46.732211,1171.77 12.297489,46.732226,1172.56 12.297121,46.732257,1173.53 12.296848,46.73229,1174.25 12.29659,46.732356,1175.57 12.296272,46.73245,1175.74 12.295956,46.732534,1174.87 12.295682,46.732589,1174.14 12.295283,46.732659,1173.6 12.294868,46.732709,1173.05 12.294579,46.732751,1172.89 12.294453,46.732779,1172.83 12.294276,46.732827,1172.75 12.294059,46.732919,1172.65 12.293854,46.732999,1172.55 12.293668,46.733061,1172.46 12.293281,46.733142,1172.77 12.292483,46.733264,1173.4 12.292082,46.733336,1174.26 12.291768,46.73339,1175.29 12.291445,46.733467,1176.37 12.290781,46.733688,1176.34 12.290255,46.73387,1176.32 12.289665,46.734096,1176.29 12.289086,46.734374,1177.45 12.288017,46.73497,1180.36 12.287711,46.735153,1181.44 12.287438,46.735265,1182.29 12.287153,46.735359,1183.13 12.286893,46.735421,1184.12 12.286589,46.735458,1185.22 12.286203,46.735503,1186.47 12.285741,46.735604,1188.01 12.28549,46.735694,1188.91 12.285185,46.735828,1190.06 12.28472,46.736077,1190.55 12.28441,46.736185,1190.68 12.284141,46.736226,1190.79 12.283805,46.736236,1190.92 12.283456,46.736204,1191.07 12.283234,46.736159,1190.87 12.282896,46.736052,1190.57 12.282461,46.735852,1190.14 12.282113,46.735651,1189.18 12.281766,46.735474,1188.24 12.281565,46.735392,1187.84 12.28128,46.735301,1187.21 12.280878,46.73522,1186.65 12.280488,46.735194,1186.12 12.280117,46.735184,1185.62 12.279704,46.735149,1185.06 12.279151,46.735062,1184.29 12.27841,46.734857,1183.71 12.277752,46.73465,1183.18 12.277287,46.734508,1183.27 12.27673,46.734355,1183.38 12.276267,46.734251,1183.47 12.275615,46.734148,1183.6 12.274498,46.733962,1183.63 12.274024,46.733856,1183.11 12.273236,46.733632,1182.22 12.272692,46.733435,1181.71 12.272127,46.733202,1181.17 12.271313,46.732844,1180.9 12.27111,46.732738,1180.93 12.270936,46.732613,1180.96 12.270745,46.732447,1180.99 12.270547,46.732235,1181.28 12.270394,46.732076,1181.49 12.270083,46.731859,1181.85 12.269839,46.731703,1182.1 12.26947,46.731469,1182.48 12.268913,46.731246,1183.32 12.268095,46.730943,1184.53 12.267446,46.730694,1185.2 12.266963,46.730523,1185.39 12.266407,46.730376,1185.6 12.265141,46.730098,1185.37 12.264662,46.729979,1185.38 12.264174,46.72984,1185.4 12.262487,46.729206,1185.45 12.262143,46.729081,1185.46 12.261795,46.728948,1185.7 12.261515,46.72887,1185.89 12.261211,46.728827,1186.08 12.260961,46.728813,1186.23 12.260584,46.728834,1186.46 12.260172,46.728877,1186.95 12.259497,46.728956,1187.29 12.259134,46.729008,1187.46 12.258939,46.729016,1187.46 12.258704,46.729002,1187.47 12.258436,46.728953,1187.48 12.25815,46.728834,1187.48 12.257873,46.728678,1187.49 12.257297,46.728339,1187.99 12.257098,46.728233,1188.54 12.256866,46.728136,1189.12 12.256371,46.728002,1190.27 12.255666,46.727825,1191.88 12.255285,46.727708,1192.6 12.254827,46.727555,1193.47 12.254383,46.727389,1194.33 12.253101,46.726914,1197.25 12.252636,46.726777,1198.22 12.252334,46.726702,1198.33 12.251964,46.726648,1198.47 12.251383,46.726587,1198.68 12.250894,46.726551,1198.86 12.250401,46.726516,1199.04 12.249799,46.726476,1199.25 12.249371,46.726457,1199.27 12.248941,46.726462,1199.28 12.248294,46.726501,1199.29 12.247728,46.726553,1199.31 12.246956,46.726585,1199.33 12.246261,46.726577,1199.65 12.245387,46.726547,1200.05 12.244601,46.72652,1200.41 12.243614,46.726496,1201.19 12.242481,46.726476,1202.09 12.242175,46.726482,1202.26 12.241884,46.726527,1202.41 12.241516,46.726623,1202.62 12.241114,46.72678,1202.75 12.240808,46.726962,1203.07 12.240528,46.727144,1203.38 12.240244,46.727316,1203.89 12.2399,46.727492,1205.03 12.239624,46.727614,1205.9 12.239249,46.727728,1206.98 12.238802,46.727819,1208.22 12.238428,46.727871,1208.58 12.237944,46.727931,1209.04 12.237611,46.72798,1209.36 12.237097,46.728088,1209.86 12.236718,46.728189,1210.19 12.235175,46.7287,1214.08 12.233213,46.729339,1217.5 12.231932,46.72977,1220.9 12.230974,46.730085,1222.86 12.229493,46.730576,1225.78 12.228653,46.730857,1228.69 12.228306,46.730924,1228.7 12.227949,46.730952,1228.7 12.227746,46.730968,1228.71 12.22752,46.730964,1228.72 12.227086,46.730911,1228.73 12.226753,46.730833,1228.74 12.226345,46.730704,1228.75 12.225468,46.730295,1226.86 12.224385,46.729794,1223.53 12.224043,46.729635,1223.15 12.223561,46.729394,1222.6 12.222706,46.728977,1222.62 12.222316,46.728835,1222.64 12.222018,46.72877,1222.57 12.221699,46.728735,1222.51 12.221148,46.728746,1222.39 12.220785,46.728795,1222.32 12.220268,46.728893,1222.23 12.220292,46.72863,1222.52 12.220334,46.728439,1222.73 12.220627,46.727287,1223.72 12.221165,46.725277,1224.24 12.221541,46.723976,1223.78 12.221699,46.723734,1223.66 12.221952,46.723488,1223.52 12.222382,46.723152,1223.31 12.22355,46.722256,1223.64 12.224261,46.721722,1223.84 12.225242,46.720966,1226.74 12.225652,46.720646,1228.66 12.225745,46.720462,1229.43 12.225755,46.720231,1230.32 12.225698,46.720012,1231.08 12.22528,46.718905,1235.43 12.224972,46.718101,1238.81 12.224904,46.717894,1239.3 12.224752,46.717491,1240.75 12.224668,46.717358,1241.23 12.224024,46.716496,1244.61 12.223646,46.715969,1246.55 12.223482,46.715757,1247.81 12.223416,46.715596,1248.42 12.22344,46.715398,1249.15 12.223525,46.715145,1250.1 12.223566,46.714957,1250.79 12.223589,46.714668,1251.85 12.223581,46.713937,1253.8 12.223625,46.713746,1254.39 12.223791,46.713304,1255.73 12.223829,46.713001,1256.21 12.223778,46.712752,1256.55 12.22365,46.712277,1257.19 12.223662,46.71195,1258.11 12.223789,46.711462,1259.6 12.223816,46.711184,1260.19 12.223832,46.710769,1261.07 12.223842,46.710537,1262.03 12.223745,46.709913,1263.35 12.223555,46.70941,1264.45 12.223394,46.709126,1264.95 12.223086,46.708926,1265.42 12.222855,46.708878,1265.91 12.221436,46.708189,1268.34 12.221003,46.707899,1268.83 12.220735,46.70756,1268.83 12.220547,46.707087,1268.84 12.220575,46.705673,1269.83 12.22057,46.705184,1269.84 12.220656,46.70489,1270.42 12.220928,46.704481,1271.29 12.22131,46.704185,1271.78 12.221828,46.703769,1272.27 12.222143,46.703276,1273.53 12.222214,46.702994,1273.63 12.222269,46.702717,1273.73 12.222238,46.702053,1274.7 12.222562,46.701389,1275.69 12.222768,46.701037,1276.21 12.222741,46.70071,1276.66 12.222691,46.699742,1277.64 12.222535,46.699257,1278.13 12.222459,46.698666,1279.1 12.22229,46.698236,1279.88 12.222061,46.69788,1280.56 12.221979,46.697574,1281.32 12.221955,46.6973,1282.01 12.222034,46.696957,1282.49 12.222549,46.695749,1284.45 12.222709,46.695069,1285.42 12.222729,46.694474,1285.91 12.223056,46.693359,1285.93 12.223261,46.693073,1286.42 12.223835,46.692651,1286.43 12.224077,46.692419,1286.92 12.224165,46.692152,1287.39 12.224124,46.691868,1287.89 12.223964,46.691624,1289.33 12.223831,46.69133,1290.31 12.223752,46.69085,1292.08 12.22371,46.690417,1293.68 12.223698,46.690079,1296.09 12.223645,46.689462,1298.51 12.22352,46.689034,1300.44 12.223543,46.688679,1301.58 12.223693,46.688297,1302.85 12.223744,46.688137,1302.86 12.223838,46.687461,1303.83 12.224314,46.686062,1307.39 12.224407,46.685746,1308.19 12.224507,46.685282,1309.42 12.22447,46.684826,1310.04 12.224463,46.684544,1310.43 12.224466,46.683392,1309.68 12.224449,46.682831,1309.69 12.224343,46.682394,1309.7 12.223968,46.681316,1310.2 12.223493,46.679785,1311.67 12.222862,46.677906,1314.59 12.222389,46.676402,1317.5 12.221889,46.674838,1321.38 12.221772,46.67422,1324 12.221746,46.673924,1325.24 12.221726,46.673578,1327.35 12.221644,46.673405,1328.06 12.221537,46.673215,1328.43 12.221488,46.673074,1328.69 12.221435,46.67285,1329.11 12.221499,46.672183,1330.16 12.221555,46.671923,1330.93 12.221567,46.671708,1331.56 12.221524,46.671528,1332.4 12.221368,46.671323,1333.46 12.221221,46.671135,1333.21 12.221115,46.670957,1332.99 12.221059,46.6707,1332.99 12.221095,46.670358,1333 12.22148,46.669171,1334.47 12.221795,46.668167,1337.37 12.222167,46.667029,1340.75 12.222535,46.665791,1343.19 12.222816,46.664967,1344.64 12.222943,46.664661,1345.61 12.223055,46.664239,1347.06 12.22336,46.662773,1349.97 12.223456,46.662248,1351.42 12.223642,46.661353,1353.36 12.223798,46.661018,1354.47 12.223984,46.660793,1355.29 12.224638,46.660122,1359.16 12.224875,46.659893,1360.6 12.225235,46.659554,1362.05 12.225644,46.659168,1363.02 12.225814,46.658927,1363.46 12.225958,46.658659,1363.92 12.225992,46.658307,1364.49 12.225888,46.657897,1364.98 12.225593,46.656822,1365.96 12.22555,46.656642,1366.16 12.225583,46.65652,1366.29 12.225681,46.65641,1366.44 12.22597,46.656277,1366.7 12.227338,46.655727,1367.91 12.227679,46.655521,1368.94 12.227899,46.655327,1369.75 12.228307,46.654805,1372.07 12.228409,46.654511,1373.46 12.228386,46.654253,1374.38 12.228175,46.653408,1377.62 12.228161,46.65288,1380.23 12.228203,46.652653,1381.35 12.228541,46.651896,1383.64 12.228827,46.651327,1385 12.228789,46.650701,1386.82 12.228791,46.650454,1387.27 12.228984,46.650108,1388.17 12.230347,46.64897,1388.28 12.231082,46.647915,1390.6 12.231452,46.647426,1392.01 12.232116,46.646501,1393.87 12.232473,46.645941,1395.75 12.23256,46.645383,1396.67 12.232384,46.64403,1399.94 12.232213,46.642506,1402.73 12.232058,46.64112,1405.04 12.231935,46.640794,1405.98 12.231784,46.640539,1406.43 12.231181,46.639798,1407.82 12.23063,46.639115,1408.74 12.230469,46.638828,1408.89 12.230293,46.638283,1409.51 12.230438,46.637768,1410.09 12.230723,46.637326,1410.31 12.230916,46.636688,1410.59 12.231211,46.635338,1410.62 12.231276,46.634952,1410.63 12.231272,46.634748,1410.5 12.231236,46.634546,1410.38 12.231024,46.634206,1410.16 12.230093,46.633076,1410.19 12.229767,46.632669,1409.8 12.229431,46.63205,1409.25 12.229015,46.630898,1409.6 12.22888,46.630363,1409.76 12.228715,46.628795,1409.79 12.228617,46.628495,1409.79 12.228384,46.62822,1409.8 12.227625,46.627491,1412.22 12.226605,46.626469,1415.61 12.226165,46.626041,1417.06 12.225739,46.625586,1418.55 12.225471,46.625104,1419.96 12.225386,46.624755,1421.41 12.225254,46.624275,1423.35 12.225169,46.624063,1424.2 12.22465,46.623517,1426.72 12.224336,46.623333,1427.38 12.224008,46.623188,1428.17 12.223626,46.623073,1428.66 12.222742,46.622828,1429.15 12.222548,46.622795,1429.25 12.222377,46.622734,1429.34 12.222259,46.622616,1429.44 12.22206,46.622364,1429.64 12.22173,46.621917,1430.62 12.221474,46.621759,1430.76 12.220742,46.621406,1431.12 12.219946,46.621027,1431.13 12.219585,46.620861,1432.1 12.219129,46.620709,1433.07 12.218611,46.620718,1434.99 12.218126,46.620748,1435.96 12.217772,46.620692,1436.68 12.216991,46.620439,1438.38 12.216374,46.620259,1440.31 12.216068,46.620223,1440.86 12.215837,46.62023,1441.26 12.215562,46.620298,1441.76 12.215146,46.620441,1442.25 12.214814,46.620473,1443.08 12.214687,46.620477,1443.39 12.21438,46.620414,1444.18 12.214171,46.620387,1444.6 12.21387,46.620417,1445.21 12.213437,46.620523,1446.12 12.212244,46.620859,1449.02 12.211919,46.620964,1449.5 12.211502,46.621201,1450.47 12.211222,46.621325,1450.96 12.210937,46.621418,1451.91 12.210436,46.621449,1453.38 12.209561,46.621506,1454.83 12.209141,46.621548,1455.74 12.208914,46.62162,1456.28 12.208564,46.62177,1457.72 12.207454,46.622305,1460.63 12.20724,46.622388,1461.24 12.207063,46.622434,1461.7 12.206861,46.622462,1462.21 12.206639,46.622481,1462.76 12.20641,46.622452,1463.34 12.206181,46.622357,1464 12.205765,46.62208,1465.42 12.205476,46.621918,1466.34 12.205266,46.621871,1466.88 12.204864,46.621877,1467.88 12.204388,46.621923,1469.17 12.203643,46.622082,1471.25 12.202675,46.622307,1474.64 12.201687,46.622601,1478.01 12.201251,46.622718,1479.46 12.200847,46.622839,1480.9 12.199905,46.62311,1485.25 12.199511,46.623264,1486.21 12.198802,46.623545,1490.07 12.198424,46.623701,1492.48 12.198236,46.623759,1492.76 12.198018,46.62379,1493.06 12.197735,46.623784,1493.45 12.197169,46.623731,1493.45 12.19697,46.623747,1494.7 12.196687,46.623819,1496.56 12.196324,46.623955,1499.24 12.195889,46.624083,1499.71 12.19542,46.624184,1500.21 12.195195,46.624218,1501.6 12.194916,46.62422,1503.29 12.19463,46.624187,1505.03 12.194351,46.624178,1506.21 12.193997,46.624207,1507.71 12.193719,46.624231,1508.88 12.193406,46.624257,1509.89 12.193018,46.624251,1511.13 12.192665,46.62422,1512.26 12.192397,46.624197,1513.23 12.192087,46.624156,1514.44 12.191633,46.62404,1516.6 12.191283,46.62392,1519.01 12.190878,46.623744,1520.5 12.190701,46.623611,1521.42 12.189946,46.622685,1522.88 12.189796,46.622518,1523.38 12.189468,46.622363,1524.08 12.189089,46.622234,1524.82 12.1872,46.621722,1526.77 12.185619,46.621296,1529.68 12.18341,46.620348,1530.19 12.182103,46.619772,1529.63 12.180484,46.618942,1526.66 12.180098,46.618729,1525.69 12.179895,46.618626,1525.19 12.179558,46.618499,1524.45 12.178987,46.618355,1523.26 12.178248,46.618206,1521.75 12.176207,46.617748,1519.27 12.17587,46.617711,1518.91 12.175272,46.617717,1518.27 12.174529,46.617778,1516.8 12.173898,46.617821,1515.33 12.173454,46.617803,1514.63 12.172963,46.617726,1513.77 12.172465,46.617605,1512.87 12.170848,46.616965,1511.83 12.169034,46.616174,1511.75 12.167093,46.615387,1510.7 12.166815,46.61526,1510.5 12.16645,46.614965,1510.18 12.165232,46.613847,1510.1 12.164059,46.61281,1509.06 12.163848,46.612679,1509.05 12.162405,46.612078,1508.98 12.162102,46.611957,1508.97 12.161867,46.611829,1508.96 12.161682,46.611664,1508.94 12.161447,46.611324,1508.92 12.161144,46.610975,1508.41 12.159854,46.610137,1507.86 12.158773,46.609512,1506.67 12.157434,46.608917,1505.34 12.156485,46.60852,1504.33 12.156114,46.608439,1504.07 12.154984,46.60835,1503.31 12.154309,46.608333,1503.06 12.153899,46.608289,1502.91 12.153541,46.608223,1502.77 12.153229,46.608156,1502.4 12.1529,46.608042,1501.98 12.152401,46.607769,1501.28 12.151334,46.607246,1499.32 12.1511,46.607132,1498.89 12.150764,46.607002,1498.31 12.150139,46.606795,1497.8 12.149827,46.606645,1497.38 12.148038,46.60557,1494.81 12.14784,46.605468,1494.8 12.147599,46.605359,1494.79 12.147324,46.60529,1494.78 12.146783,46.605267,1494.76 12.146501,46.605268,1494.44 12.146291,46.60523,1494.2 12.14614,46.605174,1494.01 12.14598,46.605068,1493.76 12.145656,46.604893,1493.74 12.145513,46.604809,1493.42 12.145253,46.604728,1492.94 12.144955,46.604687,1492.43 12.14457,46.604651,1491.77 12.144245,46.604539,1491.75 12.143898,46.604362,1491.74 12.143019,46.603809,1490.25 12.14277,46.603598,1489.99 12.142616,46.603344,1489.74 12.142456,46.603049,1489.72 12.142298,46.602946,1489.55 12.141911,46.602808,1489.21 12.140185,46.602341,1486.26 12.139074,46.602089,1484.76 12.137179,46.601805,1485.64 12.136362,46.601751,1487.06 12.135001,46.601519,1489.4 12.133454,46.601391,1492.7 12.132646,46.601352,1494.6 12.131867,46.60139,1494.78 12.130911,46.601417,1495.01 12.128297,46.601323,1495.38 12.127442,46.601292,1495.35 12.127127,46.601229,1495.11 12.126786,46.601117,1494.84 12.126362,46.60109,1494.28 12.126037,46.601132,1493.85 12.125656,46.601165,1493.62 12.12527,46.601109,1493.34 12.125089,46.60101,1493.19 12.124938,46.600876,1493.02 12.124769,46.60071,1492.83 12.124505,46.600569,1492.45 12.123967,46.600512,1491.82 12.122437,46.600395,1489.84 12.121905,46.600299,1488.38 12.121486,46.600292,1486.92 12.120891,46.6003,1485.46 12.120653,46.600306,1485.23 12.120376,46.600231,1484.95 12.119774,46.599846,1484.92 12.118751,46.59955,1480.79 12.117654,46.59935,1479.06 12.117383,46.599334,1478.53 12.116987,46.599419,1477.73 12.116657,46.599459,1477.35 12.116009,46.599427,1476.46 12.115558,46.599489,1475.96 12.114916,46.599541,1474.73 12.113379,46.599457,1472.11 12.113107,46.599451,1471.22 12.112808,46.59952,1470.19 12.11248,46.59967,1468.91 12.112069,46.59993,1467.57 12.111934,46.600005,1466.81 12.111657,46.600046,1465.58 12.11144,46.600013,1464.31 12.111243,46.599909,1463.59 12.111139,46.599774,1462.96 12.111005,46.599514,1460.14 12.110857,46.599298,1459.24 12.110577,46.599003,1457.89 12.110189,46.598783,1456.53 12.110021,46.598765,1455.59 12.109793,46.598826,1454.68 12.10965,46.598979,1453.76 12.109594,46.599255,1451.43 12.10964,46.599639,1450.56 12.109703,46.600176,1446.85 12.109776,46.600339,1446.9 12.109931,46.600544,1445.51 12.110113,46.600802,1444 12.11009,46.600952,1443.21 12.109845,46.601123,1442.79 12.109734,46.601418,1440.47 12.109718,46.601693,1438.62 12.109619,46.601926,1437.24 12.109282,46.602055,1436.82 12.109083,46.602057,1436.86 12.108922,46.602024,1435.92 12.108565,46.601902,1434.07 12.108281,46.601917,1432.2 12.108139,46.601986,1431.27 12.107951,46.602123,1430.35 12.107859,46.602235,1429.41 12.107769,46.60232,1429.44 12.107624,46.602379,1428.99 12.107472,46.602359,1429.02 12.107402,46.602282,1428.77 12.107492,46.602107,1428.28 12.10768,46.601892,1427.82 12.107865,46.601715,1426.93 12.108001,46.601649,1426.48 12.108196,46.601654,1425.97 12.108384,46.601718,1425.42 12.108552,46.601762,1425.02 12.108712,46.601771,1424.74 12.108871,46.601749,1424.46 12.108945,46.601654,1424.19 12.108983,46.601529,1423.88 12.10892,46.601386,1423.51 12.108804,46.601273,1423.16 12.108683,46.601083,1422.64 12.108574,46.600838,1421.57 12.10864,46.60033,1419.42 12.108732,46.600114,1418.4 12.108782,46.599927,1417.54 12.108949,46.599529,1416.1 12.109097,46.599236,1415.04 12.109111,46.598874,1413.8 12.109138,46.598618,1412.43 12.109266,46.598446,1411.4 12.109414,46.598315,1410.52 12.109508,46.59813,1409.47 12.109609,46.597796,1407.66 12.109721,46.597129,1403.89 12.109761,46.596952,1402.95 12.109807,46.596716,1401.03 12.109879,46.59658,1399.87 12.109979,46.596402,1398.95 12.11015,46.596246,1398.02 12.110369,46.596143,1397.15 12.11096,46.595914,1394.92 12.112048,46.595536,1390.67 12.11237,46.59541,1389.65 12.112791,46.595254,1388.33 12.11315,46.595062,1387.08 12.113407,46.594838,1385.93 12.113749,46.594188,1383.17 12.114008,46.593389,1379.96 12.11413,46.592897,1378.01 12.114198,46.592685,1376.62 12.114326,46.592399,1374.7 12.114355,46.592202,1373.93 12.114286,46.591962,1372.98 12.114232,46.591806,1372.35 12.114126,46.59144,1371.45 12.114068,46.591042,1370.49 12.114072,46.590666,1368.53 12.114082,46.590232,1366.27 12.114115,46.589508,1361.53 12.114127,46.58927,1360.28 12.114214,46.588789,1357.75 12.114162,46.588512,1356.59 12.113984,46.588172,1355.08 12.113769,46.587913,1353.82 12.113591,46.58759,1352.37 12.113472,46.587091,1350.24 12.113375,46.586697,1347.82 12.113318,46.586396,1345.99 12.113308,46.586141,1344.77 12.113285,46.585908,1343.64 12.113265,46.585657,1342.44 12.113214,46.585462,1341.88 12.113134,46.585292,1341.38 12.112975,46.585037,1340.6 12.112912,46.584895,1340.18 12.112868,46.584741,1339.74 12.112898,46.584399,1338.77 12.113266,46.583004,1335.8 12.113334,46.582714,1334.34 12.113439,46.582283,1332.73 12.113487,46.582138,1332.18 12.113921,46.581324,1328.97 12.114211,46.580809,1326.88 12.114584,46.58008,1323.94 12.114994,46.579135,1320.2 12.115095,46.578884,1319.21 12.115548,46.577614,1316.73 12.116255,46.57586,1312.3 12.116782,46.57444,1310.76 12.116987,46.573991,1310.27 12.117596,46.572414,1310.17 12.118013,46.571335,1310.11 12.118645,46.569683,1308.57 12.1188,46.569351,1308.35 12.119058,46.569009,1308.1 12.11952,46.568525,1307.74 12.120553,46.56756,1306.98 12.121172,46.566944,1306.71 12.121295,46.56673,1306.63 12.121352,46.566419,1306.52 12.121392,46.566083,1306.79 12.121463,46.565658,1307.14 12.121522,46.565295,1307.78 12.121645,46.564999,1308.26 12.121934,46.564467,1307.75 12.122286,46.5639,1307.44 12.122632,46.563501,1307.21 12.12353,46.562695,1306.18 12.123943,46.56215,1306.86 12.124165,46.561851,1307.23 12.124445,46.561595,1307.55 12.124855,46.561247,1306.57 12.125101,46.561013,1305.88 12.125262,46.560767,1305.25 12.125356,46.560496,1304.59 12.125447,46.56018,1304.31 12.125567,46.559825,1303.99 12.125824,46.559361,1303.56 12.126139,46.559004,1302.88 12.126621,46.558612,1302.07 12.126847,46.558385,1301.27 12.12707,46.558014,1300.11 12.127643,46.556865,1297.15 12.128295,46.555601,1290.82 12.128401,46.555281,1288.88 12.128749,46.554817,1286.93 12.129602,46.554205,1283.99 12.129808,46.554054,1283.13 12.129897,46.553949,1282.62 12.130028,46.553711,1281.55 12.130081,46.55331,1280.49 12.130157,46.552605,1278.61 12.13019,46.552269,1278.11 12.130118,46.551979,1277.55 12.129854,46.551525,1276.61 12.129789,46.551399,1276.27 12.129733,46.551182,1275.71 12.129759,46.550941,1274.68 12.129817,46.550776,1273.77 12.129855,46.550652,1272.81 12.130208,46.549938,1269.29 12.130242,46.54985,1268.9 12.130275,46.54978,1268.43 12.130314,46.549714,1268.32 12.130408,46.549627,1268.17 12.132297,46.548491,1263.21 12.132754,46.548263,1261.92 12.133192,46.548045,1260.35 12.133357,46.54794,1259.65 12.133507,46.547801,1258.87 12.133921,46.54729,1256.23 12.134039,46.547078,1255.2 12.134068,46.546938,1254.57 12.134059,46.546731,1253.64 12.134076,46.54658,1252.96 12.134145,46.546429,1252.27 12.134268,46.54627,1251.49 12.13444,46.546123,1250.66 12.134634,46.546002,1249.88 12.13562,46.545592,1246.41 12.135825,46.545466,1245.57 12.135991,46.545278,1244.4 12.136187,46.544803,1241.76 12.136375,46.544367,1239.33 12.136421,46.544272,1238.79 12.136088,46.543976,1235.97 12.135786,46.543768,1233.92 12.135689,46.543721,1233.37 12.135426,46.543584,1231.84 12.135185,46.543421,1230.27 12.134739,46.543075,1227.15 12.134656,46.543042,1226.7 12.134544,46.543025,1225.83 12.134373,46.542933,1225.23 12.13421,46.542877,1224.75 12.133724,46.542736,1222.6 12.133573,46.542684,1221.91 12.133401,46.542614,1220.46 12.133276,46.542473,1219.46 12.133185,46.542168,1218.44 12.132974,46.541873,1217.03 12.132571,46.541469,1214.91 12.132348,46.541291,1213.63 12.132251,46.541176,1212.92 12.132113,46.540976,1212.74 12.131942,46.540375,1212.27 12.131895,46.54018,1212.26 12.131863,46.540052,1212.26 12.131834,46.539889,1212.26 12.131752,46.539835,1212.18 12.13165,46.539763,1212.08 12.131412,46.539528,1211.76 12.131281,46.539417,1211.86 12.131154,46.539327,1211.94 12.130974,46.539328,1212.03 12.130837,46.539382,1212.1 12.130639,46.539481,1212.22 12.130374,46.539673,1212.77 12.129986,46.540001,1213.67 12.1298,46.540156,1214.63 12.129544,46.540497,1216.55 12.129361,46.540852,1221.84 12.129214,46.541124,1223.29 12.129128,46.541604,1223.77 12.129077,46.541815,1224.73 12.129006,46.542232,1228.11 12.128814,46.542593,1230.36 12.128733,46.542685,1230.99 12.128465,46.543058,1234.36 12.128416,46.543371,1236.64 12.128402,46.543521,1237.73 12.12831,46.543664,1239.04 12.128185,46.543761,1240.14 12.128015,46.543881,1241.1 12.127882,46.543994,1241.9 12.127802,46.544112,1242.67 12.127761,46.54425,1243.51 12.127729,46.54441,1244.44 12.127619,46.544457,1244.95 12.127449,46.544415,1245.59 12.12742,46.544331,1246.04 12.127679,46.543928,1248.32 12.127722,46.543818,1248.92 12.1277,46.543675,1249.66 12.127594,46.543553,1250.25 12.127419,46.543498,1251.07 12.126956,46.543399,1253.13 12.126744,46.543333,1254.57 12.126622,46.543252,1255.3 12.126113,46.542888,1258.43 12.125889,46.542769,1259.71 12.125571,46.542663,1261.31 12.125003,46.542547,1264.4 12.12488,46.542525,1265.06 12.124728,46.54248,1265.92 12.124638,46.542413,1266.61 12.124575,46.542343,1267.41 12.124591,46.542227,1268.53 12.12479,46.541763,1271.9 12.124799,46.541513,1273.45 12.124729,46.541222,1275.27 12.124644,46.540897,1276.72 12.124577,46.540555,1279.12 12.124464,46.540165,1281.89 12.124415,46.540013,1282.97 12.124108,46.53956,1286.82 12.123886,46.539238,1289.71 12.123825,46.539043,1291.03 12.123834,46.538806,1292.6 12.124267,46.53831,1295.01 12.124664,46.537903,1297.82 12.124809,46.537749,1298.87 12.124931,46.537593,1299.34 12.124965,46.537464,1300.1 12.124958,46.537343,1300.8 12.124885,46.537186,1301.75 12.124645,46.536936,1302.71 12.124402,46.536718,1305.11 12.124233,46.536529,1306.56 12.124177,46.536431,1308.48 12.124121,46.53632,1308.97 12.124093,46.53614,1309.53 12.123998,46.535912,1310.25 12.123893,46.535717,1310.89 12.123829,46.535599,1311.85 12.123617,46.535248,1315.23 12.123528,46.535145,1316.19 12.123391,46.534795,1319.55 12.123343,46.534663,1320.08 12.123105,46.534213,1321.96 12.122781,46.533874,1322.45 12.122605,46.533762,1323.24 12.122435,46.533689,1323.89 12.122191,46.533617,1325.81 12.122037,46.533553,1327.08 12.121876,46.53346,1328.22 12.121603,46.533142,1331.32 12.121284,46.532839,1334.47 12.121148,46.532715,1335.44 12.121013,46.53255,1337.44 12.120944,46.532334,1339.77 12.120968,46.532177,1341.25 12.121066,46.531989,1343.14 12.121154,46.531811,1344.39 12.121211,46.531644,1345.52 12.121225,46.531406,1346.98 12.121167,46.530918,1351.8 12.12114,46.530487,1357.09 12.12111,46.530148,1361.42 12.121084,46.529605,1363.82 12.121145,46.529187,1366.2 12.121255,46.528763,1368.64 12.121361,46.528484,1370.56 12.121395,46.528276,1371.59 12.121339,46.527996,1372.97 12.12127,46.527878,1374.42 12.120871,46.52739,1379.23 12.120671,46.527154,1381.22 12.120574,46.52703,1382.25 12.120535,46.52692,1383.07 12.120529,46.526817,1383.56 12.120569,46.526689,1385 12.120619,46.526492,1385.23 12.120616,46.526284,1386.32 12.120565,46.526048,1387.57 12.120364,46.525832,1389.81 12.120224,46.52569,1391.51 12.120161,46.525578,1392.7 12.120101,46.525433,1394.23 12.120052,46.525161,1397.03 12.120006,46.524775,1401.36 12.119937,46.524302,1405.21 12.11991,46.524072,1406.65 12.119933,46.523903,1407.72 12.120083,46.523648,1409.54 12.120316,46.523322,1411.95 12.120362,46.523135,1412.91 12.120331,46.522975,1415.05 12.120291,46.522708,1416.1 12.120233,46.522555,1416.77 12.12012,46.522439,1417.36 12.119881,46.522399,1418.65 12.119558,46.522378,1420.35 12.119228,46.522375,1422.07 12.118792,46.522348,1424.37 12.118596,46.522334,1425.39 12.118427,46.522275,1426.39 12.118081,46.522041,1430.24 12.117833,46.521828,1431.68 12.117619,46.521703,1433.12 12.117207,46.521551,1435.53 12.116866,46.521463,1436.97 12.116178,46.521325,1439.96 12.115862,46.52129,1441.3 12.115386,46.521256,1443.71 12.11511,46.521257,1444.68 12.114963,46.521226,1445.84 12.114833,46.521115,1446.58 12.114741,46.520932,1447.59 12.114666,46.520685,1448.9 12.114581,46.520489,1449.97 12.114532,46.520437,1450.18 12.114451,46.520383,1450.45 12.114305,46.520431,1451.9 12.114254,46.520528,1452.38 12.114286,46.520593,1452.75 12.114366,46.520687,1453.34 12.114446,46.520784,1454.52 12.114518,46.520936,1456.22 12.114558,46.521076,1457.18 12.114597,46.521205,1458.81 12.11462,46.521299,1459.95 12.114725,46.521401,1461.42 12.114926,46.521503,1463.44 12.115218,46.521598,1465.77 12.115453,46.521698,1467.77 12.115741,46.522041,1469.22 12.116011,46.522388,1471.62 12.116208,46.52258,1473.4 12.116564,46.522868,1476.28 12.116601,46.522967,1477.06 12.11656,46.523049,1477.59 12.116445,46.523074,1478.1 12.116347,46.523042,1478.55 12.11623,46.522962,1479.25 12.11535,46.522122,1485.58 12.115188,46.522014,1486.14 12.115042,46.521932,1486.6 12.114864,46.521906,1487.05 12.11469,46.521903,1487.5 12.114445,46.521944,1488.86 12.114303,46.521943,1489.63 12.114168,46.521927,1490.37 12.114034,46.521874,1491.2 12.113914,46.521801,1492.06 12.113695,46.521649,1493.73 12.113588,46.521572,1494.57 12.113483,46.521528,1495.23 12.113317,46.52152,1496.52 12.113192,46.521565,1497.61 12.113163,46.521622,1498.36 12.113163,46.521678,1499.05 12.113188,46.521802,1499.96 12.113266,46.521937,1500.97 12.113396,46.522046,1501.92 12.113586,46.522146,1502.91 12.114325,46.522448,1507.71 12.114549,46.522532,1508.68 12.114662,46.522592,1509.94 12.114748,46.522668,1511.11 12.114751,46.522785,1511.89 12.114686,46.522885,1512.62 12.114576,46.523059,1513.89 12.114467,46.523196,1514.93 12.114377,46.523301,1515.64 12.114247,46.52338,1516.34 12.114146,46.523405,1516.77 12.11405,46.523403,1517.16 12.113963,46.523352,1517.62 12.113945,46.523235,1518.31 12.113927,46.523094,1519.34 12.113879,46.522997,1520.08 12.113785,46.522975,1520.57 12.113664,46.523023,1521.27 12.113648,46.523106,1521.89 12.113654,46.523209,1522.63 12.113688,46.523374,1523.59 12.113702,46.523495,1524.07 12.113684,46.523674,1524.37 12.113576,46.523892,1524.75 12.113496,46.524063,1525.05 12.113411,46.524181,1525.48 12.113282,46.524318,1526.01 12.113093,46.524391,1526.49 12.112866,46.524412,1526.38 12.112664,46.524398,1526.48 12.112477,46.524354,1526.58 12.112211,46.524269,1526.9 12.111997,46.524139,1527.22 12.11178,46.523919,1528.42 12.111399,46.523441,1530.35 12.111134,46.523138,1532.28 12.110942,46.522945,1532.76 12.110659,46.52275,1534.21 12.110487,46.522655,1535.06 12.110046,46.522493,1537.01 12.110015,46.522478,1539 12.110034,46.522448,1539 12.110063,46.522405,1538.6 12.110112,46.52234,1538 12.110169,46.522255,1537.2 12.110227,46.522178,1536.5 12.110289,46.522093,1535.8 12.11037,46.521975,1534.7 12.110447,46.521865,1534.7 12.110509,46.521776,1534.7 12.110555,46.521706,1534.7 12.110581,46.521632,1534.7 12.110575,46.521542,1534.7 12.110523,46.521457,1534.7 12.110432,46.521393,1534.6 12.110337,46.521355,1534.6 12.110228,46.521341,1534.5 12.110109,46.521341,1534.5 12.109987,46.521372,1534.5 12.109866,46.521419,1534.4 12.109758,46.521463,1534.6 12.109633,46.521499,1534.7 12.109515,46.521523,1534.9 12.109361,46.521546,1534.8 12.109207,46.52156,1534.8 12.109027,46.521571,1534.7 12.10882,46.521565,1534.4 12.108597,46.521551,1534 12.108402,46.521533,1533.7 12.108191,46.521519,1533.2 12.107998,46.521504,1532.7 12.107827,46.521481,1532.3 12.107685,46.521444,1531.9 12.107548,46.521388,1531.5 12.107333,46.521298,1530.9 12.107152,46.521221,1530.2 12.107012,46.521156,1529.6 12.106877,46.521087,1529 12.106771,46.521018,1528.4 12.106642,46.520911,1527.5 12.106547,46.520807,1526.7 12.106447,46.520679,1525.8 12.106353,46.520559,1525 12.106279,46.520454,1524.2 12.106192,46.520337,1523.1 12.106102,46.520209,1521.8 12.10602,46.520093,1520.6 12.105967,46.520009,1519.9 12.105913,46.519928,1519.2 12.10584,46.519824,1518.3 12.105777,46.51976,1518 12.105687,46.519712,1517.7 12.105586,46.519684,1517.4 12.105399,46.519656,1517.3 12.105193,46.51964,1517.1 12.105001,46.519616,1517 12.10478,46.51958,1517 12.104597,46.519541,1517.1 12.104435,46.519505,1517.2 12.104278,46.519465,1517.2 12.104137,46.51941,1517.3 12.104006,46.519342,1517.4 12.103846,46.519255,1517.5 12.103652,46.519143,1517.7 12.103507,46.519057,1517.8 12.103325,46.518961,1518 12.103193,46.518874,1518.1 12.103062,46.518768,1518.2 12.102908,46.518639,1517.6 12.102767,46.518517,1517.1 12.102628,46.518415,1516.6 12.102478,46.5183,1515.9 12.102304,46.518175,1515.1 12.102133,46.518047,1514.4 12.102029,46.517971,1513.8 12.101912,46.517898,1513.1 12.10178,46.517816,1512.4 12.101619,46.517728,1511.7 12.101451,46.517636,1510.9 12.101302,46.517554,1510.3 12.10115,46.517475,1509.6 12.101015,46.517408,1509.1 12.100903,46.517358,1508.6 12.100828,46.517325,1508.3 12.100735,46.517294,1508 12.100638,46.517278,1507.7 12.100521,46.517281,1507.3 12.100392,46.5173,1507 12.100282,46.517323,1506.7 12.10017,46.517331,1506.6 12.100073,46.517322,1506.5 12.099987,46.517293,1506.4 12.099921,46.51725,1506.5 12.099836,46.517182,1506.6 12.099767,46.517118,1506.7 12.099669,46.517019,1507 12.099582,46.51693,1507.3 12.099487,46.516833,1507.6 12.099388,46.516736,1507.9 12.099301,46.516652,1508.1 12.099214,46.516598,1508.3 12.099112,46.516557,1508.5 12.09899,46.516519,1508.7 12.098863,46.516499,1508.9 12.098738,46.516483,1509 12.098578,46.51647,1509.2 12.098427,46.516462,1509.4 12.098222,46.516459,1509.7 12.097939,46.516465,1510.1 12.097677,46.516469,1510.4 12.097478,46.516471,1510.7 12.097249,46.516479,1511 12.097001,46.516489,1511.2 12.096743,46.516507,1511.4 12.096483,46.51652,1512.1 12.09623,46.516536,1512.8 12.095997,46.516555,1513.6 12.095785,46.516565,1514.3 12.095547,46.51658,1515 12.095421,46.516583,1515.5 12.095312,46.516576,1516.1 12.095208,46.516554,1516.6 12.095111,46.516522,1517 12.094977,46.516458,1517.6 12.094841,46.516389,1518.1 12.094707,46.516324,1518.7 12.094592,46.51627,1519.2 12.094484,46.516213,1519.6 12.094406,46.51615,1519.9 12.094335,46.516079,1520.2 12.09427,46.515994,1520.6 12.094239,46.515907,1520.9 12.094195,46.5158,1521.4 12.094156,46.515713,1521.7 12.094096,46.515631,1522.1 12.094028,46.51556,1522.4 12.093916,46.515471,1522.9 12.09378,46.515373,1523.6 12.093628,46.515262,1524.5 12.093483,46.515164,1525.4 12.093345,46.515071,1526.2 12.093233,46.514988,1526.9 12.093107,46.514897,1527.7 12.093019,46.514836,1528.2 12.09292,46.514786,1528.7 12.092794,46.514746,1529.3 12.092655,46.51471,1529.9 12.092464,46.514672,1530.8 12.092245,46.514634,1531.7 12.092037,46.514593,1532.6 12.091805,46.514542,1533.6 12.091544,46.514488,1534.7 12.091316,46.514438,1535.7 12.091127,46.51439,1536.5 12.090953,46.514354,1537 12.090804,46.514317,1537.8 12.090684,46.514299,1538.5 12.090534,46.514285,1539.2 12.090359,46.514285,1540 12.090169,46.514291,1540.9 12.089969,46.514302,1541.8 12.089764,46.514312,1542.8 12.089627,46.514312,1543.7 12.089533,46.514308,1544.3 12.089451,46.514288,1544.9 12.089374,46.514247,1545 12.089334,46.514197,1545.6 12.089312,46.514151,1546.1 12.0893,46.514105,1546.6 12.089305,46.514043,1547.2 12.089337,46.513979,1548 12.0894,46.513929,1548.7 12.089497,46.513877,1549.5 12.089589,46.513829,1550.2 12.089678,46.513763,1551.2 12.089735,46.513699,1552 12.089785,46.513618,1553 12.08985,46.513521,1554.1 12.089906,46.513417,1555.2 12.089952,46.513303,1556.4 12.089995,46.513206,1557.8 12.090047,46.513113,1558.8 12.090093,46.513029,1559.8 12.090107,46.512961,1560.6 12.090085,46.512905,1561.4 12.090036,46.512872,1561.9 12.089975,46.512856,1562.5 12.089908,46.512852,1563.1 12.089816,46.512868,1563.9 12.089682,46.512914,1565.1 12.089568,46.512967,1566.2 12.089458,46.513016,1567.6 12.089331,46.513075,1568.9 12.08923,46.513131,1570 12.089137,46.51319,1571 12.089051,46.513263,1572 12.088986,46.513349,1573 12.08893,46.513451,1574.1 12.088891,46.513541,1575 12.088834,46.513598,1575.6 12.088772,46.51363,1576.2 12.088672,46.513635,1576.8 12.088586,46.513616,1577.4 12.088529,46.513589,1577.8 12.088495,46.513562,1578.2 12.088466,46.51351,1578.8 12.088474,46.513433,1579.6 12.088525,46.51334,1580.7 12.088601,46.513224,1582.1 12.088668,46.513112,1583.4 12.088726,46.51301,1584.6 12.0888,46.512886,1586 12.088882,46.512766,1587.2 12.088933,46.512645,1588.4 12.08897,46.51254,1589.4 12.088982,46.512406,1590.8 12.088979,46.512297,1591.8 12.08897,46.512164,1593.2 12.088953,46.512045,1594.4 12.088927,46.511928,1595.5 12.088887,46.511805,1596.7 12.088837,46.511693,1597.9 12.088773,46.511564,1599.2 12.088717,46.511513,1599.9 12.088649,46.511479,1600.4 12.088577,46.511473,1600.9 12.088506,46.511482,1601.4 12.088451,46.511524,1601.8 12.088425,46.51158,1602.3 12.088437,46.511645,1602.9 12.088482,46.5117,1603.4 12.088549,46.511763,1604 12.088595,46.511814,1604.5 12.088621,46.51186,1605.1 12.088633,46.511917,1605.6 12.088605,46.511966,1606 12.088548,46.512003,1606.5 12.088479,46.51202,1606.9 12.088405,46.512012,1607.3 12.08834,46.51199,1607.8 12.088282,46.511936,1608.3 12.088267,46.511873,1608.9 12.088258,46.511802,1609.5 12.088238,46.511743,1610 12.088207,46.511681,1610.6 12.088156,46.51162,1611 12.088092,46.511572,1611.5 12.088017,46.511537,1611.9 12.08794,46.511517,1612.2 12.087851,46.511513,1612.6 12.087749,46.511527,1613.1 12.087652,46.511571,1613.6 12.087569,46.511634,1614.3 12.087466,46.511721,1615.3 12.087354,46.511806,1616.2 12.087274,46.511868,1616.9 12.087204,46.511914,1617.5 12.087114,46.511945,1618 12.087009,46.511964,1618.7 12.086903,46.511965,1619.3 12.086794,46.511942,1620 12.08669,46.511903,1620.6 12.086578,46.511856,1621.4 12.086446,46.511801,1622.3 12.086284,46.511738,1623.3 12.08614,46.511687,1624.3 12.085981,46.511629,1625.3 12.085865,46.511586,1626.1 12.085757,46.511541,1626.8 12.085689,46.511492,1627.3 12.085656,46.511429,1628.3 12.085637,46.511364,1628.9 12.085637,46.511291,1629.5 12.085625,46.511204,1630.5 12.085578,46.511148,1631.3 12.085496,46.511113,1631.9 12.085412,46.511118,1632.6 12.085335,46.511145,1633.2 12.08529,46.511187,1633.8 12.085268,46.511252,1634.5 12.085275,46.511324,1635.4 12.085284,46.511398,1636.4 12.085281,46.511457,1637.1 12.085236,46.511499,1637.8 12.085163,46.511529,1638.5 12.085084,46.511528,1639.2 12.085021,46.511502,1639.9 12.084969,46.511453,1640.7 12.084944,46.511403,1641.3 12.084922,46.51133,1642.3 12.084897,46.511268,1643.1 12.084856,46.51121,1644 12.084802,46.511152,1644.8 12.084699,46.51108,1646.1 12.084605,46.511011,1647.3 12.084491,46.510925,1648.8 12.084397,46.510844,1650.2 12.084289,46.510755,1651.2 12.084217,46.51068,1651.9 12.084175,46.510608,1652.7 12.084162,46.510509,1653.5 12.084175,46.510404,1654.3 12.084199,46.510315,1654.9 12.084238,46.510221,1655.6 12.084285,46.510128,1656 12.084333,46.510019,1656.6 12.084372,46.509902,1657.1 12.084383,46.509814,1657.6 12.084373,46.50972,1658.2 12.084337,46.509636,1658.4 12.084257,46.509551,1658.8 12.084145,46.509464,1659.2 12.084014,46.509364,1659.7 12.08389,46.509276,1660 12.083796,46.509201,1660.4 12.083717,46.509111,1660.7 12.083644,46.508999,1661.3 12.083548,46.508824,1662.2 12.083482,46.508698,1662.9 12.08344,46.50862,1663.3 12.083379,46.508544,1663.7 12.083288,46.508471,1664.3 12.083194,46.508423,1665 12.083012,46.50836,1666 12.082826,46.508303,1667 12.082651,46.508235,1667.7 12.082507,46.508164,1668.6 12.082386,46.508099,1669.4 12.082261,46.508017,1670.3 12.082106,46.5079,1671.5 12.081992,46.507812,1672.4 12.081792,46.507673,1673.8 12.081605,46.50754,1675.2 12.081393,46.507394,1676.7 12.081186,46.507251,1678.3 12.08097,46.507095,1680 12.080765,46.506946,1681.5 12.080574,46.506806,1683.1 12.08038,46.50666,1684.9 12.080241,46.506558,1686 12.080082,46.506437,1687.4 12.079943,46.506342,1688.4 12.079817,46.506261,1689.3 12.079679,46.506191,1690.3 12.079531,46.50613,1691.3 12.0793,46.506048,1692.6 12.079019,46.505954,1694.4 12.078778,46.505879,1696 12.078512,46.505808,1697.6 12.0782,46.505737,1699.3 12.077913,46.505674,1701.3 12.07771,46.505622,1702.3 12.077506,46.505564,1703.3 12.077273,46.505483,1704.4 12.077034,46.505397,1705.5 12.076885,46.505341,1706.1 12.076801,46.505308,1706.5 12.07673,46.505263,1706.9 12.076715,46.50521,1707.2 12.076757,46.505142,1707.7 12.076828,46.505067,1708.2 12.076896,46.504977,1708.8 12.076951,46.50489,1709.2 12.076986,46.504802,1709.7 12.077002,46.504711,1710.2 12.077006,46.504594,1711 12.077,46.504475,1711.9 12.076994,46.504351,1712.8 12.076972,46.504247,1713.4 12.076925,46.504168,1714 12.07683,46.504075,1714.8 12.076704,46.503966,1715.9 12.076558,46.503841,1717.1 12.076425,46.50373,1718.3 12.076343,46.503633,1719.2 12.07631,46.503568,1719.8 12.076298,46.503475,1720.6 12.076331,46.503371,1721.5 12.076382,46.503295,1722.2 12.076446,46.503209,1723 12.076512,46.503121,1723.8 12.076541,46.503051,1724.4 12.076523,46.502995,1724.9 12.076476,46.502945,1725.4 12.076389,46.502921,1726 12.07625,46.502917,1726.8 12.076057,46.502929,1727.9 12.075891,46.502942,1728.8 12.075745,46.502945,1729.7 12.075657,46.502942,1730.2 12.075579,46.502924,1730.7 12.075515,46.502888,1731.2 12.075491,46.502834,1731.6 12.075509,46.502769,1732.2 12.075566,46.50272,1732.7 12.075637,46.502681,1733.2 12.075743,46.502647,1733.9 12.075859,46.502621,1734.6 12.075965,46.502579,1735.3 12.07606,46.502521,1736 12.076098,46.502455,1736.6 12.076129,46.502358,1737.5 12.076153,46.502269,1738.2 12.076169,46.502175,1739.2 12.076161,46.502099,1740 12.076142,46.502048,1740.6 12.07609,46.502014,1741.1 12.07601,46.502005,1741.7 12.075914,46.502021,1742.5 12.075852,46.502074,1743.2 12.075831,46.502133,1743.8 12.075832,46.502208,1744.6 12.075798,46.502276,1745.4 12.075728,46.502332,1746.2 12.075634,46.502342,1746.9 12.075557,46.502336,1747.4 12.075495,46.502299,1748 12.075467,46.502242,1748.7 12.075491,46.502163,1749.5 12.075548,46.502087,1750.5 12.075616,46.501966,1751.8 12.075674,46.501866,1753 12.075728,46.501775,1753.9 12.075774,46.501697,1754.7 12.075787,46.501635,1755.3 12.075759,46.50158,1755.8 12.075704,46.501546,1756.3 12.075634,46.501529,1756.8 12.075542,46.501545,1757.4 12.075469,46.501586,1758 12.075436,46.501658,1758.7 12.075433,46.501748,1759.6 12.075428,46.501839,1760.4 12.075396,46.501899,1761 12.075355,46.501945,1761.6 12.075263,46.501969,1762.1 12.075174,46.501953,1762.7 12.075097,46.501897,1763.2 12.075081,46.501841,1763.7 12.075086,46.501757,1764.4 12.075109,46.501642,1765.4 12.075134,46.501539,1766.3 12.075166,46.501464,1767 12.075242,46.501371,1767.9 12.075328,46.501302,1768.7 12.075415,46.50123,1769.5 12.075465,46.501168,1770.1 12.075502,46.501098,1770.7 12.075526,46.501026,1771.4 12.075537,46.500936,1772 12.075541,46.500799,1772.8 12.075538,46.500664,1773.7 12.075529,46.500483,1774.8 12.075514,46.500351,1775.7 12.075494,46.500206,1776.6 12.075484,46.50009,1777.3 12.075491,46.499944,1778.5 12.075497,46.499788,1779.8 12.075512,46.49963,1781.1 12.07554,46.499483,1782.3 12.075573,46.499346,1783.4 12.075612,46.499182,1784.7 12.075647,46.499022,1786.1 12.075681,46.498864,1788 12.075698,46.498732,1789.6 12.075714,46.498561,1791.6 12.075726,46.498403,1793.5 12.075747,46.498272,1795 12.075771,46.49816,1796.3 12.075808,46.498056,1797.6 12.075866,46.497926,1799.1 12.075921,46.497808,1800.6 12.075963,46.49771,1801.7 12.076014,46.497586,1803.1 12.076033,46.497491,1804.2 12.07605,46.497405,1805.1 12.076048,46.497317,1806.1 12.076023,46.497219,1807.2 12.075987,46.497126,1808.2 12.075934,46.497027,1809.4 12.075868,46.496931,1810.5 12.075786,46.496811,1812 12.075717,46.496698,1813 12.075632,46.496552,1814.5 12.07556,46.496432,1815.8 12.075502,46.496335,1816.8 12.075459,46.496262,1817.6 12.075426,46.496177,1818.5 12.075424,46.49611,1819.2 12.075436,46.496051,1819.7 12.07548,46.495997,1820.3 12.075551,46.495966,1820.9 12.075667,46.495958,1821.7 12.075814,46.495978,1822.8 12.075971,46.495977,1824 12.076081,46.495944,1824.9 12.076155,46.495892,1825.7 12.076188,46.495844,1826.3 12.076183,46.495784,1826.9 12.076145,46.495719,1827.7 12.076091,46.495623,1828.8 12.076059,46.495553,1829.6 12.076028,46.495465,1830.5 12.076001,46.495352,1831.8 12.075993,46.495244,1832.8 12.075987,46.495178,1833.5 12.075962,46.495127,1834 12.075906,46.495084,1834.6 12.075815,46.49507,1835 12.075727,46.495092,1835.6 12.075672,46.495137,1836.1 12.075661,46.495197,1836.7 12.075651,46.495276,1837.4 12.075625,46.495329,1838 12.075575,46.495365,1838.6 12.075499,46.49539,1839.2 12.075432,46.495382,1839.7 12.075372,46.495359,1840.2 12.075334,46.49532,1840.7 12.075321,46.495268,1841.3 12.075357,46.495171,1842.4 12.075429,46.495009,1843.9 12.075503,46.49488,1845.3 12.075563,46.494764,1846.5 12.075607,46.494667,1847.4 12.075627,46.494597,1848.2 12.075632,46.494516,1849 12.075598,46.494419,1849.9 12.075543,46.49434,1850.8 12.075442,46.494255,1851.9 12.075289,46.494172,1853.3 12.075128,46.494084,1854.7 12.074923,46.493976,1856.4 12.074753,46.49388,1857.8 12.074629,46.493817,1859.2 12.074516,46.493755,1860.3 12.074382,46.493684,1861.5 12.074254,46.493613,1862.8 12.074178,46.493562,1863.7 12.074114,46.493509,1864.5 12.074064,46.493453,1865.3 12.074009,46.493371,1866.4 12.073959,46.49326,1867.7 12.073921,46.493137,1869 12.073879,46.493039,1870.2 12.073835,46.49295,1871.1 12.073781,46.492875,1871.8 12.073705,46.492841,1872.5 12.073606,46.492833,1873.2 12.073523,46.492869,1874 12.073479,46.492937,1874.8 12.073456,46.493017,1875.8 12.073445,46.493105,1876.8 12.073416,46.493162,1877.5 12.073363,46.49321,1878.2 12.073297,46.493231,1878.8 12.073229,46.49324,1879.4 12.073165,46.493233,1879.9 12.073113,46.493196,1880.5 12.073074,46.493146,1881.2 12.073029,46.493068,1882.2 12.072981,46.493003,1883 12.072935,46.492932,1883.9 12.0729,46.492853,1884.9 12.072882,46.492792,1885.6 12.072895,46.492714,1886.6 12.072952,46.492618,1887.4 12.072974,46.492553,1888 12.072975,46.492488,1888.6 12.072955,46.49242,1889.1 12.072897,46.49235,1889.7 12.072806,46.492293,1890.6 12.072616,46.492207,1891.5 12.072475,46.492141,1892.4 12.072345,46.492085,1893.2 12.072232,46.492041,1893.9 12.072132,46.492029,1894.5 12.072051,46.492051,1895 12.071988,46.492106,1895.4 12.071976,46.492166,1895.8 12.071994,46.492222,1896.2 12.072035,46.492283,1896.7 12.072107,46.492365,1897.4 12.072193,46.492453,1898.1 12.072233,46.492506,1898.7 12.072271,46.49256,1899.3 12.072273,46.492623,1899.6 12.072235,46.49268,1900.1 12.072172,46.492709,1900.5 12.072101,46.492722,1900.9 12.072033,46.492712,1901.2 12.071986,46.492688,1901.5 12.07194,46.492643,1902 12.071896,46.492589,1902.9 12.071845,46.49252,1903.7 12.071798,46.49244,1904.7 12.071739,46.492348,1905.6 12.071685,46.492264,1906.5 12.071612,46.492176,1907.4 12.071528,46.492098,1908.4 12.071416,46.492027,1909.6 12.071259,46.491946,1910.8 12.071131,46.491873,1912.2 12.071004,46.491793,1913.8 12.07088,46.491698,1915.4 12.070761,46.491607,1916.9 12.07063,46.491516,1918.6 12.070543,46.491448,1919.8 12.070455,46.491383,1920.9 12.070398,46.491329,1921.7 12.070365,46.49127,1922.4 12.070352,46.491198,1923.6 12.070354,46.491122,1924.5 12.070371,46.491015,1925.8 12.070399,46.490932,1926.8 12.070409,46.490861,1927.6 12.070402,46.4908,1928.4 12.070353,46.490755,1929.1 12.070281,46.49072,1929.8 12.07018,46.490693,1930.7 12.070048,46.490664,1931.8 12.069881,46.490628,1933.3 12.06968,46.490581,1934.8 12.069552,46.490536,1935.8 12.069445,46.49049,1936.7 12.069347,46.490432,1937.6 12.069253,46.490355,1938.6 12.069185,46.490304,1939.3 12.069098,46.490262,1940.1 12.069017,46.490239,1940.7 12.068906,46.490226,1941.5 12.068771,46.490207,1942.3 12.068643,46.490182,1943.3 12.068534,46.490152,1944.3 12.068424,46.490123,1945 12.068315,46.490086,1945.9 12.06822,46.49005,1946.7 12.068118,46.490006,1947.5 12.068001,46.48993,1948.6 12.067887,46.489839,1949.9 12.067797,46.489745,1951 12.067685,46.48961,1952.6 12.067602,46.489511,1953.9 12.067516,46.489402,1954.9 12.067426,46.489291,1956 12.067359,46.489197,1956.9 12.0673,46.489102,1957.8 12.067254,46.489003,1958.7 12.067198,46.488883,1959.8 12.067167,46.488792,1960.6 12.067127,46.488741,1961.1 12.067082,46.488697,1961.5 12.067032,46.488675,1961.9 12.066971,46.488668,1962.3 12.066901,46.488674,1962.7 12.06685,46.488696,1963.1 12.066821,46.488725,1963.5 12.066798,46.488779,1964 12.066802,46.48887,1964.7 12.066817,46.488971,1965.5 12.066828,46.489131,1967 12.066836,46.489301,1968.4 12.066851,46.489483,1970 12.066856,46.489579,1970.9 12.066855,46.489645,1971.5 12.066824,46.489695,1972 12.066786,46.48972,1972.4 12.066713,46.489731,1972.8 12.066655,46.489731,1973.2 12.066587,46.489713,1973.5 12.066527,46.489667,1974 12.066481,46.489595,1974.6 12.066437,46.489521,1975.3 12.066375,46.489459,1976.2 12.066295,46.4894,1977.1 12.066177,46.489323,1978.6 12.066055,46.489242,1980.2 12.065959,46.489177,1981.6 12.065855,46.489106,1983 12.065761,46.48905,1984.3 12.065674,46.489001,1985.5 12.065564,46.488962,1986.7 12.065443,46.488933,1988 12.065306,46.488904,1989.4 12.065168,46.488871,1991 12.065059,46.488843,1992.2 12.064959,46.488805,1993.5 12.06485,46.48875,1994.9 12.064737,46.48868,1996.5 12.064645,46.488614,1997.5 12.064538,46.48853,1999.2 12.064428,46.488429,2000.7 12.064328,46.488334,2002 12.064241,46.488257,2003.2 12.064182,46.488225,2003.8 12.064132,46.488208,2004.4 12.064057,46.488207,2005 12.063998,46.48823,2005.6 12.063961,46.488263,2005.9 12.063931,46.488315,2006.3 12.063928,46.488452,2007.6 12.063929,46.488621,2009.1 12.063924,46.488788,2010.5 12.063919,46.488929,2011.7 12.06391,46.489124,2013.3 12.063903,46.489302,2014.8 12.063899,46.489473,2016.7 12.063893,46.489618,2018.3 12.063873,46.489734,2019.6 12.063818,46.48991,2021.5 12.06377,46.490042,2022.6 12.063722,46.49017,2023.7 12.063652,46.490353,2025.8 12.063623,46.490467,2027.1 12.063614,46.490596,2028.3 12.063637,46.490749,2029.7 12.063686,46.490959,2031.9 12.063748,46.491182,2034.2 12.0638,46.49139,2036.5 12.063833,46.491573,2038.5 12.06384,46.491703,2040 12.063832,46.491813,2041.2 12.063821,46.491887,2042.1 12.063794,46.491942,2042.7 12.063752,46.491987,2043.4 12.063676,46.492022,2044.1 12.063585,46.492041,2044.8 12.063508,46.492034,2045.3 12.06343,46.492011,2046 12.063353,46.491961,2046.8 12.063317,46.491904,2047.4 12.063291,46.491826,2048.2 12.063264,46.491715,2049.2 12.063237,46.491572,2050.5 12.063209,46.491422,2051.6 12.063189,46.491305,2052.5 12.063173,46.491218,2053.2 12.063142,46.491123,2054 12.063104,46.491066,2054.6 12.063052,46.49103,2055 12.062985,46.491013,2055.4 12.062924,46.491016,2055.7 12.062859,46.491037,2056.1 12.062809,46.491075,2056.5 12.062785,46.49114,2057 12.0628,46.491246,2057.7 12.062832,46.491381,2059 12.062857,46.491481,2059.9 12.062851,46.491547,2060.5 12.062824,46.491611,2061 12.062781,46.491667,2061.6 12.062685,46.491737,2062.4 12.062539,46.491806,2063.5 12.062408,46.49187,2064.4 12.06226,46.491947,2065.5 12.062142,46.492017,2066.4 12.062006,46.492109,2067.5 12.061903,46.492194,2068.5 12.061836,46.492274,2069.3 12.06178,46.492332,2069.8 12.06171,46.492368,2070.4 12.061633,46.492375,2070.8 12.06156,46.492368,2071.2 12.061491,46.492332,2071.7 12.061462,46.492279,2072.2 12.061463,46.492216,2072.8 12.061512,46.492133,2073.8 12.061611,46.491999,2075.4 12.061665,46.491906,2076.3 12.061708,46.49182,2077.2 12.061723,46.491722,2078.2 12.061726,46.491656,2078.9 12.061719,46.49158,2079.7 12.06169,46.491464,2080.8 12.061652,46.49135,2082 12.061635,46.49125,2083 12.061626,46.491176,2083.6 12.061628,46.491093,2084.4 12.061637,46.490986,2085.3 12.061662,46.490874,2086.2 12.061669,46.490767,2087.1 12.061659,46.490679,2087.7 12.061633,46.490597,2088.4 12.061583,46.490519,2089.1 12.061503,46.490431,2089.9 12.061408,46.490337,2090.7 12.061298,46.490239,2091.7 12.061148,46.490104,2093.1 12.060994,46.489974,2094.6 12.060803,46.489801,2096.5 12.06064,46.489649,2098.1 12.060504,46.48952,2099.5 12.060336,46.489372,2101.1 12.060216,46.489266,2102.2 12.06011,46.489168,2103.5 12.060032,46.489097,2104.5 12.059941,46.489016,2105.9 12.059875,46.488967,2106.8 12.059793,46.488927,2107.6 12.059674,46.488901,2108.7 12.059529,46.488888,2110.1 12.059394,46.488871,2111.3 12.059262,46.488835,2112.7 12.059061,46.488762,2114.2 12.058891,46.488697,2115.8 12.058693,46.488618,2117.7 12.058456,46.488523,2120.1 12.058304,46.488462,2121.7 12.058186,46.488414,2122.9 12.058047,46.488347,2124.4 12.057934,46.488279,2125.7 12.057831,46.488192,2126.9 12.057713,46.48806,2128.5 12.057622,46.487957,2129.7 12.057547,46.487867,2130.4 12.057474,46.487786,2131.1 12.057428,46.487711,2131.5 12.057392,46.487637,2131.8 12.057363,46.487556,2132.3 12.057355,46.487463,2132.8 12.057367,46.487386,2133.3 12.057411,46.487275,2133.9 12.057486,46.487133,2134.8 12.057543,46.487018,2135.5 12.057601,46.486905,2136.1 12.057626,46.486831,2136.6 12.057638,46.486745,2137.1 12.057619,46.486647,2137.6 12.057596,46.486566,2138.1 12.057546,46.486455,2138.7 12.057447,46.486282,2139.8 12.05739,46.486176,2140.4 12.05736,46.486096,2140.9 12.057353,46.486004,2141.4 12.057373,46.485922,2141.9 12.057436,46.485864,2142.3 12.057531,46.485802,2142.8 12.057695,46.485724,2143.5 12.057849,46.485656,2144.1 12.058178,46.485506,2146 12.058427,46.485388,2147.2 12.058539,46.485331,2147.7 12.058648,46.485263,2148.3 12.05873,46.485198,2148.9 12.058801,46.485115,2149.6 12.058856,46.485024,2150.4 12.058959,46.484848,2152.2 12.059055,46.484679,2154.2 12.059138,46.484527,2156 12.059233,46.484371,2157.9 12.059331,46.484226,2158.9 12.059423,46.484093,2160.3 12.059521,46.48394,2161.9 12.059601,46.483818,2163.2 12.059701,46.483653,2164.9 12.0598,46.483507,2166.5 12.059903,46.483343,2168.3 12.059945,46.483243,2169.2 12.059945,46.483152,2170.1 12.059922,46.483055,2171 12.059871,46.482985,2171.7 12.059813,46.482923,2172.3 12.059735,46.482867,2173 12.059623,46.482813,2173.8 12.059487,46.482781,2174.6 12.059306,46.48277,2175.7 12.059085,46.482769,2177 12.058796,46.482769,2178.7 12.058539,46.482771,2180.2 12.058207,46.482773,2182.8 12.057735,46.482771,2186.4 12.057472,46.482771,2188.4 12.057181,46.48277,2190.7 12.056902,46.482769,2192.8 12.056765,46.482765,2193.9 12.056658,46.482738,2194.8 12.056597,46.482697,2195.4 12.056551,46.482639,2196.2 12.056543,46.482579,2196.8 12.056565,46.482515,2197.6 12.056625,46.482447,2198.4 12.056687,46.482389,2199.2 12.056773,46.482321,2200.1 12.056899,46.482214,2201.6 12.05702,46.482115,2202.9 12.057164,46.482001,2204.5 12.057263,46.481921,2205.6 12.05733,46.481857,2206.5 12.05737,46.481792,2207.2 12.057388,46.481736,2207.8 12.057385,46.481684,2208.4 12.057351,46.48162,2209.1 12.057295,46.48156,2209.9 12.057231,46.481518,2210.5 12.057148,46.481484,2211.2 12.05703,46.481475,2212.1 12.056907,46.481488,2212.9 12.056754,46.481523,2214.1 12.056534,46.481582,2215.8 12.05635,46.481631,2217.3 12.056192,46.48169,2218.6 12.056021,46.481776,2220.2 12.055799,46.481893,2222.4 12.055496,46.482055,2225.3 12.055254,46.482191,2227.7 12.055016,46.48233,2230 12.054883,46.482399,2231.3 12.05475,46.482466,2232.6 12.054631,46.4825,2233.5 12.054489,46.482516,2234.6 12.05432,46.482521,2235.3 12.054092,46.482519,2236.3 12.053921,46.482518,2236.6 12.053711,46.482515,2237 12.053546,46.482515,2236.8 12.05339,46.482514,2236.7 12.053263,46.482532,2236.5 12.053171,46.482577,2236.4 12.053127,46.482626,2236.3 12.053095,46.482719,2235.7 12.053063,46.482846,2234.8 12.05304,46.482995,2233.4 12.053019,46.48313,2232.1 12.053001,46.483253,2230.9 12.052985,46.483348,2230.1 12.052968,46.483451,2228.9 12.052949,46.48352,2228.1 12.052904,46.483591,2227.3 12.052844,46.48364,2226.6 12.05274,46.483695,2225.6 12.052542,46.483764,2224.1 12.052315,46.483839,2221.9 12.052141,46.483893,2220.4 12.051978,46.483948,2219 12.051862,46.483995,2218 12.051754,46.484049,2217 12.051638,46.484122,2215.7 12.051511,46.484222,2214.2 12.0514,46.484321,2212.7 12.051296,46.484422,2211.3 12.0512,46.484512,2209.9 12.051123,46.484558,2209.1 12.051062,46.484577,2208.5 12.050981,46.484584,2207.9 12.050875,46.484578,2207 12.050792,46.484555,2206.3 12.050726,46.484513,2205.5 12.050675,46.484463,2204.8 12.05063,46.484398,2203.9 12.050588,46.484311,2202.8 12.050546,46.484228,2201.8 12.050493,46.484127,2200.5 12.050436,46.484019,2199.2 12.050381,46.483929,2198.2 12.050319,46.483869,2197.5 12.050223,46.483818,2196.7 12.050114,46.483791,2195.9 12.050006,46.483786,2195.2 12.049888,46.483802,2194.4 12.049783,46.483839,2193.6 12.049693,46.483892,2192.8 12.049638,46.483959,2192 12.049609,46.484049,2191.1 12.049605,46.484147,2190.2 12.049596,46.484253,2189.1 12.049579,46.484328,2188.4 12.049536,46.484387,2187.8 12.049469,46.484424,2187.2 12.049392,46.484448,2186.6 12.049316,46.48445,2186.1 12.049248,46.484431,2185.6 12.049182,46.484396,2185.1 12.049135,46.48434,2184.4 12.049106,46.484255,2183.6 12.049086,46.484166,2182.7 12.049073,46.484098,2182.1 12.049044,46.484031,2181.4 12.048982,46.48397,2180.7 12.048892,46.483923,2179.9 12.048724,46.483855,2178.7 12.048586,46.483805,2177.6 12.048449,46.483755,2176.6 12.048341,46.483717,2175.8 12.048246,46.483707,2175.2 12.048167,46.48372,2174.6 12.048078,46.483765,2173.9 12.048023,46.483818,2173.3 12.047986,46.483892,2172.5 12.04797,46.483987,2171.6 12.047954,46.484109,2170.5 12.04795,46.484226,2169.2 12.047938,46.484353,2167.9 12.047933,46.484475,2166.6 12.047922,46.484557,2165.8 12.047887,46.484614,2165.1 12.047832,46.484664,2164.5 12.047748,46.4847,2163.7 12.047608,46.484712,2162.8 12.04745,46.484706,2161.7 12.047215,46.484691,2159.9 12.046969,46.48467,2158 12.046744,46.484656,2156.3 12.046528,46.484643,2154.7 12.046361,46.484632,2153.4 12.046215,46.484626,2152.3 12.046099,46.484636,2151.4 12.046007,46.48467,2150.6 12.045915,46.484718,2149.7 12.045828,46.484799,2148.6 12.04573,46.484909,2147.2 12.045633,46.485039,2145.7 12.045532,46.485151,2144.3 12.045422,46.485252,2142.9 12.045296,46.485338,2141.6 12.045115,46.485444,2139.9 12.044856,46.48559,2137.5 12.044652,46.485708,2135.6 12.044384,46.485862,2133.1 12.044203,46.485968,2131.5 12.044023,46.48607,2129.7 12.043877,46.486133,2128.4 12.043689,46.48619,2126.9 12.043403,46.486265,2124.9 12.043076,46.486349,2122.4 12.042854,46.486405,2120.5 12.042601,46.486467,2118.4 12.04239,46.486521,2116.6 12.042207,46.486569,2115.1 12.042064,46.486603,2113.9 12.041946,46.486626,2113 12.041837,46.48662,2112.1 12.04175,46.486588,2111.4 12.041689,46.486548,2110.8 12.041657,46.486496,2110.2 12.041634,46.486433,2109.5 12.041637,46.486331,2108.3 12.041674,46.4862,2106.8 12.041704,46.486071,2105.3 12.041721,46.485972,2104.2 12.04173,46.485894,2103.3 12.04173,46.485812,2102.4 12.04171,46.485744,2101.6 12.041671,46.485701,2100.9 12.041609,46.485656,2100.2 12.041512,46.48562,2099.5 12.041399,46.485606,2098.6 12.041266,46.485618,2097.5 12.04112,46.485649,2096.3 12.040986,46.485679,2095.2 12.040821,46.485718,2094 12.040692,46.485751,2093.1 12.040591,46.485756,2092.4 12.040509,46.485742,2091.8 12.040428,46.485708,2091.1 12.040388,46.485665,2090.5 12.040324,46.485577,2089.5 12.040265,46.485487,2088.6 12.040195,46.485362,2087.3 12.040137,46.485267,2086.2 12.040094,46.485168,2085.1 12.040065,46.485057,2083.9 12.040047,46.484927,2082.6 12.040046,46.48476,2080.9 12.040055,46.484639,2079.8 12.040077,46.484511,2078.4 12.040088,46.484404,2077.3 12.040089,46.484328,2076.5 12.040069,46.484265,2075.8 12.040024,46.484218,2075.3 12.039944,46.484193,2074.7 12.03985,46.484197,2074 12.039768,46.484229,2073.2 12.039711,46.484278,2072.7 12.039679,46.484382,2071.7 12.039665,46.484507,2070.4 12.039655,46.484654,2069 12.039642,46.484783,2067.5 12.039624,46.484961,2065.7 12.039607,46.485073,2064.6 12.03956,46.485165,2063.6 12.039466,46.485249,2062.6 12.039348,46.48533,2061.4 12.039215,46.485427,2060.1 12.039094,46.485526,2058.8 12.038995,46.48563,2057.6 12.038904,46.485759,2056.2 12.03882,46.485888,2054.7 12.038738,46.486019,2053.3 12.038617,46.486205,2051.3 12.038504,46.48637,2049.5 12.038341,46.486573,2047.1 12.038151,46.486797,2044.5 12.037956,46.487013,2042 12.037806,46.487209,2039.6 12.037656,46.487423,2037.2 12.037531,46.487601,2035.1 12.037469,46.487673,2034.2 12.037395,46.487717,2033.5 12.037307,46.487746,2032.8 12.03719,46.48775,2032 12.03712,46.487736,2031.5 12.037042,46.487701,2030.9 12.037002,46.487655,2030.2 12.036985,46.487613,2029.7 12.036991,46.487554,2029.1 12.037053,46.487426,2027.9 12.037131,46.487319,2026.8 12.037222,46.487185,2025.4 12.037363,46.486965,2023.2 12.037501,46.486766,2021.1 12.037585,46.48666,2020 12.037633,46.486579,2019.2 12.037646,46.486507,2018.5 12.037636,46.486443,2017.9 12.037589,46.486388,2017.3 12.03753,46.486352,2016.8 12.037425,46.486329,2016 12.037291,46.486329,2015.1 12.037193,46.486353,2014.4 12.037118,46.486412,2013.7 12.036981,46.486575,2011.8 12.036899,46.486679,2010.7 12.036798,46.486771,2009.5 12.036714,46.486842,2008.7 12.036588,46.486942,2007.4 12.036438,46.487071,2005.8 12.036347,46.48719,2004.4 12.036264,46.487299,2003.2 12.036187,46.487418,2002.1 12.036139,46.487485,2001.5 12.036082,46.487522,2001 12.036014,46.487545,2000.6 12.035928,46.487557,2000.1 12.03583,46.487552,1999.5 12.03573,46.487517,1998.8 12.03557,46.487444,1997.7 12.035396,46.487371,1996.5 12.035221,46.487298,1995.3 12.035063,46.487231,1994.4 12.03496,46.48719,1993.8 12.034891,46.487152,1993.4 12.034853,46.487104,1993 12.034849,46.487053,1992.4 12.034877,46.486985,1991.6 12.034943,46.486905,1990.5 12.035003,46.486873,1989.9 12.035051,46.48686,1989.4 12.035116,46.486864,1988.9 12.035202,46.486888,1988.2 12.035299,46.486924,1987.2 12.035377,46.486948,1986.5 12.035464,46.486963,1985.9 12.035552,46.486961,1985.3 12.035639,46.486943,1984.7 12.035725,46.486901,1984 12.035795,46.486849,1983.2 12.035838,46.486795,1982.5 12.035862,46.486721,1981.7 12.035866,46.4866,1980.5 12.03586,46.486463,1979 12.035856,46.486263,1976.9 12.035852,46.485968,1973.6 12.035847,46.485781,1971.7 12.035852,46.485665,1970.5 12.035875,46.485578,1969.7 12.035928,46.485456,1968.2 12.035964,46.485353,1966.9 12.035971,46.485234,1965.7 12.035957,46.485096,1964.4 12.035956,46.484973,1963.1 12.035981,46.484864,1962 12.036027,46.484753,1960.8 12.03608,46.484614,1959.2 12.036098,46.484504,1958.1 12.036113,46.484447,1957.5 12.036105,46.484389,1956.9 12.036062,46.484354,1956.4 12.036017,46.484342,1956 12.035978,46.484343,1955.8 12.035936,46.484356,1955.4 12.035904,46.484389,1955 12.03588,46.484449,1954.4 12.035848,46.484521,1953.6 12.035803,46.484629,1952.4 12.03574,46.484728,1951.3 12.035636,46.484866,1949.7 12.035523,46.484978,1948.2 12.035459,46.485027,1947.5 12.035426,46.485046,1947.2 12.035386,46.485055,1946.9 12.035339,46.485053,1946.6 12.035294,46.485041,1946.2 12.03526,46.485009,1945.8 12.035253,46.484974,1945.5 12.035254,46.484928,1945 12.035273,46.484881,1944.5 12.035299,46.484816,1943.8 12.035368,46.48465,1942 12.035466,46.484422,1939.4 12.035564,46.484198,1936.8 12.035595,46.484088,1935.6 12.035619,46.48395,1934.1 12.035619,46.483815,1932.6 12.035617,46.483627,1930.5 12.035589,46.483361,1927.7 12.035556,46.483088,1924.7 12.035532,46.482805,1921.6 12.035512,46.482529,1918.5 12.035506,46.482296,1916 12.035496,46.482093,1913.9 12.03549,46.481917,1912.2 12.035483,46.48186,1911.6 12.035471,46.481812,1911.1 12.035443,46.481776,1910.8 12.035409,46.481763,1910.5 12.035368,46.481751,1910.2 12.035319,46.481759,1909.8 12.035279,46.481777,1909.5 12.035254,46.481817,1909.1 12.035242,46.481871,1908.6 12.035227,46.481979,1907.5 12.035206,46.48212,1906.1 12.035181,46.482283,1904.5 12.035133,46.482481,1902.6 12.035049,46.482765,1899.8 12.034966,46.483019,1897.2 12.034903,46.483204,1895.4 12.034828,46.483403,1893.4 12.03479,46.483522,1892.2 12.034759,46.483625,1891.2 12.034731,46.483681,1890.6 12.0347,46.483712,1890.2 12.034662,46.483726,1889.9 12.034622,46.483723,1889.7 12.034586,46.48371,1889.4 12.034558,46.483682,1889.1 12.034543,46.483651,1888.7 12.034542,46.483595,1888.2 12.034555,46.48351,1887.4 12.03457,46.483403,1886.3 12.034569,46.48327,1884.8 12.034564,46.483121,1883.2 12.034537,46.482955,1881.4 12.034475,46.482718,1878.7 12.034397,46.482432,1875.5 12.034324,46.482166,1872.5 12.034248,46.481898,1869.5 12.034167,46.481644,1866.4 12.034072,46.481386,1863.7 12.034023,46.481199,1861.6 12.033997,46.481018,1859.5 12.033984,46.480731,1856.4 12.033972,46.480608,1855.2 12.033971,46.48056,1854.5 12.033949,46.480523,1854.1 12.033909,46.480497,1853.7 12.03387,46.480483,1853.4 12.033824,46.480487,1853 12.033783,46.480509,1852.7 12.033746,46.480543,1852.2 12.033721,46.480592,1851.7 12.033704,46.480666,1851 12.033682,46.480748,1850 12.033659,46.480837,1849 12.033623,46.480927,1848 12.03357,46.48102,1847 12.033518,46.481112,1846 12.033451,46.481154,1845.4 12.033388,46.481168,1845 12.033319,46.481159,1844.5 12.033275,46.481127,1844.1 12.033257,46.481088,1843.7 12.033246,46.481025,1843 12.033259,46.48094,1842.1 12.033294,46.480782,1840.5 12.033347,46.480581,1838.3 12.033401,46.480376,1836.2 12.033437,46.480214,1834.4 12.033465,46.480098,1833.3 12.033467,46.480047,1832.8 12.033463,46.479996,1832.2 12.033431,46.479961,1831.8 12.033383,46.47994,1831.4 12.033332,46.479942,1831 12.033286,46.479968,1830.6 12.033253,46.480013,1830.1 12.033213,46.480092,1829.2 12.033176,46.480159,1828.5 12.033122,46.480237,1827.6 12.033043,46.4803,1826.8 12.032939,46.480364,1825.8 12.032841,46.480423,1824.8 12.032732,46.480484,1823.8 12.032658,46.48053,1823.1 12.032596,46.480551,1822.6 12.032541,46.480555,1822.2 12.032495,46.48055,1821.9 12.032456,46.480528,1821.5 12.032433,46.480498,1821.2 12.032435,46.48046,1820.8 12.032472,46.480423,1820.3 12.032548,46.480373,1819.6 12.032612,46.480323,1818.8 12.032664,46.480265,1818 12.032695,46.480204,1817.3 12.032703,46.480133,1816.5 12.032683,46.480037,1815.4 12.032661,46.479959,1814.5 12.032675,46.479887,1813.5 12.032755,46.479801,1812.5 12.032842,46.479721,1811.4 12.032903,46.479629,1810.1 12.032912,46.479543,1809.1 12.03287,46.479439,1807.8 12.032785,46.479328,1806.4 12.032694,46.479238,1805.1 12.03262,46.479165,1804 12.032551,46.479067,1802.6 12.032495,46.478921,1800.7 12.032461,46.47881,1799.3 12.032401,46.478711,1798 12.032311,46.478587,1796.3 12.032243,46.478487,1794.9 12.032186,46.478369,1793.3 12.032137,46.478274,1792.1 12.0321,46.47822,1791.4 12.032051,46.478194,1790.8 12.031967,46.478186,1790.1 12.031889,46.478208,1789.4 12.031845,46.478246,1788.8 12.031831,46.478316,1787.9 12.031848,46.478383,1787.1 12.031879,46.47844,1786.4 12.031934,46.478515,1785.4 12.032002,46.478637,1783.9 12.032078,46.478744,1782.6 12.032108,46.478803,1781.8 12.032112,46.478844,1781.4 12.032088,46.478887,1780.9 12.032042,46.478914,1780.5 12.031995,46.478917,1780.2 12.031934,46.478904,1779.7 12.0319,46.478885,1779.4 12.031859,46.478845,1778.9 12.031823,46.478799,1778.4 12.031717,46.478685,1777 12.031636,46.478607,1776.4 12.031533,46.478539,1775.7 12.031417,46.478488,1775 12.0313,46.478446,1774 12.031235,46.478398,1773.3 12.031191,46.478349,1772.7 12.031168,46.47829,1772 12.03117,46.478228,1771.2 12.031211,46.478153,1770.3 12.031289,46.478073,1769.2 12.031384,46.477984,1767.9 12.031466,46.47791,1766.7 12.031549,46.477852,1765.8 12.031675,46.477797,1764.7 12.031821,46.477738,1763.3 12.031932,46.477685,1762.2 12.032022,46.477624,1761.1 12.032094,46.477552,1760.1 12.032174,46.477464,1759 12.032258,46.477372,1757.7 12.032351,46.477317,1756.7 12.032482,46.477259,1755.5 12.032635,46.477201,1754 12.032751,46.477145,1753 12.032841,46.477081,1752 12.032931,46.476999,1750.7 12.032987,46.476925,1749.7 12.033022,46.476839,1748.6 12.03304,46.476736,1747.4 12.03307,46.47664,1746.4 12.033123,46.476553,1745.3 12.03318,46.476486,1744.4 12.033252,46.476424,1743.5 12.033357,46.476372,1742.5 12.033506,46.476338,1741.3 12.033629,46.476331,1740.3 12.033766,46.476337,1739.3 12.033899,46.47633,1738.2 12.034041,46.476295,1737 12.03417,46.476253,1735.9 12.034313,46.476211,1734.7 12.034436,46.476199,1733.7 12.034608,46.476216,1732.4 12.034714,46.476228,1731.5 12.03484,46.476224,1730.5 12.034975,46.476199,1729.5 12.035098,46.476153,1728.3 12.03524,46.476099,1727.2 12.03541,46.476054,1725.8 12.03559,46.476006,1724.4 12.035765,46.475959,1723 12.035934,46.4759,1721.6 12.036084,46.475842,1720.3 12.036225,46.475804,1719.2 12.036369,46.475789,1718.2 12.036536,46.475775,1716.9 12.036713,46.475763,1715.6 12.036901,46.475744,1714.2 12.037161,46.475714,1712.3 12.037457,46.475679,1710 12.037632,46.475653,1709 12.037932,46.475588,1707.2 12.038135,46.475544,1706 12.038341,46.4755,1704.7 12.038587,46.475447,1703.2 12.038786,46.475412,1702 12.038992,46.475379,1700.8 12.039148,46.47536,1699.9 12.039247,46.475333,1699.3 12.039307,46.475301,1698.8 12.039329,46.475249,1698.4 12.039308,46.475207,1698 12.039264,46.475171,1697.6 12.03919,46.475153,1697.2 12.039066,46.475152,1696.5 12.038937,46.475169,1695.7 12.038812,46.475185,1695 12.038647,46.475204,1694.1 12.038452,46.475215,1693.1 12.038243,46.475221,1691.9 12.038033,46.475229,1690.8 12.03767,46.475232,1688.9 12.037385,46.47522,1687.4 12.037193,46.475209,1686.3 12.037003,46.475208,1685.3 12.03686,46.475212,1684.5 12.036763,46.475203,1684 12.036644,46.475164,1683.3 12.036508,46.475105,1682.4 12.036392,46.475064,1681.7 12.036255,46.475053,1680.7 12.036115,46.475061,1679.6 12.035918,46.47509,1678.1 12.035771,46.475131,1676.8 12.035641,46.47518,1675.9 12.035538,46.475219,1675 12.035399,46.47524,1674 12.035246,46.475244,1673 12.035062,46.475241,1671.4 12.034925,46.475235,1670.3 12.03481,46.475225,1669.3 12.034696,46.475199,1668.3 12.034608,46.475156,1667.4 12.034518,46.475102,1666.4 12.034429,46.47501,1665 12.034348,46.474916,1663.7 12.034257,46.474811,1662.2 12.034202,46.474751,1661.3 12.034123,46.474678,1660.3 12.034055,46.474639,1659.5 12.033959,46.474598,1658.5 12.033827,46.474585,1657.4 12.033685,46.474582,1656.2 12.033533,46.474593,1655 12.033375,46.474608,1653.6 12.033263,46.474639,1652.6 12.03315,46.474681,1651.5 12.033073,46.474738,1650.6 12.033053,46.474814,1649.8 12.033051,46.474894,1649 12.033052,46.474976,1648.2 12.033043,46.475048,1647.5 12.03302,46.475109,1646.9 12.032948,46.475153,1646.3 12.032835,46.47518,1645.5 12.032672,46.475201,1644.3 12.032499,46.47522,1643.1 12.032309,46.475238,1641.8 12.032176,46.475258,1640.9 12.032009,46.475283,1639.7 12.031837,46.475311,1638.5 12.031678,46.475336,1637.4 12.031499,46.475368,1636.1 12.03135,46.475404,1635.1 12.031237,46.475427,1634.2 12.031148,46.475438,1633.6 12.031078,46.475432,1633.1 12.031021,46.475402,1632.7 12.030992,46.475352,1632.1 12.03101,46.475291,1631.5 12.031084,46.475256,1630.9 12.031213,46.475222,1629.8 12.031367,46.475176,1628.6 12.031528,46.475118,1627.2 12.031671,46.475051,1625.9 12.031802,46.474987,1624.7 12.031916,46.474923,1623.5 12.031966,46.474862,1622.8 12.031967,46.474819,1622.3 12.03194,46.474777,1621.8 12.031896,46.474745,1621.3 12.031835,46.474735,1620.8 12.031746,46.47474,1620.2 12.031636,46.474773,1619.3 12.031526,46.474792,1618.4 12.031405,46.47479,1617.5 12.031292,46.474769,1616.6 12.031158,46.474733,1615.5 12.031014,46.474692,1614.3 12.030895,46.474663,1613.4 12.030801,46.474632,1612.6 12.030718,46.474589,1611.8 12.030681,46.474539,1611.2 12.030675,46.47446,1610.3 12.030684,46.474374,1609.4 12.030708,46.474262,1608.1 12.030732,46.474143,1606.7 12.030758,46.473993,1604.8 12.030779,46.473871,1603.3 12.030816,46.473689,1601.1 12.030833,46.473606,1600.1 12.030856,46.473464,1598.3 12.030882,46.473332,1596.7 12.030909,46.473163,1594.7 12.030943,46.472981,1592.4 12.030971,46.472804,1590.2 12.030991,46.472663,1588.5 12.03102,46.472523,1586.7 12.03106,46.472376,1584.8 12.03111,46.472262,1583.3 12.031167,46.472167,1582 12.031248,46.472067,1580.5 12.031342,46.471987,1579.2 12.031428,46.471936,1578.3 12.031567,46.471861,1576.7 12.031666,46.471799,1575.6 12.031698,46.471755,1574.9 12.031681,46.471715,1574.4 12.031651,46.471687,1574 12.031589,46.471669,1573.4 12.031482,46.471661,1572.5 12.031368,46.471651,1571.5 12.03124,46.47164,1570.3 12.031091,46.471621,1569 12.030923,46.471597,1567.6 12.030764,46.471574,1566.3 12.030639,46.471544,1565.3 12.030541,46.471519,1564.5 12.030458,46.471485,1563.7 12.03039,46.471437,1562.9 12.030319,46.471362,1561.9 12.030255,46.471282,1560.8 12.030183,46.471187,1559.6 12.030124,46.471103,1558.5 12.030088,46.471037,1557.7 12.030061,46.470962,1556.8 12.030042,46.470891,1556 12.030015,46.470806,1555 12.029972,46.47074,1554.1 12.029923,46.470677,1553.3 12.02985,46.470615,1552.4 12.029788,46.470566,1551.6 12.029754,46.470512,1551 12.029766,46.470467,1550.5 12.029816,46.470424,1550 12.029877,46.470411,1549.7 12.029938,46.470425,1549.2 12.029988,46.470472,1548.6 12.030035,46.470549,1548 12.030092,46.470637,1547.1 12.030164,46.470727,1546.2 12.030249,46.470797,1545.3 12.030375,46.470863,1544.3 12.03049,46.470917,1543.5 12.030594,46.470975,1542.7 12.030688,46.471057,1541.7 12.030779,46.471122,1540.9 12.03087,46.471164,1540.2 12.030987,46.471192,1539.4 12.031102,46.471199,1538.7 12.03123,46.471189,1537.9 12.031375,46.471165,1537 12.031502,46.471129,1536.1 12.03173,46.471046,1534.5 12.031953,46.470961,1532.9 12.032086,46.470897,1531.9 12.032177,46.470864,1531.2 12.032241,46.470864,1530.8 12.03232,46.470893,1530.3 12.03239,46.470947,1529.6 12.032449,46.471,1529 12.032512,46.471031,1528.5 12.03258,46.47103,1528.1 12.032624,46.471,1527.8 12.032626,46.470949,1527.3 12.032592,46.470884,1526.7 12.032516,46.470808,1525.8 12.032439,46.470737,1525 12.032364,46.470685,1524.4 12.032294,46.470653,1523.8 12.032226,46.470631,1523.4 12.03214,46.470636,1522.8 12.032056,46.470674,1522.2 12.031959,46.470712,1521.5 12.03184,46.470737,1520.8 12.031726,46.470746,1520 12.03157,46.470748,1519 12.031401,46.470756,1518 12.031317,46.470752,1517.5 12.031257,46.470732,1517.1 12.031223,46.470709,1516.7 12.03122,46.470661,1516.2 12.031237,46.470624,1515.9 12.031301,46.470596,1515.4 12.0314,46.470585,1514.8 12.031513,46.470575,1514.1 12.031626,46.470563,1513.4 12.031742,46.470544,1512.6 12.031862,46.470512,1511.9 12.031951,46.470471,1511.1 12.032038,46.470416,1510.4 12.032088,46.470359,1509.7 12.032121,46.470287,1509 12.032148,46.470205,1508.2 12.032173,46.470137,1507.6 12.032183,46.47008,1507 12.032176,46.470024,1506.5 12.032141,46.469978,1506 12.03209,46.469928,1505.5 12.032009,46.469864,1504.7 12.031933,46.469785,1503.8 12.031876,46.469721,1503.1 12.03184,46.469654,1502.4 12.031823,46.469574,1501.6 12.031815,46.469487,1500.8 12.031811,46.469404,1500 12.0318,46.469291,1498.7 12.031779,46.469181,1497.5 12.031751,46.469069,1496.1 12.031711,46.468961,1494.8 12.031645,46.468878,1493.8 12.03157,46.468758,1492.2 12.031534,46.468637,1490.8 12.031529,46.468501,1489.2 12.031536,46.468334,1487.3 12.031553,46.468144,1485.1 12.031574,46.467982,1483 12.031606,46.467809,1481.4 12.031665,46.467636,1479.6 12.031749,46.467496,1478.1 12.031839,46.467364,1476.6 12.031938,46.467237,1475.1 12.032046,46.467102,1473.6 12.032118,46.46702,1472.6 12.032183,46.466938,1471.7 12.032209,46.466873,1471 12.032207,46.466807,1470.3 12.032185,46.466757,1469.8 12.032155,46.466724,1469.4 12.032114,46.466701,1469 12.032058,46.466692,1468.6 12.031988,46.466697,1468.1 12.031891,46.466723,1467.3 12.03174,46.466808,1466.4 12.03158,46.466899,1465.4 12.031401,46.467008,1464.3 12.031252,46.467092,1463.4 12.031126,46.467167,1462.6 12.031023,46.467233,1461.9 12.030931,46.467316,1461.2 12.030872,46.467398,1460.6 12.030784,46.467484,1459.9 12.030699,46.467541,1459.3 12.030634,46.46756,1459 12.03052,46.467567,1458.4 12.03037,46.467558,1457.7 12.030246,46.46755,1456.9 12.030137,46.467533,1456.2 12.030058,46.467517,1455.7 12.02997,46.467477,1455 12.029909,46.467431,1454.4 12.029877,46.46737,1453.8 12.029889,46.467254,1452.7 12.029924,46.467118,1451.1 12.029945,46.46701,1449.8 12.029965,46.466925,1448.8 12.029979,46.466855,1448 12.030007,46.466771,1447 12.030003,46.466695,1446.2 12.029945,46.466596,1445 12.029864,46.466519,1444 12.02979,46.466446,1443 12.029747,46.46638,1442.2 12.029767,46.466319,1441.5 12.02983,46.46629,1440.9 12.029921,46.466284,1440.1 12.030031,46.46633,1439.2 12.030116,46.466381,1438.3 12.030215,46.466408,1437.5 12.030295,46.466395,1436.8 12.030339,46.466358,1436.3 12.030332,46.466296,1435.6 12.030285,46.466216,1434.8 12.030217,46.466138,1433.8 12.030145,46.466061,1432.8 12.030081,46.465993,1431.8 12.03,46.465911,1430.4 12.029961,46.46584,1429.5 12.029957,46.465762,1428.7 12.030012,46.465666,1427.4 12.030109,46.465541,1425.8 12.03016,46.465464,1424.8 12.030202,46.465331,1423.1 12.030255,46.465121,1420.7 12.030296,46.464946,1418.8 12.030338,46.464797,1417 12.030399,46.464684,1415.5 12.030487,46.46455,1413.8 12.030603,46.464401,1411.8 12.0307,46.464266,1410 12.030766,46.464171,1408.7 12.030816,46.464068,1407.3 12.030874,46.463897,1405.2 12.030932,46.463701,1402.7 12.030992,46.463522,1400.4 12.031044,46.463341,1398.1 12.031087,46.463213,1396.3 12.03114,46.463037,1393.8 12.031197,46.462875,1391.5 12.031281,46.462682,1388.9 12.031368,46.462518,1386.6 12.031471,46.462353,1384.3 12.031572,46.462177,1381.8 12.03168,46.462009,1379.3 12.03177,46.461842,1377 12.031809,46.461759,1375.7 12.03182,46.46167,1374.4 12.031796,46.461574,1372.9 12.031752,46.461459,1371.3 12.031715,46.461356,1369.9 12.031702,46.461242,1368.3 12.031726,46.461122,1366.7 12.031777,46.460973,1364.6 12.031832,46.460848,1362.8 12.03192,46.460708,1360.8 12.031963,46.46061,1359.5 12.031952,46.460497,1358 12.031874,46.460375,1356.5 12.031774,46.460272,1355.1 12.031689,46.460191,1354 12.031651,46.46011,1353.2 12.031636,46.459991,1352 12.031639,46.459868,1350.8 12.031645,46.45975,1349.8 12.031649,46.459606,1348.7 12.031638,46.459497,1347.8 12.03161,46.4594,1346.8 12.031573,46.459294,1345.7 12.031511,46.459153,1344.2 12.031503,46.459071,1343.4 12.031528,46.459013,1342.9 12.031592,46.45896,1342.2 12.031685,46.458906,1341.4 12.031811,46.458852,1340.4 12.031923,46.458798,1339.5 12.031987,46.458749,1339 12.032008,46.458691,1338.4 12.032,46.458604,1337.7 12.031974,46.458488,1336.5 12.031951,46.458359,1335.2 12.031922,46.458225,1333.8 12.031893,46.458076,1332.1 12.031861,46.457923,1330.4 12.031834,46.457835,1329.3 12.031779,46.457728,1328.2 12.031718,46.457637,1327.1 12.031676,46.457541,1326 12.031632,46.45743,1325.1 12.031593,46.457312,1324.1 12.031556,46.457175,1323 12.031519,46.456998,1321.4 12.031494,46.456853,1320.1 12.031489,46.456756,1319.2 12.031496,46.456645,1318.2 12.03156,46.456511,1317 12.031621,46.456385,1315.8 12.031639,46.456273,1315 12.031698,46.456235,1315.2 12.031769,46.456146,1315.7 12.031817,46.456068,1316 12.031887,46.455933,1316.6 12.032021,46.455674,1317.7 12.03225,46.455282,1319.5 12.032422,46.454976,1320.7 12.032586,46.454699,1321.9 12.03275,46.454403,1323.1 12.032996,46.454004,1324.5 12.033167,46.453711,1325.5 12.033325,46.45347,1326.4 12.033516,46.45313,1328 12.033633,46.452901,1329 12.033731,46.452676,1330 12.033804,46.452485,1330.8 12.033873,46.452285,1331.7 12.033924,46.452125,1332.3 12.033961,46.45201,1332.5 12.034005,46.451907,1332.6 12.034065,46.45179,1332.8 12.034174,46.451681,1332.6 12.034309,46.45158,1332.5 12.03446,46.451493,1332.3 12.034609,46.45142,1332.1 12.034723,46.451374,1336 12.035154,46.451315,1336.96 12.035343,46.451305,1337.19 12.03611,46.451265,1340.84 12.037636,46.451094,1348.18 12.037971,46.451057,1350.39 12.03813,46.451037,1351.44 12.03894,46.45094,1356.8 12.039406,46.450882,1359.9 12.040077,46.450799,1364.35 12.041087,46.450708,1370.92 12.041625,46.450712,1373.81 12.04199,46.450721,1375.77 12.042382,46.450717,1377.87 12.042576,46.450695,1378.92 12.043209,46.450513,1382.57 12.043586,46.450415,1384.71 12.045162,46.449977,1392.92 12.045328,46.44989,1393.77 12.045438,46.449792,1394.5 12.045825,46.449295,1395.58 12.046019,46.449139,1395.78 12.046232,46.449024,1395.95 12.047175,46.448672,1396.65 12.047494,46.448526,1396.95 12.04894,46.447618,1399.7 12.049141,46.447532,1400.03 12.051265,46.447096,1405.56 12.051621,46.447023,1406.56 12.051873,46.44703,1407.24 12.051992,46.44707,1407.56 12.052086,46.447125,1407.61 12.052683,46.447909,1408.15 12.052841,46.448047,1408.25 12.052942,46.448082,1408.3 12.053256,46.448108,1408.56 12.053382,46.448079,1408.61 12.053609,46.447969,1408.71 12.053897,46.44773,1408.86 12.055314,46.44687,1409.49 12.055362,46.446847,1409.57 12.055429,46.446828,1409.67 12.055591,46.446788,1409.81 12.055995,46.446747,1409.97 12.05677,46.446689,1410.36 12.057148,46.446618,1410.53 12.059204,46.446023,1411.68 12.05942,46.445929,1411.81 12.059569,46.445767,1412.16 12.059787,46.445417,1412.91 12.059908,46.445224,1413.33 12.060082,46.445008,1414.06 12.060537,46.444529,1416.12 12.061262,46.443951,1420.25 12.061475,46.443814,1421.34 12.061952,46.443587,1423.5 12.062296,46.443428,1424.9 12.062375,46.443368,1425.3 12.062396,46.443304,1425.52 12.062464,46.442834,1427.16 12.06249,46.442732,1427.52 12.062594,46.442588,1427.99 12.062796,46.442472,1428.5 12.063,46.442383,1428.98 12.064082,46.44213,1430.37 12.064313,46.442051,1430.43 12.064652,46.441911,1430.52 12.065358,46.441531,1430.72 12.065722,46.441342,1430.74 12.065874,46.441294,1430.48 12.066087,46.441266,1430.14 12.066263,46.441238,1429.85 12.06639,46.441168,1429.6 12.066438,46.441109,1429.44 12.066462,46.441049,1429.3 12.066469,46.440942,1429.06 12.066401,46.440735,1428.57 12.066398,46.440604,1428.27 12.066453,46.440385,1427.77 12.066512,46.440277,1427.5 12.06674,46.440015,1426.81 12.0669,46.439881,1426.01 12.067621,46.439369,1422.35 12.067781,46.439263,1421.57 12.068373,46.438856,1418.61 12.068598,46.438672,1417.45 12.069037,46.438185,1416.23 12.069283,46.437938,1415.6 12.06953,46.437764,1415.08 12.070111,46.437521,1414.45 12.070339,46.437449,1414.22 12.070828,46.437346,1414.51 12.071002,46.437284,1414.84 12.071141,46.437221,1415.12 12.071191,46.437188,1415.23 12.071585,46.436977,1416.39 12.071594,46.436972,1416.41 12.071738,46.436928,1416.68 12.071887,46.43691,1417.12 12.072351,46.436913,1418.5 12.072518,46.436869,1419.03 12.07271,46.436764,1419.75 12.073287,46.436377,1423.47 12.073435,46.436262,1424.5 12.073632,46.436079,1426.02 12.073818,46.435779,1428.31 12.074247,46.434938,1434.58 12.074393,46.434783,1435.94 12.07453,46.434726,1436.75 12.075768,46.434476,1443.3 12.076445,46.434303,1446.94 12.0766,46.434263,1447.78 12.076821,46.434223,1448.93 12.077357,46.434205,1451.64 12.07823,46.434182,1456.06 12.078423,46.434205,1457.17 12.078554,46.434254,1458.12 12.07864,46.434334,1459.03 12.079152,46.435022,1466.15 12.07937,46.435261,1468.74 12.079472,46.435336,1469.69 12.079694,46.435399,1471.21 12.080908,46.435501,1479.48 12.081202,46.435489,1481.51 12.083579,46.435222,1495.89 12.083636,46.435216,1496.16 12.083961,46.435194,1497.7 12.084535,46.435173,1500.41 12.085069,46.435161,1502.93 12.086795,46.435138,1508.22 12.087066,46.435168,1509.03 12.089455,46.435582,1518.66 12.089931,46.435626,1520.72 12.090283,46.435612,1522.23 12.09127,46.435433,1526.96 12.09209,46.435284,1530.9 12.092769,46.43517,1534 12.093167,46.435127,1535.78 12.094344,46.43506,1541.01 12.094896,46.434975,1542.86 12.095135,46.434902,1544.01 12.096105,46.434503,1549 12.096673,46.43432,1551.76 12.097018,46.434254,1553.34 12.097861,46.43417,1557.79 12.098203,46.434097,1559.73 12.098531,46.434005,1561.66 12.099087,46.433742,1565.31 12.099379,46.433606,1567.21 12.099643,46.433517,1568.79 12.100765,46.433179,1574.71 12.102136,46.432642,1582 12.103575,46.431967,1588.27 12.103893,46.431846,1589.58 12.104804,46.431578,1594.23 12.105015,46.431495,1595.45 12.106894,46.430458,1609.56 12.108085,46.429843,1620.76 12.109019,46.429375,1628.95 12.109344,46.429261,1631.47 12.11052,46.428971,1640.12 12.110827,46.428944,1641.79 12.111833,46.429167,1645.68 12.111971,46.429142,1646.2 12.112008,46.429087,1646.53 12.112002,46.429042,1646.77 12.111899,46.428973,1647.29 12.1103,46.428649,1653.21 12.11024,46.428605,1653.5 12.11023,46.428562,1653.71 12.110245,46.428518,1653.92 12.110306,46.42848,1654.19 12.110396,46.428478,1654.49 12.11102,46.428532,1656.61 12.111153,46.428514,1657.06 12.111328,46.428451,1657.72 12.111454,46.428436,1658.14 12.113552,46.428493,1668.64 12.113675,46.428454,1669.37 12.113753,46.428385,1670.06 12.113742,46.428306,1670.69 12.113686,46.428262,1671.15 12.112737,46.42767,1679.16 12.112689,46.427594,1679.97 12.112696,46.427491,1680.98 12.112899,46.42718,1684.33 12.112886,46.427101,1685.11 12.1128,46.427045,1685.91 12.1122,46.426991,1690.01 12.112046,46.427008,1691.06 12.111497,46.427181,1693.4 12.111294,46.427224,1694.16 12.110892,46.427248,1695.58 12.110591,46.427274,1696.66 12.110233,46.427333,1697.96 12.109929,46.42736,1699.05 12.109709,46.427348,1699.83 12.109538,46.427288,1700.51 12.109459,46.427219,1701.19 12.109401,46.42714,1701.88 12.109296,46.42683,1704.65 12.109287,46.426293,1709.33 12.109362,46.425746,1714.12 12.109331,46.425677,1714.74 12.109224,46.425633,1715.49 12.109084,46.425646,1716.34 12.109001,46.425692,1716.87 12.108245,46.426176,1721.84 12.108093,46.426318,1723.08 12.107976,46.426492,1724.41 12.107864,46.426663,1725.72 12.107772,46.426702,1726.24 12.107692,46.426701,1726.63 12.107618,46.426683,1727 12.107545,46.426629,1727.52 12.107524,46.426552,1728.07 12.107647,46.426074,1731.79 12.107665,46.425871,1733.39 12.10742,46.424613,1743.46 12.107358,46.424491,1744.63 12.107278,46.424395,1745.62 12.106889,46.423963,1750.22 12.10682,46.423871,1751.16 12.106745,46.423659,1753.13 12.106545,46.422641,1761.52 12.106461,46.422411,1763 12.106227,46.422009,1765.71 12.105692,46.421088,1770.99 12.105545,46.420988,1771.19 12.104916,46.420812,1772.07 12.104663,46.420747,1772.32 12.104262,46.420633,1772.73 12.103777,46.420496,1772.92 12.101972,46.419976,1759 12.101711,46.419878,1756.64 12.101143,46.419617,1751.24 12.10098,46.419549,1749.73 12.100829,46.419506,1748.44 12.10019,46.419395,1743.02 12.099993,46.419355,1741.33 12.099519,46.419212,1737.07 12.098833,46.419068,1732.79 12.098526,46.419029,1731 12.098122,46.419008,1728.67 12.097905,46.418985,1727.41 12.097665,46.418928,1725.95 12.097406,46.418834,1724.27 12.0972,46.418711,1722.72 12.097073,46.418649,1721.82 12.096924,46.418609,1720.99 12.096348,46.418592,1718.12 12.095512,46.418509,1713.91 12.095049,46.418561,1711.58 12.094731,46.418638,1709.9 12.094622,46.418646,1709.35 12.094553,46.418601,1708.88 12.094555,46.418538,1708.43 12.09463,46.418487,1707.93 12.095387,46.418234,1703.91 12.095519,46.418216,1703.26 12.095692,46.418219,1702.43 12.096156,46.41829,1700.15 12.09637,46.4183,1699.12 12.096796,46.418279,1697.07 12.09762,46.418173,1694.9 12.097952,46.418144,1694.29 12.098275,46.418152,1693.71 12.099099,46.418238,1692.18 12.099399,46.418242,1691.64 12.099631,46.4182,1691.17 12.100378,46.41792,1689.03 12.100526,46.417841,1688.56 12.100635,46.417741,1688.11 12.100691,46.41762,1687.64 12.100705,46.417449,1687.02 12.100662,46.41731,1686.5 12.099843,46.416093,1676.84 12.09977,46.416002,1675.89 12.099675,46.415923,1674.95 12.099434,46.415789,1672.98 12.098666,46.415469,1667.16 12.098417,46.415315,1664.75 12.098306,46.415191,1663.23 12.098244,46.41503,1661.49 12.098225,46.414849,1659.6 12.098274,46.41461,1657.08 12.098432,46.414333,1653.98 12.098526,46.4142,1652.52 12.098701,46.414027,1650.43 12.09882,46.413876,1648.73 12.099194,46.4128,1640.77 12.099386,46.412604,1639.07 12.0996,46.412486,1637.71 12.099972,46.412443,1635.68 12.100169,46.412331,1634.07 12.100222,46.412234,1633.13 12.100207,46.412015,1631.13 12.100186,46.411902,1630.09 12.100141,46.411665,1627.91 12.100139,46.411501,1626.42 12.100169,46.411336,1624.9 12.100242,46.411138,1623.05 12.100404,46.410945,1621.05 12.100451,46.410823,1619.91 12.100461,46.410615,1618.36 12.100419,46.410172,1615.04 12.10041,46.410076,1614.32 12.100422,46.409889,1612.92 12.100453,46.409791,1612.17 12.101123,46.408941,1605.12 12.101247,46.408842,1604.24 12.101396,46.408803,1603.51 12.101909,46.408809,1601.15 12.102001,46.408768,1600.64 12.102057,46.408704,1600.15 12.102039,46.408616,1599.55 12.101987,46.408558,1599.1 12.101906,46.40853,1598.68 12.101609,46.408517,1597.31 12.101338,46.408544,1596.05 12.100893,46.408652,1593.57 12.100049,46.408993,1587.05 12.099804,46.409043,1585.35 12.099745,46.409051,1584.95 12.09968,46.409053,1584.52 12.099453,46.409023,1582.98 12.099304,46.408924,1581.6 12.099274,46.408873,1581.06 12.099262,46.408705,1579.44 12.099375,46.408493,1577.25 12.099571,46.408364,1576.04 12.099704,46.408298,1575.33 12.099823,46.408265,1574.77 12.100531,46.408069,1571.44 12.100689,46.407982,1570.56 12.100848,46.407826,1569.35 12.101163,46.407419,1566.44 12.101834,46.406627,1560.24 12.101937,46.406468,1559.06 12.101899,46.406337,1558.15 12.101787,46.406277,1557.48 12.101667,46.40626,1556.91 12.101482,46.406304,1555.99 12.100852,46.406682,1551.71 12.100627,46.406744,1550.29 12.100553,46.406732,1549.84 12.100487,46.406722,1549.45 12.100383,46.406664,1548.67 12.100335,46.40658,1547.9 12.100337,46.406513,1547.33 12.100338,46.406466,1546.93 12.100352,46.406406,1546.42 12.100641,46.405612,1539.47 12.10069,46.405536,1538.76 12.100789,46.405381,1537.64 12.101157,46.404809,1534.08 12.101189,46.404759,1533.77 12.101454,46.404346,1531.21 12.101621,46.403997,1529.12 12.101698,46.403614,1527.29 12.101728,46.403477,1526.05 12.101737,46.403434,1525.88 12.101752,46.403363,1525.01 12.101879,46.402726,1522.53 12.101906,46.402476,1521.04 12.101887,46.402294,1520.78 12.101877,46.402211,1520.3 12.101858,46.402124,1520.17 12.101808,46.401882,1519.69 12.101737,46.401541,1519.2 12.101688,46.401295,1518.85 12.101742,46.40111,1518.3 12.101811,46.401029,1518.03 12.101939,46.400854,1516.7 12.102098,46.400702,1515.42 12.102554,46.400402,1512.45 12.102631,46.400299,1511.66 12.102696,46.400204,1510.95 12.102745,46.399975,1509.39 12.10281,46.399876,1508.66 12.102889,46.399798,1508.01 12.103106,46.399668,1506.66 12.103173,46.399595,1506.07 12.103194,46.39951,1505.5 12.103178,46.399361,1504.51 12.103053,46.398928,1501.59 12.102938,46.398674,1499.83 12.102752,46.398441,1498.08 12.102418,46.398054,1495.11 12.102283,46.397889,1493.86 12.1021,46.397616,1491.98 12.101996,46.397389,1490.48 12.101916,46.39712,1488.77 12.101929,46.397027,1488.19 12.101985,46.396954,1487.7 12.102056,46.396932,1487.38 12.102138,46.396932,1487.02 12.102211,46.397019,1486.39 12.102209,46.397184,1485.36 12.102251,46.397332,1484.42 12.102339,46.397473,1483.22 12.102468,46.397626,1481.85 12.103161,46.398264,1473.42 12.103235,46.398284,1472.84 12.103304,46.398267,1472.3 12.103345,46.398223,1471.75 12.103327,46.398147,1470.93 12.10326,46.398005,1469.36 12.102876,46.397269,1461.49 12.102846,46.397175,1460.61 12.10287,46.397003,1459.04 12.102917,46.396926,1458.27 12.103148,46.396765,1456.22 12.1032,46.396704,1455.58 12.103282,46.396478,1453.45 12.103349,46.396407,1452.68 12.103401,46.396399,1452.34 12.103475,46.396418,1451.85 12.1035,46.396484,1451.22 12.103459,46.396727,1448.99 12.103478,46.396829,1448.05 12.103651,46.396912,1446.84 12.103874,46.396918,1445.6 12.104069,46.396879,1444.48 12.10413,46.396838,1444.01 12.10416,46.396757,1443.34 12.104088,46.396659,1442.45 12.103776,46.396482,1440.22 12.103668,46.39636,1439.07 12.103656,46.396274,1438.38 12.103689,46.396224,1437.94 12.103775,46.396203,1437.43 12.104251,46.396378,1434.45 12.104462,46.396394,1433.27 12.1046,46.396358,1432.54 12.104705,46.396286,1431.8 12.104748,46.396203,1431.17 12.10475,46.396122,1430.58 12.104705,46.396056,1430.06 12.104545,46.395973,1429.07 12.104152,46.395946,1427.11 12.103629,46.395919,1424.5 12.103551,46.395877,1424.01 12.103534,46.395812,1423.54 12.10354,46.395775,1423.27 12.103606,46.395727,1422.79 12.104133,46.395718,1420.15 12.104282,46.395667,1419.06 12.104299,46.395589,1418.32 12.104261,46.395543,1417.82 12.1042,46.395508,1417.3 12.103716,46.395428,1414.06 12.103662,46.395383,1413.5 12.103644,46.395304,1412.75 12.103955,46.394598,1405.77 12.103979,46.394513,1403.93 12.103977,46.394357,1402.56 12.103931,46.394293,1400.81 12.103771,46.394197,1399.66 12.102912,46.393914,1394.49 12.102309,46.393732,1390.43 12.102159,46.393648,1389.24 12.102088,46.393536,1388.32 12.1021,46.393432,1387.55 12.102134,46.393341,1386.86 12.102201,46.393248,1386.1 12.102287,46.393152,1385.26 12.102578,46.392964,1383.21 12.102901,46.392792,1381.11 12.104455,46.391922,1370.04 12.105179,46.391526,1363.72 12.105388,46.391461,1362.52 12.105607,46.391446,1361.39 12.106092,46.391433,1357.9 12.107274,46.391407,1351.1 12.107614,46.391403,1349.38 12.108243,46.391379,1348.23 12.108888,46.391361,1347.08 12.109186,46.391325,1346.72 12.109484,46.391262,1346.34 12.109735,46.391162,1345.98 12.110181,46.390927,1346.05 12.110517,46.390727,1346.61 12.110563,46.390707,1346.79 12.111317,46.390269,1347.78 12.111605,46.390086,1348.29 12.111822,46.389912,1348.16 12.112786,46.3889,1347.21 12.113637,46.387984,1343.76 12.113701,46.387868,1343.27 12.113802,46.38749,1341.75 12.113823,46.387359,1340.82 12.113975,46.386501,1334.7 12.114015,46.386387,1333.57 12.114115,46.386208,1331.73 12.114232,46.386058,1330.08 12.114786,46.385446,1324.04 12.115091,46.385186,1322.29 12.115306,46.385055,1321.25 12.115633,46.384919,1319.87 12.116707,46.384611,1315.56 12.1175,46.384391,1311.19 12.117939,46.384233,1308.66 12.118139,46.384124,1307.36 12.118774,46.383638,1302.49 12.119382,46.383159,1295.27 12.119556,46.383022,1293.59 12.120063,46.382611,1287.67 12.120257,46.382453,1285.75 12.120611,46.382274,1282.75 12.120743,46.382241,1281.55 12.120982,46.382209,1279.57 12.121275,46.382204,1277.43 12.121511,46.382193,1275.86 12.121643,46.382158,1274.97 12.121805,46.382092,1273.86 12.121962,46.381994,1272.67 12.122187,46.381848,1271.15 12.122334,46.381743,1270.21 12.122396,46.381683,1269.77 12.122412,46.381619,1269.39 12.122362,46.381539,1268.89 12.122224,46.381464,1268.18 12.121991,46.381365,1267.1 12.121815,46.381305,1266.37 12.121718,46.381251,1265.92 12.121662,46.381192,1265.57 12.12164,46.381141,1265.31 12.121658,46.381052,1264.88 12.121837,46.380215,1255.37 12.12192,46.379844,1251.17 12.121976,46.379729,1249.81 12.122092,46.379608,1248.71 12.122322,46.379507,1247.28 12.124541,46.379164,1235.22 12.124692,46.379095,1233.03 12.1248,46.37898,1231.86 12.124876,46.378852,1230.69 12.124977,46.378431,1227.07 12.124971,46.3783,1225.96 12.124918,46.378211,1225.15 12.124745,46.378072,1223.59 12.124704,46.378039,1223.23 12.124575,46.377938,1220.46 12.124453,46.377789,1218.62 12.124392,46.377543,1215.94 12.124349,46.376815,1208.11 12.124304,46.376066,1200.87 12.124359,46.375886,1199.84 12.124395,46.375843,1199.56 12.124468,46.375753,1198.98 12.124554,46.375707,1198.56 12.12474,46.375628,1197.71 12.125125,46.37559,1196.21 12.125935,46.375616,1192.42 12.12633,46.375629,1190.58 12.126501,46.375634,1189.03 12.126634,46.375633,1188.56 12.126837,46.375623,1187.08 12.126938,46.375593,1186.73 12.127014,46.375558,1186.27 12.127085,46.375507,1185.81 12.127134,46.375446,1185.1 12.127212,46.375324,1184.05 12.127248,46.37525,1183.44 12.127387,46.374871,1180.44 12.127497,46.374571,1178.06 12.127676,46.374121,1174.47 12.127784,46.373811,1172.02 12.127851,46.373672,1170.96 12.127906,46.373609,1170.5 12.128008,46.373551,1169.91 12.128083,46.373532,1169.63 12.128146,46.37353,1169.27 12.128197,46.373531,1169.04 12.128262,46.373539,1168.75 12.128344,46.373571,1168.33 12.128414,46.373615,1167.92 12.128519,46.373723,1167.14 12.128592,46.373804,1166.58 12.128634,46.373849,1166.26 12.128706,46.373911,1165.77 12.128783,46.373961,1165.68 12.129009,46.374065,1165.41 12.129206,46.374159,1165.13 12.12938,46.374228,1164.91 12.12951,46.374261,1164.78 12.129623,46.374279,1164.68 12.129769,46.374276,1164.54 12.129922,46.374266,1164.43 12.130091,46.37424,1164.18 12.130237,46.374196,1164.02 12.130328,46.374165,1163.9 12.13045,46.374105,1163.77 12.130582,46.373998,1163.51 12.130648,46.373912,1163.26 12.130728,46.373836,1162.02 12.130816,46.373747,1160.96 12.130894,46.37369,1160.19 12.130986,46.373631,1159.93 12.131202,46.373546,1158.28 12.131727,46.37334,1154.67 12.131934,46.373274,1153.31 12.132062,46.37325,1152.52 12.132172,46.373235,1151.85 12.132262,46.373225,1150.94 12.13238,46.373217,1149.74 12.13263,46.373248,1149.19 12.133216,46.373316,1146.83 12.133583,46.373317,1146.26 12.13416,46.373296,1145.2 12.134367,46.373287,1144.85 12.134653,46.373246,1144.15 12.134764,46.373213,1143.98 12.134899,46.37315,1143.75 12.135095,46.373057,1143.32 12.135241,46.372992,1143.02 12.135464,46.372928,1142.77 12.135629,46.372903,1142.59 12.135783,46.372882,1142.43 12.135845,46.372876,1142.37 12.135937,46.3729,1142.27 12.13652,46.373195,1141.52 12.136676,46.373232,1141.35 12.136797,46.373227,1141.23 12.137007,46.373147,1140.82 12.137439,46.372878,1139.56 12.137808,46.372644,1136.74 12.137968,46.372542,1135.52 12.138004,46.372514,1135.22 12.138062,46.372453,1133.71 12.13808,46.372364,1132.98 12.13788,46.372002,1129.82 12.137699,46.371642,1126.72 12.137663,46.371413,1124.31 12.137684,46.371342,1123.36 12.13828,46.370662,1112.97 12.138524,46.370436,1109.29 12.138676,46.370317,1107.22 12.138775,46.370208,1105.59 12.138881,46.370025,1103.11 12.138988,46.369922,1101.51 12.139073,46.369865,1100.64 12.139221,46.369782,1099.26 12.13933,46.369705,1098.13 12.139458,46.369598,1096.66 12.139541,46.369512,1095.57 12.139624,46.36944,1094.63 12.139745,46.369399,1093.67 12.139984,46.369358,1091.88 12.140099,46.36933,1091 12.140228,46.369285,1089.95 12.140474,46.369158,1087.71 12.140735,46.368892,1084.32 12.141037,46.368504,1079.77 12.141064,46.36842,1078.89 12.141055,46.36831,1077.77 12.141021,46.36818,1076.42 12.141014,46.368036,1074.94 12.141092,46.367616,1070.59 12.141233,46.367162,1065.82 12.141245,46.36704,1064.59 12.141232,46.366933,1063.51 12.14103,46.366455,1058.57 12.141011,46.36627,1056.73 12.141044,46.365992,1053.97 12.141391,46.365017,1044.66 12.141368,46.364863,1043.47 12.141277,46.364781,1042.67 12.141125,46.364731,1041.77 12.141024,46.364735,1041.24 12.140917,46.364778,1040.51 12.140818,46.364867,1039.7 12.140717,46.365083,1038.56 12.140631,46.365277,1037.82 12.140566,46.365337,1037.57 12.140434,46.365359,1037.28 12.140305,46.365324,1037 12.140161,46.365202,1036.55 12.140085,46.36506,1036.12 12.140019,46.364927,1035.72 12.140002,46.364745,1035.21 12.140022,46.364578,1034.74 12.140064,46.364408,1034.25 12.140082,46.36424,1033.78 12.140117,46.36369,1029.93 12.140079,46.36353,1028.84 12.139978,46.363379,1027.71 12.139871,46.36325,1026.7 12.139803,46.363114,1025.72 12.139783,46.362967,1024.71 12.139772,46.362801,1023.58 12.13972,46.362606,1022.22 12.139613,46.362423,1020.87 12.139554,46.362214,1018.52 12.139563,46.362127,1017.52 12.139659,46.361996,1015.85 12.139693,46.36189,1014.62 12.139745,46.361625,1011.55 12.139784,46.36153,1010.43 12.139994,46.361375,1007.99 12.140315,46.361216,1004.87 12.140602,46.361038,1001.91 12.140769,46.360875,999.7 12.140872,46.36069,997.99 12.140876,46.360381,995.34 12.140884,46.36029,994.57 12.140925,46.360234,994.04 12.141322,46.359999,990.94 12.141641,46.359779,988.28 12.141844,46.359632,986.54 12.141989,46.359482,985.01 12.142072,46.359366,983.64 12.14217,46.359144,980.97 12.14224,46.358948,978.67 12.142301,46.358846,977.41 12.142496,46.358646,974.64 12.143162,46.358041,965.93 12.143283,46.357951,964.52 12.143437,46.357885,963.28 12.143593,46.357848,962.15 12.143973,46.35782,959.6 12.144083,46.357812,958.87 12.144351,46.357792,957.07 12.144502,46.357774,956.05 12.144699,46.357692,954.52 12.144756,46.357627,953.78 12.14479,46.357527,952.79 12.144776,46.357241,950.03 12.144706,46.356634,946.53 12.1447,46.356427,946.39 12.144731,46.356088,946.17 12.14477,46.355799,945.98 12.144632,46.355826,946.1 12.144463,46.355882,946.27 12.144064,46.356014,946.66 12.144026,46.356063,947.31 12.144035,46.356255,949.55 12.144132,46.356644,954.16 12.144,46.356663,955.25 12.143829,46.356652,956.64 12.143645,46.356465,959.28 12.143526,46.356264,961.81 12.143437,46.356177,963.06 12.143292,46.356091,964.6 12.143189,46.356055,965.53 12.143088,46.355993,966.62 12.143008,46.355888,968.01 12.143005,46.355727,969.88 12.142971,46.355596,971.44 12.142919,46.355482,972.84 12.142816,46.355269,975.46 12.142772,46.355077,977.73 12.142717,46.354651,982.95 12.142686,46.354532,984.24 12.142564,46.354416,985.78 12.142447,46.354338,987.01 12.141943,46.354147,991.36 12.140651,46.353641,1002.48 12.140404,46.353493,1003.97 12.140239,46.353447,1004.78 12.139989,46.353492,1005.96 12.139555,46.35355,1007.98 12.139418,46.353529,1008.62 12.139388,46.353467,1009.05 12.139405,46.353424,1009.34 12.139512,46.353327,1010.15 12.139636,46.353201,1011.17 12.13964,46.353129,1011.64 12.139567,46.353004,1012.54 12.139439,46.352927,1013.32 12.139169,46.352869,1014.62 12.138699,46.352818,1016.8 12.138441,46.352796,1018.43 12.138367,46.352823,1018.77 12.138323,46.352917,1019.85 12.138354,46.352967,1020.45 12.138686,46.353159,1023.71 12.138775,46.353234,1024.77 12.138823,46.353337,1025.95 12.138789,46.353413,1026.82 12.138716,46.353468,1027.63 12.138617,46.353502,1028.47 12.138476,46.353491,1029.54 12.138363,46.353443,1030.54 12.137911,46.353068,1035.86 12.137835,46.352969,1037.08 12.137737,46.352884,1038.27 12.137601,46.352787,1039.84 12.137308,46.352662,1042.59 12.137188,46.352603,1043.76 12.137115,46.35253,1044.8 12.137048,46.352444,1045.92 12.136938,46.352362,1047.22 12.136708,46.35222,1049.7 12.136439,46.352029,1052.79 12.136325,46.351922,1054.34 12.136166,46.351685,1057.36 12.136063,46.351587,1058.77 12.135699,46.351291,1061.06 12.135544,46.351126,1062.22 12.135399,46.350899,1063.61 12.135282,46.3506,1065.35 12.135216,46.350479,1066.07 12.135126,46.350394,1066.66 12.134871,46.350227,1067.93 12.134544,46.350029,1069.5 12.134307,46.349914,1070.54 12.134028,46.349801,1071.7 12.133677,46.349697,1073 12.133422,46.349606,1073.97 12.133165,46.349481,1075.03 12.13288,46.349287,1076.39 12.132696,46.349176,1077.21 12.132297,46.348997,1078.35 12.132217,46.348929,1078.52 12.132191,46.348864,1078.65 12.132299,46.348549,1079.29 12.132295,46.348477,1079.43 12.132253,46.348385,1079.62 12.132049,46.348097,1080.24 12.132031,46.348075,1080.29 12.13193,46.348026,1080.45 12.131826,46.347999,1080.6 12.131707,46.347988,1080.76 12.131378,46.348026,1081.22 12.131223,46.348025,1081.62 12.131069,46.348009,1082.03 12.129934,46.347709,1093.11 12.129324,46.347548,1099.06 12.129189,46.347518,1100.35 12.129038,46.347497,1101.75 12.12798,46.347403,1110.92 12.127658,46.347388,1113.7 12.127504,46.34738,1114.98 12.127384,46.347388,1116 12.127182,46.347418,1117.73 12.127054,46.347425,1118.8 12.126831,46.347408,1120.69 12.126612,46.347348,1122.66 12.126521,46.347338,1123.43 12.12637,46.347325,1124.7 12.126244,46.347335,1125.76 12.126092,46.347332,1127.03 12.125944,46.347305,1127.54 12.125855,46.347267,1127.89 12.125557,46.347142,1128.91 12.125341,46.347045,1129.67 12.125015,46.346938,1130.72 12.124306,46.346719,1133 12.124002,46.346641,1133.94 12.123751,46.346585,1134.72 12.123595,46.346566,1135.75 12.123409,46.346565,1136.95 12.12323,46.346546,1138.13 12.122966,46.346491,1140 12.122761,46.346429,1141.52 12.122545,46.346379,1143.07 12.12219,46.346317,1145.56 12.121968,46.346305,1147.06 12.121827,46.346271,1148.07 12.121257,46.346079,1152.25 12.120781,46.345937,1155.67 12.120596,46.345881,1156.99 12.120436,46.345858,1158.06 12.12001,46.345846,1160.81 12.119777,46.345829,1162.31 12.119481,46.345767,1164.29 12.119335,46.345748,1165.25 12.119031,46.345739,1167.2 12.118875,46.345741,1168.2 12.118747,46.345718,1169.04 12.118311,46.345473,1170.4 12.118093,46.345343,1171.1 12.117807,46.345191,1171.42 12.117415,46.344982,1172.01 12.117187,46.344909,1172.43 12.117049,46.344902,1172.65 12.116903,46.344924,1172.9 12.116563,46.345079,1173.57 12.116474,46.345111,1173.73 12.116391,46.345138,1173.87 12.116278,46.34513,1174.05 12.116175,46.345104,1174.23 12.116046,46.345009,1174.54 12.11589,46.344937,1174.85 12.115791,46.344916,1175.02 12.115636,46.344913,1175.27 12.115135,46.344995,1176.33 12.114974,46.344989,1176.93 12.114878,46.344961,1177.32 12.114546,46.344808,1180.55 12.114373,46.344725,1182.26 12.114186,46.344653,1183.99 12.114073,46.344622,1184.45 12.113886,46.34461,1185.15 12.113636,46.344627,1186.5 12.113331,46.344689,1188.88 12.113135,46.344725,1190.4 12.112973,46.344734,1191.61 12.112816,46.344725,1192.79 12.112562,46.344658,1194.82 12.112425,46.34462,1195.92 12.112287,46.344604,1196.97 12.112161,46.34462,1197.93 12.111955,46.34471,1199.74 12.111793,46.344743,1200.99 12.111697,46.344757,1201.72 12.111588,46.34474,1202.56 12.111365,46.344643,1204.53 12.111169,46.344506,1206.62 12.111004,46.344453,1207.97 12.110832,46.34443,1209.27 12.110717,46.344429,1210.13 12.110576,46.344481,1211.33 12.110385,46.344628,1213.47 12.11026,46.344762,1215.2 12.110077,46.344815,1216.68 12.109874,46.344811,1218.21 12.109373,46.344737,1222.04 12.109223,46.344733,1223.15 12.109061,46.344756,1224.39 12.108883,46.34476,1225.93 12.1088,46.344741,1226.07 12.108688,46.344685,1226.83 12.108615,46.344601,1227.58 12.108543,46.34456,1228.08 12.108414,46.344511,1228.33 12.108212,46.344434,1228.72 12.108078,46.344369,1228.99 12.107827,46.344238,1229.26 12.107573,46.34407,1229.57 12.107385,46.344001,1229.73 12.107284,46.343987,1229.81 12.107067,46.344004,1229.98 12.106932,46.343988,1230.09 12.106632,46.343894,1230.34 12.106513,46.343864,1230.44 12.106386,46.34384,1230.54 12.106005,46.343792,1230.84 12.105834,46.343789,1230.98 12.105647,46.343804,1231.12 12.105397,46.343842,1231.57 12.104938,46.343943,1232.41 12.104618,46.344023,1233.01 12.104349,46.344084,1233.5 12.1033,46.344242,1236.95 12.102886,46.344334,1237.46 12.10213,46.344522,1240.86 12.10191,46.344538,1241.77 12.101733,46.344511,1242.52 12.100511,46.344126,1248.06 12.100135,46.344007,1250.15 12.099813,46.343907,1253.87 12.099715,46.343877,1255 12.099549,46.343763,1257.47 12.099505,46.343654,1259.2 12.099508,46.343348,1263.88 12.099524,46.342816,1272 12.099519,46.342724,1273.41 12.099462,46.342586,1275.67 12.099328,46.342464,1278.08 12.099157,46.342302,1281.23 12.099095,46.342207,1282.85 12.099077,46.3421,1284.61 12.0991,46.342042,1285.56 12.099152,46.342001,1286.43 12.099298,46.341925,1288.48 12.100131,46.341731,1298.32 12.100452,46.341648,1302.16 12.100844,46.34152,1305.84 12.101289,46.34133,1310.29 12.101521,46.341197,1312.34 12.10177,46.341009,1314.84 12.101971,46.340768,1317.57 12.102028,46.34062,1319.07 12.102081,46.340562,1319.73 12.102148,46.340539,1320.24 12.102341,46.340535,1321.55 12.102519,46.340522,1322.76 12.102828,46.34047,1324.61 12.103261,46.34037,1327.25 12.103468,46.340314,1328.54 12.103663,46.340244,1329.76 12.103817,46.340139,1330.97 12.103932,46.339998,1332.28 12.104088,46.339687,1334.94 12.10422,46.33955,1336.27 12.10439,46.339416,1337.71 12.104611,46.339305,1338.93 12.104771,46.339206,1339.89 12.105015,46.338991,1341.46 12.105104,46.338935,1341.94 12.105398,46.338802,1343.34 12.105639,46.338731,1344.38 12.106244,46.338635,1346.85 12.106535,46.338536,1348.14 12.106689,46.338418,1349.21 12.106875,46.338198,1352.2 12.106896,46.338115,1353.19 12.106849,46.338096,1353.64 12.106791,46.338109,1354.13 12.106608,46.338311,1356.93 12.106452,46.338375,1358.4 12.106272,46.338385,1359.87 12.106055,46.338355,1361.66 12.105878,46.338293,1363.27 12.105702,46.338148,1365.48 12.10562,46.338024,1367.06 12.10553,46.33795,1368.19 12.105387,46.337876,1369.64 12.105215,46.337869,1371.15 12.105048,46.337907,1372.73 12.104943,46.337913,1373.68 12.104703,46.33789,1375.88 12.10441,46.337859,1378.56 12.104053,46.337859,1381.8 12.103721,46.337876,1384.81 12.103501,46.3379,1386.81 12.103317,46.337933,1388.53 12.103096,46.33798,1390.63 12.102839,46.338086,1393.17 12.102559,46.338231,1396.13 12.102405,46.338296,1397.65 12.102339,46.338318,1398.24 12.102205,46.338328,1399.31 12.102017,46.338314,1400.82 12.101726,46.338213,1403.42 12.101514,46.338139,1405.32 12.100927,46.337918,1410.73 12.100688,46.337857,1412.79 12.100436,46.33781,1414.77 12.100174,46.337788,1416.78 12.099818,46.337795,1419.36 12.099592,46.337781,1421 12.099429,46.337752,1422.22 12.099254,46.337704,1423.58 12.099148,46.337665,1424.45 12.098978,46.337553,1426.15 12.098806,46.337302,1429.07 12.098688,46.337184,1430.58 12.09861,46.337142,1431.29 12.0985,46.337124,1432.11 12.098324,46.337169,1433.47 12.098157,46.337262,1434.57 12.09795,46.33744,1436.25 12.097896,46.337511,1436.84 12.097722,46.33803,1440.74 12.097614,46.338261,1442.52 12.097503,46.338395,1443.65 12.097347,46.338488,1444.7 12.09717,46.338535,1445.66 12.097022,46.338545,1446.41 12.09695,46.338526,1446.82 12.096898,46.338488,1447.41 12.096901,46.338436,1448.01 12.097062,46.338286,1450.29 12.097108,46.33818,1451.65 12.097168,46.337904,1455.11 12.097161,46.337512,1459.98 12.097125,46.337159,1464.36 12.097126,46.336957,1466.87 12.09714,46.336695,1470.03 12.097199,46.336518,1472.06 12.097315,46.336335,1474.27 12.09733,46.336241,1475.32 12.09733,46.336177,1476.04 12.097207,46.336005,1478.19 12.097177,46.335883,1479.57 12.097195,46.335731,1481.28 12.097264,46.335427,1484.71 12.097336,46.335302,1486.21 12.097394,46.335243,1487.01 12.097575,46.335163,1488.67 12.097896,46.335096,1490.66 12.098617,46.335055,1494.56 12.098864,46.335033,1495.91 12.099058,46.334992,1496.97 12.099138,46.334936,1497.57 12.099173,46.334894,1497.95 12.099163,46.334838,1498.39 12.099102,46.334727,1499.31 12.098931,46.334577,1500.79 12.098862,46.334488,1501.57 12.098838,46.334419,1502.12 12.098825,46.334359,1502.6 12.098835,46.33426,1503.37 12.098873,46.334189,1504.02 12.099027,46.334086,1505.3 12.099162,46.334057,1506.13 12.099339,46.334056,1507.17 12.099443,46.334032,1507.81 12.099491,46.333997,1508.21 12.099566,46.333911,1509.07 12.099619,46.333802,1510.06 12.099625,46.333635,1511.5 12.099645,46.333505,1512.63 12.099696,46.333399,1513.59 12.099785,46.333298,1514.6 12.099815,46.3332,1515.45 12.09978,46.333107,1516.28 12.099733,46.333025,1517.04 12.099709,46.332919,1517.96 12.099654,46.332417,1523.15 12.099588,46.332257,1524.94 12.099419,46.332058,1527.42 12.099333,46.331818,1530.07 12.099317,46.331658,1531.8 12.099375,46.331485,1533.7 12.099429,46.331319,1535.53 12.099449,46.331221,1536.57 12.09943,46.331086,1538.01 12.099405,46.331009,1538.84 12.099336,46.33094,1539.72 12.099336,46.33094,1539.72 12.099212,46.33087,1540.91 12.099077,46.330786,1542.26 12.09902,46.330751,1542.81 12.098968,46.330671,1543.74 12.098991,46.330576,1544.77 12.099278,46.330264,1548.74 12.099517,46.329873,1553.3 12.099636,46.329622,1556.13 12.09966,46.329437,1558.12 12.099586,46.32922,1560.48 12.09897,46.328422,1570.05 12.098734,46.328024,1574.59 12.098646,46.327746,1577.04 12.098602,46.327576,1578.53 12.098501,46.327363,1580.15 12.098371,46.32723,1581.31 12.098181,46.327095,1582.69 12.097624,46.326848,1586.03 12.097433,46.326736,1587.29 12.097384,46.326678,1587.78 12.097302,46.326545,1588.84 12.097314,46.326406,1589.82 12.097258,46.32629,1590.52 12.097129,46.3262,1591.24 12.09695,46.326076,1592.27 12.096788,46.32589,1593.55 12.09654,46.32554,1595.84 12.096385,46.325317,1597.3 12.096176,46.325082,1598.92 12.096034,46.32489,1599.57 12.09588,46.324671,1600.01 12.095742,46.324485,1600.4 12.095613,46.324314,1600.47 12.095478,46.324117,1600.54 12.09543,46.324017,1600.58 12.095369,46.323897,1600.63 12.095337,46.323813,1600.66 12.09524,46.323249,1600.26 12.095222,46.32319,1600.04 12.095149,46.323116,1599.71 12.095054,46.323033,1599.31 12.094881,46.322944,1598.11 12.094669,46.322897,1596.88 12.094436,46.322864,1595.56 12.094164,46.322801,1593.97 12.094082,46.322771,1593.46 12.094019,46.322736,1593.01 12.09392,46.322623,1591.95 12.093852,46.322565,1591.35 12.093665,46.322483,1590.13 12.093509,46.322422,1589.13 12.093456,46.322401,1588.8 12.093364,46.322347,1588.13 12.093288,46.32225,1587.2 12.093216,46.322116,1585.98 12.093161,46.321959,1584.19 12.093155,46.321896,1583.49 12.093146,46.321828,1582.73 12.093163,46.321707,1581.38 12.093169,46.32163,1580.53 12.093174,46.321525,1579.36 12.093144,46.321195,1575.69 12.093115,46.320942,1572.87 12.093108,46.320878,1572.16 12.093067,46.320696,1570.11 12.093009,46.320528,1568.32 12.092951,46.320419,1567.11 12.092913,46.320324,1566.09 12.092895,46.320104,1564.69 12.092959,46.319886,1563.27 12.093034,46.319765,1562.43 12.093152,46.319674,1561.65 12.093329,46.319628,1560.83 12.093436,46.319574,1560.25 12.093552,46.319484,1559.49 12.093695,46.319314,1558.23 12.093716,46.319184,1557.4 12.093652,46.319051,1556.51 12.093582,46.318986,1555.99 12.093115,46.318777,1552.99 12.092925,46.318658,1551.61 12.092792,46.318576,1550.59 12.092745,46.318512,1550 12.092743,46.318354,1548.67 12.092723,46.318155,1547 12.092728,46.318004,1545.73 12.092814,46.317907,1544.78 12.093022,46.31782,1543.37 12.093342,46.317735,1541.39 12.093548,46.317666,1540.06 12.093728,46.317603,1539.42 12.093834,46.317536,1538.96 12.093919,46.317456,1538.54 12.094047,46.317226,1537.47 12.094186,46.316977,1536.33 12.094285,46.316864,1535.76 12.094377,46.316807,1535.39 12.094563,46.316755,1534.8 12.094666,46.31674,1534.48 12.094796,46.316704,1534.07 12.094907,46.316633,1533.62 12.095023,46.316543,1533.1 12.095134,46.3164,1532.35 12.0952,46.316301,1531.85 12.095276,46.316241,1531.48 12.095365,46.316175,1531.02 12.095499,46.316138,1530.52 12.095607,46.316083,1530.05 12.095669,46.315994,1529.54 12.095709,46.315824,1528.65 12.095752,46.3157,1528 12.095799,46.31564,1527.65 12.095887,46.315581,1527.21 12.096025,46.315539,1526.69 12.096066,46.315492,1526.4 12.09612,46.315349,1525.64 12.096144,46.315245,1525.1 12.096191,46.315165,1524.66 12.096261,46.31509,1524.2 12.096551,46.31487,1523.15 12.096709,46.314784,1522.67 12.096798,46.314748,1522.59 12.096865,46.31473,1522.53 12.096996,46.314723,1522.43 12.097212,46.314728,1522.26 12.097327,46.314716,1522.17 12.097437,46.314686,1522.08 12.097622,46.314624,1521.92 12.097766,46.314585,1521.82 12.098019,46.314519,1521.6 12.098299,46.314471,1521.37 12.098471,46.314455,1521.22 12.098709,46.314442,1520.99 12.09895,46.314444,1520.75 12.099125,46.31445,1520.58 12.099258,46.314441,1520.35 12.099352,46.314431,1520.19 12.099455,46.314407,1520.01 12.099636,46.31434,1519.66 12.099748,46.314276,1519.41 12.099926,46.314175,1519.02 12.100079,46.314027,1518.57 12.100135,46.313842,1518.11 12.100127,46.313663,1517.63 12.100074,46.313194,1516.39 12.100052,46.312986,1515.84 12.100019,46.312891,1515.51 12.099899,46.312755,1514.97 12.09981,46.312701,1514.7 12.099594,46.312642,1514.16 12.099247,46.312582,1513.32 12.098884,46.312529,1512.45 12.098657,46.312499,1511.91 12.098242,46.312434,1510.94 12.097805,46.312396,1509.8 12.097421,46.312397,1508.98 12.096756,46.312447,1507.41 12.096411,46.312497,1506.58 12.096066,46.312586,1505.71 12.095824,46.312678,1505.06 12.095543,46.312836,1504.21 12.095334,46.312972,1502.47 12.095064,46.313206,1499.85 12.094937,46.313309,1498.67 12.094795,46.313382,1497.61 12.094664,46.313431,1496.7 12.094457,46.313486,1495.35 12.094274,46.313523,1494.19 12.094091,46.313543,1493.07 12.09387,46.313541,1491.72 12.093639,46.313495,1490.26 12.093412,46.313427,1488.76 12.09318,46.313309,1487.32 12.092957,46.313216,1486.02 12.092871,46.313178,1485.51 12.092765,46.313164,1484.98 12.092485,46.313182,1483.6 12.092372,46.313185,1483.05 12.092181,46.313161,1482.1 12.092043,46.313124,1481.37 12.091874,46.313057,1480.41 12.091747,46.313025,1479.76 12.091591,46.312997,1478.97 12.09149,46.312986,1478.46 12.091365,46.312979,1477.85 12.091117,46.312996,1476.63 12.091015,46.312995,1476.13 12.090928,46.31299,1475.48 12.090662,46.312943,1473.44 12.090569,46.312925,1472.72 12.090441,46.312869,1471.45 12.090323,46.312847,1470.43 12.090217,46.312842,1469.54 12.090032,46.312877,1467.94 12.089974,46.312888,1467.45 12.089895,46.312887,1466.79 12.089781,46.312857,1465.77 12.089592,46.312781,1463.94 12.089477,46.312748,1462.9 12.089305,46.312716,1461.41 12.089081,46.312705,1459.52 12.088989,46.312697,1458.75 12.088778,46.31263,1456.72 12.088477,46.312482,1453.54 12.088441,46.31247,1453.19 12.088351,46.312453,1452.39 12.088085,46.312437,1449.65 12.08803,46.312438,1449.09 12.087907,46.312413,1447.79 12.087688,46.312299,1444.97 12.086844,46.311786,1433.44 12.086717,46.311731,1431.9 12.086491,46.311664,1429.37 12.08625,46.31162,1426.81 12.08601,46.311585,1424.3 12.085843,46.311531,1422.4 12.085739,46.31146,1420.9 12.085604,46.311336,1418.61 12.085548,46.311272,1417.51 12.085511,46.311201,1416.4 12.085493,46.311105,1414.96 12.085536,46.310825,1410.81 12.085521,46.310761,1409.86 12.085493,46.310698,1408.91 12.085459,46.310658,1408.25 12.085347,46.310605,1406.93 12.085177,46.31056,1405.06 12.085078,46.310527,1403.93 12.084891,46.310431,1401.51 12.084688,46.310296,1398.62 12.084626,46.310231,1397.45 12.08458,46.310158,1396.22 12.084523,46.310057,1394.56 12.08452,46.310015,1393.92 12.084523,46.309929,1392.6 12.084486,46.30987,1391.61 12.084434,46.309824,1390.72 12.084384,46.309762,1389.64 12.084262,46.309586,1386.64 12.084223,46.309501,1385.28 12.084217,46.309427,1384.14 12.084195,46.309329,1382.62 12.084128,46.309201,1380.53 12.084015,46.309066,1378.2 12.08359,46.30878,1372.14 12.083533,46.3087,1370.82 12.08345,46.308438,1367.2 12.083394,46.308328,1365.64 12.083277,46.308161,1363.14 12.083038,46.307949,1359.51 12.082999,46.30791,1358.88 12.082977,46.307833,1357.85 12.083019,46.307639,1355.21 12.083021,46.307532,1353.77 12.083018,46.307502,1353.37 12.082971,46.307438,1352.42 12.082881,46.30738,1351.28 12.082827,46.307332,1350.46 12.08266,46.307134,1348.44 12.082556,46.306965,1346.84 12.082526,46.306871,1345.99 12.082495,46.306798,1345.48 12.082476,46.306682,1344.7 12.082484,46.306495,1343.45 12.082509,46.30631,1342.21 12.082565,46.306137,1341.03 12.08264,46.305915,1339.63 12.082732,46.305697,1337.97 12.082869,46.305364,1334.95 12.082971,46.305163,1333.12 12.083016,46.305019,1331.61 12.083034,46.304749,1328.84 12.083088,46.304257,1323.79 12.083072,46.304171,1322.9 12.082866,46.303628,1317.07 12.082782,46.30325,1312.67 12.082774,46.303042,1310.29 12.082799,46.302922,1308.9 12.082879,46.302834,1307.71 12.083003,46.302721,1306.09 12.083055,46.302627,1304.94 12.083094,46.302516,1303.63 12.083118,46.302054,1298.31 12.083099,46.301964,1297.27 12.083008,46.301802,1295.28 12.082919,46.301731,1294.21 12.082645,46.301604,1291.61 12.082523,46.301505,1290.13 12.082443,46.301289,1287.58 12.082408,46.301097,1285.38 12.082352,46.300977,1283.95 12.08231,46.300917,1283.21 12.082214,46.300858,1282.21 12.081343,46.300574,1273.84 12.0811,46.300481,1271.42 12.080934,46.300403,1269.46 12.080786,46.30031,1267.51 12.080656,46.300188,1265.38 12.080561,46.300075,1263.55 12.08046,46.299931,1261.29 12.080448,46.29985,1260.13 12.080488,46.29969,1257.83 12.080679,46.299327,1252.37 12.080883,46.299086,1248.2 12.080931,46.298983,1246.59 12.080972,46.298827,1244.19 12.080971,46.298748,1243 12.080962,46.298671,1241.83 12.080898,46.298566,1240.1 12.08079,46.298464,1238.17 12.080357,46.298213,1232.24 12.080061,46.29803,1228.08 12.08,46.297987,1227.16 12.079937,46.297924,1226.01 12.07991,46.297798,1224.07 12.079945,46.297713,1223.18 12.079981,46.297676,1222.79 12.080132,46.297622,1221.75 12.080331,46.297607,1220.54 12.080657,46.297609,1218.55 12.080947,46.297613,1216.79 12.081104,46.297633,1215.83 12.081222,46.297667,1215.05 12.081348,46.297715,1214.18 12.081493,46.2978,1213.02 12.081656,46.297939,1211.46 12.081936,46.298299,1208.49 12.082,46.298394,1207.74 12.082088,46.298476,1207 12.082186,46.298549,1206.56 12.082399,46.298619,1205.84 12.08252,46.298677,1205.4 12.082831,46.298854,1204.16 12.083327,46.299196,1202.02 12.083463,46.299243,1201.56 12.083578,46.299265,1201.2 12.083697,46.299271,1200.83 12.083856,46.299244,1200.33 12.08426,46.299105,1197.3 12.084521,46.299049,1195.15 12.084667,46.299034,1194 12.08489,46.299038,1192.25 12.085151,46.299069,1190.18 12.085248,46.299062,1189.42 12.085341,46.299036,1188.65 12.085461,46.298945,1187.25 12.085508,46.298835,1185.95 12.085538,46.298569,1182.92 12.085581,46.298496,1182.03 12.085662,46.298449,1181.2 12.085889,46.298367,1179.21 12.086231,46.298289,1176.52 12.086429,46.298263,1175.01 12.087101,46.298252,1169.97 12.087233,46.298221,1168.96 12.087293,46.298174,1168.3 12.087338,46.298119,1167.63 12.087356,46.298055,1166.93 12.087291,46.297924,1165.43 12.087236,46.297877,1164.79 12.087116,46.297837,1163.81 12.086992,46.297831,1162.88 12.086879,46.297855,1162 12.086582,46.297992,1159.78 12.08645,46.298024,1159.35 12.086203,46.298045,1158.58 12.085922,46.298026,1157.72 12.085405,46.297928,1156.07 12.08527,46.29793,1155.65 12.085144,46.297955,1155.25 12.085064,46.297972,1154.99 12.084933,46.298076,1154.38 12.084853,46.298162,1153.93 12.084763,46.298227,1153.53 12.084665,46.298269,1153.17 12.084473,46.298294,1152.57 12.084336,46.298261,1151.73 12.084244,46.298221,1151.09 12.084076,46.298066,1148.21 12.084014,46.297972,1146.66 12.083932,46.297764,1143.45 12.083903,46.297543,1140.14 12.083954,46.297314,1136.68 12.084291,46.296616,1125.7 12.084317,46.296428,1123.3 12.08428,46.296331,1122.06 12.084193,46.296224,1120.55 12.083956,46.296102,1118.04 12.083808,46.296064,1116.7 12.083426,46.29604,1113.44 12.083156,46.296005,1111.1 12.082986,46.295953,1109.52 12.082864,46.295905,1108.33 12.082731,46.295828,1106.85 12.082644,46.29576,1105.74 12.082574,46.295677,1104.56 12.082472,46.295404,1100.86 12.082416,46.29532,1099.64 12.082332,46.295242,1098.32 12.082129,46.295146,1096.02 12.081983,46.295093,1094.48 12.081876,46.295047,1093.29 12.08179,46.294995,1092.24 12.081729,46.294914,1091.02 12.081707,46.294826,1089.81 12.081733,46.294729,1088.48 12.081773,46.294671,1087.61 12.081856,46.294618,1086.55 12.081952,46.29459,1085.6 12.08207,46.294589,1084.51 12.082437,46.294669,1081.01 12.082697,46.294728,1078.52 12.083007,46.294769,1077.09 12.083403,46.294823,1075.26 12.083588,46.294864,1074.38 12.083865,46.294961,1072.97 12.084082,46.295055,1071.81 12.084583,46.295365,1068.77 12.084734,46.295431,1067.96 12.085025,46.295495,1066.84 12.085204,46.29555,1066.12 12.085319,46.295586,1065.76 12.085392,46.295626,1065.49 12.085567,46.295789,1064.64 12.085693,46.295921,1063.98 12.08579,46.29599,1063.58 12.08592,46.29606,1063.1 12.086197,46.296146,1062.22 12.086502,46.296182,1061.33 12.086815,46.296202,1060.42 12.087117,46.29618,1059.54 12.087254,46.296155,1058.83 12.08748,46.296034,1056.85 12.087613,46.295892,1055.15 12.08766,46.295818,1054.35 12.087688,46.295746,1053.6 12.08765,46.295415,1050.28 12.087659,46.295227,1048.39 12.087745,46.295032,1046.36 12.087865,46.294868,1044.53 12.087923,46.294669,1042.49 12.087921,46.294571,1041.51 12.087841,46.294309,1038.01 12.087656,46.293988,1033.41 12.087526,46.293842,1031.14 12.087365,46.293748,1029.2 12.087112,46.293645,1026.5 12.08351,46.292388,990.83 12.083389,46.292359,989.7 12.083227,46.29237,988.42 12.083058,46.292436,986.89 12.082865,46.292497,985.22 12.082562,46.292567,982.7 12.082258,46.292619,980.23 12.081922,46.292649,977.56 12.080868,46.292684,969.38 12.080703,46.292677,968.1 12.080556,46.292656,966.95 12.080394,46.292569,965.39 12.080279,46.292535,964.44 12.080203,46.292522,963.84 12.079717,46.292514,960.12 12.079075,46.292543,955.18 12.078936,46.292561,954.13 12.078825,46.29259,953.24 12.078587,46.292723,951.09 12.078487,46.292771,950.24 12.078373,46.292793,949.42 12.07811,46.292817,947.55 12.077888,46.292848,945.96 12.07761,46.292943,943.81 12.077505,46.292966,943.05 12.077362,46.292972,942.06 12.077215,46.292947,941.19 12.076924,46.292849,938.66 12.076792,46.292815,937.67 12.076635,46.292781,936.52 12.076261,46.292721,933.88 12.075931,46.29269,931.59 12.075576,46.292674,929.16 12.07528,46.292653,927.13 12.075141,46.292624,926.14 12.074418,46.292392,920.69 12.074249,46.292329,919.38 12.074098,46.292263,918.16 12.073892,46.292153,916.46 12.072162,46.290903,900.35 12.072087,46.290822,899.3 12.072025,46.290724,898.14 12.071934,46.290498,895.58 12.071821,46.288652,876.49 12.071775,46.288131,871.84 12.071685,46.287124,863.27 12.071545,46.286014,850.35 12.07155,46.285909,849.13 12.071592,46.285687,845.7 12.07159,46.285596,844.32 12.071574,46.285478,843.28 12.071524,46.285328,841.93 12.071482,46.285233,841.06 12.071112,46.284761,836.43 12.071045,46.284665,835.51 12.070801,46.284183,831.57 12.070747,46.284064,830.61 12.070723,46.284009,829.57 12.070636,46.283905,827.43 12.070511,46.283818,825.23 12.07006,46.283634,822.44 12.069193,46.283365,818.09 12.068414,46.283152,814.26 12.068342,46.283117,812.25 12.068262,46.283045,809.26 12.067942,46.282737,806.94 12.067864,46.282562,805.82 12.067889,46.282432,805.02 12.068007,46.282257,803.84 12.068057,46.282193,803.39 12.068067,46.282159,803.19 12.068057,46.282127,802.99 12.068023,46.282101,802.51 12.0679,46.282045,801.11 12.06739,46.281866,798.25 12.067131,46.281759,796.74 12.066924,46.281657,795.47 12.066777,46.281573,793.86 12.066333,46.281289,790.6 12.066182,46.28125,789.72 12.066113,46.281255,788.44 12.065833,46.281321,786.84 12.065731,46.281324,786.29 12.065671,46.281312,785.58 12.065553,46.281247,783.85 12.06542,46.28112,782.54 12.065349,46.281059,781.89 12.065254,46.281016,781.24 12.064744,46.280855,777.99 12.064444,46.280747,776.03 12.064263,46.280679,774.83 12.064076,46.280594,773.54 12.063857,46.280471,771.9 12.063507,46.280209,768.69 12.063329,46.280096,767.2 12.063088,46.279965,765.23 12.062827,46.279829,763.12 12.061789,46.279379,755.19 12.061442,46.279211,752.45 12.061077,46.279,749.32 12.060641,46.278692,745.24 12.060278,46.278473,741.97 12.05972,46.278182,737.67 12.059233,46.27794,733.98 12.058917,46.277817,732.41 12.058551,46.2777,730.37 12.058221,46.277606,728.57 12.056907,46.277253,721.32 12.056364,46.277063,718.23 12.055558,46.276715,712.03 12.055371,46.276656,710.97 12.055064,46.276611,709.27 12.054469,46.276617,705.81 12.054133,46.276568,703.81 12.053628,46.276461,700.73 12.053288,46.276336,698.49 12.052466,46.275882,693.28 12.052322,46.275823,692.69 12.051286,46.275565,688.81 12.050942,46.275532,686.95 12.05084,46.275534,686.59 12.050425,46.275624,684.92 12.050093,46.275799,684.04 12.049282,46.276406,681.52 12.048852,46.276766,680.09 12.048436,46.277209,676.25 12.047546,46.277964,669.01 12.046657,46.278722,660.24 12.046552,46.278828,658.99 12.046489,46.278932,657.91 12.046179,46.279589,649.63 12.046095,46.279691,648.57 12.045879,46.279825,646.76 12.045805,46.279871,646.14 12.045642,46.279917,645.04 12.045448,46.279939,643.82 12.045282,46.279929,642.78 12.045154,46.279903,641.95 12.044903,46.27982,640.21 12.044732,46.27978,639.09 12.044336,46.279708,637.11 12.043805,46.279611,634.72 12.043487,46.279554,633.33 12.043163,46.279461,631.91 12.042648,46.279301,629.11 12.04235,46.279213,627.49 12.042099,46.27915,626.16 12.041807,46.279114,624.69 12.041283,46.279057,622.05 12.039858,46.278886,615.68 12.039013,46.278801,611.56 12.038935,46.278825,611.15 12.038843,46.278887,610.53 12.038715,46.279009,609.49 12.03857,46.279153,608.26 12.038528,46.279221,607.83 12.038496,46.279271,607.73 12.038406,46.279381,607.5 12.038341,46.279464,607.32 12.038295,46.279518,607.21 12.038232,46.279573,607.08 12.038163,46.279623,606.95 12.037843,46.279817,606.97 12.037558,46.279999,606.99 12.037291,46.280162,607 12.0371,46.28026,607.01 12.036938,46.280335,607.09 12.036857,46.280366,607.13 12.036797,46.280381,607.15 12.036611,46.280409,607.23 12.036428,46.280441,607.3 12.036283,46.280469,607.37 12.036088,46.280504,607.45 12.035987,46.280531,607.49 12.03592,46.280549,607.57 12.035847,46.280576,607.67 12.03579,46.280607,607.77 12.035743,46.280642,607.86 12.035663,46.280744,608.1 12.035601,46.280842,608.31 12.035411,46.28135,609.36 12.035317,46.281603,609.89 12.035042,46.282191,610.98 12.034956,46.282576,610.36 12.034634,46.2834,609.48 12.034394,46.284065,608.5 12.034328,46.284224,608.27 12.034123,46.284558,607.78 12.033598,46.285373,606.89 12.033459,46.285597,606.84 12.033016,46.286165,606.71 12.032763,46.2864,606.7 12.032578,46.286526,606.7 12.032274,46.286655,606.71 12.031284,46.286877,606.44 12.030425,46.287071,606.21 12.030174,46.287148,606.14 12.029926,46.287257,605.99 12.029692,46.28742,605.82 12.029242,46.287685,605.84 12.029113,46.287758,605.84 12.028996,46.287863,605.85 12.028864,46.288031,605.86 12.028679,46.288378,605.88 12.028635,46.288461,605.88 12.02851,46.288695,605.89 12.028094,46.289471,606.61 12.028036,46.28958,606.74 12.027923,46.289701,606.9 12.027322,46.29034,608 12.027282,46.290385,608.06 12.026746,46.290974,608.74 12.026349,46.291382,609.29 12.026055,46.291645,609.66 12.025147,46.292329,610.29 12.024686,46.292652,610.59 12.023961,46.293106,610.96 12.023437,46.293505,610.97 12.022149,46.294452,611.83 12.021256,46.295023,612.38 12.019955,46.295855,614.42 12.019775,46.295996,614.63 12.01944,46.296303,615.08 12.019104,46.29667,615.58 12.01857,46.29722,616.27 12.018422,46.297496,616.72 12.018242,46.297832,617.06 12.018037,46.298106,617.13 12.017266,46.298948,617.36 12.017204,46.298997,617.38 12.017088,46.299078,617.41 12.016969,46.299151,617.43 12.016767,46.299233,617.11 12.016202,46.299675,617.52 12.015496,46.300193,618.1 12.014956,46.30058,618.28 12.014522,46.300993,618.46 12.014225,46.301305,618.59 12.013736,46.301843,619.55 12.013536,46.302139,620.04 12.013433,46.302501,620.86 12.013399,46.302908,621.77 12.013342,46.303427,622.93 12.013307,46.304155,626.31 12.013242,46.304657,629.68 12.01311,46.305285,633.05 12.012927,46.305773,636.42 12.012697,46.306416,640.75 12.012614,46.306803,642.62 12.012436,46.307052,644.12 12.012243,46.307249,646.04 12.011734,46.307643,649.42 12.011254,46.307994,652.78 12.01066,46.308313,656.64 12.009892,46.308701,660 12.009527,46.308911,661.82 12.009348,46.309139,663.35 12.009296,46.309299,664.34 12.009101,46.310039,665.46 12.009014,46.310251,665.79 12.007905,46.311635,667.25 12.007756,46.311844,667.39 12.007646,46.312091,667.54 12.007615,46.312417,667.74 12.007651,46.312741,668.22 12.007777,46.313567,671.12 12.007834,46.314049,672.56 12.007869,46.314458,674.23 12.007815,46.314819,675.93 12.007685,46.31516,677.1 12.0074,46.315583,678.83 12.006937,46.316044,680.78 12.006293,46.316561,683.16 12.006056,46.316747,683.71 12.005881,46.316969,684.44 12.005706,46.317556,686.16 12.005615,46.317934,687.27 12.005292,46.318678,689.5 12.004516,46.320038,694.88 12.003348,46.321725,701.79 12.001454,46.323682,710.28 11.999222,46.32564,718.75 11.996951,46.327089,726.01 11.993007,46.329087,739.56 11.99181,46.329697,741.5 11.991216,46.330007,742.46 11.990208,46.33062,745.35 11.989727,46.330985,746.24 11.989472,46.331277,746.95 11.989037,46.331813,748.25 11.988688,46.332201,749.22 11.98842,46.332448,749.91 11.987045,46.333517,753.08 11.986248,46.334104,753.98 11.985854,46.334513,754.53 11.985364,46.335128,754.81 11.984932,46.335611,755.03 11.984233,46.336142,754.56 11.983422,46.33657,754.08 11.981352,46.337566,753.62 11.980706,46.337943,753.84 11.980386,46.33822,753.98 11.980024,46.338592,753.29 11.979804,46.33896,752.08 11.979638,46.339379,750.76 11.97947,46.339817,748.83 11.979207,46.34009,746.72 11.978917,46.340264,745 11.978424,46.340489,742.12 11.977836,46.340801,738.8 11.977478,46.34103,738.8 11.97683,46.341549,738.81 11.976365,46.3419,740.69 11.976048,46.342144,741.66 11.975107,46.342987,746 11.974944,46.343163,746.71 11.974757,46.34329,747.33 11.974525,46.343357,747.92 11.974046,46.343402,748.8 11.973465,46.343405,749.86 11.973209,46.343407,750.82 11.972985,46.34345,751.33 11.972838,46.343548,751.77 11.972715,46.343678,752.27 11.972437,46.344055,754.67 11.97228,46.344315,755.91 11.972217,46.344557,756.98 11.972177,46.344798,758.05 11.97218,46.344965,759.01 11.9721,46.345215,759.44 11.971948,46.345337,759.71 11.971777,46.345439,759.98 11.971488,46.345532,759.98 11.970177,46.346046,760.95 11.97001,46.34613,760.47 11.969727,46.346322,759.54 11.969579,46.346513,758.81 11.969491,46.346718,758.08 11.969275,46.348076,759.05 11.969172,46.34869,760.5 11.969089,46.348976,761.11 11.968949,46.349203,761.63 11.96878,46.349365,762.06 11.96754,46.350487,765.21 11.966991,46.351204,767.22 11.966795,46.351719,768.4 11.966814,46.351985,769.23 11.967012,46.352183,769.11 11.967258,46.352344,769 11.967128,46.352457,769.6 11.967036,46.352522,770.1 11.966937,46.352595,770.6 11.966869,46.35264,771.1 11.966753,46.352723,771.6 11.966656,46.352789,772.6 11.966471,46.352908,773.5 11.966326,46.353017,774.6 11.966237,46.353108,775.5 11.966178,46.353216,776.2 11.966144,46.353316,776.8 11.966097,46.353475,777.8 11.966045,46.353657,779 11.965967,46.353894,780 11.9659,46.354092,781 11.965856,46.354411,783.3 11.965843,46.354713,784.4 11.965838,46.354972,786.1 11.965818,46.355205,787.3 11.965744,46.355504,789.3 11.965625,46.355826,791.3 11.965478,46.356123,793.6 11.965318,46.356415,795.9 11.965097,46.356771,798.5 11.964834,46.357062,800.5 11.964511,46.35734,802.9 11.964116,46.35762,805.1 11.963695,46.357888,807 11.963166,46.358203,808.8 11.962732,46.358462,810.6 11.962359,46.358649,812.6 11.961923,46.358823,814.3 11.961473,46.358974,815.4 11.961048,46.359115,816.3 11.960704,46.359235,817.2 11.960343,46.359361,817.9 11.960049,46.359456,818.9 11.959877,46.35951,821.2 11.959637,46.359586,822.6 11.959346,46.359679,823.7 11.958979,46.359799,824.8 11.958605,46.359914,825.9 11.958237,46.360025,827.6 11.957857,46.360139,828.9 11.957491,46.360231,830.4 11.957141,46.360299,831.9 11.95679,46.360371,833.2 11.956436,46.360436,834.3 11.956134,46.360494,834.9 11.955896,46.36054,835.3 11.95574,46.360586,835.8 11.955585,46.360639,836.4 11.95544,46.360697,837 11.95532,46.360752,837.5 11.955115,46.360848,838.4 11.954936,46.360939,839 11.954749,46.361017,839.8 11.954508,46.361098,840.8 11.954254,46.361194,841.8 11.954076,46.361268,842.5 11.953934,46.361324,843.1 11.953685,46.361435,844.2 11.953485,46.361523,845 11.953321,46.361617,845.9 11.953196,46.36171,846.7 11.953096,46.361836,847.6 11.952987,46.36199,848.6 11.952903,46.362121,849.5 11.952818,46.362224,850.3 11.952722,46.362291,850.8 11.952631,46.362348,851.4 11.952516,46.362395,851.9 11.952369,46.362428,852.6 11.952211,46.362454,853.3 11.952047,46.362489,854.1 11.951923,46.362543,854.7 11.951815,46.362616,855.4 11.951747,46.362682,855.9 11.95166,46.36276,856.5 11.951547,46.362835,857.2 11.951424,46.362904,857.9 11.951276,46.362968,858.7 11.951105,46.363021,859.5 11.950915,46.363081,860.4 11.950722,46.363137,861.3 11.950474,46.363215,862.5 11.950269,46.36328,863.5 11.950062,46.363347,864.4 11.949893,46.363403,865.3 11.949699,46.363465,866.3 11.949545,46.36352,867.3 11.949391,46.36356,868.1 11.949252,46.363586,868.8 11.949099,46.363612,869.6 11.948932,46.363638,870.4 11.948765,46.363671,871.2 11.948583,46.363708,872.1 11.948403,46.363754,873 11.948187,46.36381,874.1 11.947973,46.363886,875.3 11.947809,46.363947,876.1 11.947669,46.364,876.7 11.947542,46.364052,877.4 11.947404,46.364107,878.1 11.947263,46.364146,878.9 11.947083,46.364183,879.8 11.946868,46.364213,880.8 11.946608,46.36424,882.2 11.946281,46.36427,883.8 11.945993,46.364293,885.3 11.945716,46.36431,886.7 11.945405,46.364325,888.3 11.945121,46.364342,889.7 11.94481,46.364357,891.5 11.944325,46.364377,894.3 11.943932,46.364398,896.4 11.943604,46.364416,898.3 11.943323,46.364417,899.9 11.943074,46.364404,901.3 11.942806,46.364369,902.8 11.942509,46.364321,904.5 11.94223,46.364267,906 11.941958,46.364207,907.5 11.941665,46.364128,909.1 11.941433,46.364051,910.4 11.941206,46.36396,911.7 11.940969,46.363861,913.1 11.940743,46.363765,914.4 11.940491,46.363662,916 11.940202,46.363552,917.8 11.939932,46.363449,919.2 11.939718,46.363369,920.5 11.93948,46.363306,921.8 11.939206,46.363259,923.1 11.93885,46.363225,924.5 11.938516,46.3632,926.1 11.938269,46.363181,927.1 11.938031,46.36316,928.4 11.937776,46.363134,929.9 11.937534,46.363106,931.3 11.937275,46.363089,932.9 11.937035,46.363081,933.9 11.936795,46.363083,935.3 11.936519,46.363095,937.1 11.936257,46.363116,938.5 11.935926,46.363147,940.6 11.935707,46.363164,942 11.93538,46.363186,943.3 11.934927,46.363223,945.8 11.934557,46.363256,947.9 11.934203,46.363286,949.9 11.933848,46.363312,951.9 11.933587,46.363328,953.5 11.933341,46.363345,955 11.933014,46.363363,956.4 11.932674,46.363385,957.9 11.932243,46.363407,959.5 11.931875,46.363432,960.9 11.931396,46.363463,961.8 11.930964,46.363482,962.5 11.930679,46.363485,963 11.930332,46.363468,963.5 11.930043,46.363441,964 11.929779,46.363413,964.5 11.92951,46.363385,964.7 11.92924,46.363357,964.9 11.928997,46.363339,964.8 11.928774,46.363327,964.7 11.92856,46.363317,964.6 11.928351,46.36332,964.3 11.928149,46.363324,964 11.927911,46.363341,963.6 11.927705,46.363369,963.3 11.927516,46.363391,963 11.927187,46.363436,962.6 11.926927,46.363467,962.5 11.926611,46.363509,962.5 11.926303,46.363534,962.4 11.926053,46.363532,962.4 11.925808,46.363513,962.4 11.925615,46.363487,962.7 11.925431,46.363448,962.9 11.925055,46.363355,963.4 11.924653,46.36325,963.9 11.924347,46.363176,964.3 11.924016,46.363085,964.7 11.923757,46.363017,965.2 11.923515,46.362957,965.8 11.923324,46.362909,966.2 11.92311,46.362866,966.6 11.922904,46.362835,967.1 11.922675,46.362805,967.5 11.922449,46.362783,968 11.922198,46.36276,968.2 11.92195,46.362742,968.6 11.921664,46.362726,969 11.921364,46.362706,969.3 11.9211,46.362685,969.6 11.920855,46.362657,969.9 11.920599,46.362623,970.3 11.920354,46.362584,970.6 11.920142,46.362539,970.8 11.919749,46.36246,971.4 11.91936,46.362381,971.6 11.919103,46.362325,971.8 11.918861,46.362274,971.9 11.918644,46.362228,972 11.918382,46.362181,972.2 11.918092,46.362147,972.3 11.917797,46.362121,972.5 11.917416,46.362085,972.7 11.917041,46.362052,972.9 11.916735,46.362016,973 11.916487,46.36199,973.1 11.91618,46.361963,973.2 11.915894,46.36193,973.2 11.915544,46.3619,973.3 11.915259,46.361879,973.4 11.914956,46.361866,973.5 11.914726,46.361862,973.5 11.914569,46.361872,974 11.914413,46.361899,974.6 11.9142,46.361945,975.5 11.913962,46.361993,976.6 11.913648,46.36206,978.5 11.913325,46.362149,980 11.913098,46.36222,981.4 11.912889,46.36229,982.5 11.912662,46.362373,983.9 11.91243,46.362464,985.6 11.912232,46.36253,986.9 11.912033,46.362587,988.2 11.911779,46.362637,989.8 11.911466,46.362681,991.6 11.911143,46.362712,994 11.910734,46.362758,996.7 11.910396,46.362793,998.9 11.910051,46.362827,1001.6 11.909733,46.362852,1003.9 11.909369,46.362875,1006.4 11.909077,46.362886,1008.4 11.908895,46.362894,1009.6 11.90869,46.362905,1011.2 11.908501,46.362932,1012.4 11.908367,46.362973,1013.4 11.908208,46.36304,1014.6 11.908017,46.363128,1016.1 11.907864,46.363186,1017.3 11.907686,46.36323,1018.5 11.907494,46.363243,1019.7 11.907336,46.363238,1020.8 11.907179,46.363227,1021.6 11.907024,46.363217,1022.7 11.906839,46.363217,1023.9 11.906656,46.363231,1025 11.906467,46.363249,1026.3 11.906151,46.363291,1028.5 11.905855,46.363328,1030.2 11.905577,46.363359,1032 11.905227,46.363406,1034.3 11.90487,46.36345,1036.5 11.904562,46.363492,1038.3 11.904265,46.363529,1040 11.904009,46.363551,1041.4 11.903708,46.363564,1043 11.903377,46.363574,1044.9 11.903017,46.363564,1047.2 11.902683,46.363549,1049.1 11.902389,46.363539,1051 11.902112,46.363527,1052.7 11.901818,46.363508,1054.5 11.901457,46.363494,1056.7 11.901128,46.363477,1058.9 11.900859,46.363468,1060.7 11.9006,46.363454,1062 11.900299,46.363444,1063.6 11.900071,46.363443,1064.7 11.899868,46.36345,1065.7 11.899699,46.363474,1066.5 11.899519,46.36352,1067.4 11.899363,46.363582,1068.3 11.899259,46.363629,1068.8 11.899164,46.363677,1069.3 11.899065,46.363719,1070 11.898941,46.363744,1071.2 11.898732,46.363759,1072.3 11.898419,46.363768,1074.4 11.898002,46.363768,1077.2 11.897615,46.363773,1079.7 11.897289,46.363775,1081.9 11.896954,46.363769,1084.2 11.896714,46.363758,1085.9 11.896423,46.363726,1087.9 11.896186,46.363699,1089.5 11.895983,46.363676,1090.8 11.895782,46.363644,1092.1 11.895634,46.363613,1093.1 11.895471,46.36357,1094.6 11.895282,46.363511,1096.3 11.895076,46.363445,1097.8 11.894844,46.36337,1099.5 11.894606,46.363296,1101.3 11.894307,46.363208,1103.5 11.894027,46.363128,1105.8 11.893845,46.363074,1107.2 11.893568,46.362992,1109.3 11.893291,46.362911,1111.5 11.89308,46.362851,1113.2 11.892829,46.362787,1115.4 11.892576,46.362733,1117.1 11.892256,46.362677,1119.5 11.891903,46.36263,1122.2 11.891571,46.362597,1124.4 11.891233,46.362561,1127 11.890977,46.362541,1129 11.890781,46.362527,1130 11.89063,46.362508,1130.6 11.890448,46.362478,1131.5 11.890213,46.362419,1132.6 11.889979,46.362339,1133.7 11.889686,46.362191,1134.9 11.889446,46.362049,1135.9 11.889204,46.361897,1136.8 11.888989,46.361767,1137.7 11.888764,46.361632,1138.7 11.888497,46.361488,1139.8 11.888262,46.361355,1140.7 11.887997,46.361201,1141.9 11.887718,46.361048,1143.1 11.887522,46.360946,1143.9 11.887287,46.360838,1144.6 11.887126,46.360771,1145.2 11.886965,46.360708,1145.7 11.886773,46.360637,1146.3 11.886547,46.360551,1147 11.886319,46.360467,1147.8 11.885798,46.360274,1149.7 11.885244,46.360061,1150.7 11.884548,46.359802,1151.5 11.884145,46.359654,1151.9 11.883889,46.359562,1151.9 11.883418,46.359391,1151.9 11.882943,46.359219,1151.9 11.882795,46.359166,1151.9 11.882617,46.359108,1151.9 11.882445,46.359059,1151.9 11.882174,46.358996,1151.9 11.881925,46.358957,1151.9 11.881506,46.358909,1151.5 11.881094,46.358864,1151.2 11.880648,46.358815,1150.8 11.880096,46.35876,1150.2 11.879666,46.358712,1149.5 11.879174,46.358659,1148.6 11.8787,46.35861,1147.6 11.878313,46.358565,1146.7 11.877967,46.358532,1145.8 11.877605,46.358518,1145 11.877449,46.35852,1144.7 11.877231,46.358528,1144.2 11.877032,46.358543,1144 11.876798,46.358568,1143.5 11.876345,46.358622,1142.5 11.875966,46.358668,1141.8 11.875424,46.358728,1140.3 11.874872,46.358792,1138.7 11.874617,46.358818,1137.9 11.874391,46.358827,1137.5 11.874158,46.358804,1137.2 11.873918,46.358754,1136.9 11.873721,46.358686,1136.9 11.87343,46.35857,1136.9 11.873093,46.358404,1137.3 11.872897,46.35831,1137.7 11.872673,46.358206,1138 11.872487,46.358112,1139.1 11.872282,46.358017,1140.2 11.872081,46.357916,1141.3 11.871755,46.357747,1143.2 11.871393,46.357558,1145.2 11.871178,46.357446,1146.6 11.87099,46.357336,1147.3 11.870839,46.357223,1147.5 11.870647,46.357054,1147.7 11.870392,46.356843,1147.9 11.870113,46.356606,1148
          </coordinates>
        </LineString>
      </MultiGeometry>
    </Placemark>
  </Folder>
</Document>
</kml>