<?xml version="1.0" encoding="UTF-8"?>
<kml xmlns="http://www.opengis.net/kml/2.2">
<Document>
  <name><![CDATA[TT-2026 05 Possagno-Semonzo_numm_NEU]]></name>
  <description><![CDATA[Converted with MapKmlTools.com - Free online GPX to KML converter.]]></description>
  
  <!-- Styles -->
  <Style id="lineStyle">
    <LineStyle>
      <color>cc4444ef</color>
      <width>4</width>
    </LineStyle>
  </Style>
  
  <Style id="wptStyle">
    <IconStyle>
      <color>fff6823b</color>
      <scale>1.1</scale>
      <Icon>
        <href>http://maps.google.com/mapfiles/kml/pushpin/ylw-pushpin.png</href>
      </Icon>
    </IconStyle>
  </Style>

  <Folder>
    <name>Tracks</name>
    <Placemark>
      <name><![CDATA[TT-2026 05 Possagno-Semonzo_numm_NEU]]></name>
      
      <styleUrl>#lineStyle</styleUrl>
      <MultiGeometry>
        <LineString>
          <tessellate>1</tessellate>
          <coordinates>
            11.878978,45.857264,320 11.879611,45.856524,308.67 11.879799,45.8563,307.56 11.880389,45.855613,296.48 11.880475,45.855508,295.97 11.881069,45.854804,285.87 11.881248,45.854973,285.53 11.881419,45.855158,285.17 11.882011,45.855701,285.34 11.882226,45.855943,285.39 11.882393,45.856177,284.71 11.882479,45.856353,284.23 11.882636,45.856709,283.25 11.882766,45.856973,282.51 11.882886,45.857128,281.15 11.883008,45.857174,280.39 11.883223,45.857216,279.14 11.883841,45.85727,276.74 11.88473,45.857322,271.93 11.884958,45.857339,271.09 11.885073,45.85737,270.64 11.885215,45.857445,269.98 11.885267,45.857518,269.53 11.885294,45.85767,268.84 11.885238,45.857829,268.1 11.885114,45.85792,267.49 11.884927,45.857979,266.79 11.884596,45.857983,265.65 11.88434,45.857966,264.73 11.884165,45.857946,264.13 11.884047,45.857958,263.73 11.883921,45.858018,263.22 11.883864,45.858093,262.79 11.883851,45.858177,262.33 11.883838,45.858283,261.87 11.883881,45.858367,261.49 11.883972,45.858444,261.06 11.884128,45.858471,260.55 11.884308,45.858458,259.92 11.885145,45.858392,257.52 11.886007,45.858311,254.64 11.886344,45.858285,253.2 11.886646,45.858279,251.89 11.886898,45.858294,250.79 11.887544,45.858384,250.79 11.889583,45.858709,253.68 11.889972,45.858751,253.33 11.890498,45.858835,252.85 11.890768,45.858891,252.59 11.891144,45.858992,252.23 11.892316,45.85939,249.35 11.892853,45.85957,247.91 11.893684,45.859848,244.54 11.893985,45.859477,243.56 11.894228,45.859251,242.29 11.894411,45.859036,241.18 11.894628,45.858781,239.85 11.894729,45.858653,239.2 11.89478,45.858589,238.87 11.895188,45.857998,236.16 11.895526,45.858112,235.15 11.89595,45.858245,233.9 11.896173,45.858115,233.12 11.896414,45.857922,232.13 11.896643,45.857594,230.72 11.897731,45.856284,226.78 11.897934,45.856114,226.21 11.898685,45.855696,224.84 11.898946,45.855445,224.23 11.899145,45.85508,223.47 11.899293,45.854687,222.67 11.899422,45.854207,222 11.899549,45.85387,221.57 11.899651,45.853599,220.74 11.89985,45.853637,221.23 11.900302,45.853681,220.53 11.900905,45.853704,219.89 11.901798,45.85365,218.97 11.902978,45.853509,217.75 11.903365,45.853479,217.36 11.903807,45.853475,217.07 11.904015,45.853485,216.96 11.904482,45.853539,216.58 11.904851,45.85358,216.6 11.905036,45.853607,216.6 11.90511,45.853617,216.55 11.906012,45.853749,215.84 11.90769,45.85396,214.51 11.908086,45.853991,214.16 11.908403,45.854006,213.89 11.908907,45.853997,213.45 11.909246,45.853977,213.16 11.912721,45.853579,210.64 11.912869,45.853564,210.54 11.91335,45.853526,210.23 11.914285,45.853536,209.62 11.914826,45.853601,209.26 11.91503,45.853625,209.12 11.915352,45.853691,208.89 11.917085,45.854164,207.42 11.921784,45.85552,204.2 11.924855,45.856377,201.85 11.925994,45.856695,201.12 11.92783,45.857183,200.08 11.928206,45.85728,199.98 11.929121,45.857514,199.74 11.929438,45.857593,199.64 11.930106,45.85776,199.14 11.931963,45.858235,197.81 11.932326,45.858324,197.51 11.932645,45.858405,197.24 11.933346,45.858561,196.67 11.93498,45.858956,196.11 11.94032,45.86023,195.27 11.94166,45.86061,195.38 11.941979,45.860725,195.4 11.94293,45.86108,195.59 11.94353,45.86135,195.84 11.944665,45.861961,196.34 11.945537,45.862478,197.01 11.949071,45.864634,199.4 11.949702,45.865016,199.89 11.951195,45.865929,201 11.9522,45.866611,201.76 11.952529,45.866808,201.82 11.952669,45.866898,201.83 11.952835,45.867008,201.84 11.952933,45.867076,201.94 11.953215,45.866883,201.88 11.953492,45.866611,201.82 11.953677,45.866424,201.77 11.953934,45.866157,201.71 11.95418,45.865868,201.84 11.954411,45.865561,201.97 11.954595,45.865296,202.08 11.95483,45.864903,202.25 11.955111,45.864483,202.43 11.955396,45.864288,202.54 11.955726,45.864097,202.65 11.956064,45.864006,202.75 11.956327,45.863996,202.99 11.956574,45.864025,203.22 11.956922,45.864111,203.57 11.957217,45.864227,204 11.957506,45.864321,204.42 11.957813,45.864369,204.46 11.958044,45.864379,204.5 11.958402,45.864368,204.56 11.958704,45.864319,204.62 11.958917,45.864249,204.28 11.95906,45.864183,204.03 11.959235,45.864089,203.71 11.960768,45.863253,200.91 11.961086,45.863065,200.21 11.961183,45.863005,199.99 11.96132,45.862898,199.64 11.961419,45.862784,199.32 11.961522,45.862637,198.93 11.961595,45.862486,198.54 11.961689,45.862282,198.02 11.961797,45.862054,197.44 11.961902,45.86181,196.83 11.962028,45.861583,196.39 11.96229,45.861163,195.56 11.962388,45.860995,195.23 11.962473,45.860855,194.96 11.962543,45.860721,194.88 11.962801,45.860819,194.78 11.963413,45.861068,194.52 11.963744,45.861222,194.74 11.964104,45.861404,194.98 11.964297,45.861515,195.11 11.964461,45.861617,195.1 11.964805,45.861833,195.09 11.965206,45.862073,195.07 11.965434,45.86221,195.05 11.965643,45.862347,195.04 11.965822,45.862486,195.03 11.965967,45.862604,195.02 11.966123,45.86276,194.84 11.966279,45.862937,194.63 11.966461,45.86314,194.4 11.966677,45.863399,194.1 11.966845,45.863587,193.88 11.96703,45.863779,193.57 11.967152,45.86391,193.36 11.967237,45.863981,193.23 11.967332,45.86403,193.12 11.967469,45.864057,192.98 11.967626,45.864062,192.84 11.967821,45.864039,192.63 11.967958,45.864018,192.48 11.968108,45.863989,192.31 11.968708,45.863866,191.65 11.969008,45.863792,191.32 11.969223,45.863738,191.08 11.969437,45.863681,190.83 11.969929,45.863548,190.28 11.970419,45.863414,189.72 11.970592,45.863363,189.52 11.970827,45.863296,189.26 11.970986,45.863263,189.08 11.971111,45.863249,188.95 11.971312,45.863233,188.73 11.971611,45.863213,188.42 11.971972,45.863184,188.03 11.972526,45.863139,187.44 11.973618,45.863048,186.28 11.974547,45.862971,185.3 11.975256,45.862905,184.54 11.975699,45.862862,184 11.975916,45.86286,183.74 11.976119,45.862867,183.5 11.976247,45.862881,183.35 11.976917,45.86296,182.53 11.978238,45.86311,180.93 11.978554,45.863145,180.55 11.978999,45.863189,180.01 11.979704,45.863265,179.16 11.980433,45.863342,178.28 11.980659,45.863367,178 11.980855,45.863399,177.76 11.98106,45.863444,177.5 11.981277,45.863483,177.24 11.981627,45.863524,176.81 11.982077,45.863555,176.27 11.982612,45.863589,175.63 11.983246,45.863643,174.86 11.983509,45.863693,174.54 11.98359,45.863733,173.59 11.984061,45.863498,173.39 11.984339,45.863361,173.29 11.98461,45.863219,173.2 11.985387,45.862823,172.87 11.985701,45.862549,173.27 11.985843,45.862356,173.68 11.985929,45.862057,174.19 11.985968,45.861635,175.07 11.98592,45.86134,175.63 11.985721,45.860463,177.97 11.985693,45.860101,178.98 11.985696,45.859792,179.83 11.985746,45.859621,180.01 11.985791,45.859512,180.02 11.985978,45.859098,179.96 11.98603,45.858998,179.92 11.986287,45.858471,179.72 11.986899,45.858652,180.37 11.987463,45.858819,180.27 11.987577,45.85885,180.18 11.988151,45.859014,179.97 11.98869,45.859173,179.75 11.989033,45.859271,179.62 11.989724,45.859471,179.54 11.990334,45.859652,179.6 11.990494,45.8597,179.63 11.990898,45.859812,179.66 11.991154,45.85989,179.69 11.991642,45.860014,179.73 11.991822,45.860013,179.73 11.991972,45.859974,179.73 11.992198,45.859864,179.73 11.992247,45.859816,179.73 11.992439,45.859596,179.73 11.992857,45.859085,179.73 11.993028,45.858888,179.68 11.99325,45.858684,179.46 11.993305,45.858701,179.36 11.993358,45.858705,179.34 11.993811,45.858743,179.11 11.99396,45.85875,179.04 11.994055,45.858755,178.99 11.994147,45.85876,178.95 11.994296,45.858771,178.55 11.994832,45.858853,178.11 11.995347,45.858951,177.62 11.995786,45.85901,177.13 11.995959,45.859026,176.93 11.996169,45.859038,176.7 11.996442,45.859033,176.35 11.996881,45.858986,175.92 11.997132,45.858939,175.65 11.997293,45.858902,175.45 11.997576,45.858857,175 11.997856,45.858802,174.56 11.998053,45.858754,174.33 11.998208,45.858698,174.14 11.998292,45.858664,174.03 11.998418,45.858639,173.89 11.998534,45.85863,173.76 11.998666,45.858626,173.62 11.998814,45.858639,173.46 11.998962,45.858668,173.29 11.999102,45.858728,173.03 11.999336,45.858841,172.83 11.999501,45.858927,172.69 11.999617,45.858983,172.59 11.999782,45.859082,172.44 11.999957,45.859182,172.28 12.00006,45.859239,172.19 12.000123,45.859274,172.14 12.000214,45.859303,172.07 12.000353,45.859337,171.97 12.000476,45.859335,171.88 12.000571,45.859336,171.81 12.000681,45.859342,171.74 12.000922,45.859356,171.44 12.001078,45.859357,171.31 12.001204,45.859354,171.21 12.00123,45.859353,171.19 12.001342,45.859344,171.1 12.001422,45.859306,171.04 12.00147,45.859275,171 12.001518,45.859238,170.96 12.001718,45.859025,170.76 12.001819,45.858942,170.67 12.001942,45.85886,170.58 12.002206,45.858672,170.36 12.002538,45.858468,170.16 12.002878,45.85828,169.97 12.003111,45.858157,169.83 12.003353,45.858037,169.74 12.00343,45.857999,169.72 12.003573,45.857965,169.62 12.003724,45.857889,169.57 12.003842,45.857827,169.52 12.004108,45.85766,169.39 12.004316,45.857514,169.28 12.004464,45.857417,169.21 12.004513,45.857383,169.19 12.004697,45.857283,169.14 12.005045,45.857129,169.06 12.005246,45.85703,169.01 12.005924,45.856715,168.83 12.007182,45.856189,168.59 12.007431,45.85606,168.56 12.00756,45.855948,168.55 12.007658,45.855804,168.53 12.008163,45.854719,168.34 12.008353,45.854421,168.24 12.008428,45.854322,168.21 12.008541,45.854234,168.18 12.009101,45.853846,168.02 12.009556,45.853501,167.97 12.010271,45.852921,168.37 12.0105,45.853093,168.37 12.010749,45.853275,168.37 12.010874,45.853355,168.37 12.011401,45.853691,168.42 12.011723,45.853845,168.46 12.01215,45.85405,168.52 12.01257,45.854212,168.57 12.013255,45.854436,168.64 12.013356,45.854468,168.6 12.0144,45.854762,168.54 12.016495,45.855415,167.74 12.016832,45.85553,167.18 12.017323,45.855709,166.68 12.018019,45.855941,166.28 12.01881,45.85618,165.85 12.01932,45.856248,165.6 12.01956,45.85625,165.51 12.01994,45.8562,165.36 12.020883,45.856067,164.98 12.022303,45.855873,164.39 12.023732,45.855674,163.78 12.024239,45.855609,163.56 12.024658,45.855549,163.03 12.024599,45.855846,162.66 12.024566,45.85608,162.53 12.024566,45.856139,162.47 12.024567,45.856313,162.23 12.024576,45.856825,161.51 12.024794,45.860209,156.95 12.024798,45.860376,156.9 12.024824,45.860434,156.86 12.024858,45.860473,156.83 12.024908,45.860504,156.8 12.024957,45.860524,156.79 12.025012,45.860537,156.78 12.025086,45.86054,156.77 12.025421,45.860503,156.74 12.025742,45.860484,156.72 12.025985,45.860481,156.7 12.026384,45.860498,157 12.026557,45.860527,157.13 12.026749,45.860569,157.28 12.027287,45.860754,157.73 12.027313,45.86081,157.88 12.027328,45.860844,157.91 12.027314,45.860897,157.97 12.027245,45.860971,158.06 12.027183,45.861019,158.13 12.026983,45.861114,158.72 12.026781,45.861215,159.32 12.026633,45.861302,159.79 12.026201,45.86158,161.55 12.025639,45.861943,163.85 12.025196,45.86222,165.64 12.024832,45.862458,167.52 12.024717,45.862534,167.94 12.02389,45.863047,171.31 12.022978,45.863507,173.71 12.022383,45.863786,175.1 12.022311,45.863815,175.22 12.022083,45.863904,175.58 12.020911,45.86447,178.22 12.02045,45.864693,178.84 12.020089,45.864867,179.33 12.019492,45.865152,180.16 12.019037,45.865367,180.8 12.018443,45.865648,181.63 12.017654,45.866118,182.69 12.01758,45.866162,182.76 12.015892,45.867177,184.73 12.016026,45.867305,184.99 12.016293,45.867547,185.13 12.016407,45.867665,185.2 12.016533,45.867794,185.27 12.016598,45.867877,185.31 12.016649,45.867949,185.35 12.016688,45.868037,185.39 12.016363,45.868178,185.52 12.016164,45.868255,185.59 12.016085,45.868288,185.6 12.015835,45.86838,185.62 12.01551,45.868486,185.6 12.015285,45.868546,185.59 12.015582,45.868568,185.28 12.016009,45.868651,184.82 12.016684,45.868845,184.06 12.017853,45.869177,183.18 12.01819,45.869272,182.98 12.018486,45.869356,182.81 12.018909,45.869476,182.56 12.020375,45.869903,181.85 12.021079,45.870136,181.61 12.0224,45.870704,181.4 12.023765,45.871334,181.35 12.025728,45.872259,181.33 12.025799,45.872293,181.33 12.026829,45.87277,181 12.027207,45.872951,180.87 12.027713,45.873172,180.7 12.028208,45.873431,180.45 12.028431,45.873558,180.28 12.028829,45.873835,179.96 12.02907,45.874074,179.72 12.02933,45.874431,179.39 12.029732,45.875086,178.63 12.030057,45.875646,177.36 12.030221,45.8759,177.01 12.029916,45.876134,176.57 12.029212,45.876586,176.28 12.029164,45.876617,176.26 12.027645,45.877618,177.03 12.026846,45.878203,178.03 12.027121,45.878484,177.8 12.027593,45.878867,177.4 12.027911,45.879207,177.08 12.027997,45.879428,176.9 12.028039,45.879886,176.55 12.02812,45.880867,175.8 12.028125,45.880947,175.74 12.028134,45.881107,175.61 12.028171,45.881262,175.55 12.028237,45.881445,175.47 12.02819,45.881528,175.23 12.027736,45.882321,178.05 12.027326,45.88303,180.57 12.027085,45.883483,182.16 12.027035,45.883545,182.39 12.026938,45.883591,182.65 12.026746,45.88362,183.09 12.026577,45.883629,183.47 12.026466,45.883646,183.73 12.02624,45.883769,184.37 12.02608,45.883915,184.96 12.025959,45.884208,185.94 12.025952,45.884272,186.15 12.025951,45.884334,186.35 12.026017,45.884588,187.11 12.026066,45.884741,187.57 12.026123,45.884871,187.98 12.026243,45.885057,188.49 12.026362,45.885202,188.91 12.026546,45.885379,189.41 12.026635,45.885453,189.62 12.02675,45.885504,189.84 12.026921,45.885528,190.21 12.02711,45.885558,190.62 12.027248,45.885593,190.87 12.027376,45.885639,191.13 12.027526,45.885703,191.43 12.027643,45.885796,191.73 12.02774,45.885898,192.03 12.027869,45.886089,192.32 12.027978,45.886274,192.59 12.028025,45.886394,192.75 12.028127,45.886645,193.09 12.02821,45.886923,193.45 12.028312,45.887354,194.2 12.028448,45.88792,195.19 12.028571,45.888427,196.07 12.028643,45.888687,196.52 12.028666,45.888798,196.68 12.028675,45.888902,196.83 12.028662,45.889033,197.22 12.028546,45.889465,198.55 12.028478,45.889657,199.14 12.02846,45.889767,199.47 12.028468,45.889865,199.76 12.028582,45.890065,200.63 12.028792,45.890373,202 12.0289,45.890543,202.75 12.028956,45.890641,203.17 12.029002,45.890789,203.72 12.029039,45.890971,204.38 12.029051,45.891192,205.17 12.029041,45.891354,205.75 12.02899,45.891573,206.35 12.028875,45.891839,207.11 12.028774,45.892099,207.95 12.028694,45.892378,208.7 12.028663,45.89256,209.18 12.028675,45.892839,209.31 12.028696,45.893095,209.42 12.028735,45.893265,209.5 12.028795,45.893427,209.58 12.028821,45.893519,209.61 12.028835,45.893659,209.52 12.028802,45.893866,209.39 12.028764,45.894109,209.24 12.028776,45.894194,209.18 12.028815,45.894286,209.11 12.029012,45.894466,209.16 12.029459,45.89481,209.27 12.02989,45.895109,209.36 12.030084,45.895251,209.4 12.030252,45.895403,209.44 12.030389,45.895542,209.63 12.030494,45.895663,209.79 12.030568,45.89578,209.93 12.030649,45.895939,210.12 12.030684,45.896021,210.21 12.030724,45.896143,211.16 12.030763,45.896225,211.81 12.030818,45.896302,212.42 12.030883,45.896369,213.08 12.030993,45.896439,213.93 12.031153,45.896531,215.1 12.031269,45.896594,215.92 12.031351,45.896662,216.63 12.03142,45.89674,217.36 12.031486,45.896892,218.64 12.031511,45.896983,219.38 12.031486,45.897089,220.06 12.031439,45.897152,220.65 12.031313,45.897219,221.57 12.031181,45.897285,222.51 12.031057,45.897383,223.62 12.03093,45.897506,224.9 12.030827,45.8976,225.93 12.030699,45.897674,226.94 12.030563,45.897738,227.92 12.030377,45.897778,229.1 12.030286,45.897774,229.65 12.030145,45.89774,230.55 12.029971,45.897737,231.6 12.029711,45.897763,233.2 12.029257,45.897796,235.97 12.028881,45.897813,238.26 12.029378,45.898023,240.98 12.029622,45.898133,242.34 12.029808,45.898229,243.42 12.030004,45.898337,244.22 12.030234,45.898504,245.69 12.030309,45.898571,246.23 12.030374,45.898629,246.7 12.030474,45.898676,247.23 12.030538,45.898701,247.55 12.030996,45.898892,249.36 12.031479,45.899081,251.23 12.031767,45.899194,252.35 12.032005,45.899298,253.3 12.03219,45.899408,254.13 12.03229,45.899484,254.63 12.032391,45.899567,255.17 12.032614,45.899751,256.29 12.032962,45.900026,258 12.033155,45.900206,259.05 12.033344,45.900406,260.1 12.033464,45.900571,260.92 12.033554,45.900725,261.65 12.03361,45.900857,262.26 12.033722,45.900995,262.96 12.033999,45.901219,263.5 12.034331,45.901445,264.09 12.034554,45.901586,264.48 12.034833,45.901733,263.97 12.03505,45.901848,263.57 12.035232,45.901944,263.24 12.03543,45.902082,262.83 12.035576,45.902213,262.49 12.035676,45.902363,262.14 12.035736,45.902473,261.9 12.035756,45.902542,261.75 12.0358,45.902519,261.41 12.035884,45.902464,260.71 12.036043,45.90236,259.25 12.036126,45.902259,258.14 12.036174,45.90221,257.57 12.036266,45.902146,256.71 12.036392,45.902093,255.74 12.036591,45.902068,254.4 12.036726,45.902045,253.48 12.03685,45.901985,252.47 12.036936,45.901905,251.52 12.036971,45.901827,250.74 12.036978,45.901797,250.46 12.036891,45.901756,249.81 12.036852,45.901734,249.49 12.036796,45.901674,248.86 12.036782,45.901592,248.06 12.036824,45.901537,247.47 12.036914,45.901479,246.66 12.037073,45.901367,245.14 12.037146,45.901323,244.5 12.037228,45.901279,243.86 12.037419,45.901163,242.55 12.037584,45.901084,241.51 12.037799,45.901013,240.28 12.037953,45.900953,239.36 12.038106,45.900863,238.32 12.038263,45.90076,237.21 12.038442,45.900659,235.37 12.038532,45.900619,234.52 12.038623,45.900571,233.61 12.038722,45.900485,232.82 12.038848,45.900371,231.77 12.038926,45.900311,231.19 12.039015,45.900232,230.46 12.03916,45.900115,229.7 12.039324,45.900004,228.9 12.039446,45.899923,228.32 12.039603,45.899828,227.6 12.039895,45.899626,225.46 12.039987,45.899562,225 12.040076,45.899486,224.52 12.040178,45.899386,223.91 12.040252,45.899281,223.33 12.040404,45.899052,222.78 12.040471,45.898836,222.3 12.040533,45.898555,221.68 12.040599,45.898366,221.25 12.040676,45.898176,220.82 12.040856,45.897872,220.1 12.040964,45.897644,219.57 12.04105,45.897312,218.84 12.041125,45.897068,218.29 12.0412,45.896792,218.36 12.041299,45.896816,218.51 12.041436,45.896862,218.77 12.041553,45.896974,218.93 12.041761,45.897331,219.4 12.041859,45.897465,219.57 12.041956,45.897552,219.7 12.042016,45.897603,219.68 12.042143,45.897697,219.65 12.042213,45.897735,219.63 12.042315,45.897784,219.61 12.042642,45.897834,219.55 12.042827,45.897859,219.51 12.043215,45.897873,219.44 12.043402,45.897886,219.4 12.043935,45.897976,219.3 12.044465,45.898119,219.47 12.044644,45.898211,219.9 12.044986,45.898493,220.92 12.04512,45.898605,221.32 12.045189,45.898661,221.52 12.046184,45.899522,224.63 12.046579,45.899782,225.85 12.046679,45.899841,226.14 12.047873,45.900549,229.64 12.047947,45.900595,229.86 12.047952,45.900599,229.88 12.048358,45.90087,231.81 12.049312,45.901387,236.05 12.049468,45.901503,236.85 12.04958,45.901595,237.46 12.04988,45.901981,239.79 12.050255,45.902513,245.59 12.050381,45.902649,246.55 12.050655,45.90288,248.32 12.050786,45.903,249.21 12.05098,45.903225,250.9 12.05114,45.903449,252.56 12.0513,45.903733,254.58 12.051512,45.904105,257.22 12.051577,45.904201,257.93 12.051689,45.904329,258.92 12.05183,45.904427,259.84 12.052097,45.904541,261.27 12.052131,45.904568,261.51 12.052173,45.904622,261.63 12.052259,45.90475,261.9 12.052524,45.905252,262.9 12.052602,45.905355,263.12 12.052712,45.905464,263.36 12.052872,45.905583,263.67 12.053163,45.905734,264.14 12.053323,45.905787,264.59 12.053741,45.905837,265.3 12.053875,45.905863,265.6 12.05411,45.905946,266.16 12.055057,45.9063,268.43 12.055226,45.906379,268.86 12.055361,45.906492,269.3 12.05544,45.906622,270.11 12.055531,45.906797,271.18 12.055591,45.906958,272.13 12.055693,45.907305,273.31 12.055716,45.907385,273.59 12.05583,45.907583,274.3 12.055928,45.90767,275.03 12.056033,45.907753,275.75 12.056084,45.90779,275.99 12.056119,45.907813,276.15 12.056201,45.907865,276.29 12.056256,45.907895,276.28 12.056341,45.907934,276.27 12.056391,45.907955,276.26 12.056759,45.908035,276.16 12.057166,45.908119,276.06 12.057391,45.908187,276.01 12.057711,45.908304,275.95 12.058088,45.908483,275.85 12.058212,45.908544,275.52 12.058586,45.908743,273.89 12.058708,45.908693,273.26 12.058823,45.908676,273.01 12.05893,45.908667,272.78 12.059034,45.908665,272.55 12.059126,45.908681,272.35 12.059228,45.90871,272.11 12.059397,45.908812,271.63 12.059515,45.908848,271.35 12.059596,45.908839,271.17 12.059759,45.908753,270.73 12.059961,45.908669,269.72 12.06015,45.908607,268.82 12.060238,45.90857,268.38 12.060565,45.908383,265.95 12.060713,45.908299,264.87 12.060856,45.908233,263.88 12.061474,45.908003,259.87 12.063501,45.90725,247.66 12.064332,45.906945,242.88 12.064703,45.906805,240.74 12.064978,45.90672,239.21 12.06521,45.906651,238.34 12.065504,45.906589,237.29 12.06602,45.906535,235.5 12.066557,45.906495,233.64 12.068305,45.906385,229.97 12.068581,45.906373,229.39 12.06873,45.906373,229.09 12.068871,45.906387,228.8 12.069153,45.906435,228.21 12.070286,45.906689,225.63 12.07163,45.906944,222.25 12.071908,45.906998,221.55 12.072249,45.907014,220.18 12.074226,45.907081,212.26 12.074387,45.907102,212.1 12.074838,45.907225,211.62 12.075263,45.907342,211.17 12.075616,45.907452,210.82 12.075771,45.907489,210.68 12.075876,45.90751,210.58 12.075941,45.907514,210.52 12.076025,45.907517,210.44 12.076089,45.907503,210.38 12.07612,45.907533,210.34 12.076213,45.907625,210.19 12.076233,45.907678,210.12 12.076242,45.907719,210.07 12.076138,45.907984,210.53 12.076086,45.908211,211.35 12.076134,45.908476,212.64 12.076144,45.908529,212.83 12.07632,45.909391,215.96 12.076445,45.909903,217.63 12.076487,45.910041,218.08 12.076524,45.910131,218.38 12.076644,45.910298,218.97 12.076987,45.910648,220.31 12.077458,45.911037,221.91 12.07747,45.911075,221.99 12.077458,45.911122,222.09 12.077337,45.911252,222.4 12.077323,45.911308,222.51 12.07735,45.911357,222.62 12.077906,45.911696,223.64 12.077991,45.911774,223.84 12.078035,45.911915,224.12 12.07794,45.912059,224.44 12.076929,45.91294,227.01 12.076555,45.91361,228.83 12.076559,45.913734,229.15 12.07666,45.913828,229.45 12.07688,45.913936,229.92 12.077114,45.914082,230.52 12.077263,45.914212,230.99 12.077461,45.914318,231.48 12.077474,45.9144,231.71 12.07745,45.914458,231.88 12.077404,45.914518,232.07 12.077369,45.914682,233.72 12.077357,45.914734,233.87 12.077288,45.914849,234.22 12.077083,45.915136,235.13 12.076795,45.915441,236.61 12.076716,45.915559,237.14 12.076654,45.915731,237.85 12.0766,45.915813,238.21 12.076493,45.915928,238.77 12.076403,45.916007,239.18 12.076286,45.916096,239.66 12.076128,45.9162,240.27 12.076071,45.916228,240.47 12.075987,45.916258,240.73 12.075838,45.916294,241.18 12.075611,45.916324,241.83 12.075425,45.916361,242.37 12.075296,45.916406,242.89 12.075204,45.916465,243.36 12.075135,45.916558,243.91 12.075069,45.916706,244.73 12.074988,45.91683,245.45 12.074871,45.916941,246.18 12.074625,45.917148,247.61 12.074426,45.917262,248.56 12.074113,45.917395,249.91 12.073917,45.91746,250.71 12.073829,45.917472,251.03 12.073693,45.917479,251.57 12.073427,45.917455,252.63 12.073338,45.917455,252.98 12.073253,45.917476,253.36 12.073194,45.91752,253.73 12.073134,45.917606,254.31 12.072797,45.918025,257.96 12.072629,45.91814,258.95 12.071851,45.918488,262.86 12.070948,45.91878,268.1 12.070453,45.919032,271.33 12.070021,45.919371,274.93 12.069678,45.919652,277.86 12.069446,45.919832,279.78 12.069348,45.919911,280.59 12.069314,45.919981,281.16 12.069292,45.920121,282.35 12.069337,45.92074,287.77 12.06936,45.921219,291.96 12.069357,45.921436,293.86 12.06933,45.921646,296.06 12.069163,45.92204,300.34 12.068797,45.922662,307.34 12.068701,45.922857,309.49 12.068699,45.92304,311.52 12.068738,45.923142,312.74 12.068775,45.923188,313.35 12.068885,45.923279,314.73 12.068913,45.923345,315.53 12.068891,45.923419,316.41 12.06884,45.923489,317.32 12.068624,45.923667,320.03 12.068589,45.923751,321.04 12.068593,45.923795,321.54 12.068675,45.923873,322.65 12.06908,45.924103,326.85 12.069119,45.924171,327.7 12.06913,45.924246,328.56 12.069085,45.924353,329.83 12.068944,45.924568,332.28 12.068894,45.924646,333.17 12.068884,45.924804,334.68 12.068906,45.924848,335.11 12.068974,45.92488,335.63 12.069097,45.924885,336.45 12.06948,45.924841,339.02 12.069609,45.924846,339.87 12.069708,45.92485,340.52 12.069788,45.924879,341.11 12.069842,45.924933,341.74 12.069874,45.925081,343.17 12.069856,45.925142,343.74 12.069773,45.925201,344.5 12.069529,45.92532,346.48 12.069431,45.925385,347.39 12.069381,45.925434,347.95 12.069355,45.925495,348.54 12.069362,45.925551,348.92 12.069409,45.925616,349.41 12.070024,45.925968,353.16 12.07024,45.926119,354.6 12.070632,45.926351,357.02 12.070802,45.926505,358.34 12.070829,45.926578,358.85 12.070811,45.926653,359.36 12.070748,45.926717,359.88 12.070651,45.926754,360.41 12.070524,45.926742,360.83 12.070028,45.926562,362.12 12.069808,45.926555,362.62 12.069662,45.926582,362.97 12.069412,45.92666,363.6 12.069332,45.926732,363.9 12.069322,45.926794,364.1 12.069356,45.926841,364.28 12.069406,45.926903,364.51 12.06965,45.927026,365.2 12.070103,45.927269,366.52 12.070367,45.927481,368.86 12.070761,45.927886,372.93 12.071026,45.928134,375.57 12.071308,45.928387,378.3 12.071567,45.928531,380.26 12.071773,45.928594,381.6 12.071907,45.928635,382.29 12.072057,45.928723,383.04 12.072109,45.928811,383.56 12.07209,45.92889,384.01 12.071953,45.928946,384.64 12.071699,45.928936,385.64 12.071322,45.928911,387.12 12.070339,45.928822,389.54 12.069641,45.92877,391.26 12.069281,45.928756,392.14 12.06914,45.928746,392.15 12.069078,45.928751,392.15 12.069026,45.928761,392.16 12.068927,45.928821,392.16 12.068887,45.928836,392.17 12.068737,45.928832,392.18 12.068515,45.928822,392.19 12.068025,45.928524,391.54 12.06792,45.928434,391.53 12.067834,45.92834,391.53 12.067803,45.928239,391.53 12.067803,45.928188,391.53 12.067852,45.928072,391.53 12.067946,45.927977,391.71 12.068065,45.927845,391.95 12.068112,45.927705,392.17 12.06807,45.927523,392.44 12.067987,45.927359,392.7 12.067901,45.927206,392.95 12.067772,45.927041,392.94 12.067662,45.926974,392.94 12.067564,45.926952,392.94 12.067384,45.926957,392.94 12.067257,45.926994,392.93 12.067013,45.927174,392.93 12.066892,45.927276,392.93 12.066737,45.927381,392.92 12.066614,45.92743,392.92 12.066489,45.927447,392.92 12.066347,45.927441,393.16 12.066154,45.927372,393.53 12.066004,45.927248,394.18 12.065824,45.927086,395.78 12.065688,45.92702,396.59 12.065484,45.926952,397.65 12.065352,45.926885,398.18 12.065297,45.926822,398.53 12.065265,45.92671,399.05 12.065248,45.926589,399.62 12.065222,45.926513,399.93 12.065178,45.926424,400.27 12.065051,45.926338,400.69 12.0647,45.926291,401.53 12.063709,45.926158,405.84 12.06346,45.926137,406.64 12.063109,45.926036,407.84 12.063072,45.925952,408.24 12.063089,45.92585,408.71 12.063161,45.925743,409.34 12.063157,45.925621,409.96 12.063105,45.925503,410.58 12.063016,45.925409,411.15 12.062835,45.925277,412.07 12.062686,45.925152,412.4 12.062581,45.925052,412.66 12.062506,45.924932,412.92 12.062467,45.924809,413.18 12.062459,45.924654,413.49 12.062446,45.924418,413.97 12.062398,45.924361,414.03 12.062304,45.924298,414.12 12.062118,45.924263,414.25 12.061829,45.924297,414.08 12.061613,45.924335,413.95 12.061469,45.924368,413.63 12.061261,45.924387,413.41 12.061172,45.924357,413.31 12.061104,45.924299,413.43 12.061065,45.92423,413.86 12.061058,45.924152,414.3 12.061123,45.924054,414.9 12.061228,45.923945,415.51 12.061847,45.923413,418.71 12.062008,45.923276,419.14 12.062146,45.923128,419.56 12.062291,45.922888,420.19 12.06236,45.922794,420.42 12.062437,45.922733,420.54 12.062538,45.922688,420.67 12.062881,45.922576,421.07 12.063038,45.922521,421.18 12.063095,45.922502,420.86 12.063197,45.922433,420.14 12.063283,45.922355,420.14 12.063347,45.922216,420.14 12.063477,45.921861,420.13 12.063457,45.92181,420.35 12.063346,45.921734,420.78 12.063083,45.921674,421.56 12.062853,45.921619,421.72 12.062634,45.921562,421.89 12.062422,45.921519,422.03 12.062245,45.92148,421.5 12.061983,45.921463,420.74 12.061758,45.921471,420.11 12.06156,45.921445,419.57 12.061398,45.921368,419.05 12.061305,45.921263,418.65 12.06129,45.92116,418.35 12.061329,45.921005,417.9 12.061486,45.920788,417.19 12.061646,45.920668,416.96 12.061871,45.920586,416.7 12.062,45.920542,416.5 12.062124,45.920512,416.32 12.062288,45.920437,416.05 12.062558,45.920255,415.53 12.062929,45.919962,414.76 12.063052,45.919852,414.54 12.063139,45.919724,414.32 12.063139,45.919623,414.16 12.063122,45.919542,414.04 12.063015,45.919356,413.79 12.062466,45.918455,410.4 12.06228,45.918178,407.51 12.062206,45.918066,406.5 12.062188,45.917969,405.74 12.062196,45.917886,405.1 12.062349,45.917731,403.66 12.062464,45.917611,403.07 12.062528,45.917533,402.72 12.06254,45.917404,402.2 12.062462,45.917096,399.32 12.062402,45.916942,398.54 12.06235,45.916878,398.15 12.062302,45.916828,397.84 12.062181,45.916797,397.39 12.061832,45.916784,395.94 12.060787,45.91683,391.6 12.0606,45.916831,390.9 12.060487,45.916831,390.49 12.060357,45.916806,390.01 12.060209,45.916697,389.25 12.06007,45.916523,388.22 12.059633,45.9159,383.4 12.059531,45.915739,381.48 12.059459,45.915608,380.19 12.059428,45.915519,379.35 12.059443,45.915376,378.05 12.059474,45.915225,376.66 12.059483,45.915101,375.87 12.059464,45.914998,375.25 12.059378,45.914901,374.57 12.059267,45.914819,373.9 12.059133,45.914768,373.27 12.059013,45.91476,372.69 12.058893,45.914808,372.03 12.058736,45.914939,370.87 12.058601,45.915014,370.23 12.058417,45.915069,369.49 12.058012,45.91508,367.97 12.057345,45.915088,364.12 12.057177,45.915084,363.16 12.057086,45.915075,362.65 12.056945,45.91502,361.77 12.056763,45.914877,360.26 12.056414,45.914513,356.41 12.056328,45.914416,355.22 12.056249,45.914339,354.35 12.056143,45.914286,353.6 12.056031,45.914291,352.99 12.055938,45.914305,352.52 12.055848,45.914361,352.07 12.055777,45.914548,351.58 12.055762,45.914676,350.81 12.055714,45.914799,350.06 12.05564,45.914873,349.52 12.055578,45.914917,349.15 12.055412,45.914933,348.45 12.055242,45.914902,347.73 12.055016,45.91484,346.82 12.054781,45.914786,346.05 12.054463,45.914736,344.81 12.054224,45.914677,343.86 12.054011,45.914604,342.97 12.053708,45.914449,341.56 12.053374,45.914281,340.01 12.053015,45.914086,337.81 12.052784,45.913932,336.27 12.052714,45.91384,335.54 12.052714,45.913648,334.22 12.052906,45.912754,329.39 12.052984,45.912404,325.54 12.053023,45.912241,324.1 12.053055,45.91212,323.33 12.053118,45.912029,322.7 12.053239,45.911947,321.96 12.053335,45.911865,321.32 12.053483,45.911634,319.75 12.053516,45.911534,319.29 12.053546,45.911317,318.31 12.053545,45.911005,315.84 12.053551,45.910816,315.04 12.053525,45.910636,314.29 12.053481,45.910536,314.2 12.053381,45.910424,314.09 12.053223,45.910302,314.3 12.053016,45.910164,314.55 12.052797,45.909996,315.22 12.05259,45.909871,315.78 12.052341,45.909743,316.42 12.051945,45.909567,317.3 12.051021,45.908998,320.16 12.05015,45.908517,320.14 12.049952,45.908382,319.86 12.049714,45.908157,319.45 12.049545,45.908006,319.17 12.049355,45.907768,318.78 12.049246,45.907614,318.53 12.049153,45.907391,318.2 12.04895,45.906672,313.85 12.048894,45.906487,313.29 12.04884,45.906382,312.97 12.048781,45.90631,312.74 12.048689,45.906267,312.48 12.048509,45.906218,312.17 12.048123,45.906172,311.43 12.047585,45.906119,310.94 12.047355,45.9061,310.81 12.047143,45.906057,310.69 12.046854,45.905967,310.51 12.046621,45.905886,310.36 12.046385,45.905818,310.22 12.046168,45.905786,310.1 12.045918,45.905761,309.96 12.045723,45.905737,309.68 12.045449,45.905672,309.27 12.045113,45.905537,308.73 12.044889,45.905444,308.73 12.044606,45.905337,308.73 12.044409,45.905281,308.72 12.044231,45.905261,308.72 12.044062,45.905248,308.72 12.043883,45.905216,308.72 12.043716,45.905165,308.72 12.043423,45.905042,308.71 12.043224,45.904941,308.66 12.04301,45.904873,308.61 12.042802,45.904842,308.56 12.042621,45.904822,308.53 12.042418,45.904823,308.91 12.04229,45.904838,309.15 12.042167,45.904884,309.8 12.042001,45.904988,310.83 12.041887,45.905085,311.67 12.041673,45.905239,312.93 12.041502,45.905345,313.86 12.041329,45.905417,314.66 12.041117,45.905439,315.67 12.040848,45.905417,316.5 12.04055,45.905321,317.86 12.040041,45.905152,319.25 12.039742,45.90505,319.95 12.039445,45.904994,320.05 12.039258,45.904973,320.11 12.039099,45.904968,320.17 12.038849,45.904993,320.28 12.038486,45.905074,320.41 12.038182,45.905159,321.43 12.0379,45.905259,322.41 12.037521,45.905406,323.76 12.036946,45.905669,326.63 12.036725,45.905758,327.33 12.036459,45.905835,328.06 12.035829,45.905881,329.01 12.035299,45.90585,329.66 12.035052,45.905812,329.97 12.03484,45.90577,330.62 12.034664,45.905732,331.17 12.034468,45.905625,331.91 12.034264,45.905432,333.32 12.034085,45.905227,334.56 12.033873,45.905055,335.74 12.033637,45.904929,336.81 12.033339,45.904788,338.11 12.032882,45.904627,339.93 12.032408,45.904496,341.93 12.032088,45.904419,342.89 12.031314,45.904234,345.22 12.03115,45.904176,345.74 12.031044,45.90408,346.24 12.030969,45.903996,346.64 12.03087,45.903837,347.35 12.030733,45.903575,348.48 12.030665,45.903451,349.02 12.030542,45.903312,349.49 12.030412,45.903237,349.83 12.030214,45.90315,350.3 12.030092,45.903104,350.58 12.029886,45.903057,351.01 12.029708,45.903033,351.47 12.029553,45.903039,351.85 12.029388,45.903077,352.26 12.029265,45.903137,352.62 12.029181,45.903206,352.93 12.028978,45.903372,353.32 12.028838,45.903454,353.54 12.028734,45.903495,353.69 12.028594,45.903528,353.88 12.0284,45.903507,354.12 12.028231,45.90345,354.35 12.027945,45.903282,355.79 12.027817,45.903229,356.34 12.027648,45.903207,356.98 12.027477,45.903204,357.61 12.027288,45.903221,358.3 12.027211,45.903234,358.59 12.027093,45.903248,359.02 12.026948,45.903308,359.62 12.0267,45.903432,358.76 12.026511,45.903631,357.66 12.026368,45.903846,356.72 12.026297,45.90403,355.75 12.026057,45.904419,353.82 12.025911,45.904511,353.82 12.025735,45.904547,353.82 12.02554,45.904563,353.81 12.025347,45.904568,353.81 12.025206,45.904525,354.23 12.025078,45.904427,354.97 12.024982,45.90433,355.72 12.024895,45.904211,356.09 12.024818,45.904044,356.68 12.024735,45.903934,356.77 12.024653,45.903849,356.85 12.024539,45.903757,356.94 12.024438,45.903694,357.01 12.024208,45.903615,357.14 12.022757,45.903202,354.72 12.022569,45.9031,353.55 12.022417,45.902965,352.33 12.022236,45.90272,350.38 12.021921,45.90226,347.01 12.02162,45.901834,343.15 12.021513,45.901693,342.44 12.021365,45.901584,341.78 12.021262,45.901524,341.36 12.020564,45.901207,338.81 12.02009,45.900963,335.43 12.0197,45.900784,333.98 12.019534,45.900753,333.1 12.019342,45.900724,332.09 12.018994,45.900709,330.3 12.018677,45.90069,328.68 12.018543,45.900681,328.11 12.018116,45.900628,326.27 12.017806,45.900618,325.56 12.017506,45.900622,324.82 12.015994,45.90079,321.91 12.01502,45.900904,318.05 12.014774,45.900933,317.27 12.014138,45.9011,315.16 12.013547,45.901251,313.7 12.012577,45.901497,310.32 12.011453,45.901797,306.94 12.01028,45.902097,304.04 12.009334,45.902309,300.18 12.00914,45.902362,299.23 12.00897,45.902386,298.45 12.008616,45.90238,296.8 12.00776,45.902299,292.95 12.007349,45.902265,290.53 12.00715,45.902227,289.39 12.006852,45.902134,287.47 12.006636,45.902018,285.72 12.006507,45.901954,284.98 12.006399,45.901914,284.43 12.006208,45.901908,283.58 12.006042,45.901937,282.82 12.005824,45.901963,281.86 12.005548,45.901972,280.44 12.005299,45.901961,279.16 12.005094,45.901935,278.1 12.004908,45.90189,277.03 12.004192,45.901635,271.74 12.003886,45.901519,268.37 12.00354,45.901379,265 12.003213,45.901287,263.07 12.002834,45.901256,261 12.002319,45.901263,258.25 12.001678,45.901271,256.8 12.001397,45.901279,256.8 12.000866,45.901339,256.79 11.999559,45.90148,256.77 11.997124,45.901772,256.73 11.996369,45.901814,257.75 11.996063,45.901812,258.16 11.995796,45.901793,258.16 11.995611,45.901788,257.99 11.995404,45.901859,258.87 11.995261,45.901922,259.58 11.994989,45.902091,261.11 11.994757,45.902257,262.4 11.994526,45.902422,263.69 11.994357,45.902313,263.67 11.994317,45.902246,263.66 11.994296,45.902164,263.65 11.994331,45.901978,263.65 11.994391,45.901803,263.65 11.994424,45.9016,263.38 11.994456,45.901422,263.15 11.994488,45.901121,262.88 11.994265,45.900992,264.85 11.99397,45.900772,265.33 11.993845,45.900704,265.33 11.993413,45.900577,266.28 11.993048,45.900455,266.27 11.99277,45.900333,266.27 11.992493,45.900185,266.26 11.991694,45.899724,266.25 11.991424,45.899588,266.24 11.991221,45.899516,265.42 11.991062,45.899472,264.8 11.990823,45.89944,264.12 11.990367,45.899455,262.86 11.989835,45.89951,261.89 11.989115,45.899586,258.52 11.988437,45.89967,256.59 11.987648,45.899759,254.17 11.987482,45.899745,254.05 11.987351,45.899717,253.95 11.98724,45.899649,253.85 11.987136,45.899472,253.67 11.986954,45.899155,253.43 11.986804,45.898928,253.26 11.986502,45.898598,252.99 11.986296,45.898419,252.83 11.986107,45.898266,252.68 11.985739,45.897979,251.24 11.985641,45.897855,250.47 11.985565,45.897655,249.31 11.985499,45.897503,246.7 11.985432,45.897381,244.97 11.98539,45.897331,243.53 11.98515,45.897427,243 11.984961,45.897493,242.59 11.984718,45.897544,242.1 11.984493,45.897604,241.64 11.984229,45.897674,241.1 11.98408,45.897723,241.1 11.983955,45.897787,241.1 11.983838,45.897837,241.1 11.983673,45.897886,240.81 11.9835,45.897893,240.52 11.983282,45.897863,240.15 11.983007,45.897787,239.64 11.981476,45.897354,235.78 11.980059,45.896953,232.87 11.977605,45.89626,231.39 11.97692,45.896058,232.82 11.975856,45.895746,231.63 11.975297,45.895594,231.01 11.97497,45.895508,230.65 11.974717,45.895467,230.38 11.974481,45.895458,229.92 11.974191,45.89547,229.35 11.972504,45.895739,228.91 11.971212,45.895975,232.25 11.970941,45.896029,232.8 11.970739,45.896057,233.2 11.970549,45.896068,233.72 11.970112,45.896078,234.92 11.969695,45.896113,236.08 11.969377,45.896148,236.51 11.969147,45.896177,236.52 11.968572,45.89621,236.54 11.968058,45.896241,236.09 11.966635,45.896323,236.03 11.966108,45.896357,234.58 11.965982,45.896363,234.23 11.965862,45.896348,233.9 11.965747,45.896306,233.55 11.965634,45.89623,233.12 11.965527,45.89617,232.53 11.965462,45.896133,232.16 11.965365,45.896079,231.66 11.965168,45.89601,230.78 11.964483,45.895808,227.83 11.96284,45.895337,225.87 11.962671,45.895308,225.02 11.962475,45.895313,224.09 11.962277,45.895343,223.13 11.961999,45.895458,222.02 11.961727,45.895674,220 11.961425,45.895984,217.37 11.961353,45.896031,216.89 11.96119,45.896053,216.08 11.961003,45.896018,215.13 11.960925,45.895951,214.52 11.960867,45.895865,213.86 11.960852,45.895754,213.34 11.96085,45.895609,212.2 11.960844,45.895488,211.26 11.960805,45.895358,210.26 11.960756,45.895292,209.71 11.960654,45.895228,209 11.960479,45.895169,208.18 11.960271,45.895143,207.3 11.96004,45.895149,206.34 11.959873,45.89518,205.62 11.959683,45.895237,204.66 11.959426,45.895358,203.21 11.959214,45.895505,201.79 11.959036,45.895611,200.68 11.958722,45.895768,198.87 11.958434,45.895861,197.85 11.957939,45.895946,196.87 11.957682,45.895973,196.45 11.957272,45.896015,195.78 11.956792,45.896077,194.99 11.955881,45.896208,191.62 11.955453,45.896282,189.9 11.955233,45.896326,189.01 11.955029,45.89637,188.24 11.954851,45.896422,187.27 11.954582,45.896519,186.22 11.954296,45.896648,185.22 11.95392,45.896851,183.42 11.953646,45.897031,182.64 11.953351,45.897244,181.76 11.953119,45.897432,180.99 11.952877,45.897668,180.5 11.952636,45.898041,181.3 11.952464,45.898387,181.93 11.951721,45.899867,182.87 11.951569,45.900226,182.86 11.951144,45.900174,182.85 11.949967,45.900101,185.71 11.947987,45.899966,189.04 11.946238,45.899851,189.02 11.944485,45.899748,187.76 11.943499,45.89969,187.06 11.943196,45.899693,186.79 11.94293,45.899713,186.57 11.942806,45.899495,186.15 11.942708,45.899214,185.24 11.942624,45.898843,184.59 11.942588,45.898538,184.06 11.942608,45.898182,184.06 11.942668,45.897613,184.06 11.942689,45.897158,184.27 11.942645,45.896565,184.54 11.9425,45.895525,185.02 11.942418,45.895077,185.84 11.94237,45.894776,186.38 11.942348,45.894485,186.91 11.942355,45.894363,187.12 11.942424,45.894204,187.42 11.942515,45.893981,187.42 11.943042,45.893216,186.91 11.943276,45.892894,186.7 11.943493,45.892484,186.46 11.943624,45.892039,185.5 11.943737,45.891609,184.57 11.943897,45.890732,182.62 11.943936,45.890497,182.62 11.943979,45.890347,182.62 11.944164,45.890059,182.62 11.944445,45.889768,182.62 11.944671,45.889524,182.62 11.946081,45.887912,182.62 11.947077,45.88677,182.62 11.947361,45.886534,182.62 11.94746,45.886463,182.62 11.948069,45.886151,182.62 11.948628,45.885884,182.62 11.949191,45.885676,182.62 11.949765,45.88551,182.62 11.95066,45.885305,182.62 11.951846,45.885072,182.62 11.952606,45.88494,182.62 11.953169,45.884853,182.16 11.953603,45.884775,181.81 11.953832,45.884728,181.62 11.954124,45.884644,181.38 11.954345,45.884544,181.17 11.95486,45.884249,180.69 11.957955,45.882366,178.29 11.958734,45.881883,178.29 11.959336,45.88158,178.29 11.959788,45.881356,178.29 11.960278,45.881114,178.29 11.961248,45.880567,178.29 11.962003,45.879989,178.96 11.962447,45.879604,179.38 11.962717,45.879237,180.69 11.962856,45.878829,181.66 11.963023,45.878203,182.8 11.963264,45.877049,185.02 11.963562,45.875975,188.87 11.963691,45.875738,189.2 11.963856,45.875454,189.78 11.963975,45.875267,190.15 11.963687,45.875282,191 11.963353,45.875322,192 11.962502,45.875452,195.96 11.962044,45.875554,196.94 11.961841,45.875609,196.93 11.961629,45.875745,197.92 11.960331,45.87696,207.5 11.960139,45.877118,208.81 11.960065,45.877165,209.12 11.95995,45.877192,209.48 11.959792,45.877194,209.79 11.959358,45.87714,209.77 11.95904,45.877099,209.76 11.958827,45.877104,209.75 11.958681,45.877131,209.74 11.958488,45.87721,210.22 11.958344,45.877337,210.72 11.958114,45.877629,211.7 11.957982,45.87781,212.27 11.957644,45.878235,213.63 11.95748,45.87835,214.08 11.957379,45.8784,214.32 11.957219,45.878417,214.63 11.955953,45.878369,220.16 11.95586,45.878365,220.35 11.955755,45.878343,220.57 11.955608,45.87829,220.56 11.955374,45.878197,220.55 11.955226,45.878145,220.54 11.95504,45.878091,220.53 11.95475,45.878036,220.52 11.95469,45.878071,221.73 11.954663,45.878107,222.29 11.954654,45.878158,222.98 11.954683,45.87822,223.97 11.954804,45.878379,225.04 11.954862,45.878435,225.45 11.954947,45.878488,225.92 11.955089,45.878551,226.37 11.95538,45.87866,227.24 11.95542,45.878685,227.38 11.95543,45.87872,227.42 11.95545,45.87877,227.48 11.955428,45.878815,227.54 11.95539,45.878846,227.58 11.955332,45.878861,227.63 11.955273,45.878861,227.68 11.955219,45.878844,227.72 11.955126,45.878794,228.01 11.955024,45.878766,228.26 11.95496,45.878763,228.42 11.95492,45.878766,228.51 11.954876,45.878788,228.82 11.95485,45.87882,229.11 11.954857,45.87885,229.35 11.95488,45.87888,229.62 11.954931,45.878908,229.98 11.955009,45.878924,230.43 11.955145,45.87897,232.48 11.955234,45.879003,233.74 11.955351,45.879062,236.11 11.955418,45.879112,237.72 11.955481,45.879165,239.29 11.955556,45.879257,241.69 11.95562,45.879391,243.86 11.955643,45.87947,245.09 11.95567,45.87957,246.65 11.95571,45.879823,248.61 11.955733,45.880011,251.1 11.955738,45.880123,253.09 11.955731,45.880238,255.15 11.95571,45.88033,256.82 11.955711,45.880372,257.17 11.955731,45.880423,257.6 11.95578,45.880473,258.09 11.955837,45.880506,258.51 11.955983,45.880563,259.03 11.956179,45.880637,259.64 11.956466,45.880727,260.44 11.956781,45.880812,261.08 11.957057,45.880878,262.12 11.957232,45.880933,262.8 11.957298,45.880958,263.06 11.957318,45.880995,263.37 11.957321,45.881027,263.61 11.957303,45.881058,263.87 11.957283,45.881076,264.05 11.957234,45.881091,264.33 11.957166,45.881093,264.86 11.957094,45.881069,265.48 11.957018,45.881055,266.09 11.956937,45.881048,266.72 11.956677,45.881043,268.73 11.956426,45.881041,270.68 11.956075,45.881046,273 11.955743,45.881047,275.19 11.955609,45.881044,276.14 11.955527,45.881041,276.72 11.955422,45.881028,277.49 11.955325,45.881005,278.21 11.955171,45.880947,279.45 11.955021,45.88088,280.72 11.954858,45.880798,282.14 11.954616,45.880659,284.37 11.954576,45.880644,284.69 11.954507,45.880633,285.2 11.954407,45.880636,286.04 11.954297,45.880656,286.62 11.954184,45.880679,287.53 11.95395,45.88073,289.02 11.95389,45.88076,289.48 11.953873,45.880782,289.69 11.95387,45.88081,289.94 11.953882,45.880831,290.14 11.95391,45.88085,290.38 11.953973,45.880863,290.78 11.954016,45.88086,291.04 11.954102,45.880843,291.59 11.954194,45.880842,292.15 11.954264,45.880854,292.59 11.954334,45.880879,293.08 11.95444,45.88094,293.92 11.954691,45.881139,295.87 11.954816,45.881247,296.9 11.954934,45.881374,298.02 11.954958,45.88143,298.45 11.95495,45.88147,298.75 11.954942,45.881496,298.94 11.954895,45.881524,299.26 11.954863,45.88153,299.43 11.954827,45.881536,299.62 11.954788,45.88153,299.83 11.954736,45.881494,300.2 11.954682,45.881427,300.77 11.954623,45.881369,301.3 11.954569,45.881328,301.39 11.954511,45.881293,301.49 11.95444,45.881259,301.59 11.954328,45.881222,301.74 11.95418,45.88119,301.73 11.954107,45.881186,301.98 11.954014,45.881184,302.3 11.9539,45.8812,302.7 11.95369,45.88126,304.68 11.95253,45.88174,315.55 11.952459,45.881765,316.28 11.95233,45.88179,317.53 11.952173,45.881823,319.45 11.952,45.88184,321.49 11.951852,45.881849,323.03 11.951636,45.881855,325.25 11.95152,45.88185,326.45 11.951423,45.881836,326.89 11.95131,45.88181,327.42 11.951227,45.881772,327.96 11.95115,45.88175,328.64 11.951079,45.881733,329.25 11.95098,45.88172,330.06 11.950896,45.881723,330.74 11.950851,45.881727,331.11 11.95079,45.88174,331.63 11.95067,45.88178,332.71 11.950602,45.88179,333.27 11.950509,45.881795,334.34 11.95041,45.881786,334.99 11.950312,45.881772,335.84 11.950233,45.881759,336.43 11.950123,45.881749,337.3 11.949931,45.881739,338.21 11.949416,45.881752,340.93 11.948802,45.881775,344.18 11.948615,45.881775,345.43 11.948505,45.881776,346.16 11.948434,45.881776,346.63 11.948391,45.881788,346.94 11.948363,45.881805,347.19 11.948361,45.881824,347.38 11.948351,45.881848,347.62 11.94837,45.881875,347.9 11.94841,45.8819,348.26 11.948501,45.881942,348.99 11.948578,45.88197,349.57 11.94865,45.88199,350.09 11.949065,45.882118,352.54 11.949256,45.882175,353.67 11.949476,45.882254,355 11.949705,45.882351,356.56 11.949991,45.882482,358.54 11.950208,45.882597,360.98 11.950276,45.882641,361.81 11.950297,45.882671,362.24 11.950297,45.882703,362.64 11.950287,45.882747,363.22 11.950238,45.882771,363.75 11.950177,45.88278,364.88 11.950118,45.882776,365.36 11.949999,45.882753,366.33 11.949918,45.882741,366.99 11.94981,45.88273,367.84 11.949717,45.882722,368.29 11.949604,45.882713,368.83 11.949507,45.882712,369.3 11.9494,45.88271,369.8 11.94923,45.882718,370.79 11.94906,45.88273,371.77 11.948836,45.882754,373.6 11.948781,45.882759,374.04 11.948694,45.88276,374.73 11.948589,45.882757,375.19 11.948469,45.882744,375.71 11.948174,45.882696,377 11.947889,45.882652,378.23 11.947586,45.882614,380.97 11.947379,45.882588,382.85 11.947201,45.882574,385.59 11.947123,45.88257,386.69 11.947034,45.882569,387.94 11.94692,45.882576,389.56 11.946733,45.8826,390.63 11.946554,45.882624,391.66 11.946453,45.882636,392.24 11.94633,45.882653,393.01 11.946218,45.882666,393.73 11.946063,45.882683,394.48 11.945978,45.882696,394.8 11.94591,45.882724,395.09 11.94584,45.88276,395.41 11.945758,45.8828,395.78 11.945718,45.882831,396 11.94564,45.88289,396.42 11.945494,45.883019,398.05 11.945365,45.883146,399.59 11.945241,45.883297,401.3 11.945099,45.883468,403.33 11.944934,45.8837,406.38 11.944901,45.883742,406.96 11.94487,45.883806,407.75 11.944827,45.883928,409.24 11.944797,45.883996,410.08 11.94476,45.88404,410.68 11.944722,45.884076,411.21 11.94466,45.8841,411.8 11.944579,45.884108,412.47 11.94449,45.8841,413.21 11.94438,45.88409,413.54 11.944325,45.884094,413.7 11.94428,45.88411,413.85 11.944245,45.884144,414.03 11.94424,45.88418,414.59 11.944252,45.884213,415.13 11.944286,45.884245,416.17 11.944334,45.884265,416.74 11.944462,45.884289,418.06 11.944568,45.884309,419.14 11.944641,45.884336,419.65 11.944702,45.884368,420.13 11.944715,45.884406,420.58 11.944695,45.884449,420.8 11.944669,45.884479,420.96 11.944628,45.884489,421.1 11.944576,45.884491,421.1 11.94449,45.88447,421.17 11.94437,45.884436,421.26 11.944309,45.884441,421.31 11.94429,45.884444,421.38 11.944256,45.884462,421.55 11.944221,45.884514,421.86 11.9441,45.884708,425.03 11.943937,45.884869,430 11.94373,45.88503,434.97 11.943507,45.885144,437.94 11.943277,45.885244,439.72 11.94304,45.885334,441.46 11.942955,45.885358,442.06 11.942844,45.88539,442.87 11.942693,45.885399,444.18 11.942553,45.885387,445.39 11.942423,45.885363,446.55 11.942303,45.885335,447.65 11.942157,45.885318,448.93 11.94206,45.885309,449.77 11.941927,45.885308,450.91 11.941798,45.8853,452.04 11.941691,45.885283,452.99 11.941546,45.885228,454.41 11.941405,45.885187,455.73 11.941217,45.885156,457.71 11.941049,45.885151,459.69 11.94086,45.885165,461.19 11.940766,45.885151,461.95 11.940654,45.885118,462.9 11.940436,45.885014,464.99 11.94026,45.88494,466.61 11.94013,45.88491,467.87 11.94004,45.88491,468.71 11.940006,45.884928,469.1 11.93998,45.88496,469.59 11.93997,45.88501,470.26 11.94001,45.88506,471.02 11.94022,45.88518,472.85 11.940346,45.885257,473.98 11.940424,45.885327,474.5 11.940456,45.885389,474.86 11.940487,45.885435,475.14 11.940538,45.885484,475.48 11.94086,45.885718,477.62 11.941169,45.885956,479.73 11.94131,45.886067,480.71 11.941407,45.886136,481.36 11.941495,45.886211,482.22 11.94152,45.88626,482.69 11.941486,45.886337,483.41 11.941393,45.886413,484.31 11.941189,45.88652,488.42 11.940993,45.886647,492.73 11.940903,45.886725,494.24 11.94077,45.88683,496.35 11.940659,45.886918,499.51 11.940481,45.887024,503.9 11.940233,45.887145,509.56 11.940091,45.887205,511.47 11.940046,45.887228,512.1 11.939979,45.887276,512.5 11.939922,45.887313,512.47 11.939877,45.887359,512.26 11.939758,45.887495,511.91 11.939631,45.88764,511.26 11.939489,45.887761,510.68 11.939306,45.887903,510.07 11.939141,45.888011,509.16 11.938984,45.888078,508.42 11.938914,45.888111,508.09 11.938843,45.888165,507.67 11.93867,45.888306,506.93 11.938593,45.888371,506.92 11.938546,45.888404,506.92 11.93844,45.888456,506.9 11.938022,45.888595,508.86 11.937873,45.888642,509.3 11.937804,45.888682,509.55 11.937726,45.888727,509.82 11.937606,45.88884,511.38 11.937413,45.889025,513.89 11.937274,45.88915,515.59 11.937173,45.889236,516.73 11.937006,45.889368,519.48 11.936882,45.889414,521 11.936719,45.889439,522.81 11.936562,45.889456,524.54 11.936421,45.889473,526.09 11.936266,45.889518,527.44 11.93617,45.88959,528.57 11.935907,45.889793,531.71 11.935679,45.889994,534.62 11.93561,45.89006,535.54 11.9355,45.89011,536.52 11.935428,45.890125,537.08 11.93535,45.890122,537.65 11.935234,45.890109,538.5 11.935105,45.890119,539.58 11.935,45.89015,540.47 11.93487,45.89022,541.39 11.934796,45.890242,541.84 11.934709,45.890238,542.33 11.93467,45.890234,542.55 11.934597,45.890144,543.38 11.934489,45.890041,544.4 11.934405,45.889973,544.6 11.934321,45.88991,544.79 11.93421,45.88986,544.99 11.93399,45.8898,545.34 11.933893,45.889746,545.35 11.933825,45.88968,545.36 11.933801,45.889593,544.91 11.933786,45.889492,544.39 11.933754,45.889418,543.26 11.933702,45.889361,542.85 11.933608,45.889289,542.26 11.933535,45.889248,542.31 11.93342,45.88922,542.37 11.933282,45.889205,542.44 11.933172,45.889206,543.38 11.933038,45.889223,544.54 11.93294,45.88922,545.37 11.932905,45.889217,545.48 11.93286,45.88918,545.68 11.932831,45.889093,546.06 11.9328,45.88905,546.09 11.932742,45.889001,546.12 11.93267,45.88896,546.15 11.932481,45.888873,547.86 11.93234,45.888818,549.08 11.93221,45.88879,550.1 11.93202,45.88877,551.08 11.93185,45.88873,551.1 11.931743,45.888685,551.12 11.931638,45.888654,551.04 11.931456,45.888627,551.02 11.931301,45.888615,551 11.931129,45.888583,550.98 11.930975,45.888551,551.29 11.930859,45.888545,551.52 11.930644,45.888553,551.94 11.930378,45.88858,553.91 11.930273,45.888608,555.07 11.930207,45.888639,555.89 11.930138,45.888674,556.27 11.930084,45.888689,556.53 11.930007,45.888693,556.87 11.929942,45.88869,557.49 11.92977,45.88865,559.23 11.929701,45.888638,559.92 11.929598,45.888636,560.91 11.92947,45.88865,562.14 11.92942,45.888668,562.68 11.929351,45.888671,563.34 11.929295,45.888669,563.57 11.929209,45.888641,563.95 11.92904,45.88856,564.77 11.928924,45.888516,565.19 11.92876,45.88847,565.74 11.928635,45.888442,566.16 11.92845,45.88842,566.76 11.928326,45.888412,567.16 11.92819,45.88841,567.59 11.928102,45.888421,567.88 11.928011,45.888454,568.36 11.927961,45.888469,568.62 11.927901,45.888477,568.91 11.927829,45.888471,569.25 11.927771,45.888454,569.55 11.927691,45.888408,570.04 11.927589,45.888369,570.59 11.927468,45.88834,571.19 11.927355,45.888311,572.08 11.927269,45.888297,572.74 11.927152,45.888282,573.62 11.927026,45.888271,574.56 11.926854,45.888269,576.05 11.92675,45.888279,576.96 11.926648,45.888307,577.9 11.926512,45.888354,579.22 11.926458,45.888374,579.74 11.926407,45.888388,580.21 11.926373,45.888387,580.51 11.926324,45.88836,581.05 11.92624,45.888279,582.28 11.926218,45.888257,582.61 11.926161,45.888233,583.2 11.926098,45.888214,583.78 11.925983,45.888224,584.57 11.925874,45.88824,585.32 11.925784,45.888242,585.93 11.92572,45.88821,586.46 11.92565,45.88816,587.14 11.925542,45.888055,588.39 11.925287,45.887918,589.71 11.925088,45.887819,590.71 11.925026,45.887796,590.99 11.924954,45.887771,591.32 11.924785,45.887753,592.38 11.924733,45.88774,592.72 11.92467,45.88771,593.19 11.92463,45.88765,593.77 11.924642,45.887603,594.19 11.924679,45.887564,594.61 11.9247,45.88751,595.1 11.924686,45.887449,595.65 11.924654,45.887407,596.06 11.92462,45.88734,597.24 11.924608,45.887267,598.14 11.924601,45.887193,599.04 11.92457,45.887092,600.21 11.92451,45.886981,602.19 11.924382,45.886879,604.75 11.924289,45.886769,606.32 11.92416,45.88656,609.12 11.924102,45.886467,610.02 11.924048,45.886354,611.09 11.924019,45.88624,612.14 11.92403,45.88611,613.31 11.924086,45.886042,614.02 11.924102,45.885961,615.03 11.924113,45.885873,615.92 11.924092,45.885786,616.81 11.924043,45.885715,617.6 11.923965,45.88564,618.53 11.923892,45.8856,619.18 11.923788,45.885573,619.97 11.923658,45.885561,620.88 11.92351,45.88558,621.94 11.923409,45.885601,622.35 11.92327,45.88562,622.91 11.9231,45.8856,623.42 11.92298,45.88556,623.82 11.92283,45.88555,624.5 11.922794,45.88556,624.68 11.92277,45.88558,624.85 11.92275,45.88562,625.12 11.92277,45.88566,625.4 11.922926,45.885732,626.23 11.923029,45.885793,626.82 11.923107,45.885867,627.6 11.923155,45.885972,628.52 11.923146,45.886042,629.12 11.923117,45.886117,629.77 11.923057,45.886204,631.82 11.922895,45.886356,635.86 11.92273,45.886538,640.43 11.922607,45.886701,643.57 11.922537,45.886847,645.07 11.9225,45.887073,647.29 11.922504,45.887323,648.5 11.922518,45.887532,649.49 11.922513,45.887678,650.15 11.922502,45.887775,650.56 11.922463,45.88783,650.81 11.922442,45.887862,650.95 11.922348,45.887914,651.29 11.922278,45.887936,651.51 11.92223,45.88798,651.73 11.922221,45.888016,651.88 11.92225,45.88808,652.16 11.922433,45.888184,652.83 11.922501,45.888241,653.63 11.922536,45.88831,654.43 11.922558,45.888422,655.67 11.922537,45.888508,657.63 11.922486,45.888572,659.28 11.922382,45.888629,661.34 11.922353,45.888675,662.47 11.922327,45.888738,663.96 11.922302,45.888822,665.88 11.922321,45.88888,667.22 11.922365,45.888908,667.76 11.922431,45.888934,668.45 11.922519,45.888958,668.76 11.922633,45.889039,669.3 11.922748,45.889157,670.28 11.922813,45.889286,672.26 11.922805,45.889374,673.95 11.922691,45.889604,678.61 11.922603,45.889768,681.97 11.92254,45.88993,685.17 11.9225,45.89022,688.43 11.922572,45.890453,691.09 11.922704,45.890652,693 11.922868,45.890887,695.26 11.923022,45.891061,697.04 11.923131,45.891168,698.18 11.923149,45.891192,698.42 11.92315,45.891225,698.7 11.923143,45.891262,699.03 11.923089,45.891286,699.41 11.923003,45.891302,699.98 11.922803,45.891302,701.27 11.922533,45.891258,703.05 11.92233,45.89119,704.5 11.922005,45.891044,706.98 11.921946,45.891022,707.41 11.92189,45.89101,707.78 11.9218,45.891009,708.36 11.921771,45.891007,708.55 11.92172,45.891,708.88 11.921654,45.890983,709.34 11.921578,45.89095,709.91 11.921504,45.890932,710.41 11.921397,45.890919,711.11 11.921269,45.890922,711.94 11.921192,45.890933,712.44 11.921041,45.890953,713.75 11.920984,45.890956,714.17 11.920909,45.890943,714.74 11.920762,45.890856,716.39 11.920422,45.890694,719.95 11.920068,45.890512,723.75 11.919812,45.890374,726.53 11.919537,45.890222,729.56 11.919287,45.890077,732.52 11.919103,45.889996,734.52 11.918873,45.889921,737.11 11.915858,45.889202,765.8 11.915618,45.889167,768.01 11.914406,45.889041,779.04 11.913101,45.88898,788.91 11.912709,45.888994,791.33 11.91222,45.88903,794.36 11.91183,45.88907,796.79 11.911131,45.889142,801.51 11.910617,45.88918,804.96 11.910258,45.889198,807.36 11.910026,45.889213,808.91 11.90978,45.88925,810.59 11.909416,45.889319,812.68 11.909197,45.889378,813.98 11.908962,45.889445,815.38 11.908764,45.889468,816.48 11.908587,45.889486,818.34 11.908436,45.889495,819.92 11.9083,45.88949,821.34 11.908094,45.889479,823.5 11.907928,45.889447,825.29 11.907733,45.889413,827.38 11.907542,45.889396,829.05 11.907302,45.889379,831.13 11.90705,45.889366,832.24 11.906882,45.889345,833 11.90669,45.889314,832.63 11.906498,45.889274,832.81 11.906289,45.889216,833.01 11.905967,45.889107,834.2 11.905872,45.889081,834.51 11.905817,45.889064,834.68 11.905736,45.889055,834.92 11.90565,45.88906,834.91 11.905544,45.88908,834.89 11.905416,45.889099,834.56 11.90525,45.88911,834.13 11.905013,45.8891,833 11.904826,45.889094,832.11 11.904523,45.88909,831.06 11.90385,45.889089,830.38 11.903615,45.889082,830.69 11.903427,45.889082,830.94 11.903132,45.889084,831.33 11.902888,45.889077,832.47 11.902675,45.889072,833.46 11.902476,45.88908,834.39 11.902186,45.889075,835.74 11.902108,45.889077,836.1 11.901956,45.889065,836.15 11.901849,45.889039,836.18 11.901714,45.888991,835.34 11.90159,45.88896,835.07 11.90144,45.88893,834.75 11.9012,45.8889,834.97 11.901015,45.888876,835.89 11.900836,45.888846,837.12 11.900501,45.888774,839.46 11.90012,45.88868,841.59 11.899957,45.888608,842.03 11.89972,45.88852,842.64 11.899543,45.888458,843.09 11.89923,45.888379,843.96 11.899018,45.888332,844.54 11.898862,45.8883,845.02 11.898787,45.888284,845.21 11.898684,45.888289,845.47 11.898528,45.888331,846.43 11.89836,45.88837,847.44 11.898241,45.888383,848.05 11.898134,45.888382,848.59 11.897975,45.888361,849.4 11.897826,45.888335,849.39 11.897619,45.888269,848.37 11.897373,45.888106,846.33 11.897092,45.887909,844.29 11.896877,45.887741,842.63 11.896683,45.887608,841.24 11.896395,45.887411,839.2 11.89612,45.887204,837.35 11.895879,45.887026,835.75 11.89549,45.88676,833.27 11.895199,45.886595,831.56 11.894701,45.886297,828.57 11.894179,45.885993,825.47 11.89402,45.88589,824.47 11.893902,45.885809,823.72 11.893786,45.885704,823.16 11.893625,45.885585,822.73 11.893482,45.885431,822.37 11.893396,45.885332,822.2 11.893262,45.885223,821.97 11.893086,45.885132,821.72 11.892899,45.885067,821.46 11.892751,45.884952,821.18 11.892639,45.884829,820.92 11.892448,45.884512,820.92 11.89228,45.884316,820.92 11.89217,45.884181,820.92 11.892051,45.884117,821.26 11.891953,45.884088,821.49 11.891787,45.884011,821.94 11.891712,45.883932,822.24 11.891656,45.88383,822.6 11.891597,45.883766,822.85 11.89149,45.883681,823.98 11.891371,45.883632,825.03 11.891231,45.883595,826.19 11.891105,45.883592,827.17 11.890679,45.883582,829.83 11.890414,45.883557,831.5 11.889823,45.883464,835.34 11.889212,45.883374,838.71 11.888828,45.883359,840.48 11.888275,45.883382,843.03 11.887954,45.883413,844.6 11.887833,45.883436,845.25 11.88772,45.883482,845.92 11.887508,45.883566,846.56 11.887378,45.883605,846.93 11.887147,45.883615,847.54 11.886843,45.883612,848.34 11.886711,45.883597,848.71 11.88652,45.883532,849.29 11.885974,45.883305,850.25 11.885092,45.882954,851.22 11.884971,45.882912,851.67 11.884867,45.882872,852.4 11.884718,45.88282,853.1 11.884486,45.882759,854.14 11.884249,45.882729,855.14 11.88394,45.88266,857.61 11.883825,45.882625,858.57 11.883585,45.882541,860.61 11.883266,45.882418,864.27 11.883004,45.882321,868.03 11.882758,45.882242,870.51 11.882534,45.882158,873.2 11.882386,45.882092,874.33 11.882217,45.882004,875.67 11.882029,45.881907,876.22 11.881915,45.881829,876.22 11.881792,45.881702,876.6 11.881714,45.881625,876.84 11.881631,45.881575,877.36 11.881522,45.881517,878 11.881266,45.881427,881.77 11.881114,45.881354,883.21 11.880993,45.881256,884.66 11.880885,45.881171,885.26 11.880709,45.881004,886.16 11.88052,45.88087,887.76 11.88044,45.880854,888.25 11.88029,45.88085,890.13 11.880125,45.880868,892.21 11.87997,45.88089,894.16 11.879811,45.880899,895.61 11.879679,45.880891,896.81 11.879539,45.880867,898.12 11.879427,45.880812,899.11 11.879365,45.880734,899.93 11.879256,45.880631,901.67 11.879159,45.880553,903.09 11.878915,45.880449,906.9 11.878654,45.880336,910.98 11.878475,45.880233,914.07 11.878288,45.880107,916.49 11.878061,45.879944,917.05 11.877833,45.879839,917.67 11.877663,45.879792,918.09 11.877484,45.879754,919.15 11.877244,45.879721,920.55 11.87713,45.879706,921.2 11.876996,45.879671,922.01 11.876687,45.879549,922.64 11.876503,45.879484,923 11.876369,45.879444,923.86 11.876172,45.879424,925.5 11.875978,45.879425,927.08 11.87569,45.879445,929.97 11.875335,45.879515,933.64 11.874951,45.879617,937.94 11.874285,45.879825,947.18 11.873783,45.879962,954 11.873765,45.879991,954.31 11.87376,45.880014,954.54 11.873777,45.880034,954.76 11.87382,45.880051,955.1 11.873894,45.880042,955.19 11.874097,45.879981,955.47 11.874237,45.87995,955.65 11.874416,45.87993,955.87 11.874946,45.87989,956.57 11.87537,45.87987,957.12 11.875431,45.879868,957.2 11.87548,45.879874,957.26 11.875513,45.879891,957.32 11.875527,45.879915,957.36 11.875513,45.879952,957.43 11.875484,45.879966,957.48 11.875436,45.879969,957.54 11.875364,45.879969,957.75 11.875305,45.87996,957.92 11.87522,45.879959,958.17 11.875159,45.879962,958.34 11.875039,45.879974,959.33 11.87493,45.88,960.26 11.874603,45.880122,965.32 11.874461,45.880176,967.53 11.874376,45.880209,968.86 11.874289,45.880236,970.16 11.874216,45.880258,971.25 11.874136,45.88028,972.42 11.874024,45.880319,973.86 11.873923,45.880354,975.17 11.873807,45.880401,976.7 11.873729,45.880437,977.78 11.873673,45.880457,978.5 11.873531,45.880507,980.34 11.873471,45.880526,981.1 11.873375,45.88054,982.23 11.873306,45.880542,983.02 11.873255,45.880558,983.67 11.873242,45.880592,984.25 11.873266,45.880627,984.6 11.873304,45.880636,984.85 11.873375,45.880639,985.29 11.873453,45.880629,985.79 11.873611,45.880585,986.28 11.873781,45.880538,986.81 11.873965,45.880491,987.38 11.87408,45.88047,987.72 11.874182,45.880456,988.19 11.874304,45.880446,988.74 11.87439,45.88044,989.12 11.874474,45.880435,989.5 11.874677,45.88039,990.44 11.874812,45.880365,991.07 11.87487,45.88036,991.33 11.8749,45.880355,991.47 11.874936,45.880365,991.64 11.874952,45.880378,991.75 11.87496,45.8804,991.89 11.87494,45.88043,992.11 11.874918,45.880442,992.23 11.87487,45.88045,992.45 11.874834,45.88045,992.61 11.874791,45.880454,992.8 11.87475,45.88046,992.99 11.874647,45.880476,993.46 11.874468,45.880524,994.87 11.87425,45.8806,996.67 11.873916,45.880731,1001.63 11.873509,45.880884,1007.64 11.873406,45.880923,1009.23 11.873327,45.880953,1010.46 11.873224,45.880962,1011.87 11.873158,45.880966,1012.77 11.873089,45.880967,1013.71 11.873021,45.88096,1014.65 11.87297,45.880946,1015.39 11.872869,45.880891,1017.14 11.87279,45.88084,1018.61 11.872698,45.880789,1019.58 11.87253,45.880713,1021.23 11.872257,45.88061,1023.78 11.87205,45.880534,1025.7 11.871905,45.880473,1027.08 11.871778,45.880406,1028.32 11.871655,45.880332,1029.57 11.871569,45.880269,1030.36 11.871489,45.880203,1031.26 11.871431,45.880146,1031.93 11.871382,45.880092,1032.27 11.871335,45.880029,1032.64 11.871282,45.879933,1033.18 11.871235,45.879841,1033.7 11.871171,45.879728,1034.34 11.871119,45.879653,1034.78 11.871044,45.879567,1035.31 11.870978,45.879476,1035.85 11.87092,45.879396,1036.32 11.870861,45.879282,1036.96 11.870833,45.879226,1037.27 11.870798,45.879144,1037.72 11.870771,45.87903,1038.33 11.870752,45.878918,1038.92 11.870744,45.878788,1039.61 11.870747,45.878621,1040.49 11.870733,45.8786,1040.61 11.870718,45.87859,1040.69 11.870689,45.878586,1040.8 11.870635,45.878588,1041 11.870591,45.878602,1041.17 11.870498,45.878664,1041.65 11.870459,45.878693,1041.86 11.8704,45.878715,1042.1 11.87031,45.87874,1042.46 11.870256,45.878755,1042.76 11.870163,45.878768,1043.24 11.870101,45.878773,1043.56 11.870028,45.878779,1043.93 11.869987,45.878788,1044.15 11.869946,45.878805,1044.39 11.869902,45.878831,1044.69 11.869804,45.878959,1045.75 11.869672,45.879089,1046.91 11.869544,45.879189,1047.89 11.86935,45.87931,1049.22 11.869298,45.879328,1049.51 11.869231,45.879346,1049.88 11.869125,45.879347,1050.42 11.869038,45.87935,1050.86 11.868983,45.879352,1051.14 11.8689,45.87937,1051.58 11.868696,45.879498,1052.98 11.868533,45.879574,1053.98 11.868394,45.879631,1054.8 11.868315,45.879658,1055.25 11.86825,45.87971,1055.75 11.868229,45.879755,1056.27 11.868223,45.879825,1057.05 11.868223,45.879874,1057.6 11.868207,45.87994,1058.33 11.86817,45.87997,1058.77 11.868056,45.88002,1059.81 11.867888,45.880067,1061.21 11.867748,45.880113,1062.4 11.867657,45.880156,1063.25 11.86759,45.88022,1064.13 11.867521,45.880389,1066.07 11.867494,45.880561,1068.71 11.86748,45.88066,1070.24 11.867436,45.880794,1072.34 11.867396,45.880844,1073.22 11.867325,45.880898,1074.37 11.867167,45.880969,1076.44 11.867057,45.881006,1077.79 11.866939,45.881045,1079.22 11.86674,45.88107,1081.45 11.866613,45.88108,1082.87 11.86643,45.88108,1084.88 11.866258,45.881073,1086.78 11.86608,45.88107,1088.74 11.866013,45.881073,1089.48 11.865882,45.881094,1090.96 11.8658,45.8811,1091.87 11.865696,45.881105,1093.02 11.86555,45.881093,1094.64 11.86543,45.88111,1095.99 11.86533,45.881133,1097.15 11.865241,45.88116,1098.22 11.86512,45.88118,1099.59 11.864886,45.881218,1102.23 11.86468,45.88123,1104.51 11.864503,45.881225,1106.46 11.864439,45.881225,1107.17 11.86428,45.8812,1108.96 11.86412,45.881156,1110.86 11.863936,45.881102,1113.05 11.86381,45.88105,1114.67 11.8636,45.88089,1118.09 11.863467,45.880747,1120.78 11.863419,45.880692,1121.8 11.86336,45.88066,1122.62 11.863323,45.880636,1123.18 11.86325,45.88064,1123.98 11.863223,45.880648,1124.3 11.86319,45.88069,1125.06 11.863203,45.880758,1126.15 11.8632,45.88084,1127.44 11.863193,45.880897,1128.34 11.86314,45.88101,1130.22 11.863088,45.881116,1131.98 11.86298,45.88125,1134.41 11.862892,45.881351,1136.28 11.86276,45.88146,1138.53 11.862647,45.881528,1140.18 11.86254,45.88158,1141.18 11.86242,45.881636,1142.29 11.862383,45.88165,1142.62 11.862314,45.881665,1143.17 11.862246,45.881666,1143.69 11.862159,45.881659,1144.37 11.862106,45.881656,1144.78 11.862019,45.881653,1145.46 11.861967,45.881653,1145.85 11.86189,45.88166,1146.45 11.861825,45.881681,1147 11.861771,45.881701,1147.47 11.861732,45.88171,1147.79 11.861687,45.881712,1148.14 11.861616,45.881712,1148.69 11.861417,45.881704,1150.22 11.861241,45.881699,1151.58 11.8611,45.88169,1152.67 11.860977,45.88167,1153.64 11.860925,45.881659,1154.06 11.86087,45.88166,1154.48 11.860845,45.881664,1154.68 11.860821,45.881678,1154.92 11.86082,45.8817,1155.17 11.860824,45.88172,1155.39 11.86087,45.88174,1155.81 11.860897,45.881744,1156.03 11.860962,45.881744,1156.52 11.861037,45.881744,1157.11 11.861093,45.881751,1157.54 11.861151,45.881758,1158 11.86122,45.88178,1158.58 11.86152,45.88189,1161.19 11.861842,45.882011,1164.35 11.861965,45.882059,1165.57 11.86207,45.88208,1166.51 11.862177,45.88208,1167.44 11.862219,45.88208,1167.8 11.86225,45.88209,1168.09 11.862287,45.882102,1168.44 11.862302,45.882113,1168.63 11.86231,45.88213,1168.85 11.862289,45.882149,1169.15 11.86225,45.88216,1169.51 11.862209,45.882166,1169.87 11.862106,45.882169,1170.76 11.86198,45.88216,1171.86 11.861724,45.882128,1174.11 11.861411,45.88209,1176.85 11.861269,45.882073,1178.1 11.86118,45.88207,1178.87 11.861001,45.882077,1180.41 11.860904,45.882086,1181.27 11.860807,45.882094,1182.1 11.860671,45.882107,1183.29 11.86062,45.88212,1183.76 11.86056,45.88215,1184.4 11.860558,45.882174,1184.69 11.860564,45.882185,1184.84 11.8606,45.8822,1185.2 11.860632,45.882201,1185.48 11.860718,45.882182,1186.26 11.860792,45.882177,1186.9 11.860891,45.882179,1187.75 11.86097,45.88219,1188.45 11.861071,45.882218,1189.4 11.86126,45.88229,1191.26 11.861418,45.882355,1192.84 11.861537,45.882414,1194.1 11.861837,45.882566,1197.3 11.861929,45.882607,1198.37 11.862013,45.882637,1199.28 11.862115,45.882659,1200.32 11.862218,45.882677,1201.34 11.862315,45.882687,1202.3 11.862431,45.882692,1203.43 11.862464,45.882696,1203.75 11.862488,45.882707,1204.03 11.862499,45.88273,1204.38 11.862502,45.88276,1204.78 11.862488,45.88277,1204.98 11.86246,45.88278,1205.29 11.862417,45.88279,1205.73 11.862308,45.882797,1206.8 11.862158,45.882806,1208.25 11.86205,45.88281,1209.31 11.861877,45.882813,1210.99 11.861674,45.882815,1212.96 11.861519,45.882811,1214.47 11.861378,45.882801,1215.84 11.861261,45.882775,1217.04 11.861145,45.882741,1218.27 11.86105,45.882725,1219.21 11.860976,45.882713,1219.95 11.860889,45.882718,1220.8 11.860758,45.882735,1222.09 11.860648,45.882794,1223.44 11.860585,45.882815,1224.13 11.860518,45.882831,1224.81 11.860458,45.88285,1225.45 11.86033,45.88286,1226.7 11.86017,45.88284,1228.28 11.860082,45.882812,1229.22 11.859943,45.882742,1230.89 11.85978,45.88267,1232.76 11.859729,45.882655,1233.3 11.85965,45.88265,1234.07 11.859569,45.882674,1234.93 11.85947,45.882747,1236.32 11.85937,45.8828,1237.54 11.859262,45.882849,1238.79 11.859116,45.882897,1240.36 11.858904,45.882954,1242.89 11.858788,45.882964,1244.18 11.858653,45.882961,1245.69 11.858445,45.882943,1248.01 11.858279,45.882961,1249.88 11.85815,45.883,1251.44 11.857994,45.883056,1253.39 11.85783,45.883123,1255.5 11.857705,45.883149,1256.94 11.857603,45.883156,1258.09 11.857467,45.883148,1259.6 11.85736,45.883133,1260.82 11.85724,45.88312,1262.16 11.857098,45.883128,1263.74 11.856916,45.883153,1265.81 11.856709,45.883189,1268.19 11.8564,45.88326,1271.79 11.856296,45.883308,1273.18 11.85616,45.88334,1274.77 11.85606,45.883354,1275.91 11.85595,45.88335,1277.13 11.855849,45.883323,1278.33 11.85577,45.88332,1279.21 11.855681,45.883328,1280.2 11.85557,45.883351,1281.49 11.85543,45.883399,1283.22 11.855267,45.883482,1285.46 11.855208,45.883517,1286.21 11.855071,45.883557,1287.62 11.85495,45.883573,1288.81 11.854827,45.883574,1289.98 11.854756,45.883564,1290.68 11.854649,45.883549,1291.72 11.854554,45.883513,1292.76 11.854474,45.883475,1293.69 11.85438,45.88338,1295.27 11.8543,45.88333,1296.29 11.854234,45.883312,1296.97 11.854133,45.883301,1297.95 11.85395,45.883315,1299.71 11.853839,45.883333,1300.81 11.85367,45.88334,1302.43 11.853581,45.883333,1303.29 11.85349,45.8833,1304.26 11.853429,45.883256,1305.11 11.85337,45.88317,1306.41 11.853319,45.883135,1307.1 11.85324,45.88311,1307.93 11.853186,45.883102,1308.46 11.853067,45.883105,1309.6 11.852989,45.883108,1310.34 11.852923,45.883107,1310.97 11.852832,45.883089,1311.88 11.852785,45.883075,1312.38 11.852694,45.883024,1313.49 11.852634,45.882994,1314.19 11.85256,45.882968,1314.99 11.852421,45.882923,1316.46 11.852313,45.882885,1317.61 11.852244,45.88287,1318.3 11.852222,45.882869,1318.52 11.852201,45.882879,1318.75 11.852184,45.882896,1319.04 11.852188,45.882909,1319.21 11.852202,45.882928,1319.52 11.852231,45.882952,1319.94 11.852357,45.88302,1321.47 11.852442,45.883078,1322.6 11.852494,45.883123,1323.39 11.852606,45.883228,1325.19 11.85269,45.883298,1326.44 11.852768,45.883336,1327.35 11.852836,45.883356,1328.06 11.852905,45.883378,1328.79 11.85295,45.8834,1329.31 11.852983,45.883428,1329.81 11.853033,45.883487,1330.75 11.853074,45.883556,1331.77 11.853107,45.883606,1332.52 11.853167,45.883657,1333.44 11.853238,45.883681,1334.18 11.85333,45.8837,1335.08 11.853362,45.883716,1335.45 11.853377,45.883753,1335.97 11.853376,45.883776,1336.27 11.85336,45.8838,1336.63 11.853333,45.883813,1336.94 11.853282,45.883816,1337.42 11.853236,45.883808,1337.86 11.85319,45.883787,1338.38 11.853128,45.883744,1339.21 11.853029,45.883688,1340.41 11.85296,45.883643,1341.29 11.852885,45.883607,1342.15 11.85279,45.88357,1343.17 11.852701,45.883541,1344.09 11.852593,45.883514,1345.17 11.852527,45.883497,1345.84 11.852425,45.883462,1346.9 11.852273,45.883394,1348.6 11.852171,45.88335,1349.73 11.85211,45.88334,1350.32 11.852006,45.88333,1351.31 11.85183,45.88331,1352.98 11.851737,45.883296,1353.88 11.851663,45.883281,1354.6 11.85161,45.88326,1355.17 11.851551,45.883223,1355.92 11.85153,45.883202,1356.26 11.8515,45.88316,1356.89 11.851442,45.883014,1358.93 11.851366,45.882848,1361.28 11.851344,45.882798,1361.98 11.85131,45.88274,1362.83 11.851214,45.882615,1364.74 11.851091,45.882458,1367.15 11.851043,45.882405,1367.99 11.850973,45.882345,1369.03 11.850876,45.882288,1370.22 11.850816,45.882269,1370.85 11.850744,45.882264,1371.52 11.850669,45.882268,1372.23 11.850573,45.882283,1373.15 11.85045,45.88229,1374.32 11.850166,45.8823,1376.99 11.849767,45.882297,1380.74 11.849481,45.882294,1383.79 11.849338,45.882292,1385.32 11.849274,45.882294,1386.01 11.84921,45.8823,1386.69 11.84916,45.882308,1387.24 11.849129,45.882329,1387.7 11.84904,45.88235,1388.7 11.848995,45.882355,1389.19 11.84892,45.88234,1389.31 11.848874,45.882315,1389.41 11.848809,45.882259,1389.08 11.848711,45.882103,1388.31 11.848605,45.881924,1387.7 11.84858,45.881875,1387.54 11.848536,45.881824,1387.65 11.848495,45.881789,1387.74 11.848409,45.881742,1387.88 11.848284,45.881693,1388.89 11.848104,45.881626,1390.26 11.847965,45.881557,1391.39 11.847856,45.881504,1391.54 11.847755,45.88143,1391.7 11.847654,45.881345,1391.88 11.847593,45.881281,1392.01 11.847527,45.88119,1391.78 11.847464,45.881086,1391.53 11.847406,45.880961,1390.87 11.847353,45.880807,1390.15 11.847296,45.880631,1389 11.84724,45.8805,1388.14 11.847205,45.880435,1388.13 11.847188,45.880413,1388.13 11.847134,45.88037,1388.13 11.847098,45.880355,1388.13 11.84702,45.88035,1388.52 11.846911,45.880348,1389.07 11.846767,45.880377,1390.37 11.846352,45.880457,1393.1 11.846228,45.880473,1393.55 11.846076,45.880468,1394.09 11.845952,45.880444,1393.6 11.845828,45.880407,1393.08 11.845692,45.88034,1393.12 11.845541,45.880283,1393.83 11.845457,45.880263,1394.2 11.845375,45.880251,1394.54 11.84525,45.88024,1395.06 11.845136,45.880228,1395.79 11.845057,45.880208,1396.3 11.844933,45.880161,1397.05 11.844853,45.88012,1397.05 11.844763,45.880066,1397.07 11.844686,45.880001,1396.24 11.844653,45.879914,1395.81 11.844625,45.879813,1395.31 11.844577,45.879756,1394.98 11.844496,45.879682,1394.53 11.844427,45.879605,1394.09 11.844377,45.879442,1393.42 11.844322,45.879308,1392.86 11.84427,45.87924,1392.56 11.844233,45.879202,1392.37 11.844184,45.879185,1392.38 11.844046,45.8792,1392.41 11.843963,45.87922,1392.43 11.84389,45.879238,1392.45 11.843705,45.879269,1392.49 11.843641,45.879282,1392.91 11.84357,45.87933,1393.53 11.843499,45.879466,1394.83 11.84341,45.87957,1396.23 11.843248,45.879659,1397.97 11.843124,45.879693,1399.1 11.843018,45.879707,1400.01 11.84288,45.879722,1401.18 11.842737,45.87975,1402.44 11.842616,45.879787,1404.01 11.842432,45.879841,1406.38 11.842272,45.879858,1408.31 11.842166,45.879868,1409.58 11.842006,45.879888,1411.51 11.841869,45.879909,1413.13 11.841697,45.879956,1415.25 11.841488,45.880015,1417.82 11.841281,45.880074,1420.98 11.841107,45.880144,1422.85 11.840856,45.880258,1425.65 11.84041,45.880499,1430.2 11.840119,45.880664,1433.23 11.839795,45.880813,1435.95 11.839372,45.880993,1439.58 11.839288,45.881047,1440.42 11.839212,45.881129,1441.97 11.839099,45.881249,1443.15 11.839036,45.881339,1443.56 11.839018,45.881443,1443.87 11.839013,45.881485,1444 11.839019,45.881587,1443.63 11.839022,45.881708,1443.2 11.839021,45.881877,1442.55 11.839013,45.881906,1442.43 11.838973,45.88195,1442.23 11.838936,45.88198,1441.96 11.838828,45.882014,1441.4 11.83871,45.88206,1440.75 11.838652,45.882095,1440.01 11.8386,45.88218,1438.75 11.838584,45.88227,1437.47 11.83856,45.88235,1436.33 11.838503,45.882461,1434.68 11.838426,45.882587,1433.46 11.83835,45.882683,1432.67 11.838303,45.882774,1431.97 11.838274,45.882894,1431.1 11.838225,45.883001,1430.29 11.838096,45.883205,1428.7 11.838037,45.883305,1427.63 11.837967,45.883379,1426.75 11.83783,45.883486,1425.35 11.837721,45.883561,1423.6 11.837578,45.883645,1421.67 11.837362,45.883772,1419.66 11.837209,45.883871,1416.74 11.83707,45.88399,1413.64 11.83693,45.88414,1410.64 11.836816,45.884312,1408.56 11.83673,45.88448,1406.62 11.836644,45.884665,1404.62 11.836613,45.884767,1403.55 11.8366,45.88486,1402.6 11.836592,45.884973,1401.22 11.836632,45.885206,1398.34 11.83664,45.88535,1396.58 11.836615,45.885487,1394.75 11.83658,45.8856,1393.23 11.836493,45.885828,1390.11 11.836456,45.885908,1389 11.83639,45.886,1387.64 11.836264,45.886133,1385.54 11.836201,45.886218,1384.5 11.836166,45.886304,1383.53 11.83616,45.88637,1383.04 11.836173,45.886439,1382.52 11.836185,45.88647,1382.02 11.836301,45.886598,1379.65 11.836374,45.886715,1377.51 11.836393,45.886771,1377.04 11.8364,45.88683,1376.5 11.836384,45.886906,1376.22 11.836328,45.887013,1375.81 11.8363,45.8871,1375.49 11.836313,45.887167,1374.71 11.83635,45.88727,1373.48 11.836351,45.887311,1373.1 11.83634,45.88738,1372.48 11.836291,45.887423,1372.21 11.836188,45.887509,1371.66 11.836073,45.887593,1371.48 11.835929,45.887703,1371.2 11.835835,45.887797,1371.28 11.835758,45.887918,1372.3 11.835726,45.887987,1372.7 11.8357,45.888065,1372.79 11.835695,45.888142,1372.88 11.83571,45.88824,1372.46 11.835713,45.888321,1371.92 11.835705,45.8884,1371.47 11.835687,45.888457,1371.33 11.835616,45.888584,1371 11.835546,45.888679,1370.96 11.835487,45.88875,1371.23 11.835456,45.88878,1371.35 11.835407,45.888814,1371.9 11.835298,45.88885,1372.86 11.83513,45.888888,1373.81 11.834989,45.888925,1374.81 11.834904,45.88895,1375.42 11.83481,45.88899,1375.95 11.834767,45.88902,1376.24 11.83473,45.88906,1376.34 11.83472,45.88913,1376.49 11.834745,45.889166,1376.57 11.834831,45.889228,1376.4 11.8349,45.88928,1376.26 11.83495,45.88934,1375.72 11.835,45.88942,1375.04 11.835024,45.889505,1374.67 11.835049,45.889631,1374.06 11.83506,45.889739,1373.68 11.835067,45.889866,1373.18 11.835056,45.889946,1373.02 11.83503,45.890092,1372.73 11.835009,45.890191,1372.5 11.834976,45.890314,1372.32 11.834948,45.890467,1371.89 11.834931,45.890545,1371.73 11.834924,45.890699,1371.42 11.834959,45.890915,1370.99 11.835017,45.89118,1370.45 11.835064,45.891387,1370.03 11.835095,45.891545,1369.71 11.8351,45.891697,1369.4 11.83508,45.891895,1369 11.835068,45.89201,1368.77 11.835012,45.892251,1368.28 11.834887,45.892492,1367.82 11.834659,45.892987,1366.89 11.834504,45.893339,1366.2 11.834367,45.893594,1365.68 11.834237,45.893781,1364.97 11.834085,45.89396,1364.06 11.833919,45.894162,1363.04 11.833894,45.894196,1362.87 11.833841,45.894224,1362.67 11.833758,45.894234,1362.41 11.833666,45.894241,1362.12 11.833593,45.894257,1361.89 11.833534,45.894286,1361.67 11.833512,45.894326,1361.33 11.833519,45.894399,1360.75 11.833522,45.894463,1360.24 11.833519,45.894509,1359.87 11.8335,45.894541,1359.6 11.833422,45.894551,1359.16 11.833347,45.894534,1358.72 11.833296,45.894519,1358.41 11.833227,45.894514,1358.02 11.833153,45.894524,1357.61 11.833041,45.89455,1356.57 11.832897,45.894595,1355.18 11.832806,45.894637,1354.22 11.832738,45.894695,1353.27 11.832691,45.894723,1352.73 11.832601,45.894759,1351.82 11.832527,45.894773,1351.14 11.832447,45.894784,1350.43 11.832318,45.894781,1349.29 11.832291,45.894777,1349.05 11.83219,45.894782,1348.16 11.832095,45.894792,1347.31 11.832036,45.894804,1346.77 11.831952,45.894798,1346.03 11.831886,45.894789,1345.44 11.83178,45.894752,1344.39 11.831619,45.894708,1342.87 11.831487,45.894682,1341.66 11.831354,45.894661,1340.46 11.831237,45.894637,1339.38 11.83114,45.8946,1338.42 11.831054,45.89457,1337.57 11.830961,45.894502,1336.38 11.830895,45.894437,1335.38 11.830811,45.894358,1334.13 11.830684,45.894273,1332.59 11.830515,45.894167,1330.59 11.830089,45.893946,1325.92 11.830006,45.893913,1325.08 11.829883,45.893891,1323.96 11.829725,45.893899,1322.23 11.829535,45.893914,1319.86 11.82938,45.893922,1318.48 11.829193,45.893929,1316.93 11.829052,45.893928,1316.03 11.828882,45.893918,1314.92 11.828834,45.893917,1314.58 11.828713,45.893876,1313.61 11.828628,45.893845,1313.18 11.828553,45.893793,1312.7 11.828506,45.89375,1312.35 11.82847,45.89373,1312.15 11.828412,45.893721,1311.88 11.828338,45.893731,1311.54 11.828265,45.89376,1311.16 11.82815,45.893782,1310.63 11.82807,45.893786,1310.26 11.827986,45.893775,1309.88 11.827891,45.893742,1309.41 11.827852,45.893731,1309.21 11.827774,45.893714,1308.85 11.827669,45.893702,1308.37 11.827603,45.893697,1308.07 11.827476,45.893673,1307.48 11.8274,45.893642,1307.08 11.827287,45.893586,1306.46 11.827189,45.893543,1305.94 11.827077,45.893521,1305.42 11.826948,45.893495,1304.81 11.826795,45.893472,1304.1 11.826669,45.893458,1303.88 11.826523,45.89341,1303.59 11.82643,45.893337,1303.34 11.826358,45.89322,1303.01 11.826316,45.893152,1302.78 11.826131,45.892917,1301.95 11.825994,45.892758,1301.38 11.825956,45.892715,1301.22 11.825902,45.892696,1301.09 11.825857,45.892686,1300.99 11.825719,45.892688,1300.69 11.82563,45.89268,1300.5 11.825517,45.892641,1300.22 11.82542,45.892606,1299.99 11.825356,45.892578,1299.82 11.825284,45.892567,1299.66 11.82516,45.89256,1299.4 11.824959,45.892569,1298.96 11.824852,45.89258,1298.72 11.824705,45.892575,1298.41 11.824627,45.892554,1298.23 11.824547,45.892508,1298 11.824437,45.892455,1297.71 11.824397,45.89245,1297.63 11.824285,45.892463,1297.27 11.824205,45.892471,1297.03 11.824101,45.89248,1296.74 11.823913,45.892478,1295.93 11.823847,45.892472,1295.65 11.82375,45.892451,1295.22 11.823598,45.892403,1295.13 11.823291,45.892277,1294.93 11.82292,45.89214,1295.59 11.822825,45.892089,1295.79 11.822724,45.891987,1296.66 11.822671,45.891938,1297.09 11.822565,45.891853,1297.88 11.82251,45.891821,1298.24 11.822407,45.891788,1298.8 11.822331,45.891772,1299.25 11.822281,45.891729,1299.66 11.822249,45.891676,1299.89 11.822174,45.891502,1300.65 11.822142,45.891457,1300.65 11.822066,45.891424,1300.65 11.821991,45.89142,1300.65 11.821912,45.891442,1300.64 11.821856,45.891469,1300.64 11.821795,45.891487,1300.64 11.82171,45.89148,1300.64 11.821675,45.891471,1300.63 11.821562,45.891422,1300.63 11.821528,45.891398,1300.66 11.821451,45.891364,1300.73 11.821379,45.891347,1300.79 11.821289,45.891343,1300.85 11.821178,45.891333,1300.93 11.821099,45.891306,1301 11.821007,45.891256,1301.08 11.820852,45.891141,1301.25 11.820803,45.891113,1301.29 11.820733,45.891086,1301.35 11.820627,45.891062,1301.43 11.820483,45.891036,1301.54 11.820332,45.891006,1301.85 11.820248,45.890983,1302.03 11.820129,45.890943,1302.29 11.819989,45.89089,1302.6 11.819892,45.890851,1302.82 11.819809,45.890803,1303.04 11.819737,45.890736,1303.27 11.819693,45.890645,1303.54 11.819672,45.890518,1303.9 11.819643,45.890473,1304.04 11.819553,45.890398,1304.32 11.819397,45.890281,1305.37 11.8192,45.89015,1306.63 11.819111,45.890099,1307.16 11.819044,45.890074,1307.52 11.818962,45.890046,1307.93 11.818889,45.890019,1308.32 11.818864,45.890005,1308.46 11.818814,45.88995,1308.89 11.818784,45.889901,1309.25 11.81874,45.889837,1309.71 11.818687,45.889801,1310.06 11.818598,45.889755,1310.56 11.818551,45.889717,1310.9 11.81852,45.88967,1311.24 11.818503,45.889583,1311.82 11.818495,45.889435,1312.8 11.818467,45.889231,1314.15 11.818425,45.889101,1315.03 11.818346,45.888893,1316.46 11.818268,45.888724,1317.45 11.81818,45.88856,1319.5 11.818074,45.88841,1321.46 11.817962,45.888277,1323.25 11.817901,45.888191,1324.37 11.817864,45.888111,1325.36 11.817825,45.887989,1326.82 11.817817,45.887879,1328.11 11.817804,45.887746,1329.67 11.817792,45.887688,1330.35 11.817735,45.887562,1331.89 11.817637,45.887394,1334.02 11.817556,45.887316,1335.14 11.817451,45.8872,1336.37 11.817408,45.887118,1336.97 11.817371,45.887019,1337.67 11.817304,45.886873,1338.72 11.817234,45.886735,1340.25 11.81715,45.886614,1341.66 11.817107,45.886517,1342.72 11.817094,45.886444,1343.49 11.817075,45.88637,1344.28 11.817036,45.886298,1345.09 11.817,45.886241,1345.74 11.816935,45.886184,1345.97 11.81688,45.88611,1346.23 11.816827,45.886005,1346.58 11.816786,45.885898,1346.92 11.81674,45.88584,1347.13 11.81668,45.885805,1347.3 11.81661,45.88576,1347.29 11.816512,45.885734,1347.62 11.81642,45.88569,1347.97 11.81636,45.885627,1348.3 11.816283,45.885504,1348.9 11.8162,45.88536,1349.59 11.816122,45.885216,1350.27 11.816097,45.885136,1350.64 11.81607,45.88503,1351.11 11.816048,45.884991,1351.3 11.815991,45.884926,1351.64 11.815932,45.884877,1351.92 11.815884,45.884814,1352.24 11.815877,45.884741,1352.8 11.815869,45.884695,1353.16 11.815842,45.884634,1353.66 11.815792,45.884591,1354.08 11.815648,45.884509,1355.08 11.81552,45.88443,1356 11.81548,45.88437,1356.51 11.81548,45.88428,1357.2 11.815584,45.884125,1358.52 11.81563,45.88404,1359.22 11.815642,45.88398,1359.69 11.815642,45.883916,1360.19 11.81563,45.88386,1360.62 11.815542,45.883772,1361.44 11.815486,45.883734,1361.86 11.81542,45.88366,1362.89 11.815337,45.883563,1364.22 11.815268,45.883481,1365.34 11.81523,45.8834,1366.34 11.815224,45.883278,1367.78 11.815212,45.883207,1368.61 11.815192,45.883168,1369.15 11.815169,45.883134,1369.36 11.815054,45.883101,1369.82 11.814987,45.883063,1370.15 11.814959,45.883035,1370.27 11.814898,45.882959,1370.57 11.814845,45.882908,1370.79 11.81476,45.88283,1371.14 11.814566,45.882698,1371.82 11.814465,45.882653,1372.12 11.814364,45.882612,1372.21 11.814216,45.882567,1372.34 11.814019,45.882512,1372.5 11.813905,45.882498,1373.16 11.813787,45.882511,1373.85 11.813673,45.882566,1374.64 11.813539,45.88262,1376 11.81339,45.88265,1377.37 11.813311,45.882661,1377.62 11.81317,45.88265,1378.07 11.813049,45.882621,1378.07 11.81297,45.88257,1378.07 11.812906,45.882508,1377.67 11.812826,45.882393,1377.06 11.81277,45.88223,1377.05 11.812765,45.882128,1377.04 11.81279,45.88201,1377.04 11.812925,45.881762,1377.74 11.813073,45.881505,1378.48 11.813178,45.881323,1379 11.813214,45.88126,1379 11.813255,45.8812,1378.7 11.813322,45.881099,1378.3 11.813393,45.881,1377.8 11.813442,45.88092,1377.5 11.813483,45.880848,1377.2 11.813518,45.880786,1376.9 11.813544,45.880735,1376.6 11.813567,45.880681,1376.2 11.813582,45.880651,1376 11.813591,45.880621,1376.1 11.813598,45.88059,1376.2 11.813602,45.880556,1376.3 11.813604,45.880526,1376.4 11.813599,45.880504,1376.5 11.813585,45.880478,1376.6 11.813562,45.880448,1376.7 11.813521,45.880414,1376.8 11.813463,45.880376,1377 11.813394,45.880334,1377.2 11.813328,45.880295,1377.5 11.813262,45.880255,1377.7 11.813199,45.88021,1377.9 11.813138,45.880158,1378.2 11.813081,45.880104,1378.5 11.813031,45.880052,1378.8 11.813,45.880014,1379.1 11.812976,45.879966,1379.3 11.812966,45.879927,1379.6 11.812964,45.879892,1379.7 11.812966,45.879851,1379.9 11.812973,45.879809,1380.1 11.812994,45.879759,1380.3 11.813025,45.879714,1380.5 11.813067,45.879653,1381 11.81311,45.879596,1381.4 11.813152,45.879529,1381.9 11.813192,45.879465,1382.4 11.813234,45.87939,1383 11.81328,45.879311,1383.6 11.813316,45.879245,1384 11.813354,45.879176,1384.5 11.813382,45.879127,1384.8 11.813408,45.879072,1385.2 11.813428,45.879009,1385.5 11.813439,45.87894,1385.8 11.813447,45.878867,1386.2 11.813457,45.878806,1386.4 11.813474,45.878741,1386.7 11.813485,45.878672,1387.1 11.813485,45.878608,1387.5 11.813475,45.878541,1387.9 11.813455,45.878485,1388.3 11.813424,45.878433,1388.7 11.813398,45.87839,1389.1 11.813377,45.878343,1389.5 11.813363,45.878284,1390 11.813357,45.878223,1390.5 11.813361,45.878174,1390.9 11.81338,45.878144,1391.1 11.813416,45.878107,1391.4 11.813469,45.878068,1391.7 11.813524,45.878026,1392.1 11.813568,45.877986,1392.4 11.813623,45.87793,1392.8 11.813671,45.877872,1393.2 11.813708,45.877815,1393.5 11.81373,45.877761,1393.9 11.81374,45.877709,1394.2 11.813746,45.877646,1394.6 11.813752,45.877585,1394.8 11.813756,45.877535,1395 11.813765,45.877493,1395.2 11.813796,45.87744,1395.4 11.813835,45.877391,1395.6 11.813861,45.877349,1395.8 11.813879,45.877308,1396 11.81389,45.877267,1396.2 11.813889,45.877226,1396.4 11.813888,45.877156,1396.7 11.813885,45.877095,1397 11.813889,45.877046,1397.2 11.813903,45.877001,1397.4 11.813929,45.876948,1397.7 11.813959,45.876888,1398.1 11.813984,45.876831,1398.4 11.814013,45.876764,1398.8 11.814037,45.876695,1399.3 11.814054,45.876643,1399.7 11.814074,45.876591,1400 11.814105,45.87653,1400.5 11.814151,45.876458,1401 11.81419,45.876399,1401.5 11.814229,45.87634,1401.9 11.814255,45.876292,1402.1 11.814269,45.876234,1402.3 11.814271,45.876182,1402.5 11.814263,45.87614,1402.6 11.814246,45.876105,1402.7 11.814211,45.876068,1402.8 11.814158,45.876029,1402.9 11.814094,45.875989,1403 11.814046,45.875958,1403 11.814,45.875919,1403.1 11.813961,45.87587,1403.2 11.813933,45.875828,1403.3 11.8139,45.875778,1403.4 11.81387,45.875729,1403.5 11.813844,45.875683,1403.6 11.813821,45.875634,1403.8 11.813803,45.875584,1403.9 11.813796,45.875542,1404 11.813805,45.875497,1404.2 11.813819,45.875458,1404.3 11.813839,45.875412,1404.4 11.813848,45.875367,1404.5 11.813845,45.875325,1404.7 11.813834,45.87529,1404.8 11.813811,45.875253,1404.9 11.813773,45.875218,1405 11.81372,45.875183,1405.1 11.813662,45.875147,1405.3 11.813596,45.875107,1405.5 11.81354,45.875062,1405.7 11.813481,45.87501,1405.9 11.813417,45.874953,1406.1 11.813366,45.874905,1406.4 11.813338,45.87487,1406.5 11.813322,45.874832,1406.7 11.813318,45.87478,1406.9 11.813322,45.874721,1407 11.813326,45.874665,1407.1 11.813326,45.874614,1407.2 11.813322,45.874573,1407.3 11.813308,45.874534,1407.4 11.813286,45.874489,1407.5 11.813257,45.874451,1407.6 11.813239,45.874412,1407.7 11.813232,45.874369,1407.8 11.813227,45.874317,1408 11.813223,45.874267,1408.1 11.813216,45.874226,1408.2 11.813203,45.874191,1408.4 11.81317,45.874145,1408.6 11.813142,45.874104,1408.7 11.813107,45.874057,1408.9 11.813079,45.874016,1409.1 11.813047,45.87399,1409.3 11.812991,45.873966,1409.5 11.812951,45.873943,1409.7 11.812903,45.873913,1410 11.812859,45.873883,1410.2 11.812797,45.873834,1410.7 11.812717,45.87377,1411.2 11.812639,45.873697,1411.7 11.812553,45.873617,1412.2 11.812459,45.873522,1412.7 11.812367,45.873419,1413.3 11.812293,45.873328,1413.8 11.812242,45.873263,1414.1 11.812193,45.873201,1414.5 11.812146,45.873144,1414.8 11.812113,45.873101,1415 11.812067,45.873039,1415.4 11.812021,45.872981,1415.8 11.811987,45.872931,1416.1 11.81196,45.872879,1416.6 11.811936,45.872816,1417.2 11.81192,45.872758,1417.8 11.811911,45.872703,1418.2 11.8119,45.872627,1418.8 11.811885,45.872546,1419.4 11.811867,45.872485,1419.9 11.811845,45.872428,1420.3 11.811815,45.872359,1420.8 11.81177,45.872289,1421.3 11.811728,45.872236,1421.7 11.811688,45.872181,1422.2 11.811647,45.872116,1422.6 11.811618,45.872066,1423 11.811597,45.872022,1423.3 11.811576,45.871965,1423.6 11.811565,45.871912,1423.9 11.811568,45.871862,1424.2 11.811591,45.871806,1424.5 11.811633,45.871748,1424.8 11.811662,45.871706,1425 11.811692,45.871667,1425.2 11.811706,45.87163,1425.4 11.811706,45.871596,1425.6 11.811694,45.871558,1426 11.811674,45.871515,1426.4 11.811653,45.871461,1427 11.811645,45.871414,1427.4 11.811651,45.871372,1427.8 11.811676,45.871324,1428.3 11.811715,45.871266,1428.9 11.811737,45.871233,1429.3 11.811751,45.871192,1429.6 11.811761,45.871147,1430.1 11.811769,45.871089,1430.6 11.811776,45.871029,1431.2 11.811779,45.870977,1431.7 11.811779,45.870906,1432.4 11.811772,45.870844,1433 11.811754,45.870797,1433.5 11.811721,45.870742,1434.1 11.81168,45.870696,1434.7 11.81163,45.870638,1435.4 11.811581,45.870591,1436 11.811551,45.870556,1436.5 11.81153,45.870521,1436.9 11.811512,45.870477,1437.5 11.811498,45.870419,1438.3 11.811481,45.870346,1439.1 11.811463,45.870275,1439.8 11.811446,45.87021,1440.5 11.811429,45.870156,1441.2 11.81141,45.870118,1441.6 11.811385,45.870084,1442 11.811342,45.870032,1442.8 11.811313,45.86999,1443.3 11.811296,45.86995,1443.9 11.811287,45.8699,1444.5 11.811284,45.869841,1445.2 11.811286,45.869775,1446 11.811289,45.869714,1446.7 11.811291,45.869634,1447.5 11.811291,45.869546,1448.4 11.811292,45.869469,1449.2 11.811295,45.869395,1449.9 11.811296,45.86935,1450.3 11.811288,45.869321,1450.6 11.811264,45.869301,1450.9 11.811226,45.869284,1451.2 11.811179,45.869274,1451.5 11.811127,45.86928,1451.8 11.811073,45.869297,1452.1 11.811004,45.869326,1452.7 11.810939,45.869352,1453.2 11.810894,45.869363,1453.6 11.81085,45.86936,1453.9 11.810812,45.869343,1454.3 11.81079,45.869321,1454.6 11.810769,45.869288,1455 11.810754,45.869246,1455.6 11.810742,45.869204,1456.1 11.810725,45.869158,1456.7 11.810707,45.869116,1457.2 11.810673,45.869077,1457.8 11.810632,45.869049,1458.2 11.810579,45.869019,1458.6 11.810512,45.868996,1459.2 11.810437,45.868974,1459.7 11.810347,45.868948,1460.4 11.810251,45.868927,1461.1 11.810162,45.868904,1461.7 11.81009,45.868877,1462.2 11.810045,45.868853,1462.6 11.810007,45.868821,1463 11.809985,45.868789,1463.4 11.80998,45.868751,1463.7 11.809988,45.868717,1464 11.810009,45.868676,1464.5 11.810045,45.868634,1464.9 11.810094,45.868586,1465.5 11.810134,45.868537,1466 11.810162,45.868494,1466.4 11.810174,45.86845,1466.8 11.810178,45.868406,1467.2 11.81017,45.868353,1467.7 11.810152,45.868313,1468.1 11.810124,45.868272,1468.6 11.810083,45.868237,1469 11.810033,45.868202,1469.5 11.809971,45.868173,1470 11.809893,45.868141,1470.6 11.809824,45.868115,1471.1 11.809767,45.868084,1471.6 11.809708,45.868048,1472.1 11.809658,45.86801,1472.6 11.80961,45.86796,1473.1 11.809571,45.867904,1473.7 11.809536,45.867847,1474.3 11.809504,45.867794,1474.8 11.809458,45.867719,1475.5 11.809411,45.867648,1476 11.809365,45.867584,1476.5 11.80933,45.867527,1476.9 11.809304,45.867479,1477.2 11.809289,45.867438,1477.5 11.809286,45.867398,1477.7 11.809286,45.867359,1478 11.809302,45.867319,1478.3 11.809332,45.867276,1478.5 11.809358,45.86724,1478.8 11.809375,45.86721,1479 11.809378,45.86718,1479.24 11.809365,45.867133,1479.15 11.80934,45.867101,1479.04 11.809233,45.867033,1478.81 11.809071,45.866892,1477.72 11.808938,45.866778,1476.84 11.808771,45.866653,1476.26 11.808674,45.866543,1475.82 11.808639,45.866499,1475.51 11.808615,45.866416,1474.99 11.808562,45.866302,1474.32 11.808505,45.866229,1474 11.808452,45.866185,1473.78 11.808283,45.866093,1473.59 11.808173,45.866047,1473.48 11.808097,45.866,1473.4 11.808024,45.865938,1473.3 11.807954,45.865879,1473.29 11.80787,45.865813,1473.27 11.807837,45.865772,1473.26 11.807832,45.865722,1473.26 11.807851,45.86568,1473.37 11.807873,45.865655,1473.44 11.807911,45.865639,1473.52 11.808031,45.865629,1473.73 11.808161,45.865628,1473.96 11.808274,45.86562,1474.16 11.808362,45.865593,1474.63 11.808444,45.865564,1475.01 11.808571,45.865492,1475.56 11.808695,45.865391,1476.99 11.808825,45.865263,1477.82 11.808925,45.86515,1478.52 11.808997,45.865051,1479.11 11.809065,45.864929,1479.79 11.809127,45.864737,1481.68 11.809184,45.864512,1482.36 11.809221,45.864368,1482.8 11.80924,45.864256,1483.14 11.809249,45.864129,1483.51 11.809249,45.863989,1484.29 11.809242,45.863896,1484.8 11.809236,45.863832,1485.15 11.809227,45.863782,1485.43 11.8092,45.863721,1485.75 11.809137,45.863633,1486.32 11.809093,45.863591,1486.63 11.809027,45.863553,1486.77 11.808971,45.863528,1486.93 11.808894,45.863513,1487.12 11.808846,45.863496,1487.24 11.808803,45.863473,1487.43 11.808773,45.863437,1487.63 11.80875,45.863373,1487.94 11.808732,45.863325,1488.17 11.808717,45.863261,1488.45 11.808703,45.863204,1488.71 11.808678,45.863124,1489.07 11.808665,45.863082,1489.26 11.808621,45.863013,1489.59 11.808549,45.862928,1490.02 11.808503,45.862877,1490.33 11.808464,45.862824,1490.62 11.808453,45.86275,1490.99 11.808456,45.86267,1491.43 11.808472,45.862582,1491.86 11.808489,45.86249,1492.31 11.808518,45.862428,1492.62 11.808565,45.862368,1492.94 11.808615,45.862305,1493.29 11.80865,45.862262,1493.5 11.808658,45.862195,1493.77 11.808651,45.862137,1494.01 11.808625,45.862058,1494.35 11.808584,45.861984,1494.68 11.80851,45.861887,1495.03 11.808422,45.861802,1495.53 11.808337,45.861733,1495.92 11.808256,45.861655,1496.26 11.808156,45.861547,1496.52 11.808129,45.8615,1496.51 11.808103,45.861459,1496.5 11.808058,45.861419,1496.96 11.808005,45.861384,1497.4 11.807934,45.861368,1497.85 11.807845,45.861362,1498.4 11.807762,45.861377,1498.81 11.80766,45.861401,1499.34 11.80752,45.861444,1499.51 11.807451,45.861469,1499.6 11.807408,45.861478,1499.66 11.807305,45.861488,1499.78 11.807199,45.861497,1500.04 11.807087,45.861501,1500.31 11.806923,45.861498,1500.69 11.806842,45.861498,1501.02 11.806761,45.861491,1501.34 11.806685,45.861463,1501.68 11.806595,45.861423,1502.1 11.806393,45.861303,1502.9 11.806257,45.861204,1503.49 11.80621,45.861162,1503.71 11.806161,45.861095,1504.03 11.806126,45.861005,1504.43 11.806084,45.860889,1504.88 11.806062,45.860819,1504.87 11.806031,45.860768,1504.86 11.805958,45.860729,1504.85 11.805784,45.860666,1504.83 11.805668,45.860626,1504.82 11.805534,45.860561,1504.8 11.805391,45.860485,1504.78 11.805339,45.860458,1504.67 11.805281,45.860437,1504.55 11.805237,45.860431,1504.47 11.805195,45.860426,1504.39 11.805137,45.860416,1504.34 11.8051,45.860407,1504.31 11.805059,45.860388,1504.26 11.805038,45.860341,1504.05 11.805034,45.860268,1503.78 11.80504,45.86017,1503.26 11.805057,45.860092,1502.98 11.805105,45.860001,1502.6 11.805124,45.859924,1502.3 11.805108,45.85987,1502.09 11.80507,45.859787,1501.76 11.805003,45.859675,1501.46 11.804984,45.859629,1501.35 11.804977,45.859586,1501.24 11.804966,45.859506,1501.23 11.804965,45.859416,1501.22 11.804981,45.859299,1501.2 11.804995,45.859179,1501.18 11.804997,45.859092,1500.67 11.80499,45.859017,1500.22 11.804956,45.858932,1499.7 11.804923,45.858891,1499.69 11.804878,45.858856,1499.69 11.804792,45.858844,1499.68 11.804705,45.858845,1499.67 11.804615,45.858868,1499.66 11.804543,45.858899,1499.65 11.804436,45.858941,1499.39 11.804362,45.858965,1499.21 11.804285,45.858976,1499.04 11.804198,45.858975,1498.85 11.804108,45.858963,1498.64 11.804025,45.858937,1498.63 11.803955,45.858922,1498.62 11.80388,45.858914,1498.61 11.803793,45.858917,1498.6 11.803691,45.858941,1498.59 11.803569,45.858975,1498.45 11.803448,45.859012,1498.31 11.803256,45.859054,1498.06 11.803072,45.859068,1497.56 11.802953,45.859071,1497.37 11.802754,45.859069,1497.05 11.802675,45.859072,1496.91 11.802627,45.859076,1496.79 11.8026,45.859077,1497 11.802591,45.859108,1497.3 11.802551,45.85914,1497.5 11.802491,45.859171,1498.1 11.802443,45.859208,1498.5 11.802409,45.859254,1498.9 11.802386,45.85932,1499.6 11.802377,45.859401,1500.5 11.802379,45.859494,1501.5 11.802387,45.859591,1502.7 11.802396,45.859708,1504 11.802402,45.859784,1504.5 11.802401,45.859861,1505.5 11.802388,45.859922,1506.1 11.802364,45.859964,1506.7 11.802331,45.859991,1507.2 11.802282,45.859998,1507.7 11.802219,45.859992,1508.2 11.802152,45.859979,1508.7 11.802077,45.859968,1509.2 11.801995,45.859966,1509.8 11.80191,45.859964,1510.4 11.801843,45.859974,1510.8 11.801783,45.860004,1511.2 11.801745,45.860047,1511.8 11.801714,45.860109,1512.5 11.801678,45.86016,1513.1 11.801635,45.860196,1513.6 11.801573,45.860216,1514.1 11.801506,45.860222,1514.6 11.801399,45.860213,1515.4 11.80129,45.860197,1516.1 11.801189,45.860176,1516.8 11.801101,45.86015,1517.4 11.801012,45.860114,1518 11.800932,45.860077,1518.7 11.800849,45.860044,1519.2 11.800781,45.860029,1519.7 11.800697,45.860028,1520.2 11.800604,45.86004,1520.8 11.800523,45.860059,1521.4 11.800438,45.860097,1522 11.80035,45.860164,1522.8 11.800258,45.860232,1523.7 11.800187,45.860288,1524.3 11.80011,45.860329,1524.9 11.800012,45.860365,1525.6 11.799931,45.860389,1526.2 11.799849,45.860423,1526.8 11.799787,45.860469,1527.3 11.799745,45.860533,1528 11.799714,45.860613,1528.7 11.799687,45.860685,1529.3 11.799665,45.860766,1530 11.799666,45.860847,1530.6 11.799673,45.860921,1531.1 11.799665,45.860993,1531.7 11.799638,45.861035,1532.1 11.79959,45.861073,1532.5 11.799533,45.861091,1532.9 11.799479,45.861101,1533.2 11.799413,45.861096,1533.6 11.799347,45.861074,1533.9 11.799273,45.861041,1534.5 11.799185,45.860996,1535.1 11.799108,45.86096,1535.7 11.799028,45.860936,1536.5 11.798922,45.860915,1537.2 11.798815,45.860899,1537.8 11.798703,45.860884,1538.4 11.798591,45.860873,1539.2 11.79848,45.860857,1539.9 11.798376,45.860838,1540.5 11.798275,45.860822,1541.1 11.798202,45.860816,1541.5 11.798145,45.860825,1541.9 11.798109,45.860852,1542.2 11.798109,45.860883,1542.5 11.798125,45.860911,1542.8 11.798163,45.860925,1543.1 11.798232,45.860926,1543.5 11.798319,45.860926,1544.1 11.798393,45.860933,1544.6 11.798486,45.86096,1545.2 11.798579,45.861003,1545.9 11.798691,45.861058,1546.8 11.798792,45.861108,1547.6 11.798891,45.861153,1548.3 11.798975,45.8612,1549 11.799042,45.861259,1549.7 11.7991,45.861323,1550.4 11.799168,45.861396,1551.2 11.799225,45.861458,1551.9 11.799275,45.861496,1552.3 11.799344,45.861514,1552.8 11.799411,45.861519,1553.2 11.799498,45.861506,1553.8 11.799577,45.861489,1554.5 11.799659,45.861488,1555 11.799745,45.861501,1555.8 11.799873,45.861537,1556.8 11.799994,45.861574,1557.6 11.800112,45.86161,1558.4 11.800236,45.861654,1559.2 11.800327,45.861699,1559.9 11.800394,45.861749,1560.5 11.800442,45.861808,1561.1 11.800494,45.861889,1561.9 11.800543,45.86195,1562.5 11.800596,45.861993,1563 11.800672,45.862027,1563.6 11.800766,45.862064,1564.2 11.800853,45.862103,1564.9 11.80093,45.862137,1565.5 11.801019,45.862174,1566.1 11.801086,45.862193,1566.5 11.801135,45.8622,1566.8 11.801181,45.862197,1567.1 11.801237,45.862174,1567.5 11.801283,45.862137,1568 11.801334,45.862099,1568.4 11.801394,45.862067,1568.9 11.801462,45.862048,1569.3 11.801562,45.862047,1570 11.801659,45.862054,1570.6 11.801793,45.862058,1571.4 11.801909,45.862058,1572.1 11.80204,45.862051,1572.9 11.8022,45.86203,1573.9 11.802306,45.86202,1574.6 11.802396,45.86202,1575.2 11.802479,45.86203,1575.7 11.802563,45.862061,1576.2 11.802621,45.862098,1576.7 11.80267,45.862142,1577.2 11.802705,45.862205,1577.8 11.802718,45.86227,1578.3 11.802715,45.862334,1578.8 11.802682,45.862393,1579.2 11.802643,45.862448,1579.5 11.802576,45.862517,1580.1 11.802526,45.862586,1580.5 11.802498,45.862664,1581 11.802485,45.862722,1581.2 11.80249,45.862784,1581.5 11.802519,45.862856,1581.8 11.802572,45.862927,1582.1 11.802626,45.862974,1582.3 11.802706,45.863018,1582.6 11.802809,45.863078,1583 11.802893,45.863146,1583.4 11.802958,45.863205,1583.7 11.802988,45.863254,1584 11.802994,45.863314,1584.3 11.802968,45.863395,1584.7 11.80293,45.863496,1585.3 11.802891,45.863587,1585.5 11.802841,45.863683,1586.2 11.802794,45.863788,1586.8 11.802742,45.863903,1587.4 11.802695,45.864014,1588.2 11.802669,45.864106,1588.7 11.802664,45.864197,1589.2 11.802657,45.864287,1589.7 11.802661,45.864369,1590.2 11.802681,45.864457,1590.7 11.8027,45.864544,1591.2 11.802709,45.864599,1591.6 11.802703,45.864647,1591.8 11.802693,45.864675,1592 11.802668,45.864697,1592.4 11.802597,45.864726,1593.1 11.802467,45.864733,1594.2 11.80232,45.864725,1595.6 11.802181,45.864711,1596.8 11.802018,45.864695,1598.3 11.801876,45.864687,1599.3 11.801749,45.864666,1600.3 11.801637,45.864644,1601.1 11.801516,45.864621,1602 11.801431,45.864613,1602.7 11.801298,45.864614,1603.5 11.801175,45.864622,1604.3 11.801022,45.864653,1605.3 11.800847,45.86469,1607 11.800638,45.864732,1608.9 11.800477,45.864763,1610.4 11.800311,45.864808,1612 11.800156,45.864857,1613.4 11.800056,45.864893,1614.4 11.799984,45.864927,1615.1 11.799934,45.864982,1615.8 11.799922,45.865031,1616.3 11.799933,45.865065,1616.7 11.799957,45.865117,1617.3 11.800006,45.865198,1618.1 11.800044,45.865289,1619.3 11.800075,45.865394,1620.5 11.800101,45.865494,1621.8 11.800145,45.865594,1623 11.800189,45.865677,1624.1 11.800239,45.865776,1625.3 11.800303,45.865917,1627 11.800357,45.866036,1628.3 11.800411,45.866146,1629.5 11.800461,45.866241,1630.5 11.800499,45.866327,1631.2 11.800505,45.866384,1631.7 11.800497,45.866426,1632.3 11.800462,45.866497,1633.3 11.800426,45.866568,1634.4 11.800396,45.866644,1635.6 11.80038,45.866711,1636.6 11.800385,45.866759,1637.3 11.800409,45.866818,1638.2 11.800449,45.866878,1639.1 11.800485,45.866956,1640.3 11.800505,45.86703,1641.3 11.800507,45.867093,1642.2 11.800494,45.867154,1643 11.800461,45.867205,1643.6 11.800403,45.867267,1644.3 11.80034,45.867331,1645.1 11.800296,45.867392,1645.8 11.800294,45.867452,1646.4 11.800313,45.867507,1647 11.800365,45.867596,1648.2 11.800388,45.867647,1648.9 11.800399,45.867705,1649.8 11.800397,45.867791,1651 11.80041,45.867851,1652 11.800423,45.867919,1653 11.800466,45.867986,1654 11.800529,45.868044,1655 11.800623,45.868121,1656.4 11.800714,45.868197,1657.8 11.800831,45.868293,1659.5 11.800933,45.868367,1661 11.80105,45.868447,1662.3 11.801158,45.868516,1663.5 11.80127,45.868586,1664.7 11.801338,45.868635,1665.5 11.801363,45.868678,1666.1 11.801361,45.868712,1666.5 11.801338,45.868733,1666.8 11.801285,45.868735,1667.2 11.801219,45.868711,1667.8 11.801138,45.868667,1668.7 11.801048,45.868636,1669.5 11.800931,45.868611,1670.5 11.800795,45.868568,1671.7 11.800697,45.868529,1672.7 11.800605,45.868506,1673.4 11.800526,45.868506,1674 11.800489,45.868479,1673.7 11.80043,45.868436,1673.1 11.800348,45.868373,1672.3 11.800266,45.868298,1671.5 11.800175,45.868198,1670.5 11.800098,45.868111,1669.6 11.800005,45.867988,1668.5 11.799942,45.867883,1667.6 11.799878,45.867759,1666.7 11.799839,45.867635,1665.7 11.799828,45.867507,1664.8 11.799826,45.867376,1663.8 11.799845,45.867233,1662.8 11.799877,45.867062,1661.5 11.799898,45.866921,1660.4 11.799918,45.86676,1659.2 11.799929,45.866638,1658.2 11.799924,45.866505,1657.2 11.799907,45.866396,1656.4 11.799867,45.866287,1655.4 11.799799,45.86617,1654.4 11.799731,45.866064,1653.4 11.799653,45.86598,1652.5 11.799546,45.865909,1651.6 11.799415,45.865858,1650.7 11.799303,45.865831,1650 11.799154,45.865814,1649 11.798987,45.865806,1648 11.798868,45.86581,1647.3 11.798747,45.865836,1646.5 11.79867,45.865875,1645.9 11.798607,45.865932,1645.4 11.79855,45.86602,1644.6 11.798496,45.866127,1643.7 11.798441,45.866243,1642.7 11.798384,45.866369,1641.7 11.79833,45.866471,1640.8 11.798262,45.86657,1639.9 11.798194,45.866658,1639.1 11.798123,45.866773,1638.1 11.798038,45.866911,1636.8 11.797948,45.867055,1635.4 11.797883,45.867166,1634.4 11.797813,45.867275,1633.5 11.79776,45.867341,1632.9 11.79768,45.867394,1632.2 11.797597,45.867431,1631.7 11.797508,45.867463,1631.1 11.797419,45.867489,1630.5 11.797263,45.867523,1629.6 11.797061,45.867564,1628.3 11.796881,45.867601,1627.2 11.796708,45.867636,1626.2 11.796552,45.867672,1625.3 11.796438,45.867708,1624.6 11.796344,45.867765,1623.9 11.796242,45.867844,1623.2 11.796144,45.867907,1622.5 11.796054,45.867947,1621.9 11.795946,45.867974,1621.3 11.795837,45.867996,1620.8 11.795704,45.86803,1620 11.7956,45.868068,1619.4 11.795521,45.868113,1618.8 11.795447,45.868172,1618.1 11.795387,45.868238,1617.4 11.795325,45.868303,1616.7 11.795246,45.868365,1616 11.795183,45.868397,1615.5 11.795103,45.868419,1614.9 11.795036,45.868427,1614.4 11.794925,45.868428,1613.7 11.794773,45.868423,1612.7 11.794575,45.868414,1611.3 11.794383,45.868406,1610 11.794198,45.868393,1608.7 11.79406,45.868392,1607.7 11.793954,45.868401,1606.9 11.793794,45.868425,1605.8 11.793552,45.868467,1604.1 11.793315,45.868507,1602.4 11.793096,45.868542,1600.8 11.792969,45.868562,1599.9 11.79287,45.868593,1599.2 11.792777,45.868634,1598.4 11.792683,45.868691,1597.6 11.792622,45.868756,1596.8 11.792528,45.868862,1595.6 11.792411,45.86901,1593.9 11.792288,45.869162,1592.2 11.79218,45.869293,1590.8 11.792039,45.869458,1588.9 11.791905,45.869616,1587.2 11.791799,45.869744,1585.8 11.791699,45.869874,1584.4 11.791635,45.869977,1583.3 11.791593,45.870063,1582.5 11.791535,45.870134,1581.8 11.791456,45.870191,1581.1 11.791386,45.870226,1580.7 11.791296,45.870256,1580.1 11.791197,45.870274,1579.6 11.791086,45.870277,1579 11.790949,45.870263,1577.9 11.79077,45.870235,1576.5 11.790552,45.870197,1574.8 11.790296,45.870152,1572.9 11.790035,45.870101,1571 11.789751,45.870054,1569 11.789479,45.87002,1567.2 11.78923,45.870003,1565.6 11.789018,45.869983,1564.2 11.788821,45.869969,1562.9 11.788569,45.86995,1561.3 11.788317,45.869934,1559.8 11.788093,45.86991,1558.3 11.787912,45.869894,1557.2 11.787726,45.869889,1556 11.787569,45.869891,1555 11.787435,45.86989,1554.1 11.787323,45.869878,1553.4 11.787219,45.869847,1552.7 11.787092,45.869798,1551.8 11.786964,45.869744,1550.9 11.786807,45.869674,1549.8 11.786689,45.86963,1549 11.786532,45.869575,1547.9 11.786383,45.869536,1547.1 11.786268,45.869519,1546.5 11.786152,45.869522,1546.1 11.786036,45.869526,1545.6 11.785974,45.869509,1545.4 11.785916,45.869473,1545.1 11.785896,45.86943,1545 11.785892,45.869378,1545 11.785924,45.869333,1545 11.785986,45.869324,1544.62 11.786059,45.869326,1544.32 11.786113,45.869328,1544.1 11.786265,45.869378,1543.43 11.786484,45.869418,1542.16 11.786634,45.869448,1541.28 11.786809,45.869464,1540.29 11.786945,45.869484,1539.51 11.787174,45.869548,1538.12 11.787332,45.869555,1537.35 11.787402,45.869535,1537.05 11.787499,45.869484,1536.55 11.787628,45.869417,1535.85 11.7878,45.869382,1535.06 11.78798,45.869378,1534.26 11.788275,45.869357,1531.95 11.788475,45.869351,1530.4 11.78866,45.869326,1528.95 11.788782,45.869306,1528.23 11.788823,45.869291,1527.96 11.788888,45.869231,1527.33 11.788919,45.869154,1526.63 11.788916,45.869033,1525.5 11.788919,45.868895,1524.12 11.788923,45.868785,1523.16 11.788958,45.868705,1522.74 11.788993,45.868623,1521.96 11.788989,45.868561,1521.37 11.788956,45.868499,1520.75 11.788895,45.868473,1520.63 11.788821,45.868484,1520.51 11.788739,45.868519,1520.35 11.788698,45.868595,1520.13 11.788692,45.868723,1519.75 11.788689,45.868856,1519.29 11.788672,45.868973,1517.96 11.788593,45.869049,1516.87 11.788459,45.869093,1516.3 11.788298,45.869095,1515.69 11.788206,45.86907,1515.3 11.78809,45.869003,1514.69 11.787982,45.868915,1513.98 11.787787,45.868772,1513.49 11.787588,45.868624,1511.41 11.787417,45.868486,1509.54 11.78739,45.868402,1508.65 11.787389,45.868311,1507.7 11.787375,45.868137,1506.73 11.787313,45.867638,1500.95 11.787274,45.867502,1499.67 11.787208,45.867389,1498.54 11.787045,45.867289,1497.64 11.786884,45.867224,1496.96 11.786692,45.867189,1496.12 11.786443,45.867176,1494.98 11.786276,45.867189,1494.22 11.786121,45.867238,1493.44 11.785988,45.867293,1492.72 11.785915,45.867338,1492.25 11.785657,45.867503,1490.55 11.785566,45.867537,1490.05 11.785457,45.867553,1489.51 11.785348,45.867558,1488.96 11.785139,45.867549,1487.9 11.784932,45.867543,1486.46 11.78457,45.86753,1484.31 11.784429,45.867544,1483.48 11.784292,45.867582,1482.62 11.784234,45.86763,1482.07 11.784132,45.867707,1481.16 11.784035,45.867777,1480.18 11.783954,45.867837,1479.5 11.783881,45.867857,1479.05 11.783755,45.867844,1478.3 11.783682,45.867806,1477.71 11.783554,45.867699,1476.33 11.783079,45.86728,1473.91 11.782605,45.866808,1469.08 11.782404,45.866658,1467.5 11.782256,45.866589,1466.44 11.782135,45.866563,1465.69 11.782003,45.866562,1464.9 11.781855,45.866577,1463.99 11.781681,45.866624,1462.8 11.781482,45.866653,1462.18 11.78131,45.866624,1461.63 11.781215,45.866592,1461.3 11.781077,45.866537,1460.78 11.780929,45.86648,1460.23 11.780806,45.866458,1459.81 11.780689,45.866445,1459.42 11.780404,45.866416,1457.48 11.780029,45.866374,1454.77 11.779845,45.866373,1453.47 11.779734,45.866392,1452.67 11.779547,45.866469,1451.99 11.779392,45.866526,1451.44 11.779235,45.866546,1450.94 11.779014,45.866556,1450.24 11.778446,45.866549,1447.82 11.778096,45.866574,1445.96 11.777978,45.866594,1445.22 11.777864,45.866631,1444.45 11.777607,45.866709,1443.99 11.77747,45.866742,1443.75 11.777297,45.866764,1443.46 11.777079,45.866778,1442.36 11.776889,45.866803,1441.05 11.776715,45.866834,1440.02 11.776482,45.866887,1438.62 11.776233,45.866936,1437.13 11.776035,45.866957,1435.98 11.775826,45.866962,1434.78 11.775245,45.866953,1431.88 11.774942,45.86695,1430.44 11.774679,45.866906,1428.5 11.774477,45.866848,1427.05 11.774252,45.866735,1425.26 11.774088,45.866608,1423.68 11.774016,45.866531,1422.91 11.773997,45.866462,1422.34 11.774013,45.866398,1421.83 11.774075,45.86635,1421.29 11.774144,45.866319,1420.79 11.774277,45.86627,1419.82 11.774524,45.866177,1418.85 11.77477,45.866065,1417.85 11.774986,45.865949,1416.92 11.775521,45.865635,1414.01 11.775856,45.86544,1410.57 11.77603,45.865303,1408.71 11.776234,45.865136,1406.84 11.776395,45.865008,1405.39 11.776576,45.864885,1403.88 11.777204,45.864496,1397.13 11.777444,45.864341,1395.21 11.777539,45.864245,1393.73 11.777588,45.864189,1392.96 11.777635,45.864105,1391.83 11.777673,45.864016,1391.26 11.777706,45.863975,1390.87 11.777765,45.86387,1389.9 11.777761,45.863782,1389.15 11.777736,45.863647,1387.97 11.777676,45.863564,1387.19 11.777626,45.863529,1386.77 11.777544,45.863497,1386.22 11.777476,45.863488,1385.79 11.777361,45.863448,1384.99 11.777252,45.863388,1384.1 11.77719,45.863319,1383.4 11.77716,45.863237,1382.66 11.777144,45.8631,1381.45 11.777108,45.863022,1380.72 11.777055,45.862936,1379.88 11.776941,45.862846,1378.8 11.776721,45.862701,1377.83 11.776276,45.862304,1374.45 11.775982,45.862077,1371.61 11.775833,45.862011,1370.39 11.775729,45.861987,1369.62 11.775458,45.861906,1368.17 11.775327,45.861861,1367.52 11.775169,45.861796,1366.69 11.77501,45.861777,1365.96 11.774826,45.861768,1365.07 11.774653,45.861779,1364.22 11.774473,45.861797,1363.34 11.774178,45.861826,1361.89 11.773934,45.861835,1360.43 11.773766,45.86183,1359.42 11.773597,45.861793,1358.36 11.773401,45.861737,1357.07 11.772898,45.861603,1354.17 11.772447,45.861524,1350.8 11.772166,45.861511,1349.39 11.772016,45.86153,1348.7 11.771898,45.861564,1348.12 11.771769,45.861626,1347.41 11.771616,45.861666,1346.45 11.771475,45.861665,1345.64 11.771287,45.861656,1344.54 11.771123,45.861657,1343.56 11.770881,45.861699,1342.15 11.770703,45.861755,1341.06 11.770494,45.861826,1339.75 11.770339,45.861893,1338.73 11.77024,45.861956,1337.93 11.770153,45.862021,1337.18 11.770033,45.862075,1336.32 11.769959,45.86208,1335.88 11.769849,45.862078,1335.21 11.769736,45.862062,1334.49 11.769579,45.862021,1333.41 11.769292,45.861947,1331.67 11.769176,45.861945,1331.01 11.769084,45.861968,1330.45 11.76898,45.862009,1329.75 11.768909,45.86208,1328.99 11.768789,45.862198,1327.63 11.768654,45.862332,1326.3 11.768579,45.862381,1325.65 11.768516,45.862398,1325.21 11.768412,45.862376,1324.81 11.768335,45.862317,1324.38 11.768282,45.862237,1323.89 11.768178,45.86215,1323.24 11.76809,45.862118,1322.84 11.76799,45.862114,1322.43 11.76788,45.862119,1321.98 11.767736,45.862136,1321.35 11.767598,45.862144,1320.83 11.767472,45.862142,1320.17 11.767388,45.862068,1319.58 11.767357,45.861965,1318.82 11.767339,45.86186,1317.96 11.767285,45.861676,1316.23 11.767228,45.861558,1315.08 11.767159,45.861466,1314.11 11.767038,45.861363,1312.93 11.7669,45.861323,1312.01 11.766778,45.861322,1311.22 11.766672,45.861329,1310.51 11.766507,45.86138,1309.77 11.76629,45.861489,1308.67 11.766076,45.861586,1307.62 11.765889,45.861649,1306.76 11.765692,45.861701,1305.9 11.765368,45.861799,1303.84 11.765271,45.861851,1303.1 11.765235,45.861897,1302.64 11.76519,45.861959,1302.03 11.764717,45.862373,1297.2 11.764543,45.862564,1295.27 11.764493,45.862712,1294.06 11.764522,45.86279,1293.24 11.764606,45.86286,1292.38 11.764769,45.862952,1291.26 11.76491,45.863021,1290.42 11.764936,45.863081,1289.99 11.76492,45.863151,1289.48 11.764851,45.863243,1288.85 11.764733,45.863345,1288.08 11.764648,45.863446,1287.55 11.764587,45.86358,1286.29 11.764537,45.863737,1285.09 11.764524,45.863858,1284.17 11.764544,45.863941,1283.53 11.7646,45.864028,1282.8 11.764654,45.864092,1282.22 11.76468,45.864147,1281.83 11.764662,45.864253,1281.13 11.764535,45.864405,1279.96 11.764441,45.864468,1279.36 11.764364,45.864479,1279 11.764258,45.864477,1278.51 11.764146,45.864426,1277.89 11.763966,45.864302,1277.3 11.763834,45.864233,1276.92 11.763596,45.864126,1275.57 11.763522,45.864063,1275.02 11.763474,45.863992,1274.5 11.763441,45.863853,1273.02 11.763445,45.863729,1271.77 11.763434,45.863577,1270.17 11.76341,45.863478,1269.45 11.763385,45.863436,1269.13 11.763233,45.863354,1268.17 11.763077,45.863266,1267.1 11.762962,45.863221,1266.39 11.762803,45.863202,1265.52 11.762609,45.863178,1264.41 11.762434,45.863166,1263.4 11.762182,45.863141,1262.49 11.762063,45.863076,1261.95 11.762007,45.862992,1261.46 11.761937,45.862884,1260.79 11.761899,45.862754,1260.01 11.761811,45.86261,1259.06 11.761739,45.862528,1258.33 11.761593,45.862435,1257.27 11.761485,45.862332,1256.29 11.761464,45.862229,1255.49 11.761477,45.862118,1254.62 11.761495,45.861949,1253.25 11.76151,45.861735,1251.59 11.761467,45.861646,1250.86 11.761385,45.861617,1250.36 11.761241,45.861577,1249.29 11.761117,45.861531,1248.3 11.761023,45.861452,1247.27 11.760993,45.861379,1246.5 11.760969,45.861222,1245.62 11.760979,45.861032,1244.56 11.761019,45.860795,1241.94 11.761024,45.860649,1240.26 11.760997,45.860544,1239.65 11.760952,45.860488,1239.29 11.760791,45.860353,1238.29 11.760484,45.860142,1236.63 11.760322,45.860063,1235.87 11.760107,45.860003,1234.91 11.75998,45.859976,1234.29 11.759819,45.859924,1233.45 11.759653,45.859847,1232.5 11.759436,45.859747,1231.04 11.759168,45.859636,1229.25 11.758923,45.8595,1227.46 11.758627,45.859327,1225.26 11.758444,45.85921,1223.8 11.758015,45.858993,1220.35 11.757875,45.858972,1219.37 11.757762,45.858966,1218.58 11.757615,45.858976,1217.54 11.757332,45.858987,1215.82 11.75718,45.858977,1215.17 11.757076,45.858953,1214.58 11.756912,45.858903,1213.62 11.756812,45.85889,1213.07 11.756655,45.858894,1212.22 11.756263,45.85886,1210.44 11.75605,45.858854,1209.38 11.755831,45.858855,1208.35 11.75564,45.858826,1207.75 11.755529,45.858797,1207.39 11.754987,45.858655,1204.93 11.754766,45.858617,1203.97 11.75455,45.8586,1203.04 11.754198,45.858588,1199.66 11.754029,45.858565,1198.61 11.753948,45.858549,1198.06 11.753256,45.858416,1193.39 11.753048,45.858386,1192 11.752763,45.858348,1190.02 11.752454,45.858351,1188.31 11.7523,45.858366,1187.43 11.752076,45.858394,1186.13 11.751885,45.858441,1185.19 11.751476,45.858584,1181.81 11.751318,45.858642,1180.88 11.751191,45.85867,1180.11 11.751078,45.858677,1179.46 11.750959,45.858673,1178.91 11.750712,45.858636,1177.91 11.750502,45.858621,1177.14 11.750316,45.858623,1176.46 11.750197,45.858642,1176.01 11.749987,45.858676,1174.57 11.74976,45.858718,1173.2 11.74967,45.858717,1172.68 11.749569,45.858709,1172.08 11.749491,45.858677,1171.54 11.749378,45.858621,1170.7 11.749099,45.858506,1168.96 11.748799,45.858439,1167.33 11.748357,45.858351,1165.16 11.748144,45.858333,1164.17 11.747967,45.858338,1163.35 11.747785,45.858358,1162.49 11.747503,45.858405,1161.8 11.74719,45.85846,1161.04 11.746629,45.858505,1156.69 11.746359,45.858514,1155.56 11.746047,45.858519,1153.93 11.745869,45.858505,1152.98 11.745708,45.858504,1152.35 11.745528,45.858527,1151.1 11.745349,45.858549,1149.85 11.745201,45.858557,1148.83 11.745011,45.858555,1147.52 11.74479,45.858565,1145.98 11.744638,45.85862,1144.71 11.744561,45.858701,1143.69 11.744529,45.858788,1142.7 11.74446,45.859072,1140.69 11.744413,45.859217,1139.65 11.744334,45.859395,1138.36 11.744205,45.859652,1135.46 11.744167,45.859788,1134.63 11.744164,45.859867,1134.15 11.744188,45.859947,1133.62 11.744237,45.860032,1133.01 11.744347,45.860117,1132.22 11.744424,45.860182,1131.6 11.744495,45.860233,1131.23 11.744518,45.860281,1130.97 11.744488,45.860354,1130.57 11.744386,45.86037,1130.19 11.744265,45.860373,1129.75 11.744108,45.860351,1129.17 11.743565,45.860231,1126.28 11.743322,45.860159,1124.87 11.743103,45.860081,1123.56 11.742906,45.860005,1122.36 11.742779,45.859925,1121.45 11.742639,45.859818,1120.48 11.742496,45.859675,1119.24 11.742363,45.859579,1118.3 11.74224,45.859506,1117.51 11.742092,45.859433,1116.62 11.741983,45.859388,1115.8 11.741868,45.859348,1115.25 11.741732,45.859318,1114.21 11.741618,45.859294,1113.41 11.741518,45.859228,1112.48 11.741473,45.859166,1111.79 11.741393,45.859108,1111.14 11.741253,45.859091,1110.35 11.741154,45.8591,1109.93 11.740923,45.859114,1108.95 11.740797,45.859102,1108.41 11.740683,45.859023,1107.73 11.740605,45.858917,1106.96 11.740368,45.858642,1104.67 11.740214,45.858535,1103.58 11.73982,45.858365,1100.69 11.739417,45.858213,1099.23 11.739152,45.85814,1098.26 11.738894,45.858096,1097.3 11.738498,45.858072,1094.89 11.738218,45.858077,1093.92 11.737754,45.858131,1091.9 11.737614,45.858161,1091.16 11.73751,45.858208,1090.6 11.73732,45.858337,1089.57 11.737152,45.858469,1088.48 11.736973,45.85855,1087.32 11.736758,45.858573,1086.19 11.736519,45.858552,1085.25 11.736258,45.858497,1084.16 11.735989,45.858463,1083.04 11.735811,45.85847,1082.32 11.73554,45.85854,1080.39 11.734927,45.858695,1077.48 11.734318,45.858843,1074.11 11.733997,45.858884,1072.65 11.733703,45.858921,1071.32 11.733551,45.858987,1070.52 11.73343,45.859069,1069.76 11.733234,45.859152,1068.72 11.732987,45.859165,1067.59 11.73284,45.859126,1066.86 11.732706,45.859017,1065.93 11.7326,45.858917,1064.93 11.732409,45.858686,1062.99 11.73236,45.8586,1062.3 11.732356,45.858523,1061.72 11.732397,45.858441,1061.06 11.732805,45.858408,1060.09 11.732961,45.858375,1059.46 11.733085,45.858287,1058.77 11.733129,45.858186,1058.16 11.733169,45.858093,1058.04 11.733226,45.857953,1057.85 11.733328,45.857839,1057.67 11.733489,45.857727,1057.13 11.733577,45.857627,1056.74 11.733598,45.857517,1056.25 11.733601,45.857411,1055.79 11.733535,45.857294,1055.24 11.733503,45.857193,1054.84 11.733511,45.857116,1054.54 11.733581,45.857047,1054.22 11.733688,45.856973,1053.78 11.733898,45.856875,1052.82 11.733985,45.856801,1052.66 11.734096,45.856682,1052.43 11.734152,45.856581,1052.26 11.734273,45.856483,1052.04 11.734424,45.856412,1051.84 11.734588,45.856316,1051.1 11.734752,45.856219,1050.41 11.73489,45.856122,1049.65 11.734977,45.855994,1048.94 11.735012,45.855877,1048.63 11.735016,45.855726,1048.25 11.734962,45.855566,1047.83 11.734877,45.855438,1047.47 11.734725,45.855258,1046.86 11.734571,45.855071,1046.21 11.734566,45.854969,1045.91 11.734583,45.854846,1045.54 11.734656,45.854737,1045.17 11.734815,45.854578,1044.56 11.734886,45.854487,1044.07 11.734957,45.8544,1043.5 11.734984,45.854287,1042.83 11.734998,45.854169,1042.13 11.735044,45.854094,1041.66 11.735162,45.853996,1041.65 11.735274,45.85391,1041.36 11.735406,45.853799,1040.87 11.735518,45.853649,1040.3 11.735567,45.853532,1039.83 11.735635,45.85337,1039.22 11.735712,45.853268,1038.75 11.73605,45.852908,1037.01 11.736197,45.852759,1036.31 11.736321,45.85262,1035.39 11.73644,45.852544,1034.8 11.736611,45.852524,1034.15 11.736814,45.852509,1033.4 11.737002,45.85249,1032.74 11.737237,45.852454,1032.01 11.737461,45.852395,1031.27 11.737669,45.852301,1030.5 11.73789,45.852181,1029.71 11.738021,45.852058,1029.08 11.738094,45.851944,1028.57 11.7382,45.85184,1028.27 11.738329,45.851798,1028.06 11.738448,45.851789,1027.87 11.73868,45.851833,1027.49 11.738899,45.851899,1027.08 11.739109,45.852012,1026.61 11.739413,45.852159,1024.68 11.739582,45.85221,1024.28 11.739681,45.852212,1024.06 11.739866,45.852183,1023.71 11.740113,45.85211,1023.08 11.740374,45.85202,1022.4 11.74059,45.851909,1021.77 11.740758,45.851825,1021.44 11.740916,45.851726,1021.09 11.741075,45.851637,1020.77 11.741317,45.851531,1020.31 11.741588,45.851415,1019.88 11.741785,45.851318,1019.33 11.74204,45.851176,1018.54 11.742242,45.851087,1017.97 11.742411,45.850965,1017.38 11.742493,45.850857,1016.97 11.742585,45.850719,1016.38 11.742695,45.850584,1015.76 11.7428,45.850406,1014.98 11.742841,45.850287,1014.48 11.742824,45.850186,1014.23 11.742769,45.850067,1014 11.742717,45.849962,1013.71 11.742715,45.84986,1013.5 11.742772,45.84966,1012.89 11.742911,45.849227,1011.55 11.742971,45.849074,1011.25 11.743056,45.848905,1010.92 11.743183,45.848768,1010.61 11.743319,45.8487,1010.61 11.743473,45.848614,1010.6 11.743619,45.848513,1010.6 11.743718,45.848385,1010.59 11.743836,45.848174,1010.59 11.743885,45.848052,1010.58 11.743975,45.847912,1010.58 11.744058,45.847776,1010.57 11.744067,45.847666,1010.57 11.744062,45.847566,1010.56 11.743988,45.847482,1010.95 11.743845,45.847412,1011.42 11.743672,45.847341,1011.96 11.74346,45.84723,1012.25 11.743269,45.847088,1012.56 11.743201,45.846994,1012.72 11.743175,45.846883,1012.9 11.743205,45.846792,1013.25 11.743257,45.846724,1013.64 11.743407,45.84665,1014.33 11.743708,45.84653,1014.95 11.743892,45.846428,1015.36 11.74414,45.846251,1015.99 11.744356,45.846075,1016.59 11.744539,45.845886,1016.65 11.744651,45.845734,1016.7 11.744748,45.845583,1016.25 11.744826,45.845393,1015.71 11.744845,45.845299,1015.58 11.744899,45.845219,1015.46 11.745,45.845145,1015.32 11.745086,45.845104,1015.22 11.745169,45.845025,1015.22 11.74521,45.844959,1015.22 11.745211,45.844865,1015.21 11.745175,45.844721,1015.21 11.745073,45.844547,1015.2 11.744892,45.844363,1015.19 11.744586,45.844118,1014.18 11.744304,45.843894,1013.25 11.743531,45.843419,1011.3 11.743341,45.843308,1010.83 11.742906,45.843019,1009.69 11.742794,45.842985,1009.36 11.742702,45.842968,1009.11 11.742615,45.842964,1008.87 11.742318,45.842968,1009.02 11.742041,45.842972,1009.17 11.741878,45.84296,1009.25 11.741733,45.842931,1009.33 11.741524,45.842881,1008.73 11.741398,45.842859,1008.37 11.741266,45.842836,1008 11.741045,45.842803,1007.39 11.740713,45.842731,1006.54 11.740581,45.842667,1006.15 11.740527,45.842622,1005.94 11.740495,45.842515,1005.85 11.740506,45.842439,1005.79 11.740519,45.842292,1005.65 11.740494,45.842199,1005.56 11.740439,45.842076,1005.44 11.740375,45.841957,1005.16 11.740275,45.841832,1004.84 11.740119,45.841687,1004.43 11.739906,45.841541,1003.96 11.739285,45.841238,1003.65 11.739141,45.841154,1003.57 11.739067,45.841083,1003.51 11.738999,45.840989,1003.43 11.738911,45.840873,1003.33 11.738788,45.840727,1003.2 11.738673,45.840646,1003.12 11.73858,45.840594,1003.05 11.738414,45.84053,1002.95 11.738146,45.840436,1002.95 11.737882,45.840309,1002.61 11.737698,45.840187,1002.34 11.737565,45.840089,1002.14 11.737481,45.839989,1001.96 11.737391,45.839867,1001.75 11.737264,45.839707,1001.47 11.737022,45.839466,1001.16 11.736801,45.839237,1000.87 11.736765,45.839159,1000.79 11.736744,45.839027,1000.64 11.736745,45.838874,1000.48 11.73674,45.838471,999.03 11.736738,45.837954,997.99 11.736689,45.837843,997.77 11.736625,45.837749,997.88 11.736513,45.837626,998.04 11.736371,45.837486,998.54 11.736303,45.837346,998.99 11.736282,45.83721,999.47 11.73622,45.837075,999.96 11.736138,45.836961,1000.41 11.736006,45.836758,1000.96 11.735938,45.836556,1001.47 11.735904,45.836408,1001.83 11.735825,45.836221,1002.8 11.735729,45.836089,1003.58 11.735647,45.836022,1004.04 11.735522,45.83593,1004.7 11.735343,45.835798,1007.1 11.735139,45.835647,1008.62 11.73494,45.835452,1010.38 11.734794,45.835274,1011.88 11.734675,45.835163,1013.32 11.734513,45.835069,1014.92 11.734375,45.835034,1016.04 11.734237,45.835009,1017.15 11.734047,45.834946,1018.14 11.73399,45.834907,1018.51 11.733955,45.834842,1018.98 11.733946,45.834731,1019.78 11.733953,45.834637,1019.97 11.733989,45.834481,1020.29 11.734192,45.83433,1020.02 11.734596,45.834027,1020.02 11.734744,45.833889,1020.02 11.734877,45.833743,1020.02 11.735034,45.833563,1020.02 11.73508,45.833445,1019.91 11.735121,45.833267,1019.75 11.735139,45.833039,1019.54 11.735159,45.832908,1019.54 11.735242,45.832818,1019.54 11.735368,45.832766,1019.54 11.735514,45.832714,1019.41 11.735647,45.832646,1019.2 11.735792,45.832563,1018.94 11.735911,45.832444,1018.66 11.735957,45.832306,1018.38 11.735958,45.832166,1018.1 11.735957,45.832058,1017.62 11.735937,45.831959,1017.42 11.735932,45.831869,1017.25 11.73598,45.831778,1017.06 11.736073,45.831709,1016.86 11.736199,45.831665,1016.66 11.736625,45.831551,1016.18 11.73679,45.831484,1015.84 11.736851,45.831417,1015.64 11.736891,45.831339,1015.42 11.736882,45.831221,1015.1 11.736868,45.831051,1014.61 11.7369,45.830936,1014.26 11.736956,45.830759,1013.79 11.73698,45.830549,1013.23 11.73697,45.830395,1012.82 11.736851,45.829697,1010.42 11.736717,45.829047,1006.58 11.736721,45.828763,1004.18 11.736739,45.828596,1003.69 11.736782,45.828475,1003.1 11.736832,45.828407,1002.78 11.736949,45.828312,1002.26 11.737065,45.828244,1001.8 11.737217,45.828194,1001.29 11.737434,45.828162,1000.81 11.737736,45.828138,999.51 11.737989,45.82813,998.43 11.73822,45.828145,997.44 11.738432,45.828195,996.48 11.738801,45.828304,994.08 11.739017,45.828364,993.12 11.739236,45.828381,991.67 11.739407,45.828365,990.65 11.739501,45.82833,990.03 11.739669,45.828246,988.8 11.739884,45.828115,986.76 11.739997,45.828092,986.33 11.740101,45.82809,985.95 11.740333,45.828117,985.11 11.740445,45.828143,984.7 11.740549,45.828193,984.27 11.740577,45.828233,984.04 11.740619,45.828322,983.56 11.740647,45.828415,983.04 11.740702,45.82887,981.11 11.740756,45.829432,975.83 11.740748,45.829569,974.9 11.740754,45.829638,974.11 11.740795,45.82971,973.23 11.74087,45.829753,972.46 11.740999,45.829758,972.09 11.741117,45.829727,971.72 11.741299,45.829653,971.09 11.741522,45.829552,970.29 11.741731,45.829486,969.58 11.741987,45.829419,968.17 11.742261,45.829359,966.7 11.742576,45.82926,964.5 11.742713,45.829194,963.45 11.74287,45.829141,962.35 11.743015,45.829119,961.42 11.743361,45.829054,959.21 11.7437,45.829011,957.09 11.744322,45.828984,953.25 11.744584,45.82899,951.13 11.744676,45.82901,950.36 11.744837,45.829104,949.36 11.744959,45.829215,948.38 11.745029,45.829319,947.52 11.745096,45.82944,946.52 11.745154,45.829622,945.39 11.745165,45.829778,944.44 11.74518,45.82991,943.63 11.745209,45.829963,943.31 11.745247,45.829972,943.15 11.745345,45.829957,942.04 11.745399,45.829923,941.23 11.745398,45.82985,940.81 11.745351,45.82978,940.37 11.74532,45.829616,939.43 11.745322,45.829423,938.35 11.745305,45.829195,935.97 11.745249,45.82906,934.51 11.745068,45.828826,931.15 11.744938,45.828715,930.06 11.744722,45.828602,928.3 11.74447,45.828512,926.34 11.744226,45.828463,924.67 11.743971,45.828429,922.97 11.743213,45.828418,918.17 11.742807,45.828381,913.84 11.742638,45.82833,912.49 11.742548,45.828277,911.62 11.742487,45.828163,910.32 11.742499,45.828042,908.96 11.74255,45.827895,907.11 11.742612,45.827683,905.67 11.742641,45.827316,902.32 11.742539,45.826981,898.47 11.742383,45.826805,896.45 11.742244,45.826701,895.05 11.742075,45.826583,893.66 11.741665,45.826425,890.3 11.740987,45.826208,885.01 11.740667,45.826156,883.09 11.739917,45.826107,877.8 11.739655,45.826109,875.67 11.739447,45.826092,873.96 11.739264,45.826043,872.43 11.739135,45.825975,871.16 11.739039,45.825912,870.12 11.738887,45.825832,868.78 11.738789,45.825792,867.98 11.738614,45.825741,866.65 11.738451,45.825673,865.31 11.738327,45.825581,864.46 11.738249,45.825485,863.72 11.738199,45.825405,863.13 11.738123,45.825295,862.3 11.738051,45.825236,861.76 11.73797,45.825187,861.19 11.737863,45.825148,860.67 11.737759,45.825112,860.03 11.737587,45.825045,859.73 11.737501,45.825004,859.56 11.737415,45.824925,859.33 11.737335,45.824827,859.07 11.737057,45.824514,858.1 11.736952,45.824384,857.46 11.736888,45.824272,856.88 11.736904,45.824178,856.43 11.736954,45.824077,855.91 11.73702,45.823949,855.22 11.737098,45.823862,855.22 11.73718,45.823805,855.22 11.737292,45.823786,855.22 11.737381,45.823812,855.22 11.737563,45.823899,855.22 11.737759,45.824096,855.42 11.737961,45.824234,855.57 11.738162,45.824345,855.71 11.738323,45.824382,856.08 11.738436,45.824371,856.33 11.738578,45.824338,856.67 11.738874,45.824261,856.61 11.739136,45.824212,856.56 11.739339,45.824187,856.52 11.739432,45.824184,856.5 11.739659,45.824177,856.46 11.739781,45.824168,856.43 11.739931,45.82414,856.4 11.740127,45.824096,856.36 11.740322,45.824051,856.32 11.740533,45.824013,856.28 11.74071,45.823993,856.25 11.740858,45.823987,856.22 11.740996,45.823993,856.19 11.741317,45.823962,856.4 11.741456,45.823938,856.49 11.741584,45.823886,856.58 11.741695,45.823825,856.67 11.741949,45.823678,856.67 11.742178,45.823577,857.22 11.74236,45.823505,857.64 11.742492,45.823449,857.64 11.742614,45.823342,857.94 11.742666,45.823272,858.12 11.74269,45.823161,858.68 11.742711,45.823004,859.56 11.742709,45.822829,860.54 11.742679,45.822708,861.23 11.742609,45.822585,861.97 11.74251,45.822457,861.29 11.742417,45.822341,860.68 11.742307,45.822187,859.88 11.74227,45.822086,859.4 11.742273,45.822017,859.08 11.742271,45.821917,858.61 11.742282,45.821783,857.98 11.742255,45.821716,857.59 11.742208,45.821652,857.17 11.742135,45.821585,856.68 11.742037,45.821491,855.69 11.741976,45.821423,854.99 11.741955,45.821359,854.42 11.741975,45.821289,853.8 11.742037,45.821198,852.9 11.742081,45.821144,852.34 11.742133,45.821071,851.61 11.742158,45.820985,850.81 11.742144,45.820882,849.85 11.742096,45.820795,848.99 11.741911,45.820519,846.17 11.741862,45.820418,845.19 11.741828,45.820313,844.2 11.741825,45.820138,842.63 11.741801,45.820061,841.93 11.741739,45.819996,841.22 11.741637,45.819933,840.35 11.741402,45.819827,838.43 11.741256,45.819753,837.68 11.741153,45.819682,836.92 11.741084,45.819578,836.05 11.741034,45.819453,835.06 11.740972,45.819136,832.66 11.740965,45.818986,832.17 11.741018,45.818877,831.74 11.741144,45.818776,831.22 11.741248,45.8187,830.53 11.741553,45.818447,828.33 11.741684,45.818325,827.85 11.741772,45.818225,826.78 11.741743,45.818111,826.1 11.741669,45.818025,825.35 11.741565,45.817941,824.49 11.741416,45.81785,824.01 11.741324,45.817772,823.4 11.741276,45.817674,822.77 11.741229,45.817571,822.1 11.741198,45.81748,821.12 11.741222,45.817371,819.98 11.741307,45.817275,818.77 11.741471,45.817203,817.29 11.741722,45.817078,815.85 11.741918,45.816994,814.4 11.742107,45.81685,812.32 11.742165,45.816777,811.43 11.742177,45.816696,810.56 11.742106,45.816376,807.68 11.742092,45.816149,805.32 11.742073,45.81603,804.01 11.742018,45.815952,803.06 11.741961,45.815906,802.39 11.741666,45.815792,800.32 11.741463,45.815718,798.91 11.741352,45.815703,798.22 11.74125,45.81571,797.58 11.741071,45.815732,796.81 11.7409,45.815736,796 11.740729,45.815727,795.18 11.740542,45.815709,794.01 11.740312,45.815676,792.3 11.740189,45.815663,791.83 11.740026,45.815631,791.19 11.739884,45.815547,790.48 11.739833,45.815448,789.9 11.73981,45.81536,789.63 11.739824,45.815244,789.28 11.739876,45.815126,788.91 11.739991,45.814975,788.39 11.740131,45.814888,787.98 11.740736,45.814556,787.98 11.740933,45.814432,787.98 11.741027,45.814324,787.98 11.741118,45.814203,787.98 11.741204,45.813994,787.98 11.741254,45.813756,787.98 11.741239,45.813581,787.98 11.741196,45.813427,787.98 11.741129,45.813288,787.98 11.740689,45.812646,787.99 11.740545,45.812441,787.65 11.740544,45.812342,787.51 11.740633,45.812066,786.07 11.740798,45.811812,784.14 11.740971,45.811671,782.83 11.741124,45.811572,781.74 11.741291,45.811501,780.3 11.741507,45.811439,779.09 11.741693,45.811433,778.11 11.741818,45.81143,777.45 11.741981,45.811462,776.55 11.742151,45.81153,775.49 11.742615,45.811726,772.61 11.742844,45.811803,771.38 11.743022,45.811819,770.52 11.743182,45.811802,769.72 11.743378,45.811745,768.59 11.743543,45.811697,767.52 11.7437,45.811668,766.55 11.743864,45.811666,765.56 11.744044,45.811673,764.45 11.744215,45.811687,763 11.74443,45.811743,761.47 11.744503,45.811775,760.91 11.744596,45.811831,760.09 11.744667,45.811906,759.22 11.744783,45.812036,757.72 11.744985,45.812344,754.35 11.745227,45.812714,753.39 11.745431,45.812979,750.65 11.745495,45.813108,749.41 11.745534,45.813249,748.1 11.745575,45.813419,747.07 11.745607,45.813546,745.94 11.745643,45.813635,745.12 11.745727,45.813775,743.78 11.745775,45.813954,742.91 11.745777,45.814073,742.34 11.745838,45.814135,741.37 11.745954,45.814127,740.37 11.74601,45.814097,740.04 11.74604,45.814035,739.6 11.745972,45.813978,739.1 11.745908,45.81391,738.5 11.745857,45.813792,737.76 11.745767,45.813592,736.58 11.745738,45.81346,735.41 11.745741,45.813331,734.28 11.745779,45.813254,733.56 11.745836,45.813169,732.73 11.745895,45.813055,731.54 11.74592,45.812974,730.73 11.745932,45.812834,729.35 11.745919,45.81269,727.93 11.745867,45.812498,726.96 11.745843,45.812062,722.64 11.745866,45.811614,718.31 11.745909,45.811183,714.47 11.745957,45.810862,711.28 11.74596,45.810651,709.19 11.74596,45.810516,707.75 11.745934,45.81039,706.58 11.745895,45.810303,705.7 11.745772,45.810199,704.38 11.745571,45.810075,702.79 11.745466,45.81003,702.06 11.745347,45.810024,701.35 11.745231,45.810031,700.63 11.745094,45.810055,699.74 11.744862,45.810108,698.14 11.744641,45.810131,696.66 11.744498,45.81011,695.69 11.744408,45.810038,694.77 11.74426,45.809911,693.2 11.744133,45.809747,691.41 11.744022,45.809653,690.39 11.743979,45.809634,690.09 11.743869,45.809616,689.41 11.743699,45.809625,688.36 11.743503,45.809632,687.08 11.743327,45.809589,686.02 11.743216,45.809495,685.08 11.743198,45.809389,684.24 11.743228,45.809215,682.75 11.7433,45.808964,680.36 11.743339,45.808839,679.34 11.743449,45.808598,677.32 11.743584,45.808397,675.55 11.743963,45.808059,671.71 11.744451,45.807654,665.94 11.74463,45.807498,664.14 11.744771,45.807286,662.02 11.744786,45.80713,660.62 11.744762,45.806975,659.21 11.74473,45.80683,657.64 11.744632,45.806677,655.85 11.744427,45.806491,653.87 11.744175,45.806357,652 11.743627,45.806139,647.21 11.743458,45.806107,646.21 11.743285,45.806106,645.22 11.743128,45.806117,644.32 11.74273,45.806214,641.92 11.742508,45.806278,640.96 11.742402,45.806276,640.36 11.742342,45.806235,639.88 11.742345,45.806163,639.21 11.74239,45.806103,638.67 11.742507,45.806069,637.96 11.74267,45.806045,637.04 11.743253,45.805855,633.47 11.743688,45.805732,630.86 11.744093,45.805664,627.5 11.744417,45.805645,625.38 11.744626,45.805644,624.01 11.74484,45.805675,622.58 11.74502,45.805738,621.25 11.745197,45.805802,620.28 11.745259,45.805811,619.97 11.745387,45.805811,619.34 11.745541,45.8058,618.58 11.745712,45.805746,617.66 11.745842,45.805703,616.85 11.746082,45.805672,615.49 11.746359,45.805675,614.16 11.746684,45.805676,612.61 11.747122,45.805758,610.18 11.747452,45.805849,608.28 11.747735,45.805986,606.15 11.747932,45.806123,604.44 11.748013,45.806213,603.85 11.748073,45.806311,603.3 11.748157,45.806383,602.75 11.748215,45.806384,602.51 11.748331,45.806388,601.52 11.748388,45.806366,600.97 11.748426,45.806305,600.11 11.748351,45.806142,599.15 11.748219,45.80601,597.71 11.748134,45.805911,596.97 11.747968,45.805748,595.69 11.747761,45.805596,594.35 11.747606,45.80553,593.69 11.747406,45.805449,592.53 11.747148,45.805374,590.99 11.746456,45.805101,585.7 11.7461,45.804992,583.5 11.745821,45.804941,581.86 11.745662,45.804926,580.88 11.745575,45.804926,580.31 11.745456,45.804909,579.5 11.745308,45.804854,578.39 11.745205,45.804775,577.37 11.745081,45.804677,576.09 11.744922,45.804586,574.65 11.744768,45.804532,573.53 11.744576,45.804498,572.25 11.744354,45.804492,570.8 11.744042,45.804499,567.92 11.743859,45.804502,567.33 11.743733,45.804496,566.8 11.743673,45.804454,566.43 11.743634,45.804381,565.89 11.743667,45.804252,564.84 11.743749,45.804095,563.12 11.743856,45.803849,561.2 11.743929,45.803692,560.72 11.743975,45.803579,559.74 11.744025,45.803433,558.49 11.744022,45.80331,557.47 11.743986,45.803216,556.65 11.743917,45.803121,555.75 11.743852,45.803041,554.95 11.743796,45.802933,553.99 11.743781,45.802838,553.51 11.743791,45.802789,553.26 11.743852,45.802722,552.86 11.743947,45.802684,552.45 11.74403,45.802682,552.12 11.74411,45.802738,551.63 11.744149,45.802798,551.1 11.744182,45.802898,550.14 11.744251,45.802982,549.58 11.744308,45.803037,549.18 11.744498,45.803233,547.74 11.744571,45.803348,546.81 11.744598,45.803431,546.18 11.74458,45.803514,545.55 11.744526,45.803597,544.85 11.744457,45.803697,543.71 11.744409,45.803784,542.7 11.74441,45.80385,541.97 11.744439,45.803932,541.41 11.74457,45.803978,540.72 11.744737,45.803974,539.87 11.744916,45.803954,538.84 11.745095,45.803912,537.72 11.745307,45.803825,536.21 11.745474,45.803781,534.77 11.745599,45.803758,534.24 11.745779,45.803756,533.39 11.74597,45.803792,532.44 11.746209,45.803874,531.13 11.746382,45.803982,529.96 11.746933,45.804389,525.16 11.74753,45.804699,520.83 11.748222,45.804971,516.51 11.748683,45.805106,513.14 11.749312,45.805271,509.79 11.749709,45.805371,506.42 11.749897,45.805398,505.65 11.750041,45.805386,505.01 11.750117,45.805411,504.65 11.750173,45.805452,504.28 11.75027,45.805585,503.29 11.750361,45.805738,502.1 11.750594,45.806029,499.42 11.750708,45.806112,498.5 11.75087,45.80621,497.29 11.751341,45.806421,493.93 11.751554,45.806497,492.47 11.751774,45.806582,490.83 11.751874,45.806667,489.77 11.751972,45.806757,488.64 11.752072,45.806896,487.68 11.752134,45.806985,486.98 11.752222,45.807059,486.29 11.752281,45.807159,485.51 11.752313,45.807275,484.66 11.752338,45.807452,483.36 11.752389,45.807766,480.96 11.752443,45.808289,476.63 11.752413,45.80878,472.31 11.752342,45.809108,469.42 11.752314,45.809314,467.76 11.752243,45.809457,466.48 11.752155,45.809565,465.42 11.752008,45.809717,463.81 11.751934,45.809832,462.69 11.751886,45.809916,462.1 11.751876,45.809973,461.73 11.751874,45.810121,460.5 11.751852,45.810272,459.24 11.751819,45.810374,458.37 11.7518,45.810449,457.57 11.751751,45.810509,456.98 11.751746,45.810585,456.32 11.751777,45.810627,455.91 11.751848,45.810648,455.45 11.751896,45.810638,455.15 11.751936,45.810603,454.76 11.751992,45.810559,454.26 11.752011,45.810413,453 11.752029,45.81027,451.77 11.752048,45.810189,451.06 11.75207,45.810047,449.84 11.752164,45.809869,448.21 11.752344,45.809725,446.57 11.752517,45.809586,444.47 11.752677,45.809407,442.03 11.752819,45.809029,440.11 11.752996,45.808607,436.51 11.75312,45.808295,433.86 11.753203,45.807963,430.66 11.753229,45.807593,427.14 11.753265,45.807394,424.26 11.753369,45.807153,421.45 11.753403,45.806932,418.97 11.753305,45.806655,416.4 11.753156,45.806371,413.68 11.752797,45.806006,410.8 11.752449,45.805609,406.48 11.75203,45.805069,402.15 11.751731,45.8046,395.91 11.751592,45.804406,393.73 11.751373,45.804262,391.62 11.75109,45.804143,389.18 11.750532,45.803905,387.74 11.749845,45.803552,383.89 11.748939,45.803056,377.16 11.748596,45.802859,374.28 11.748432,45.802686,372.5 11.74824,45.802443,370.12 11.748138,45.802211,368.04 11.748114,45.802002,366.6 11.748063,45.801849,365.2 11.747962,45.80164,363.24 11.747746,45.801352,360.35 11.747465,45.801074,356.99 11.747188,45.800812,351.22 11.747041,45.800712,349.3 11.746968,45.80066,347.85 11.746933,45.80059,345.45 11.747004,45.800533,344.01 11.747128,45.800503,343.15 11.747219,45.800528,342.6 11.747344,45.800588,341.61 11.747613,45.800788,341.13 11.747841,45.80093,340.16 11.748332,45.801151,335.84 11.748862,45.801407,332 11.749186,45.801554,328.83 11.749312,45.801647,327.34 11.749385,45.801749,326 11.749448,45.80184,324.79 11.749597,45.80219,321.91 11.749732,45.80236,318.79 11.749857,45.802442,316.87 11.749986,45.802494,315.18 11.750355,45.802593,313.74 11.750821,45.802722,310.37 11.751379,45.802926,305.57 11.751734,45.803056,302.2 11.752585,45.803413,294.04 11.753049,45.803672,290.2 11.753525,45.803968,285.87 11.754078,45.80432,281.06 11.754489,45.804631,274.81 11.754995,45.804992,270.49 11.755554,45.805475,261.85 11.755756,45.80571,259.92 11.756076,45.806152,254.64 11.756377,45.806578,248.87 11.756521,45.806949,244.54 11.75664,45.807483,238.77 11.756643,45.8076,236.85 11.756644,45.807675,236.22 11.756678,45.807715,235.74 11.756735,45.807745,235.21 11.756833,45.807748,234.45 11.756897,45.807717,234.08 11.756919,45.807687,233.84 11.756915,45.807589,233.15 11.756851,45.807486,232.28 11.756826,45.807342,231.08 11.756792,45.806885,228.69 11.756719,45.806354,225.33 11.756632,45.80583,220.04 11.756398,45.805148,211.39 11.756306,45.804886,208.5 11.75627,45.80473,207.37 11.756287,45.804597,206.24 11.756352,45.804479,205.14 11.756534,45.804322,203.96 11.756667,45.804223,203.16 11.756764,45.804104,202.36 11.756869,45.803937,201.29 11.757288,45.803285,198.42 11.75778,45.802519,193.13 11.757948,45.802188,191.21 11.757939,45.802061,190.73 11.75789,45.801968,190.36 11.757844,45.801834,189.84 11.757865,45.801729,189.44 11.757922,45.801598,188.93 11.757925,45.8015,188.56 11.757907,45.801403,188.19 11.757845,45.801325,187.85 11.757182,45.800611,185.93 11.757051,45.800475,185.5 11.756931,45.800388,185.18 11.756782,45.800319,184.85 11.756634,45.800253,184.53 11.756573,45.800188,184.32 11.756473,45.799871,183.47 11.756437,45.799636,182.85 11.756441,45.799438,182.09 11.756476,45.799249,181.38 11.756527,45.799053,180.64 11.756627,45.798718,179.38 11.756671,45.798544,178.72 11.7567,45.798379,178.24 11.756725,45.798131,177.02 11.756777,45.797965,176.19 11.756876,45.797771,175.17 11.756988,45.797637,174.4 11.757242,45.797331,172.23 11.757365,45.797156,171.04 11.757438,45.797031,170.11 11.757478,45.796889,169.72 11.757566,45.79674,169.29 11.757679,45.796628,168.93 11.757923,45.796438,168.25 11.758156,45.796303,167.69 11.758326,45.796252,167.2 11.758409,45.79623,166.8 11.758524,45.796282,167 11.758589,45.796325,167.1 11.75867,45.796381,167.3 11.758767,45.796454,167.4 11.758914,45.796564,168.1 11.759059,45.796666,168.7 11.759226,45.796781,169.3 11.759412,45.796908,170 11.759623,45.797049,170.7 11.759808,45.797173,171.3 11.759991,45.797291,171.8 11.760173,45.797409,172.4 11.760347,45.797526,173 11.760532,45.797656,173.6 11.76067,45.797749,174.2 11.760755,45.797806,174.5 11.760886,45.797889,175 11.76108,45.798017,175.9 11.761182,45.798088,176.3 11.761375,45.798214,177.2 11.761546,45.798331,177.9 11.761698,45.798438,178.6 11.761875,45.798551,179.5 11.762029,45.798653,180.3 11.762167,45.798748,181.1 11.762288,45.798831,181.8 11.762396,45.798901,182.4 11.762515,45.798983,183.2 11.76263,45.799064,183.7 11.762737,45.799156,184.2 11.762809,45.799235,184.6 11.762858,45.799317,185 11.762921,45.799437,185.7 11.762988,45.799569,186.4 11.763043,45.799679,186.8 11.763118,45.799841,187.5 11.763174,45.799963,187.9 11.763238,45.800104,188.4 11.763302,45.800235,188.8 11.763377,45.800378,189.2 11.763451,45.800526,189.5 11.763514,45.800656,189.8 11.76358,45.800793,190 11.763652,45.800945,190.3 11.763737,45.801123,190.6 11.763807,45.801266,190.8 11.76387,45.801404,191.1 11.763929,45.801526,191.3 11.763991,45.801643,191.5 11.764042,45.801723,191.7 11.764113,45.801805,191.8 11.764192,45.801871,192 11.764307,45.801957,192.2 11.764437,45.802048,192.5 11.764635,45.802175,192.8 11.764869,45.802317,193.2 11.76504,45.802428,193.4 11.765219,45.802535,193.6 11.765425,45.802657,193.5 11.765595,45.802752,193.3 11.765729,45.80282,193.1 11.765879,45.802876,192.9 11.766016,45.802904,192.6 11.766173,45.802934,192.2 11.766343,45.802955,191.8 11.766565,45.802973,191.2 11.766786,45.802996,190.7 11.766977,45.803019,190.2 11.767209,45.803079,189.8 11.767339,45.803123,189.5 11.767484,45.803176,189.3 11.767638,45.803246,189 11.767806,45.803325,188.8 11.768024,45.803437,188.4 11.768237,45.803542,188.1 11.768431,45.803633,187.8 11.768648,45.803722,187.5 11.768871,45.803815,187.2 11.769087,45.803905,186.8 11.769339,45.804007,186.5 11.769581,45.804107,186.2 11.769801,45.804202,185.9 11.770047,45.804299,185.3 11.770273,45.804383,184.8 11.770582,45.804496,184.2 11.770862,45.804596,183.6 11.771119,45.80469,183 11.771401,45.804793,182.4 11.771723,45.804912,181.9 11.771951,45.804996,181.6 11.772192,45.805082,181.2 11.77249,45.805186,180.7 11.772808,45.805299,180.1 11.773161,45.805424,179.4 11.773458,45.805527,178.5 11.773737,45.805623,177.7 11.77399,45.805713,177.1 11.77425,45.805813,176.5 11.774475,45.805895,176.2 11.774613,45.805944,176 11.773988,45.80717,177.57 11.773371,45.808404,179.36 11.772629,45.809901,183.09
          </coordinates>
        </LineString>
      </MultiGeometry>
    </Placemark>
  </Folder>
</Document>
</kml>