<?xml version="1.0" encoding="UTF-8"?>
<gpx xmlns:gpxdata="http://www.cluetrust.com/XML/GPXDATA/1/0" xmlns:xsi="http://www.w3.org/2001/XMLSchema-instance" xmlns="http://www.topografix.com/GPX/1/1" version="1.1" creator="http://ridewithgps.com/" xsi:schemaLocation="http://www.topografix.com/GPX/1/1 http://www.topografix.com/GPX/1/1/gpx.xsd http://www.cluetrust.com/XML/GPXDATA/1/0 http://www.cluetrust.com/Schemas/gpxdata10.xsd">
  <metadata>
    <name>Port Alcudia to Palma</name>
    <link href="https://ridewithgps.com/routes/53889154">
      <text>Port Alcudia to Palma</text>
    </link>
    <time>2026-02-03T16:40:52Z</time>
  </metadata>
  <wpt lat="39.73541461757813" lon="3.0575563803195394">
    <name>Plaza Sant Marti </name>
    <cmt>food</cmt>
    <desc>Food &amp; Drink</desc>
    <sym>Dot</sym>
    <type>food</type>
  </wpt>
  <wpt lat="39.64583969116211" lon="3.0139119625091553">
    <name>Sa Mola 13</name>
    <cmt>coffee</cmt>
    <desc>Sa Mola 13 offers coffee options in a cyclist-friendly environment.</desc>
    <sym>Dot</sym>
    <type>food</type>
  </wpt>
  <wpt lat="39.721688" lon="2.912647">
    <name>Soma Café</name>
    <cmt>coffee</cmt>
    <desc>Small little gem in Inca with great coffee and high quality snacks and sandwiches. 

Closed Mondays. </desc>
    <sym>Dot</sym>
    <type>food</type>
  </wpt>
  <trk>
    <name>Port Alcudia to Palma</name>
    <trkseg>
      <trkpt lat="39.83436" lon="3.11802">
        <ele>3.3</ele>
      </trkpt>
      <trkpt lat="39.83488" lon="3.11822">
        <ele>3.0</ele>
      </trkpt>
      <trkpt lat="39.83524" lon="3.11841">
        <ele>3.4</ele>
      </trkpt>
      <trkpt lat="39.83531" lon="3.11825">
        <ele>3.4</ele>
      </trkpt>
      <trkpt lat="39.83493" lon="3.11807">
        <ele>3.0</ele>
      </trkpt>
      <trkpt lat="39.83457" lon="3.11793">
        <ele>3.2</ele>
      </trkpt>
      <trkpt lat="39.8341" lon="3.11778">
        <ele>3.9</ele>
      </trkpt>
      <trkpt lat="39.83384" lon="3.11767">
        <ele>4.9</ele>
      </trkpt>
      <trkpt lat="39.83363" lon="3.11761">
        <ele>5.7</ele>
      </trkpt>
      <trkpt lat="39.83366" lon="3.11753">
        <ele>5.8</ele>
      </trkpt>
      <trkpt lat="39.83303" lon="3.11732">
        <ele>7.7</ele>
      </trkpt>
      <trkpt lat="39.8324" lon="3.1171">
        <ele>7.5</ele>
      </trkpt>
      <trkpt lat="39.83176" lon="3.11689">
        <ele>3.7</ele>
      </trkpt>
      <trkpt lat="39.83171" lon="3.11693">
        <ele>3.5</ele>
      </trkpt>
      <trkpt lat="39.83168" lon="3.1169">
        <ele>3.3</ele>
      </trkpt>
      <trkpt lat="39.83166" lon="3.11689">
        <ele>3.3</ele>
      </trkpt>
      <trkpt lat="39.83162" lon="3.11689">
        <ele>3.4</ele>
      </trkpt>
      <trkpt lat="39.83158" lon="3.11692">
        <ele>3.5</ele>
      </trkpt>
      <trkpt lat="39.83153" lon="3.11692">
        <ele>3.6</ele>
      </trkpt>
      <trkpt lat="39.83139" lon="3.11689">
        <ele>3.8</ele>
      </trkpt>
      <trkpt lat="39.83056" lon="3.11662">
        <ele>2.8</ele>
      </trkpt>
      <trkpt lat="39.83042" lon="3.11656">
        <ele>2.6</ele>
      </trkpt>
      <trkpt lat="39.82967" lon="3.11632">
        <ele>1.8</ele>
      </trkpt>
      <trkpt lat="39.82892" lon="3.11608">
        <ele>7.0</ele>
      </trkpt>
      <trkpt lat="39.82876" lon="3.11603">
        <ele>8.1</ele>
      </trkpt>
      <trkpt lat="39.82836" lon="3.1159">
        <ele>10.9</ele>
      </trkpt>
      <trkpt lat="39.82825" lon="3.11588">
        <ele>10.5</ele>
      </trkpt>
      <trkpt lat="39.82826" lon="3.11581">
        <ele>11.2</ele>
      </trkpt>
      <trkpt lat="39.82752" lon="3.11567">
        <ele>2.3</ele>
      </trkpt>
      <trkpt lat="39.82679" lon="3.11553">
        <ele>1.5</ele>
      </trkpt>
      <trkpt lat="39.82605" lon="3.1154">
        <ele>2.2</ele>
      </trkpt>
      <trkpt lat="39.82532" lon="3.11526">
        <ele>2.1</ele>
      </trkpt>
      <trkpt lat="39.82458" lon="3.11512">
        <ele>1.9</ele>
      </trkpt>
      <trkpt lat="39.82394" lon="3.115">
        <ele>3.1</ele>
      </trkpt>
      <trkpt lat="39.8233" lon="3.11488">
        <ele>5.5</ele>
      </trkpt>
      <trkpt lat="39.82266" lon="3.11475">
        <ele>6.1</ele>
      </trkpt>
      <trkpt lat="39.82234" lon="3.11471">
        <ele>6.2</ele>
      </trkpt>
      <trkpt lat="39.82157" lon="3.11457">
        <ele>5.3</ele>
      </trkpt>
      <trkpt lat="39.82092" lon="3.11445">
        <ele>4.7</ele>
      </trkpt>
      <trkpt lat="39.82027" lon="3.11432">
        <ele>3.6</ele>
      </trkpt>
      <trkpt lat="39.81958" lon="3.1142">
        <ele>3.5</ele>
      </trkpt>
      <trkpt lat="39.81888" lon="3.11409">
        <ele>3.9</ele>
      </trkpt>
      <trkpt lat="39.81819" lon="3.11397">
        <ele>4.2</ele>
      </trkpt>
      <trkpt lat="39.8179" lon="3.11391">
        <ele>5.3</ele>
      </trkpt>
      <trkpt lat="39.81716" lon="3.11379">
        <ele>7.6</ele>
      </trkpt>
      <trkpt lat="39.81698" lon="3.11376">
        <ele>8.1</ele>
      </trkpt>
      <trkpt lat="39.8167" lon="3.11375">
        <ele>8.9</ele>
      </trkpt>
      <trkpt lat="39.81639" lon="3.11378">
        <ele>8.6</ele>
      </trkpt>
      <trkpt lat="39.81608" lon="3.11385">
        <ele>8.4</ele>
      </trkpt>
      <trkpt lat="39.81561" lon="3.114">
        <ele>8.5</ele>
      </trkpt>
      <trkpt lat="39.81514" lon="3.11414">
        <ele>8.2</ele>
      </trkpt>
      <trkpt lat="39.81513" lon="3.11414">
        <ele>8.2</ele>
      </trkpt>
      <trkpt lat="39.81507" lon="3.11416">
        <ele>8.1</ele>
      </trkpt>
      <trkpt lat="39.81505" lon="3.11418">
        <ele>8.1</ele>
      </trkpt>
      <trkpt lat="39.81503" lon="3.11423">
        <ele>7.9</ele>
      </trkpt>
      <trkpt lat="39.81495" lon="3.11429">
        <ele>7.5</ele>
      </trkpt>
      <trkpt lat="39.81484" lon="3.11434">
        <ele>6.9</ele>
      </trkpt>
      <trkpt lat="39.81412" lon="3.11457">
        <ele>4.6</ele>
      </trkpt>
      <trkpt lat="39.8134" lon="3.1148">
        <ele>5.4</ele>
      </trkpt>
      <trkpt lat="39.81332" lon="3.11482">
        <ele>5.5</ele>
      </trkpt>
      <trkpt lat="39.8133" lon="3.1148">
        <ele>5.5</ele>
      </trkpt>
      <trkpt lat="39.81325" lon="3.11478">
        <ele>5.6</ele>
      </trkpt>
      <trkpt lat="39.81322" lon="3.11465">
        <ele>5.9</ele>
      </trkpt>
      <trkpt lat="39.8131" lon="3.11402">
        <ele>6.3</ele>
      </trkpt>
      <trkpt lat="39.81299" lon="3.11339">
        <ele>4.0</ele>
      </trkpt>
      <trkpt lat="39.81227" lon="3.11362">
        <ele>3.8</ele>
      </trkpt>
      <trkpt lat="39.81155" lon="3.11386">
        <ele>6.3</ele>
      </trkpt>
      <trkpt lat="39.81083" lon="3.1141">
        <ele>4.7</ele>
      </trkpt>
      <trkpt lat="39.81078" lon="3.11389">
        <ele>3.7</ele>
      </trkpt>
      <trkpt lat="39.81004" lon="3.11405">
        <ele>4.4</ele>
      </trkpt>
      <trkpt lat="39.80962" lon="3.11415">
        <ele>3.1</ele>
      </trkpt>
      <trkpt lat="39.80957" lon="3.11416">
        <ele>2.9</ele>
      </trkpt>
      <trkpt lat="39.80883" lon="3.11438">
        <ele>0.6</ele>
      </trkpt>
      <trkpt lat="39.8081" lon="3.11459">
        <ele>0.0</ele>
      </trkpt>
      <trkpt lat="39.80807" lon="3.11457">
        <ele>0.0</ele>
      </trkpt>
      <trkpt lat="39.8079" lon="3.11444">
        <ele>0.0</ele>
      </trkpt>
      <trkpt lat="39.80781" lon="3.11441">
        <ele>0.0</ele>
      </trkpt>
      <trkpt lat="39.80775" lon="3.11441">
        <ele>0.0</ele>
      </trkpt>
      <trkpt lat="39.80716" lon="3.11463">
        <ele>-0.7</ele>
      </trkpt>
      <trkpt lat="39.80657" lon="3.11486">
        <ele>-0.2</ele>
      </trkpt>
      <trkpt lat="39.80627" lon="3.11495">
        <ele>0.1</ele>
      </trkpt>
      <trkpt lat="39.80543" lon="3.11516">
        <ele>-0.3</ele>
      </trkpt>
      <trkpt lat="39.80458" lon="3.11537">
        <ele>-0.4</ele>
      </trkpt>
      <trkpt lat="39.80374" lon="3.11558">
        <ele>0.0</ele>
      </trkpt>
      <trkpt lat="39.8037" lon="3.11563">
        <ele>0.1</ele>
      </trkpt>
      <trkpt lat="39.80371" lon="3.11572">
        <ele>0.3</ele>
      </trkpt>
      <trkpt lat="39.80386" lon="3.11647">
        <ele>3.5</ele>
      </trkpt>
      <trkpt lat="39.80338" lon="3.11663">
        <ele>4.7</ele>
      </trkpt>
      <trkpt lat="39.80291" lon="3.11679">
        <ele>3.8</ele>
      </trkpt>
      <trkpt lat="39.80268" lon="3.11729">
        <ele>4.6</ele>
      </trkpt>
      <trkpt lat="39.8026" lon="3.11732">
        <ele>4.5</ele>
      </trkpt>
      <trkpt lat="39.80276" lon="3.11807">
        <ele>7.8</ele>
      </trkpt>
      <trkpt lat="39.80212" lon="3.11829">
        <ele>7.0</ele>
      </trkpt>
      <trkpt lat="39.80214" lon="3.11839">
        <ele>7.2</ele>
      </trkpt>
      <trkpt lat="39.80185" lon="3.11849">
        <ele>6.8</ele>
      </trkpt>
      <trkpt lat="39.80153" lon="3.11865">
        <ele>6.0</ele>
      </trkpt>
      <trkpt lat="39.80117" lon="3.11879">
        <ele>5.5</ele>
      </trkpt>
      <trkpt lat="39.80039" lon="3.11905">
        <ele>4.5</ele>
      </trkpt>
      <trkpt lat="39.79958" lon="3.1193">
        <ele>3.5</ele>
      </trkpt>
      <trkpt lat="39.79935" lon="3.11932">
        <ele>3.5</ele>
      </trkpt>
      <trkpt lat="39.79926" lon="3.11935">
        <ele>3.8</ele>
      </trkpt>
      <trkpt lat="39.79924" lon="3.11931">
        <ele>3.4</ele>
      </trkpt>
      <trkpt lat="39.79921" lon="3.11928">
        <ele>3.1</ele>
      </trkpt>
      <trkpt lat="39.79917" lon="3.11926">
        <ele>2.9</ele>
      </trkpt>
      <trkpt lat="39.79913" lon="3.11927">
        <ele>3.0</ele>
      </trkpt>
      <trkpt lat="39.7991" lon="3.11928">
        <ele>3.1</ele>
      </trkpt>
      <trkpt lat="39.79907" lon="3.11931">
        <ele>3.4</ele>
      </trkpt>
      <trkpt lat="39.79906" lon="3.11935">
        <ele>3.7</ele>
      </trkpt>
      <trkpt lat="39.79905" lon="3.1194">
        <ele>4.1</ele>
      </trkpt>
      <trkpt lat="39.79905" lon="3.11945">
        <ele>4.6</ele>
      </trkpt>
      <trkpt lat="39.79906" lon="3.11949">
        <ele>4.9</ele>
      </trkpt>
      <trkpt lat="39.79909" lon="3.11953">
        <ele>5.3</ele>
      </trkpt>
      <trkpt lat="39.79907" lon="3.11961">
        <ele>6.0</ele>
      </trkpt>
      <trkpt lat="39.79904" lon="3.11968">
        <ele>6.5</ele>
      </trkpt>
      <trkpt lat="39.79897" lon="3.11971">
        <ele>6.5</ele>
      </trkpt>
      <trkpt lat="39.79829" lon="3.11992">
        <ele>4.9</ele>
      </trkpt>
      <trkpt lat="39.79761" lon="3.12014">
        <ele>5.7</ele>
      </trkpt>
      <trkpt lat="39.79693" lon="3.12035">
        <ele>5.2</ele>
      </trkpt>
      <trkpt lat="39.79614" lon="3.12063">
        <ele>4.2</ele>
      </trkpt>
      <trkpt lat="39.79609" lon="3.1204">
        <ele>3.9</ele>
      </trkpt>
      <trkpt lat="39.79576" lon="3.12051">
        <ele>3.5</ele>
      </trkpt>
      <trkpt lat="39.79516" lon="3.12071">
        <ele>3.6</ele>
      </trkpt>
      <trkpt lat="39.79456" lon="3.12092">
        <ele>2.6</ele>
      </trkpt>
      <trkpt lat="39.79391" lon="3.12132">
        <ele>1.9</ele>
      </trkpt>
      <trkpt lat="39.79327" lon="3.12171">
        <ele>2.1</ele>
      </trkpt>
      <trkpt lat="39.79262" lon="3.12211">
        <ele>1.7</ele>
      </trkpt>
      <trkpt lat="39.79198" lon="3.12251">
        <ele>2.3</ele>
      </trkpt>
      <trkpt lat="39.79191" lon="3.12252">
        <ele>2.5</ele>
      </trkpt>
      <trkpt lat="39.79188" lon="3.12252">
        <ele>2.5</ele>
      </trkpt>
      <trkpt lat="39.79185" lon="3.12253">
        <ele>2.6</ele>
      </trkpt>
      <trkpt lat="39.79165" lon="3.12267">
        <ele>3.4</ele>
      </trkpt>
      <trkpt lat="39.79159" lon="3.12274">
        <ele>3.4</ele>
      </trkpt>
      <trkpt lat="39.79133" lon="3.12291">
        <ele>3.2</ele>
      </trkpt>
      <trkpt lat="39.79063" lon="3.12346">
        <ele>3.7</ele>
      </trkpt>
      <trkpt lat="39.78992" lon="3.124">
        <ele>3.4</ele>
      </trkpt>
      <trkpt lat="39.78921" lon="3.12455">
        <ele>6.3</ele>
      </trkpt>
      <trkpt lat="39.78851" lon="3.1251">
        <ele>6.0</ele>
      </trkpt>
      <trkpt lat="39.7878" lon="3.12565">
        <ele>5.1</ele>
      </trkpt>
      <trkpt lat="39.78709" lon="3.1262">
        <ele>4.7</ele>
      </trkpt>
      <trkpt lat="39.78639" lon="3.12675">
        <ele>5.6</ele>
      </trkpt>
      <trkpt lat="39.78582" lon="3.12715">
        <ele>5.7</ele>
      </trkpt>
      <trkpt lat="39.78515" lon="3.12762">
        <ele>4.9</ele>
      </trkpt>
      <trkpt lat="39.78447" lon="3.12809">
        <ele>4.5</ele>
      </trkpt>
      <trkpt lat="39.78379" lon="3.12857">
        <ele>4.4</ele>
      </trkpt>
      <trkpt lat="39.78311" lon="3.12904">
        <ele>3.8</ele>
      </trkpt>
      <trkpt lat="39.78243" lon="3.12951">
        <ele>3.4</ele>
      </trkpt>
      <trkpt lat="39.78212" lon="3.12975">
        <ele>3.4</ele>
      </trkpt>
      <trkpt lat="39.78148" lon="3.13039">
        <ele>4.9</ele>
      </trkpt>
      <trkpt lat="39.78084" lon="3.13103">
        <ele>4.7</ele>
      </trkpt>
      <trkpt lat="39.78046" lon="3.1314">
        <ele>3.4</ele>
      </trkpt>
      <trkpt lat="39.78008" lon="3.13176">
        <ele>1.9</ele>
      </trkpt>
      <trkpt lat="39.77952" lon="3.13236">
        <ele>2.3</ele>
      </trkpt>
      <trkpt lat="39.77896" lon="3.13296">
        <ele>3.5</ele>
      </trkpt>
      <trkpt lat="39.77841" lon="3.13357">
        <ele>3.6</ele>
      </trkpt>
      <trkpt lat="39.77784" lon="3.13422">
        <ele>1.1</ele>
      </trkpt>
      <trkpt lat="39.77722" lon="3.13504">
        <ele>2.4</ele>
      </trkpt>
      <trkpt lat="39.7766" lon="3.13586">
        <ele>2.8</ele>
      </trkpt>
      <trkpt lat="39.77598" lon="3.13668">
        <ele>2.2</ele>
      </trkpt>
      <trkpt lat="39.77536" lon="3.13751">
        <ele>2.3</ele>
      </trkpt>
      <trkpt lat="39.77474" lon="3.13833">
        <ele>3.0</ele>
      </trkpt>
      <trkpt lat="39.77412" lon="3.13915">
        <ele>5.7</ele>
      </trkpt>
      <trkpt lat="39.77373" lon="3.13966">
        <ele>4.3</ele>
      </trkpt>
      <trkpt lat="39.77334" lon="3.14018">
        <ele>3.6</ele>
      </trkpt>
      <trkpt lat="39.77293" lon="3.14069">
        <ele>7.5</ele>
      </trkpt>
      <trkpt lat="39.77283" lon="3.14079">
        <ele>8.1</ele>
      </trkpt>
      <trkpt lat="39.77234" lon="3.14131">
        <ele>9.3</ele>
      </trkpt>
      <trkpt lat="39.77184" lon="3.14182">
        <ele>8.0</ele>
      </trkpt>
      <trkpt lat="39.77171" lon="3.14188">
        <ele>7.4</ele>
      </trkpt>
      <trkpt lat="39.77159" lon="3.14191">
        <ele>7.1</ele>
      </trkpt>
      <trkpt lat="39.77144" lon="3.1419">
        <ele>7.1</ele>
      </trkpt>
      <trkpt lat="39.77134" lon="3.14184">
        <ele>7.3</ele>
      </trkpt>
      <trkpt lat="39.77127" lon="3.14173">
        <ele>7.7</ele>
      </trkpt>
      <trkpt lat="39.77118" lon="3.14168">
        <ele>7.9</ele>
      </trkpt>
      <trkpt lat="39.77102" lon="3.14132">
        <ele>8.6</ele>
      </trkpt>
      <trkpt lat="39.77097" lon="3.14116">
        <ele>8.9</ele>
      </trkpt>
      <trkpt lat="39.77096" lon="3.14103">
        <ele>9.2</ele>
      </trkpt>
      <trkpt lat="39.77099" lon="3.14095">
        <ele>9.2</ele>
      </trkpt>
      <trkpt lat="39.77099" lon="3.14087">
        <ele>9.4</ele>
      </trkpt>
      <trkpt lat="39.77098" lon="3.14079">
        <ele>9.4</ele>
      </trkpt>
      <trkpt lat="39.77095" lon="3.14074">
        <ele>9.5</ele>
      </trkpt>
      <trkpt lat="39.77091" lon="3.14069">
        <ele>9.6</ele>
      </trkpt>
      <trkpt lat="39.77086" lon="3.14066">
        <ele>9.7</ele>
      </trkpt>
      <trkpt lat="39.77078" lon="3.14053">
        <ele>9.7</ele>
      </trkpt>
      <trkpt lat="39.77069" lon="3.14027">
        <ele>9.6</ele>
      </trkpt>
      <trkpt lat="39.77054" lon="3.13937">
        <ele>10.2</ele>
      </trkpt>
      <trkpt lat="39.77041" lon="3.13893">
        <ele>11.2</ele>
      </trkpt>
      <trkpt lat="39.77015" lon="3.1383">
        <ele>12.5</ele>
      </trkpt>
      <trkpt lat="39.76987" lon="3.13769">
        <ele>13.9</ele>
      </trkpt>
      <trkpt lat="39.76965" lon="3.13734">
        <ele>13.2</ele>
      </trkpt>
      <trkpt lat="39.76943" lon="3.13705">
        <ele>11.3</ele>
      </trkpt>
      <trkpt lat="39.76902" lon="3.13653">
        <ele>9.1</ele>
      </trkpt>
      <trkpt lat="39.76862" lon="3.13601">
        <ele>9.2</ele>
      </trkpt>
      <trkpt lat="39.76862" lon="3.13601">
        <ele>9.2</ele>
      </trkpt>
      <trkpt lat="39.76805" lon="3.13529">
        <ele>9.2</ele>
      </trkpt>
      <trkpt lat="39.76748" lon="3.13456">
        <ele>7.8</ele>
      </trkpt>
      <trkpt lat="39.76692" lon="3.13384">
        <ele>7.2</ele>
      </trkpt>
      <trkpt lat="39.76635" lon="3.13311">
        <ele>8.8</ele>
      </trkpt>
      <trkpt lat="39.76579" lon="3.13239">
        <ele>10.6</ele>
      </trkpt>
      <trkpt lat="39.76525" lon="3.13176">
        <ele>10.2</ele>
      </trkpt>
      <trkpt lat="39.76472" lon="3.13113">
        <ele>8.6</ele>
      </trkpt>
      <trkpt lat="39.76419" lon="3.13051">
        <ele>8.4</ele>
      </trkpt>
      <trkpt lat="39.76402" lon="3.13028">
        <ele>8.7</ele>
      </trkpt>
      <trkpt lat="39.76388" lon="3.13003">
        <ele>9.0</ele>
      </trkpt>
      <trkpt lat="39.76345" lon="3.12914">
        <ele>8.7</ele>
      </trkpt>
      <trkpt lat="39.76303" lon="3.12825">
        <ele>5.6</ele>
      </trkpt>
      <trkpt lat="39.76287" lon="3.12797">
        <ele>6.7</ele>
      </trkpt>
      <trkpt lat="39.76272" lon="3.12778">
        <ele>7.6</ele>
      </trkpt>
      <trkpt lat="39.76225" lon="3.12726">
        <ele>9.4</ele>
      </trkpt>
      <trkpt lat="39.76197" lon="3.1269">
        <ele>10.0</ele>
      </trkpt>
      <trkpt lat="39.76183" lon="3.12664">
        <ele>10.5</ele>
      </trkpt>
      <trkpt lat="39.76177" lon="3.12643">
        <ele>11.2</ele>
      </trkpt>
      <trkpt lat="39.76172" lon="3.12616">
        <ele>12.1</ele>
      </trkpt>
      <trkpt lat="39.76167" lon="3.12555">
        <ele>13.0</ele>
      </trkpt>
      <trkpt lat="39.76163" lon="3.1253">
        <ele>13.2</ele>
      </trkpt>
      <trkpt lat="39.76152" lon="3.12494">
        <ele>14.1</ele>
      </trkpt>
      <trkpt lat="39.76123" lon="3.12403">
        <ele>18.9</ele>
      </trkpt>
      <trkpt lat="39.76094" lon="3.12312">
        <ele>19.4</ele>
      </trkpt>
      <trkpt lat="39.76065" lon="3.12221">
        <ele>20.7</ele>
      </trkpt>
      <trkpt lat="39.76054" lon="3.12149">
        <ele>21.2</ele>
      </trkpt>
      <trkpt lat="39.76049" lon="3.12128">
        <ele>21.0</ele>
      </trkpt>
      <trkpt lat="39.76041" lon="3.1211">
        <ele>20.6</ele>
      </trkpt>
      <trkpt lat="39.76012" lon="3.12058">
        <ele>18.5</ele>
      </trkpt>
      <trkpt lat="39.76007" lon="3.12045">
        <ele>17.9</ele>
      </trkpt>
      <trkpt lat="39.76002" lon="3.12024">
        <ele>16.9</ele>
      </trkpt>
      <trkpt lat="39.76" lon="3.11996">
        <ele>15.9</ele>
      </trkpt>
      <trkpt lat="39.76001" lon="3.11897">
        <ele>12.3</ele>
      </trkpt>
      <trkpt lat="39.76003" lon="3.11798">
        <ele>9.5</ele>
      </trkpt>
      <trkpt lat="39.76005" lon="3.11699">
        <ele>8.3</ele>
      </trkpt>
      <trkpt lat="39.76006" lon="3.116">
        <ele>8.7</ele>
      </trkpt>
      <trkpt lat="39.76008" lon="3.11484">
        <ele>3.8</ele>
      </trkpt>
      <trkpt lat="39.76009" lon="3.11368">
        <ele>1.8</ele>
      </trkpt>
      <trkpt lat="39.75959" lon="3.11381">
        <ele>4.0</ele>
      </trkpt>
      <trkpt lat="39.75908" lon="3.11394">
        <ele>6.5</ele>
      </trkpt>
      <trkpt lat="39.75901" lon="3.1139">
        <ele>6.9</ele>
      </trkpt>
      <trkpt lat="39.75903" lon="3.11382">
        <ele>6.8</ele>
      </trkpt>
      <trkpt lat="39.75904" lon="3.1137">
        <ele>6.7</ele>
      </trkpt>
      <trkpt lat="39.75895" lon="3.11263">
        <ele>6.0</ele>
      </trkpt>
      <trkpt lat="39.75886" lon="3.11156">
        <ele>6.2</ele>
      </trkpt>
      <trkpt lat="39.75878" lon="3.1105">
        <ele>6.5</ele>
      </trkpt>
      <trkpt lat="39.75869" lon="3.10943">
        <ele>6.1</ele>
      </trkpt>
      <trkpt lat="39.75861" lon="3.10837">
        <ele>6.3</ele>
      </trkpt>
      <trkpt lat="39.75853" lon="3.10743">
        <ele>7.2</ele>
      </trkpt>
      <trkpt lat="39.75845" lon="3.1065">
        <ele>6.7</ele>
      </trkpt>
      <trkpt lat="39.75837" lon="3.10557">
        <ele>6.9</ele>
      </trkpt>
      <trkpt lat="39.75829" lon="3.10463">
        <ele>6.8</ele>
      </trkpt>
      <trkpt lat="39.75821" lon="3.1037">
        <ele>5.6</ele>
      </trkpt>
      <trkpt lat="39.7582" lon="3.10335">
        <ele>5.0</ele>
      </trkpt>
      <trkpt lat="39.75826" lon="3.10284">
        <ele>4.6</ele>
      </trkpt>
      <trkpt lat="39.75835" lon="3.10184">
        <ele>5.6</ele>
      </trkpt>
      <trkpt lat="39.75842" lon="3.10142">
        <ele>6.7</ele>
      </trkpt>
      <trkpt lat="39.75874" lon="3.10062">
        <ele>7.6</ele>
      </trkpt>
      <trkpt lat="39.75907" lon="3.09983">
        <ele>8.1</ele>
      </trkpt>
      <trkpt lat="39.7594" lon="3.09903">
        <ele>9.6</ele>
      </trkpt>
      <trkpt lat="39.7596" lon="3.09826">
        <ele>7.4</ele>
      </trkpt>
      <trkpt lat="39.75975" lon="3.09714">
        <ele>7.3</ele>
      </trkpt>
      <trkpt lat="39.7599" lon="3.09602">
        <ele>7.2</ele>
      </trkpt>
      <trkpt lat="39.76005" lon="3.09489">
        <ele>7.9</ele>
      </trkpt>
      <trkpt lat="39.7602" lon="3.09377">
        <ele>7.5</ele>
      </trkpt>
      <trkpt lat="39.76023" lon="3.09368">
        <ele>7.4</ele>
      </trkpt>
      <trkpt lat="39.76094" lon="3.09307">
        <ele>5.7</ele>
      </trkpt>
      <trkpt lat="39.76165" lon="3.09247">
        <ele>6.0</ele>
      </trkpt>
      <trkpt lat="39.76106" lon="3.09176">
        <ele>6.5</ele>
      </trkpt>
      <trkpt lat="39.76046" lon="3.09105">
        <ele>7.6</ele>
      </trkpt>
      <trkpt lat="39.75986" lon="3.09035">
        <ele>9.3</ele>
      </trkpt>
      <trkpt lat="39.75933" lon="3.08977">
        <ele>9.9</ele>
      </trkpt>
      <trkpt lat="39.75881" lon="3.0892">
        <ele>10.4</ele>
      </trkpt>
      <trkpt lat="39.75814" lon="3.08842">
        <ele>12.2</ele>
      </trkpt>
      <trkpt lat="39.75748" lon="3.08765">
        <ele>14.7</ele>
      </trkpt>
      <trkpt lat="39.75682" lon="3.08687">
        <ele>16.0</ele>
      </trkpt>
      <trkpt lat="39.75616" lon="3.0861">
        <ele>17.5</ele>
      </trkpt>
      <trkpt lat="39.7555" lon="3.08532">
        <ele>19.2</ele>
      </trkpt>
      <trkpt lat="39.75484" lon="3.08455">
        <ele>19.9</ele>
      </trkpt>
      <trkpt lat="39.7545" lon="3.08418">
        <ele>20.8</ele>
      </trkpt>
      <trkpt lat="39.75448" lon="3.08414">
        <ele>20.9</ele>
      </trkpt>
      <trkpt lat="39.75434" lon="3.08403">
        <ele>21.2</ele>
      </trkpt>
      <trkpt lat="39.75366" lon="3.08359">
        <ele>21.5</ele>
      </trkpt>
      <trkpt lat="39.75321" lon="3.08332">
        <ele>22.2</ele>
      </trkpt>
      <trkpt lat="39.75238" lon="3.08287">
        <ele>23.8</ele>
      </trkpt>
      <trkpt lat="39.75156" lon="3.08243">
        <ele>26.3</ele>
      </trkpt>
      <trkpt lat="39.75074" lon="3.08199">
        <ele>28.0</ele>
      </trkpt>
      <trkpt lat="39.75013" lon="3.08159">
        <ele>28.0</ele>
      </trkpt>
      <trkpt lat="39.74983" lon="3.08141">
        <ele>28.3</ele>
      </trkpt>
      <trkpt lat="39.74917" lon="3.081">
        <ele>30.6</ele>
      </trkpt>
      <trkpt lat="39.7484" lon="3.08061">
        <ele>32.1</ele>
      </trkpt>
      <trkpt lat="39.74762" lon="3.08023">
        <ele>33.6</ele>
      </trkpt>
      <trkpt lat="39.74695" lon="3.07983">
        <ele>34.7</ele>
      </trkpt>
      <trkpt lat="39.74627" lon="3.07943">
        <ele>36.1</ele>
      </trkpt>
      <trkpt lat="39.74566" lon="3.079">
        <ele>38.1</ele>
      </trkpt>
      <trkpt lat="39.74504" lon="3.07858">
        <ele>40.3</ele>
      </trkpt>
      <trkpt lat="39.74468" lon="3.0783">
        <ele>42.5</ele>
      </trkpt>
      <trkpt lat="39.74427" lon="3.07796">
        <ele>44.1</ele>
      </trkpt>
      <trkpt lat="39.74386" lon="3.07762">
        <ele>45.8</ele>
      </trkpt>
      <trkpt lat="39.74336" lon="3.07722">
        <ele>49.2</ele>
      </trkpt>
      <trkpt lat="39.74286" lon="3.07683">
        <ele>50.7</ele>
      </trkpt>
      <trkpt lat="39.7428" lon="3.07673">
        <ele>51.1</ele>
      </trkpt>
      <trkpt lat="39.74278" lon="3.07663">
        <ele>51.4</ele>
      </trkpt>
      <trkpt lat="39.74282" lon="3.0765">
        <ele>51.4</ele>
      </trkpt>
      <trkpt lat="39.74332" lon="3.0756">
        <ele>51.3</ele>
      </trkpt>
      <trkpt lat="39.74382" lon="3.0747">
        <ele>51.7</ele>
      </trkpt>
      <trkpt lat="39.74402" lon="3.07431">
        <ele>53.1</ele>
      </trkpt>
      <trkpt lat="39.74407" lon="3.07419">
        <ele>53.7</ele>
      </trkpt>
      <trkpt lat="39.74409" lon="3.07409">
        <ele>53.9</ele>
      </trkpt>
      <trkpt lat="39.74407" lon="3.074">
        <ele>54.1</ele>
      </trkpt>
      <trkpt lat="39.74391" lon="3.07363">
        <ele>54.8</ele>
      </trkpt>
      <trkpt lat="39.7436" lon="3.073">
        <ele>56.5</ele>
      </trkpt>
      <trkpt lat="39.74328" lon="3.07237">
        <ele>57.2</ele>
      </trkpt>
      <trkpt lat="39.74311" lon="3.07218">
        <ele>58.1</ele>
      </trkpt>
      <trkpt lat="39.74293" lon="3.07201">
        <ele>59.3</ele>
      </trkpt>
      <trkpt lat="39.74257" lon="3.07178">
        <ele>62.1</ele>
      </trkpt>
      <trkpt lat="39.74222" lon="3.07159">
        <ele>61.9</ele>
      </trkpt>
      <trkpt lat="39.74187" lon="3.07142">
        <ele>59.9</ele>
      </trkpt>
      <trkpt lat="39.74123" lon="3.07094">
        <ele>58.5</ele>
      </trkpt>
      <trkpt lat="39.74098" lon="3.07082">
        <ele>58.9</ele>
      </trkpt>
      <trkpt lat="39.74093" lon="3.07074">
        <ele>58.1</ele>
      </trkpt>
      <trkpt lat="39.74091" lon="3.07064">
        <ele>56.8</ele>
      </trkpt>
      <trkpt lat="39.74093" lon="3.07052">
        <ele>55.0</ele>
      </trkpt>
      <trkpt lat="39.74103" lon="3.07043">
        <ele>53.4</ele>
      </trkpt>
      <trkpt lat="39.74116" lon="3.0704">
        <ele>52.4</ele>
      </trkpt>
      <trkpt lat="39.74136" lon="3.07035">
        <ele>51.0</ele>
      </trkpt>
      <trkpt lat="39.74145" lon="3.07032">
        <ele>50.3</ele>
      </trkpt>
      <trkpt lat="39.74153" lon="3.07023">
        <ele>48.9</ele>
      </trkpt>
      <trkpt lat="39.74156" lon="3.07009">
        <ele>47.3</ele>
      </trkpt>
      <trkpt lat="39.7415" lon="3.06939">
        <ele>43.5</ele>
      </trkpt>
      <trkpt lat="39.74145" lon="3.06911">
        <ele>42.4</ele>
      </trkpt>
      <trkpt lat="39.74126" lon="3.06857">
        <ele>42.2</ele>
      </trkpt>
      <trkpt lat="39.74108" lon="3.06804">
        <ele>42.6</ele>
      </trkpt>
      <trkpt lat="39.74099" lon="3.06768">
        <ele>42.6</ele>
      </trkpt>
      <trkpt lat="39.74091" lon="3.06747">
        <ele>42.7</ele>
      </trkpt>
      <trkpt lat="39.74084" lon="3.06729">
        <ele>43.0</ele>
      </trkpt>
      <trkpt lat="39.74069" lon="3.06716">
        <ele>43.3</ele>
      </trkpt>
      <trkpt lat="39.74057" lon="3.06699">
        <ele>43.6</ele>
      </trkpt>
      <trkpt lat="39.74054" lon="3.06686">
        <ele>43.7</ele>
      </trkpt>
      <trkpt lat="39.74053" lon="3.06665">
        <ele>43.7</ele>
      </trkpt>
      <trkpt lat="39.7405" lon="3.06632">
        <ele>43.5</ele>
      </trkpt>
      <trkpt lat="39.74041" lon="3.06567">
        <ele>43.6</ele>
      </trkpt>
      <trkpt lat="39.74037" lon="3.06545">
        <ele>43.9</ele>
      </trkpt>
      <trkpt lat="39.7403" lon="3.06523">
        <ele>44.4</ele>
      </trkpt>
      <trkpt lat="39.74011" lon="3.06448">
        <ele>45.6</ele>
      </trkpt>
      <trkpt lat="39.74007" lon="3.06426">
        <ele>45.7</ele>
      </trkpt>
      <trkpt lat="39.74005" lon="3.06405">
        <ele>45.6</ele>
      </trkpt>
      <trkpt lat="39.74007" lon="3.0639">
        <ele>45.2</ele>
      </trkpt>
      <trkpt lat="39.74011" lon="3.06379">
        <ele>44.9</ele>
      </trkpt>
      <trkpt lat="39.7403" lon="3.06337">
        <ele>44.0</ele>
      </trkpt>
      <trkpt lat="39.74045" lon="3.06301">
        <ele>44.2</ele>
      </trkpt>
      <trkpt lat="39.74054" lon="3.06277">
        <ele>44.4</ele>
      </trkpt>
      <trkpt lat="39.74061" lon="3.06248">
        <ele>44.7</ele>
      </trkpt>
      <trkpt lat="39.74061" lon="3.06139">
        <ele>46.0</ele>
      </trkpt>
      <trkpt lat="39.74058" lon="3.06125">
        <ele>46.6</ele>
      </trkpt>
      <trkpt lat="39.74053" lon="3.06115">
        <ele>47.1</ele>
      </trkpt>
      <trkpt lat="39.74046" lon="3.06107">
        <ele>47.8</ele>
      </trkpt>
      <trkpt lat="39.73995" lon="3.06087">
        <ele>52.0</ele>
      </trkpt>
      <trkpt lat="39.73945" lon="3.06067">
        <ele>56.7</ele>
      </trkpt>
      <trkpt lat="39.73915" lon="3.0605">
        <ele>61.2</ele>
      </trkpt>
      <trkpt lat="39.73893" lon="3.06042">
        <ele>62.7</ele>
      </trkpt>
      <trkpt lat="39.73851" lon="3.06029">
        <ele>65.3</ele>
      </trkpt>
      <trkpt lat="39.73829" lon="3.06025">
        <ele>66.3</ele>
      </trkpt>
      <trkpt lat="39.73805" lon="3.06018">
        <ele>68.5</ele>
      </trkpt>
      <trkpt lat="39.73799" lon="3.0601">
        <ele>70.1</ele>
      </trkpt>
      <trkpt lat="39.73797" lon="3.06002">
        <ele>71.4</ele>
      </trkpt>
      <trkpt lat="39.73802" lon="3.05995">
        <ele>71.9</ele>
      </trkpt>
      <trkpt lat="39.73819" lon="3.05996">
        <ele>71.1</ele>
      </trkpt>
      <trkpt lat="39.73829" lon="3.06001">
        <ele>70.0</ele>
      </trkpt>
      <trkpt lat="39.73844" lon="3.06001">
        <ele>69.7</ele>
      </trkpt>
      <trkpt lat="39.73848" lon="3.05999">
        <ele>69.9</ele>
      </trkpt>
      <trkpt lat="39.7385" lon="3.05995">
        <ele>70.3</ele>
      </trkpt>
      <trkpt lat="39.73848" lon="3.05988">
        <ele>70.9</ele>
      </trkpt>
      <trkpt lat="39.73839" lon="3.05983">
        <ele>71.5</ele>
      </trkpt>
      <trkpt lat="39.73829" lon="3.05982">
        <ele>71.9</ele>
      </trkpt>
      <trkpt lat="39.73812" lon="3.0598">
        <ele>72.8</ele>
      </trkpt>
      <trkpt lat="39.73757" lon="3.0598">
        <ele>75.1</ele>
      </trkpt>
      <trkpt lat="39.73737" lon="3.05963">
        <ele>76.9</ele>
      </trkpt>
      <trkpt lat="39.73725" lon="3.05949">
        <ele>78.1</ele>
      </trkpt>
      <trkpt lat="39.73705" lon="3.05932">
        <ele>79.5</ele>
      </trkpt>
      <trkpt lat="39.73705" lon="3.05927">
        <ele>79.9</ele>
      </trkpt>
      <trkpt lat="39.73701" lon="3.05926">
        <ele>80.0</ele>
      </trkpt>
      <trkpt lat="39.73699" lon="3.05927">
        <ele>79.9</ele>
      </trkpt>
      <trkpt lat="39.73698" lon="3.05931">
        <ele>79.7</ele>
      </trkpt>
      <trkpt lat="39.73687" lon="3.05939">
        <ele>79.3</ele>
      </trkpt>
      <trkpt lat="39.73671" lon="3.05943">
        <ele>79.4</ele>
      </trkpt>
      <trkpt lat="39.73661" lon="3.05941">
        <ele>79.6</ele>
      </trkpt>
      <trkpt lat="39.73635" lon="3.05941">
        <ele>79.8</ele>
      </trkpt>
      <trkpt lat="39.73617" lon="3.05969">
        <ele>78.6</ele>
      </trkpt>
      <trkpt lat="39.73593" lon="3.05934">
        <ele>80.3</ele>
      </trkpt>
      <trkpt lat="39.73581" lon="3.05918">
        <ele>81.0</ele>
      </trkpt>
      <trkpt lat="39.73566" lon="3.05909">
        <ele>80.9</ele>
      </trkpt>
      <trkpt lat="39.73559" lon="3.05905">
        <ele>80.9</ele>
      </trkpt>
      <trkpt lat="39.7354" lon="3.05895">
        <ele>80.7</ele>
      </trkpt>
      <trkpt lat="39.73533" lon="3.05908">
        <ele>81.3</ele>
      </trkpt>
      <trkpt lat="39.73489" lon="3.05922">
        <ele>82.0</ele>
      </trkpt>
      <trkpt lat="39.73474" lon="3.05928">
        <ele>82.0</ele>
      </trkpt>
      <trkpt lat="39.73465" lon="3.0593">
        <ele>82.0</ele>
      </trkpt>
      <trkpt lat="39.73448" lon="3.05874">
        <ele>81.4</ele>
      </trkpt>
      <trkpt lat="39.73431" lon="3.05818">
        <ele>80.1</ele>
      </trkpt>
      <trkpt lat="39.73451" lon="3.05808">
        <ele>79.4</ele>
      </trkpt>
      <trkpt lat="39.73488" lon="3.05783">
        <ele>78.0</ele>
      </trkpt>
      <trkpt lat="39.73537" lon="3.05747">
        <ele>77.3</ele>
      </trkpt>
      <trkpt lat="39.73543" lon="3.05755">
        <ele>77.6</ele>
      </trkpt>
      <trkpt lat="39.73537" lon="3.05747">
        <ele>77.3</ele>
      </trkpt>
      <trkpt lat="39.7352" lon="3.05702">
        <ele>74.9</ele>
      </trkpt>
      <trkpt lat="39.73454" lon="3.05733">
        <ele>77.1</ele>
      </trkpt>
      <trkpt lat="39.73383" lon="3.05761">
        <ele>79.2</ele>
      </trkpt>
      <trkpt lat="39.73358" lon="3.05777">
        <ele>80.2</ele>
      </trkpt>
      <trkpt lat="39.73275" lon="3.05816">
        <ele>81.9</ele>
      </trkpt>
      <trkpt lat="39.73192" lon="3.05855">
        <ele>80.2</ele>
      </trkpt>
      <trkpt lat="39.73134" lon="3.05885">
        <ele>79.1</ele>
      </trkpt>
      <trkpt lat="39.73092" lon="3.05891">
        <ele>78.5</ele>
      </trkpt>
      <trkpt lat="39.73042" lon="3.05901">
        <ele>78.6</ele>
      </trkpt>
      <trkpt lat="39.72991" lon="3.0591">
        <ele>78.6</ele>
      </trkpt>
      <trkpt lat="39.72968" lon="3.05921">
        <ele>78.2</ele>
      </trkpt>
      <trkpt lat="39.72892" lon="3.05891">
        <ele>76.3</ele>
      </trkpt>
      <trkpt lat="39.72816" lon="3.05862">
        <ele>74.5</ele>
      </trkpt>
      <trkpt lat="39.72737" lon="3.05828">
        <ele>69.9</ele>
      </trkpt>
      <trkpt lat="39.72706" lon="3.05816">
        <ele>69.7</ele>
      </trkpt>
      <trkpt lat="39.72624" lon="3.05784">
        <ele>69.7</ele>
      </trkpt>
      <trkpt lat="39.72543" lon="3.05752">
        <ele>69.1</ele>
      </trkpt>
      <trkpt lat="39.72461" lon="3.0572">
        <ele>67.4</ele>
      </trkpt>
      <trkpt lat="39.7238" lon="3.05688">
        <ele>67.8</ele>
      </trkpt>
      <trkpt lat="39.72305" lon="3.05659">
        <ele>67.2</ele>
      </trkpt>
      <trkpt lat="39.7223" lon="3.0563">
        <ele>68.7</ele>
      </trkpt>
      <trkpt lat="39.72155" lon="3.05601">
        <ele>69.5</ele>
      </trkpt>
      <trkpt lat="39.72076" lon="3.0557">
        <ele>70.5</ele>
      </trkpt>
      <trkpt lat="39.71998" lon="3.05538">
        <ele>69.5</ele>
      </trkpt>
      <trkpt lat="39.71919" lon="3.05507">
        <ele>73.8</ele>
      </trkpt>
      <trkpt lat="39.71879" lon="3.05494">
        <ele>72.9</ele>
      </trkpt>
      <trkpt lat="39.71809" lon="3.05475">
        <ele>70.7</ele>
      </trkpt>
      <trkpt lat="39.7174" lon="3.05456">
        <ele>68.7</ele>
      </trkpt>
      <trkpt lat="39.7167" lon="3.05437">
        <ele>73.5</ele>
      </trkpt>
      <trkpt lat="39.71597" lon="3.0546">
        <ele>75.4</ele>
      </trkpt>
      <trkpt lat="39.71524" lon="3.05483">
        <ele>74.9</ele>
      </trkpt>
      <trkpt lat="39.71451" lon="3.05506">
        <ele>76.4</ele>
      </trkpt>
      <trkpt lat="39.71378" lon="3.0553">
        <ele>78.5</ele>
      </trkpt>
      <trkpt lat="39.71305" lon="3.05553">
        <ele>78.6</ele>
      </trkpt>
      <trkpt lat="39.71286" lon="3.05564">
        <ele>78.1</ele>
      </trkpt>
      <trkpt lat="39.71279" lon="3.0558">
        <ele>77.7</ele>
      </trkpt>
      <trkpt lat="39.71261" lon="3.05666">
        <ele>73.9</ele>
      </trkpt>
      <trkpt lat="39.71243" lon="3.05753">
        <ele>75.4</ele>
      </trkpt>
      <trkpt lat="39.71225" lon="3.0584">
        <ele>80.2</ele>
      </trkpt>
      <trkpt lat="39.71219" lon="3.0585">
        <ele>81.6</ele>
      </trkpt>
      <trkpt lat="39.71211" lon="3.05854">
        <ele>82.7</ele>
      </trkpt>
      <trkpt lat="39.71129" lon="3.0583">
        <ele>84.6</ele>
      </trkpt>
      <trkpt lat="39.71048" lon="3.05805">
        <ele>85.8</ele>
      </trkpt>
      <trkpt lat="39.70967" lon="3.05781">
        <ele>87.0</ele>
      </trkpt>
      <trkpt lat="39.70885" lon="3.05757">
        <ele>86.3</ele>
      </trkpt>
      <trkpt lat="39.70855" lon="3.05747">
        <ele>85.5</ele>
      </trkpt>
      <trkpt lat="39.70835" lon="3.05735">
        <ele>84.9</ele>
      </trkpt>
      <trkpt lat="39.70815" lon="3.05714">
        <ele>83.8</ele>
      </trkpt>
      <trkpt lat="39.70795" lon="3.05702">
        <ele>83.6</ele>
      </trkpt>
      <trkpt lat="39.70709" lon="3.05674">
        <ele>86.1</ele>
      </trkpt>
      <trkpt lat="39.70623" lon="3.05646">
        <ele>92.1</ele>
      </trkpt>
      <trkpt lat="39.70537" lon="3.05618">
        <ele>98.6</ele>
      </trkpt>
      <trkpt lat="39.7045" lon="3.0559">
        <ele>100.1</ele>
      </trkpt>
      <trkpt lat="39.70434" lon="3.05581">
        <ele>100.0</ele>
      </trkpt>
      <trkpt lat="39.70413" lon="3.05562">
        <ele>99.9</ele>
      </trkpt>
      <trkpt lat="39.70385" lon="3.05552">
        <ele>99.0</ele>
      </trkpt>
      <trkpt lat="39.70353" lon="3.05544">
        <ele>98.1</ele>
      </trkpt>
      <trkpt lat="39.70284" lon="3.05533">
        <ele>95.7</ele>
      </trkpt>
      <trkpt lat="39.70214" lon="3.05523">
        <ele>95.1</ele>
      </trkpt>
      <trkpt lat="39.70179" lon="3.05515">
        <ele>95.5</ele>
      </trkpt>
      <trkpt lat="39.70143" lon="3.05504">
        <ele>96.3</ele>
      </trkpt>
      <trkpt lat="39.70116" lon="3.05489">
        <ele>97.1</ele>
      </trkpt>
      <trkpt lat="39.70068" lon="3.05465">
        <ele>98.9</ele>
      </trkpt>
      <trkpt lat="39.70022" lon="3.05437">
        <ele>101.3</ele>
      </trkpt>
      <trkpt lat="39.69976" lon="3.05409">
        <ele>104.2</ele>
      </trkpt>
      <trkpt lat="39.69958" lon="3.05395">
        <ele>105.5</ele>
      </trkpt>
      <trkpt lat="39.69926" lon="3.05367">
        <ele>107.0</ele>
      </trkpt>
      <trkpt lat="39.69894" lon="3.05353">
        <ele>109.0</ele>
      </trkpt>
      <trkpt lat="39.69879" lon="3.05347">
        <ele>110.1</ele>
      </trkpt>
      <trkpt lat="39.69862" lon="3.05343">
        <ele>111.6</ele>
      </trkpt>
      <trkpt lat="39.69813" lon="3.05336">
        <ele>113.6</ele>
      </trkpt>
      <trkpt lat="39.69753" lon="3.05311">
        <ele>112.6</ele>
      </trkpt>
      <trkpt lat="39.69713" lon="3.05291">
        <ele>109.2</ele>
      </trkpt>
      <trkpt lat="39.69685" lon="3.05279">
        <ele>106.6</ele>
      </trkpt>
      <trkpt lat="39.69624" lon="3.05255">
        <ele>104.8</ele>
      </trkpt>
      <trkpt lat="39.69612" lon="3.05251">
        <ele>105.0</ele>
      </trkpt>
      <trkpt lat="39.69602" lon="3.05249">
        <ele>105.1</ele>
      </trkpt>
      <trkpt lat="39.6958" lon="3.05248">
        <ele>105.1</ele>
      </trkpt>
      <trkpt lat="39.69557" lon="3.05247">
        <ele>104.6</ele>
      </trkpt>
      <trkpt lat="39.69537" lon="3.05245">
        <ele>104.3</ele>
      </trkpt>
      <trkpt lat="39.69463" lon="3.05227">
        <ele>106.5</ele>
      </trkpt>
      <trkpt lat="39.69388" lon="3.0521">
        <ele>110.0</ele>
      </trkpt>
      <trkpt lat="39.69382" lon="3.05206">
        <ele>110.3</ele>
      </trkpt>
      <trkpt lat="39.69378" lon="3.05203">
        <ele>110.5</ele>
      </trkpt>
      <trkpt lat="39.69373" lon="3.05193">
        <ele>110.7</ele>
      </trkpt>
      <trkpt lat="39.69357" lon="3.05144">
        <ele>110.9</ele>
      </trkpt>
      <trkpt lat="39.69345" lon="3.05098">
        <ele>110.0</ele>
      </trkpt>
      <trkpt lat="39.69335" lon="3.05065">
        <ele>109.8</ele>
      </trkpt>
      <trkpt lat="39.69329" lon="3.05051">
        <ele>109.7</ele>
      </trkpt>
      <trkpt lat="39.69322" lon="3.05042">
        <ele>109.3</ele>
      </trkpt>
      <trkpt lat="39.69295" lon="3.0501">
        <ele>107.6</ele>
      </trkpt>
      <trkpt lat="39.69283" lon="3.04993">
        <ele>106.4</ele>
      </trkpt>
      <trkpt lat="39.69277" lon="3.04981">
        <ele>105.5</ele>
      </trkpt>
      <trkpt lat="39.69259" lon="3.04925">
        <ele>102.8</ele>
      </trkpt>
      <trkpt lat="39.69255" lon="3.04915">
        <ele>102.3</ele>
      </trkpt>
      <trkpt lat="39.69246" lon="3.04901">
        <ele>101.2</ele>
      </trkpt>
      <trkpt lat="39.6924" lon="3.04896">
        <ele>100.9</ele>
      </trkpt>
      <trkpt lat="39.69194" lon="3.04866">
        <ele>99.3</ele>
      </trkpt>
      <trkpt lat="39.69147" lon="3.04836">
        <ele>97.6</ele>
      </trkpt>
      <trkpt lat="39.69132" lon="3.04829">
        <ele>97.1</ele>
      </trkpt>
      <trkpt lat="39.69086" lon="3.04814">
        <ele>95.8</ele>
      </trkpt>
      <trkpt lat="39.69072" lon="3.04807">
        <ele>95.8</ele>
      </trkpt>
      <trkpt lat="39.69058" lon="3.04797">
        <ele>95.7</ele>
      </trkpt>
      <trkpt lat="39.69045" lon="3.04786">
        <ele>95.6</ele>
      </trkpt>
      <trkpt lat="39.69036" lon="3.04774">
        <ele>95.5</ele>
      </trkpt>
      <trkpt lat="39.69014" lon="3.04738">
        <ele>95.0</ele>
      </trkpt>
      <trkpt lat="39.69003" lon="3.04725">
        <ele>95.0</ele>
      </trkpt>
      <trkpt lat="39.68986" lon="3.04711">
        <ele>94.4</ele>
      </trkpt>
      <trkpt lat="39.68969" lon="3.047">
        <ele>93.7</ele>
      </trkpt>
      <trkpt lat="39.68903" lon="3.04663">
        <ele>92.0</ele>
      </trkpt>
      <trkpt lat="39.68892" lon="3.04655">
        <ele>92.0</ele>
      </trkpt>
      <trkpt lat="39.68868" lon="3.04634">
        <ele>92.3</ele>
      </trkpt>
      <trkpt lat="39.68827" lon="3.04595">
        <ele>94.3</ele>
      </trkpt>
      <trkpt lat="39.68786" lon="3.04556">
        <ele>98.4</ele>
      </trkpt>
      <trkpt lat="39.6876" lon="3.04522">
        <ele>100.4</ele>
      </trkpt>
      <trkpt lat="39.68731" lon="3.04483">
        <ele>104.3</ele>
      </trkpt>
      <trkpt lat="39.68727" lon="3.0448">
        <ele>104.9</ele>
      </trkpt>
      <trkpt lat="39.68681" lon="3.04459">
        <ele>110.6</ele>
      </trkpt>
      <trkpt lat="39.6861" lon="3.0442">
        <ele>115.9</ele>
      </trkpt>
      <trkpt lat="39.68539" lon="3.04381">
        <ele>121.5</ele>
      </trkpt>
      <trkpt lat="39.68468" lon="3.04342">
        <ele>123.2</ele>
      </trkpt>
      <trkpt lat="39.68457" lon="3.04338">
        <ele>123.3</ele>
      </trkpt>
      <trkpt lat="39.68444" lon="3.04338">
        <ele>123.6</ele>
      </trkpt>
      <trkpt lat="39.68377" lon="3.04342">
        <ele>128.3</ele>
      </trkpt>
      <trkpt lat="39.68366" lon="3.04342">
        <ele>129.3</ele>
      </trkpt>
      <trkpt lat="39.68353" lon="3.0434">
        <ele>130.4</ele>
      </trkpt>
      <trkpt lat="39.68288" lon="3.04322">
        <ele>131.3</ele>
      </trkpt>
      <trkpt lat="39.68254" lon="3.04316">
        <ele>131.0</ele>
      </trkpt>
      <trkpt lat="39.68236" lon="3.04314">
        <ele>130.3</ele>
      </trkpt>
      <trkpt lat="39.68218" lon="3.04307">
        <ele>129.0</ele>
      </trkpt>
      <trkpt lat="39.6817" lon="3.04282">
        <ele>124.0</ele>
      </trkpt>
      <trkpt lat="39.68105" lon="3.04245">
        <ele>118.9</ele>
      </trkpt>
      <trkpt lat="39.68093" lon="3.04235">
        <ele>118.0</ele>
      </trkpt>
      <trkpt lat="39.68053" lon="3.04197">
        <ele>114.8</ele>
      </trkpt>
      <trkpt lat="39.68037" lon="3.04185">
        <ele>113.8</ele>
      </trkpt>
      <trkpt lat="39.67986" lon="3.04162">
        <ele>112.3</ele>
      </trkpt>
      <trkpt lat="39.67944" lon="3.04148">
        <ele>113.0</ele>
      </trkpt>
      <trkpt lat="39.67893" lon="3.04135">
        <ele>113.2</ele>
      </trkpt>
      <trkpt lat="39.67833" lon="3.04112">
        <ele>112.7</ele>
      </trkpt>
      <trkpt lat="39.6778" lon="3.04083">
        <ele>112.6</ele>
      </trkpt>
      <trkpt lat="39.67728" lon="3.04053">
        <ele>114.0</ele>
      </trkpt>
      <trkpt lat="39.67704" lon="3.04034">
        <ele>115.0</ele>
      </trkpt>
      <trkpt lat="39.67689" lon="3.04018">
        <ele>115.8</ele>
      </trkpt>
      <trkpt lat="39.67629" lon="3.03955">
        <ele>117.3</ele>
      </trkpt>
      <trkpt lat="39.67602" lon="3.03928">
        <ele>117.8</ele>
      </trkpt>
      <trkpt lat="39.67562" lon="3.03897">
        <ele>118.0</ele>
      </trkpt>
      <trkpt lat="39.67527" lon="3.03868">
        <ele>118.3</ele>
      </trkpt>
      <trkpt lat="39.67514" lon="3.03862">
        <ele>118.4</ele>
      </trkpt>
      <trkpt lat="39.67502" lon="3.0386">
        <ele>118.4</ele>
      </trkpt>
      <trkpt lat="39.67436" lon="3.03856">
        <ele>116.4</ele>
      </trkpt>
      <trkpt lat="39.6737" lon="3.03851">
        <ele>116.0</ele>
      </trkpt>
      <trkpt lat="39.67305" lon="3.03847">
        <ele>116.6</ele>
      </trkpt>
      <trkpt lat="39.67284" lon="3.03845">
        <ele>116.9</ele>
      </trkpt>
      <trkpt lat="39.67271" lon="3.03841">
        <ele>117.0</ele>
      </trkpt>
      <trkpt lat="39.67223" lon="3.03813">
        <ele>117.3</ele>
      </trkpt>
      <trkpt lat="39.67175" lon="3.03788">
        <ele>116.7</ele>
      </trkpt>
      <trkpt lat="39.67151" lon="3.03773">
        <ele>116.4</ele>
      </trkpt>
      <trkpt lat="39.67113" lon="3.03741">
        <ele>117.6</ele>
      </trkpt>
      <trkpt lat="39.6707" lon="3.03708">
        <ele>119.7</ele>
      </trkpt>
      <trkpt lat="39.67039" lon="3.03691">
        <ele>122.0</ele>
      </trkpt>
      <trkpt lat="39.6703" lon="3.03685">
        <ele>122.6</ele>
      </trkpt>
      <trkpt lat="39.67024" lon="3.03676">
        <ele>123.0</ele>
      </trkpt>
      <trkpt lat="39.66986" lon="3.03597">
        <ele>122.4</ele>
      </trkpt>
      <trkpt lat="39.66976" lon="3.03567">
        <ele>121.1</ele>
      </trkpt>
      <trkpt lat="39.66969" lon="3.03553">
        <ele>120.5</ele>
      </trkpt>
      <trkpt lat="39.66964" lon="3.03546">
        <ele>120.3</ele>
      </trkpt>
      <trkpt lat="39.66958" lon="3.0354">
        <ele>120.2</ele>
      </trkpt>
      <trkpt lat="39.66922" lon="3.0352">
        <ele>120.2</ele>
      </trkpt>
      <trkpt lat="39.66869" lon="3.03487">
        <ele>118.1</ele>
      </trkpt>
      <trkpt lat="39.6679" lon="3.03433">
        <ele>116.2</ele>
      </trkpt>
      <trkpt lat="39.66738" lon="3.03393">
        <ele>116.3</ele>
      </trkpt>
      <trkpt lat="39.66686" lon="3.03354">
        <ele>114.9</ele>
      </trkpt>
      <trkpt lat="39.66663" lon="3.03341">
        <ele>114.5</ele>
      </trkpt>
      <trkpt lat="39.6665" lon="3.03336">
        <ele>114.5</ele>
      </trkpt>
      <trkpt lat="39.66637" lon="3.03333">
        <ele>114.7</ele>
      </trkpt>
      <trkpt lat="39.6655" lon="3.03315">
        <ele>117.1</ele>
      </trkpt>
      <trkpt lat="39.66464" lon="3.03296">
        <ele>120.3</ele>
      </trkpt>
      <trkpt lat="39.66378" lon="3.03278">
        <ele>124.2</ele>
      </trkpt>
      <trkpt lat="39.66291" lon="3.03259">
        <ele>128.8</ele>
      </trkpt>
      <trkpt lat="39.66248" lon="3.03249">
        <ele>131.1</ele>
      </trkpt>
      <trkpt lat="39.66235" lon="3.03245">
        <ele>132.1</ele>
      </trkpt>
      <trkpt lat="39.66223" lon="3.0324">
        <ele>132.8</ele>
      </trkpt>
      <trkpt lat="39.66203" lon="3.03226">
        <ele>133.6</ele>
      </trkpt>
      <trkpt lat="39.66161" lon="3.03192">
        <ele>134.5</ele>
      </trkpt>
      <trkpt lat="39.66149" lon="3.03185">
        <ele>134.8</ele>
      </trkpt>
      <trkpt lat="39.6612" lon="3.03171">
        <ele>135.7</ele>
      </trkpt>
      <trkpt lat="39.66107" lon="3.03166">
        <ele>136.2</ele>
      </trkpt>
      <trkpt lat="39.66093" lon="3.03164">
        <ele>137.0</ele>
      </trkpt>
      <trkpt lat="39.66074" lon="3.03164">
        <ele>136.8</ele>
      </trkpt>
      <trkpt lat="39.66065" lon="3.03163">
        <ele>135.9</ele>
      </trkpt>
      <trkpt lat="39.66057" lon="3.03159">
        <ele>134.8</ele>
      </trkpt>
      <trkpt lat="39.65998" lon="3.03114">
        <ele>127.5</ele>
      </trkpt>
      <trkpt lat="39.65938" lon="3.03069">
        <ele>126.9</ele>
      </trkpt>
      <trkpt lat="39.6588" lon="3.03023">
        <ele>126.6</ele>
      </trkpt>
      <trkpt lat="39.65822" lon="3.02978">
        <ele>127.5</ele>
      </trkpt>
      <trkpt lat="39.65793" lon="3.0295">
        <ele>127.4</ele>
      </trkpt>
      <trkpt lat="39.65757" lon="3.02909">
        <ele>127.7</ele>
      </trkpt>
      <trkpt lat="39.65738" lon="3.02881">
        <ele>128.5</ele>
      </trkpt>
      <trkpt lat="39.65696" lon="3.02808">
        <ele>132.5</ele>
      </trkpt>
      <trkpt lat="39.65653" lon="3.02736">
        <ele>136.6</ele>
      </trkpt>
      <trkpt lat="39.65624" lon="3.0269">
        <ele>140.0</ele>
      </trkpt>
      <trkpt lat="39.65596" lon="3.02645">
        <ele>142.4</ele>
      </trkpt>
      <trkpt lat="39.65581" lon="3.0262">
        <ele>143.7</ele>
      </trkpt>
      <trkpt lat="39.65568" lon="3.02593">
        <ele>144.7</ele>
      </trkpt>
      <trkpt lat="39.65555" lon="3.02556">
        <ele>144.7</ele>
      </trkpt>
      <trkpt lat="39.65528" lon="3.02484">
        <ele>145.0</ele>
      </trkpt>
      <trkpt lat="39.65518" lon="3.02466">
        <ele>146.0</ele>
      </trkpt>
      <trkpt lat="39.65504" lon="3.02446">
        <ele>147.6</ele>
      </trkpt>
      <trkpt lat="39.65477" lon="3.02419">
        <ele>149.5</ele>
      </trkpt>
      <trkpt lat="39.65464" lon="3.02403">
        <ele>149.8</ele>
      </trkpt>
      <trkpt lat="39.65438" lon="3.02362">
        <ele>150.3</ele>
      </trkpt>
      <trkpt lat="39.6539" lon="3.02308">
        <ele>149.0</ele>
      </trkpt>
      <trkpt lat="39.65378" lon="3.0229">
        <ele>148.0</ele>
      </trkpt>
      <trkpt lat="39.65366" lon="3.0227">
        <ele>146.9</ele>
      </trkpt>
      <trkpt lat="39.65346" lon="3.02225">
        <ele>145.6</ele>
      </trkpt>
      <trkpt lat="39.65326" lon="3.02178">
        <ele>145.1</ele>
      </trkpt>
      <trkpt lat="39.65297" lon="3.02117">
        <ele>145.3</ele>
      </trkpt>
      <trkpt lat="39.65289" lon="3.021">
        <ele>145.4</ele>
      </trkpt>
      <trkpt lat="39.65266" lon="3.02068">
        <ele>144.9</ele>
      </trkpt>
      <trkpt lat="39.65219" lon="3.02011">
        <ele>142.8</ele>
      </trkpt>
      <trkpt lat="39.65196" lon="3.0199">
        <ele>142.1</ele>
      </trkpt>
      <trkpt lat="39.6517" lon="3.0197">
        <ele>141.3</ele>
      </trkpt>
      <trkpt lat="39.65102" lon="3.01925">
        <ele>139.3</ele>
      </trkpt>
      <trkpt lat="39.65034" lon="3.01879">
        <ele>137.2</ele>
      </trkpt>
      <trkpt lat="39.64966" lon="3.01834">
        <ele>136.2</ele>
      </trkpt>
      <trkpt lat="39.64903" lon="3.01803">
        <ele>138.2</ele>
      </trkpt>
      <trkpt lat="39.64862" lon="3.01784">
        <ele>139.6</ele>
      </trkpt>
      <trkpt lat="39.64824" lon="3.01765">
        <ele>140.7</ele>
      </trkpt>
      <trkpt lat="39.64804" lon="3.01758">
        <ele>141.2</ele>
      </trkpt>
      <trkpt lat="39.64782" lon="3.01755">
        <ele>141.9</ele>
      </trkpt>
      <trkpt lat="39.6476" lon="3.01748">
        <ele>142.6</ele>
      </trkpt>
      <trkpt lat="39.64736" lon="3.01696">
        <ele>141.7</ele>
      </trkpt>
      <trkpt lat="39.64734" lon="3.0167">
        <ele>140.9</ele>
      </trkpt>
      <trkpt lat="39.64735" lon="3.01662">
        <ele>140.8</ele>
      </trkpt>
      <trkpt lat="39.64736" lon="3.01654">
        <ele>140.8</ele>
      </trkpt>
      <trkpt lat="39.64733" lon="3.01645">
        <ele>140.7</ele>
      </trkpt>
      <trkpt lat="39.64729" lon="3.0164">
        <ele>140.6</ele>
      </trkpt>
      <trkpt lat="39.64724" lon="3.01636">
        <ele>140.5</ele>
      </trkpt>
      <trkpt lat="39.64718" lon="3.01634">
        <ele>140.3</ele>
      </trkpt>
      <trkpt lat="39.64712" lon="3.01635">
        <ele>140.2</ele>
      </trkpt>
      <trkpt lat="39.64706" lon="3.01638">
        <ele>140.1</ele>
      </trkpt>
      <trkpt lat="39.64682" lon="3.01585">
        <ele>138.6</ele>
      </trkpt>
      <trkpt lat="39.64652" lon="3.01531">
        <ele>136.9</ele>
      </trkpt>
      <trkpt lat="39.64642" lon="3.01516">
        <ele>135.9</ele>
      </trkpt>
      <trkpt lat="39.64624" lon="3.01484">
        <ele>133.7</ele>
      </trkpt>
      <trkpt lat="39.64619" lon="3.01478">
        <ele>133.2</ele>
      </trkpt>
      <trkpt lat="39.64589" lon="3.01423">
        <ele>130.4</ele>
      </trkpt>
      <trkpt lat="39.64577" lon="3.01397">
        <ele>129.2</ele>
      </trkpt>
      <trkpt lat="39.64564" lon="3.01369">
        <ele>128.4</ele>
      </trkpt>
      <trkpt lat="39.64558" lon="3.01353">
        <ele>128.2</ele>
      </trkpt>
      <trkpt lat="39.64551" lon="3.01337">
        <ele>128.2</ele>
      </trkpt>
      <trkpt lat="39.64556" lon="3.01326">
        <ele>128.3</ele>
      </trkpt>
      <trkpt lat="39.6458" lon="3.01282">
        <ele>129.0</ele>
      </trkpt>
      <trkpt lat="39.64574" lon="3.0125">
        <ele>130.6</ele>
      </trkpt>
      <trkpt lat="39.64567" lon="3.01229">
        <ele>130.8</ele>
      </trkpt>
      <trkpt lat="39.6455" lon="3.01214">
        <ele>131.7</ele>
      </trkpt>
      <trkpt lat="39.64517" lon="3.01188">
        <ele>133.8</ele>
      </trkpt>
      <trkpt lat="39.64504" lon="3.01174">
        <ele>134.7</ele>
      </trkpt>
      <trkpt lat="39.64487" lon="3.01153">
        <ele>135.0</ele>
      </trkpt>
      <trkpt lat="39.64476" lon="3.01135">
        <ele>134.9</ele>
      </trkpt>
      <trkpt lat="39.64468" lon="3.01119">
        <ele>134.7</ele>
      </trkpt>
      <trkpt lat="39.64448" lon="3.01077">
        <ele>134.6</ele>
      </trkpt>
      <trkpt lat="39.64433" lon="3.0105">
        <ele>135.1</ele>
      </trkpt>
      <trkpt lat="39.64426" lon="3.01041">
        <ele>135.6</ele>
      </trkpt>
      <trkpt lat="39.6441" lon="3.01026">
        <ele>136.8</ele>
      </trkpt>
      <trkpt lat="39.64428" lon="3.01001">
        <ele>134.7</ele>
      </trkpt>
      <trkpt lat="39.64425" lon="3.00953">
        <ele>130.7</ele>
      </trkpt>
      <trkpt lat="39.644" lon="3.00929">
        <ele>131.1</ele>
      </trkpt>
      <trkpt lat="39.64416" lon="3.00891">
        <ele>126.8</ele>
      </trkpt>
      <trkpt lat="39.64431" lon="3.00864">
        <ele>124.5</ele>
      </trkpt>
      <trkpt lat="39.64483" lon="3.00801">
        <ele>120.2</ele>
      </trkpt>
      <trkpt lat="39.6452" lon="3.00758">
        <ele>119.2</ele>
      </trkpt>
      <trkpt lat="39.64578" lon="3.00683">
        <ele>117.1</ele>
      </trkpt>
      <trkpt lat="39.64584" lon="3.00674">
        <ele>117.0</ele>
      </trkpt>
      <trkpt lat="39.64603" lon="3.00643">
        <ele>116.4</ele>
      </trkpt>
      <trkpt lat="39.64641" lon="3.00579">
        <ele>115.0</ele>
      </trkpt>
      <trkpt lat="39.64648" lon="3.00564">
        <ele>114.9</ele>
      </trkpt>
      <trkpt lat="39.64675" lon="3.00527">
        <ele>114.8</ele>
      </trkpt>
      <trkpt lat="39.64726" lon="3.00467">
        <ele>112.9</ele>
      </trkpt>
      <trkpt lat="39.64764" lon="3.00432">
        <ele>111.1</ele>
      </trkpt>
      <trkpt lat="39.64783" lon="3.00418">
        <ele>110.2</ele>
      </trkpt>
      <trkpt lat="39.64823" lon="3.00388">
        <ele>108.9</ele>
      </trkpt>
      <trkpt lat="39.64863" lon="3.00358">
        <ele>109.7</ele>
      </trkpt>
      <trkpt lat="39.64907" lon="3.00327">
        <ele>111.5</ele>
      </trkpt>
      <trkpt lat="39.64966" lon="3.00287">
        <ele>111.1</ele>
      </trkpt>
      <trkpt lat="39.65025" lon="3.00247">
        <ele>110.1</ele>
      </trkpt>
      <trkpt lat="39.65083" lon="3.00207">
        <ele>111.5</ele>
      </trkpt>
      <trkpt lat="39.65138" lon="3.00174">
        <ele>114.6</ele>
      </trkpt>
      <trkpt lat="39.65194" lon="3.00145">
        <ele>117.2</ele>
      </trkpt>
      <trkpt lat="39.6525" lon="3.00115">
        <ele>119.5</ele>
      </trkpt>
      <trkpt lat="39.65296" lon="3.00096">
        <ele>122.3</ele>
      </trkpt>
      <trkpt lat="39.65341" lon="3.00077">
        <ele>124.6</ele>
      </trkpt>
      <trkpt lat="39.65375" lon="3.00061">
        <ele>123.0</ele>
      </trkpt>
      <trkpt lat="39.65401" lon="3.00044">
        <ele>122.6</ele>
      </trkpt>
      <trkpt lat="39.65424" lon="3.00027">
        <ele>122.8</ele>
      </trkpt>
      <trkpt lat="39.65442" lon="3.00027">
        <ele>121.2</ele>
      </trkpt>
      <trkpt lat="39.65451" lon="3.00039">
        <ele>119.5</ele>
      </trkpt>
      <trkpt lat="39.65475" lon="2.99995">
        <ele>120.0</ele>
      </trkpt>
      <trkpt lat="39.65522" lon="2.99937">
        <ele>119.2</ele>
      </trkpt>
      <trkpt lat="39.65589" lon="2.99873">
        <ele>115.8</ele>
      </trkpt>
      <trkpt lat="39.65653" lon="2.99807">
        <ele>115.1</ele>
      </trkpt>
      <trkpt lat="39.65695" lon="2.99751">
        <ele>114.6</ele>
      </trkpt>
      <trkpt lat="39.65719" lon="2.99708">
        <ele>112.2</ele>
      </trkpt>
      <trkpt lat="39.65751" lon="2.99636">
        <ele>109.2</ele>
      </trkpt>
      <trkpt lat="39.65789" lon="2.99531">
        <ele>102.8</ele>
      </trkpt>
      <trkpt lat="39.65827" lon="2.99426">
        <ele>99.3</ele>
      </trkpt>
      <trkpt lat="39.65865" lon="2.99321">
        <ele>96.7</ele>
      </trkpt>
      <trkpt lat="39.65903" lon="2.99215">
        <ele>97.8</ele>
      </trkpt>
      <trkpt lat="39.65927" lon="2.99148">
        <ele>98.6</ele>
      </trkpt>
      <trkpt lat="39.65944" lon="2.99075">
        <ele>98.5</ele>
      </trkpt>
      <trkpt lat="39.65963" lon="2.98999">
        <ele>100.5</ele>
      </trkpt>
      <trkpt lat="39.65982" lon="2.98923">
        <ele>99.6</ele>
      </trkpt>
      <trkpt lat="39.66015" lon="2.98831">
        <ele>96.8</ele>
      </trkpt>
      <trkpt lat="39.66048" lon="2.98738">
        <ele>95.4</ele>
      </trkpt>
      <trkpt lat="39.66082" lon="2.98643">
        <ele>93.5</ele>
      </trkpt>
      <trkpt lat="39.66116" lon="2.98549">
        <ele>89.4</ele>
      </trkpt>
      <trkpt lat="39.66151" lon="2.9845">
        <ele>86.8</ele>
      </trkpt>
      <trkpt lat="39.66187" lon="2.98351">
        <ele>85.9</ele>
      </trkpt>
      <trkpt lat="39.66223" lon="2.98252">
        <ele>84.0</ele>
      </trkpt>
      <trkpt lat="39.66259" lon="2.98153">
        <ele>80.1</ele>
      </trkpt>
      <trkpt lat="39.66295" lon="2.98054">
        <ele>79.8</ele>
      </trkpt>
      <trkpt lat="39.6633" lon="2.97956">
        <ele>79.2</ele>
      </trkpt>
      <trkpt lat="39.66366" lon="2.97857">
        <ele>81.6</ele>
      </trkpt>
      <trkpt lat="39.66402" lon="2.97757">
        <ele>83.0</ele>
      </trkpt>
      <trkpt lat="39.66438" lon="2.97658">
        <ele>83.8</ele>
      </trkpt>
      <trkpt lat="39.66474" lon="2.97559">
        <ele>81.6</ele>
      </trkpt>
      <trkpt lat="39.6651" lon="2.97459">
        <ele>78.1</ele>
      </trkpt>
      <trkpt lat="39.66547" lon="2.9736">
        <ele>75.7</ele>
      </trkpt>
      <trkpt lat="39.66583" lon="2.9726">
        <ele>78.5</ele>
      </trkpt>
      <trkpt lat="39.66619" lon="2.97163">
        <ele>83.3</ele>
      </trkpt>
      <trkpt lat="39.66655" lon="2.97066">
        <ele>81.9</ele>
      </trkpt>
      <trkpt lat="39.66686" lon="2.96977">
        <ele>84.1</ele>
      </trkpt>
      <trkpt lat="39.66717" lon="2.96889">
        <ele>87.7</ele>
      </trkpt>
      <trkpt lat="39.66748" lon="2.96804">
        <ele>90.4</ele>
      </trkpt>
      <trkpt lat="39.66779" lon="2.96718">
        <ele>90.9</ele>
      </trkpt>
      <trkpt lat="39.668" lon="2.9666">
        <ele>90.9</ele>
      </trkpt>
      <trkpt lat="39.66809" lon="2.96642">
        <ele>91.1</ele>
      </trkpt>
      <trkpt lat="39.66811" lon="2.96638">
        <ele>91.1</ele>
      </trkpt>
      <trkpt lat="39.66815" lon="2.96635">
        <ele>91.1</ele>
      </trkpt>
      <trkpt lat="39.66821" lon="2.96633">
        <ele>91.0</ele>
      </trkpt>
      <trkpt lat="39.66823" lon="2.96631">
        <ele>91.1</ele>
      </trkpt>
      <trkpt lat="39.66827" lon="2.96626">
        <ele>91.1</ele>
      </trkpt>
      <trkpt lat="39.66828" lon="2.96615">
        <ele>91.3</ele>
      </trkpt>
      <trkpt lat="39.66825" lon="2.96607">
        <ele>91.6</ele>
      </trkpt>
      <trkpt lat="39.66824" lon="2.96605">
        <ele>91.6</ele>
      </trkpt>
      <trkpt lat="39.66824" lon="2.96596">
        <ele>91.8</ele>
      </trkpt>
      <trkpt lat="39.66825" lon="2.96591">
        <ele>91.9</ele>
      </trkpt>
      <trkpt lat="39.66858" lon="2.965">
        <ele>93.0</ele>
      </trkpt>
      <trkpt lat="39.6689" lon="2.9641">
        <ele>90.8</ele>
      </trkpt>
      <trkpt lat="39.66923" lon="2.9632">
        <ele>87.7</ele>
      </trkpt>
      <trkpt lat="39.66956" lon="2.9623">
        <ele>85.7</ele>
      </trkpt>
      <trkpt lat="39.66965" lon="2.96209">
        <ele>85.5</ele>
      </trkpt>
      <trkpt lat="39.67009" lon="2.9613">
        <ele>85.1</ele>
      </trkpt>
      <trkpt lat="39.67052" lon="2.9605">
        <ele>85.9</ele>
      </trkpt>
      <trkpt lat="39.67096" lon="2.9597">
        <ele>85.8</ele>
      </trkpt>
      <trkpt lat="39.6716" lon="2.95905">
        <ele>83.9</ele>
      </trkpt>
      <trkpt lat="39.67225" lon="2.9584">
        <ele>80.1</ele>
      </trkpt>
      <trkpt lat="39.6729" lon="2.95775">
        <ele>75.8</ele>
      </trkpt>
      <trkpt lat="39.67355" lon="2.9571">
        <ele>71.8</ele>
      </trkpt>
      <trkpt lat="39.6742" lon="2.95645">
        <ele>69.2</ele>
      </trkpt>
      <trkpt lat="39.67485" lon="2.9558">
        <ele>66.9</ele>
      </trkpt>
      <trkpt lat="39.67536" lon="2.95529">
        <ele>65.1</ele>
      </trkpt>
      <trkpt lat="39.67588" lon="2.95478">
        <ele>64.2</ele>
      </trkpt>
      <trkpt lat="39.6764" lon="2.95428">
        <ele>65.0</ele>
      </trkpt>
      <trkpt lat="39.67706" lon="2.95359">
        <ele>64.0</ele>
      </trkpt>
      <trkpt lat="39.67772" lon="2.95291">
        <ele>64.0</ele>
      </trkpt>
      <trkpt lat="39.67843" lon="2.9522">
        <ele>67.1</ele>
      </trkpt>
      <trkpt lat="39.67913" lon="2.9515">
        <ele>71.3</ele>
      </trkpt>
      <trkpt lat="39.67983" lon="2.95079">
        <ele>75.5</ele>
      </trkpt>
      <trkpt lat="39.68054" lon="2.95008">
        <ele>75.8</ele>
      </trkpt>
      <trkpt lat="39.68125" lon="2.94938">
        <ele>73.1</ele>
      </trkpt>
      <trkpt lat="39.68195" lon="2.94867">
        <ele>74.1</ele>
      </trkpt>
      <trkpt lat="39.68265" lon="2.94796">
        <ele>74.6</ele>
      </trkpt>
      <trkpt lat="39.68336" lon="2.94726">
        <ele>75.3</ele>
      </trkpt>
      <trkpt lat="39.68407" lon="2.94655">
        <ele>72.6</ele>
      </trkpt>
      <trkpt lat="39.68477" lon="2.94585">
        <ele>69.0</ele>
      </trkpt>
      <trkpt lat="39.68547" lon="2.94514">
        <ele>71.9</ele>
      </trkpt>
      <trkpt lat="39.68618" lon="2.94443">
        <ele>73.7</ele>
      </trkpt>
      <trkpt lat="39.68689" lon="2.94373">
        <ele>74.2</ele>
      </trkpt>
      <trkpt lat="39.68759" lon="2.94302">
        <ele>76.7</ele>
      </trkpt>
      <trkpt lat="39.68818" lon="2.94225">
        <ele>78.9</ele>
      </trkpt>
      <trkpt lat="39.68877" lon="2.94149">
        <ele>79.8</ele>
      </trkpt>
      <trkpt lat="39.68937" lon="2.94072">
        <ele>83.7</ele>
      </trkpt>
      <trkpt lat="39.68996" lon="2.93995">
        <ele>84.7</ele>
      </trkpt>
      <trkpt lat="39.69055" lon="2.93918">
        <ele>84.3</ele>
      </trkpt>
      <trkpt lat="39.69114" lon="2.93842">
        <ele>86.3</ele>
      </trkpt>
      <trkpt lat="39.69173" lon="2.93765">
        <ele>88.0</ele>
      </trkpt>
      <trkpt lat="39.69233" lon="2.93688">
        <ele>90.3</ele>
      </trkpt>
      <trkpt lat="39.69292" lon="2.93612">
        <ele>91.2</ele>
      </trkpt>
      <trkpt lat="39.69351" lon="2.93535">
        <ele>91.3</ele>
      </trkpt>
      <trkpt lat="39.69386" lon="2.93498">
        <ele>90.4</ele>
      </trkpt>
      <trkpt lat="39.69438" lon="2.93457">
        <ele>89.7</ele>
      </trkpt>
      <trkpt lat="39.6946" lon="2.93442">
        <ele>89.5</ele>
      </trkpt>
      <trkpt lat="39.69472" lon="2.93436">
        <ele>89.3</ele>
      </trkpt>
      <trkpt lat="39.69484" lon="2.93433">
        <ele>89.2</ele>
      </trkpt>
      <trkpt lat="39.69487" lon="2.93436">
        <ele>89.2</ele>
      </trkpt>
      <trkpt lat="39.69495" lon="2.93439">
        <ele>89.1</ele>
      </trkpt>
      <trkpt lat="39.69502" lon="2.93438">
        <ele>89.0</ele>
      </trkpt>
      <trkpt lat="39.69506" lon="2.93435">
        <ele>88.9</ele>
      </trkpt>
      <trkpt lat="39.69509" lon="2.93432">
        <ele>88.8</ele>
      </trkpt>
      <trkpt lat="39.69512" lon="2.93425">
        <ele>88.7</ele>
      </trkpt>
      <trkpt lat="39.69513" lon="2.93418">
        <ele>88.7</ele>
      </trkpt>
      <trkpt lat="39.69513" lon="2.93413">
        <ele>88.7</ele>
      </trkpt>
      <trkpt lat="39.69518" lon="2.93403">
        <ele>88.6</ele>
      </trkpt>
      <trkpt lat="39.69524" lon="2.93395">
        <ele>88.6</ele>
      </trkpt>
      <trkpt lat="39.69541" lon="2.9338">
        <ele>88.4</ele>
      </trkpt>
      <trkpt lat="39.69606" lon="2.9335">
        <ele>87.8</ele>
      </trkpt>
      <trkpt lat="39.69671" lon="2.93321">
        <ele>86.3</ele>
      </trkpt>
      <trkpt lat="39.69736" lon="2.93291">
        <ele>86.6</ele>
      </trkpt>
      <trkpt lat="39.698" lon="2.93261">
        <ele>87.5</ele>
      </trkpt>
      <trkpt lat="39.69881" lon="2.93224">
        <ele>87.4</ele>
      </trkpt>
      <trkpt lat="39.69961" lon="2.93187">
        <ele>88.2</ele>
      </trkpt>
      <trkpt lat="39.70041" lon="2.93149">
        <ele>90.2</ele>
      </trkpt>
      <trkpt lat="39.70122" lon="2.93112">
        <ele>90.8</ele>
      </trkpt>
      <trkpt lat="39.70185" lon="2.93074">
        <ele>91.3</ele>
      </trkpt>
      <trkpt lat="39.70239" lon="2.93038">
        <ele>91.7</ele>
      </trkpt>
      <trkpt lat="39.70295" lon="2.93003">
        <ele>91.6</ele>
      </trkpt>
      <trkpt lat="39.70351" lon="2.92969">
        <ele>91.8</ele>
      </trkpt>
      <trkpt lat="39.7041" lon="2.92947">
        <ele>92.0</ele>
      </trkpt>
      <trkpt lat="39.70461" lon="2.92935">
        <ele>92.2</ele>
      </trkpt>
      <trkpt lat="39.70512" lon="2.92922">
        <ele>92.4</ele>
      </trkpt>
      <trkpt lat="39.70557" lon="2.92907">
        <ele>92.6</ele>
      </trkpt>
      <trkpt lat="39.70605" lon="2.92884">
        <ele>92.8</ele>
      </trkpt>
      <trkpt lat="39.70672" lon="2.92837">
        <ele>93.1</ele>
      </trkpt>
      <trkpt lat="39.70739" lon="2.92789">
        <ele>93.8</ele>
      </trkpt>
      <trkpt lat="39.70806" lon="2.92742">
        <ele>94.6</ele>
      </trkpt>
      <trkpt lat="39.70873" lon="2.92694">
        <ele>94.2</ele>
      </trkpt>
      <trkpt lat="39.7094" lon="2.92647">
        <ele>94.8</ele>
      </trkpt>
      <trkpt lat="39.71007" lon="2.926">
        <ele>96.7</ele>
      </trkpt>
      <trkpt lat="39.71064" lon="2.9256">
        <ele>96.4</ele>
      </trkpt>
      <trkpt lat="39.71121" lon="2.92521">
        <ele>98.4</ele>
      </trkpt>
      <trkpt lat="39.71163" lon="2.92481">
        <ele>101.1</ele>
      </trkpt>
      <trkpt lat="39.71189" lon="2.92453">
        <ele>101.3</ele>
      </trkpt>
      <trkpt lat="39.71214" lon="2.92421">
        <ele>101.4</ele>
      </trkpt>
      <trkpt lat="39.7127" lon="2.92348">
        <ele>101.3</ele>
      </trkpt>
      <trkpt lat="39.71326" lon="2.92275">
        <ele>97.5</ele>
      </trkpt>
      <trkpt lat="39.71336" lon="2.92265">
        <ele>96.9</ele>
      </trkpt>
      <trkpt lat="39.71341" lon="2.92261">
        <ele>96.8</ele>
      </trkpt>
      <trkpt lat="39.71347" lon="2.9226">
        <ele>96.7</ele>
      </trkpt>
      <trkpt lat="39.71358" lon="2.92262">
        <ele>96.4</ele>
      </trkpt>
      <trkpt lat="39.71369" lon="2.92265">
        <ele>96.1</ele>
      </trkpt>
      <trkpt lat="39.71379" lon="2.92265">
        <ele>95.9</ele>
      </trkpt>
      <trkpt lat="39.71384" lon="2.92264">
        <ele>95.8</ele>
      </trkpt>
      <trkpt lat="39.71392" lon="2.9226">
        <ele>95.9</ele>
      </trkpt>
      <trkpt lat="39.71398" lon="2.92255">
        <ele>96.1</ele>
      </trkpt>
      <trkpt lat="39.71404" lon="2.92248">
        <ele>96.3</ele>
      </trkpt>
      <trkpt lat="39.7145" lon="2.92198">
        <ele>97.5</ele>
      </trkpt>
      <trkpt lat="39.71458" lon="2.92185">
        <ele>97.8</ele>
      </trkpt>
      <trkpt lat="39.71463" lon="2.92173">
        <ele>98.1</ele>
      </trkpt>
      <trkpt lat="39.71465" lon="2.92155">
        <ele>98.4</ele>
      </trkpt>
      <trkpt lat="39.71464" lon="2.92145">
        <ele>98.5</ele>
      </trkpt>
      <trkpt lat="39.71457" lon="2.92116">
        <ele>98.6</ele>
      </trkpt>
      <trkpt lat="39.71457" lon="2.92106">
        <ele>98.7</ele>
      </trkpt>
      <trkpt lat="39.71458" lon="2.92096">
        <ele>98.8</ele>
      </trkpt>
      <trkpt lat="39.71465" lon="2.9207">
        <ele>99.2</ele>
      </trkpt>
      <trkpt lat="39.71481" lon="2.92016">
        <ele>99.6</ele>
      </trkpt>
      <trkpt lat="39.71495" lon="2.91972">
        <ele>100.6</ele>
      </trkpt>
      <trkpt lat="39.71498" lon="2.91966">
        <ele>100.7</ele>
      </trkpt>
      <trkpt lat="39.71509" lon="2.91956">
        <ele>101.1</ele>
      </trkpt>
      <trkpt lat="39.71515" lon="2.91953">
        <ele>101.2</ele>
      </trkpt>
      <trkpt lat="39.71518" lon="2.9195">
        <ele>101.4</ele>
      </trkpt>
      <trkpt lat="39.71523" lon="2.91941">
        <ele>101.7</ele>
      </trkpt>
      <trkpt lat="39.71524" lon="2.91936">
        <ele>101.9</ele>
      </trkpt>
      <trkpt lat="39.71523" lon="2.91928">
        <ele>102.3</ele>
      </trkpt>
      <trkpt lat="39.7152" lon="2.91919">
        <ele>102.7</ele>
      </trkpt>
      <trkpt lat="39.71519" lon="2.91907">
        <ele>103.2</ele>
      </trkpt>
      <trkpt lat="39.71519" lon="2.91899">
        <ele>103.5</ele>
      </trkpt>
      <trkpt lat="39.7152" lon="2.91891">
        <ele>103.8</ele>
      </trkpt>
      <trkpt lat="39.71549" lon="2.91793">
        <ele>105.6</ele>
      </trkpt>
      <trkpt lat="39.71579" lon="2.91695">
        <ele>107.8</ele>
      </trkpt>
      <trkpt lat="39.71604" lon="2.91626">
        <ele>110.0</ele>
      </trkpt>
      <trkpt lat="39.71628" lon="2.91558">
        <ele>111.4</ele>
      </trkpt>
      <trkpt lat="39.71637" lon="2.91545">
        <ele>111.6</ele>
      </trkpt>
      <trkpt lat="39.71643" lon="2.9154">
        <ele>111.7</ele>
      </trkpt>
      <trkpt lat="39.71649" lon="2.91538">
        <ele>111.7</ele>
      </trkpt>
      <trkpt lat="39.71655" lon="2.91532">
        <ele>111.9</ele>
      </trkpt>
      <trkpt lat="39.71657" lon="2.91527">
        <ele>112.0</ele>
      </trkpt>
      <trkpt lat="39.71658" lon="2.9152">
        <ele>112.3</ele>
      </trkpt>
      <trkpt lat="39.71655" lon="2.9151">
        <ele>112.6</ele>
      </trkpt>
      <trkpt lat="39.71658" lon="2.91499">
        <ele>112.9</ele>
      </trkpt>
      <trkpt lat="39.71664" lon="2.91486">
        <ele>113.5</ele>
      </trkpt>
      <trkpt lat="39.71681" lon="2.9144">
        <ele>115.0</ele>
      </trkpt>
      <trkpt lat="39.71728" lon="2.91469">
        <ele>113.4</ele>
      </trkpt>
      <trkpt lat="39.71754" lon="2.91401">
        <ele>115.5</ele>
      </trkpt>
      <trkpt lat="39.718" lon="2.91343">
        <ele>116.9</ele>
      </trkpt>
      <trkpt lat="39.71839" lon="2.91291">
        <ele>116.8</ele>
      </trkpt>
      <trkpt lat="39.71862" lon="2.91339">
        <ele>118.0</ele>
      </trkpt>
      <trkpt lat="39.71902" lon="2.91281">
        <ele>119.9</ele>
      </trkpt>
      <trkpt lat="39.71932" lon="2.91228">
        <ele>121.3</ele>
      </trkpt>
      <trkpt lat="39.71956" lon="2.91182">
        <ele>122.2</ele>
      </trkpt>
      <trkpt lat="39.71992" lon="2.91125">
        <ele>124.6</ele>
      </trkpt>
      <trkpt lat="39.72004" lon="2.91105">
        <ele>125.5</ele>
      </trkpt>
      <trkpt lat="39.72034" lon="2.91136">
        <ele>124.6</ele>
      </trkpt>
      <trkpt lat="39.72055" lon="2.91122">
        <ele>125.1</ele>
      </trkpt>
      <trkpt lat="39.72067" lon="2.91132">
        <ele>124.7</ele>
      </trkpt>
      <trkpt lat="39.72071" lon="2.91133">
        <ele>124.6</ele>
      </trkpt>
      <trkpt lat="39.72083" lon="2.91144">
        <ele>124.1</ele>
      </trkpt>
      <trkpt lat="39.72122" lon="2.91198">
        <ele>123.1</ele>
      </trkpt>
      <trkpt lat="39.72126" lon="2.91209">
        <ele>123.0</ele>
      </trkpt>
      <trkpt lat="39.72136" lon="2.91203">
        <ele>123.2</ele>
      </trkpt>
      <trkpt lat="39.72146" lon="2.91205">
        <ele>123.3</ele>
      </trkpt>
      <trkpt lat="39.72153" lon="2.91217">
        <ele>123.2</ele>
      </trkpt>
      <trkpt lat="39.72172" lon="2.91262">
        <ele>121.8</ele>
      </trkpt>
      <trkpt lat="39.72171" lon="2.91263">
        <ele>121.8</ele>
      </trkpt>
      <trkpt lat="39.72164" lon="2.91247">
        <ele>123.0</ele>
      </trkpt>
      <trkpt lat="39.72162" lon="2.91241">
        <ele>123.1</ele>
      </trkpt>
      <trkpt lat="39.72162" lon="2.91241">
        <ele>123.1</ele>
      </trkpt>
      <trkpt lat="39.72185" lon="2.91225">
        <ele>122.1</ele>
      </trkpt>
      <trkpt lat="39.72185" lon="2.91225">
        <ele>122.1</ele>
      </trkpt>
      <trkpt lat="39.72176" lon="2.91201">
        <ele>123.0</ele>
      </trkpt>
      <trkpt lat="39.72167" lon="2.91178">
        <ele>123.8</ele>
      </trkpt>
      <trkpt lat="39.72161" lon="2.91157">
        <ele>124.2</ele>
      </trkpt>
      <trkpt lat="39.72161" lon="2.91157">
        <ele>124.2</ele>
      </trkpt>
      <trkpt lat="39.72153" lon="2.91151">
        <ele>124.3</ele>
      </trkpt>
      <trkpt lat="39.72149" lon="2.91143">
        <ele>124.5</ele>
      </trkpt>
      <trkpt lat="39.72149" lon="2.91143">
        <ele>124.5</ele>
      </trkpt>
      <trkpt lat="39.72145" lon="2.91126">
        <ele>125.0</ele>
      </trkpt>
      <trkpt lat="39.72137" lon="2.91094">
        <ele>126.0</ele>
      </trkpt>
      <trkpt lat="39.72132" lon="2.91075">
        <ele>126.9</ele>
      </trkpt>
      <trkpt lat="39.72126" lon="2.91052">
        <ele>128.4</ele>
      </trkpt>
      <trkpt lat="39.72125" lon="2.9105">
        <ele>128.5</ele>
      </trkpt>
      <trkpt lat="39.72116" lon="2.91027">
        <ele>130.0</ele>
      </trkpt>
      <trkpt lat="39.72102" lon="2.90993">
        <ele>131.8</ele>
      </trkpt>
      <trkpt lat="39.72102" lon="2.90993">
        <ele>131.8</ele>
      </trkpt>
      <trkpt lat="39.72094" lon="2.9098">
        <ele>131.9</ele>
      </trkpt>
      <trkpt lat="39.72094" lon="2.9098">
        <ele>131.9</ele>
      </trkpt>
      <trkpt lat="39.72097" lon="2.90976">
        <ele>131.9</ele>
      </trkpt>
      <trkpt lat="39.721" lon="2.90973">
        <ele>131.9</ele>
      </trkpt>
      <trkpt lat="39.721" lon="2.90973">
        <ele>131.9</ele>
      </trkpt>
      <trkpt lat="39.72091" lon="2.90953">
        <ele>132.0</ele>
      </trkpt>
      <trkpt lat="39.7209" lon="2.90952">
        <ele>132.0</ele>
      </trkpt>
      <trkpt lat="39.7209" lon="2.90951">
        <ele>132.0</ele>
      </trkpt>
      <trkpt lat="39.72085" lon="2.90941">
        <ele>132.0</ele>
      </trkpt>
      <trkpt lat="39.72077" lon="2.90921">
        <ele>131.4</ele>
      </trkpt>
      <trkpt lat="39.72076" lon="2.9092">
        <ele>131.3</ele>
      </trkpt>
      <trkpt lat="39.72068" lon="2.90902">
        <ele>130.0</ele>
      </trkpt>
      <trkpt lat="39.72068" lon="2.90901">
        <ele>130.0</ele>
      </trkpt>
      <trkpt lat="39.72067" lon="2.909">
        <ele>129.8</ele>
      </trkpt>
      <trkpt lat="39.72066" lon="2.90897">
        <ele>129.6</ele>
      </trkpt>
      <trkpt lat="39.72066" lon="2.90897">
        <ele>129.6</ele>
      </trkpt>
      <trkpt lat="39.72059" lon="2.90889">
        <ele>128.8</ele>
      </trkpt>
      <trkpt lat="39.72038" lon="2.90859">
        <ele>126.8</ele>
      </trkpt>
      <trkpt lat="39.72026" lon="2.90842">
        <ele>126.0</ele>
      </trkpt>
      <trkpt lat="39.72002" lon="2.90807">
        <ele>124.7</ele>
      </trkpt>
      <trkpt lat="39.71984" lon="2.90781">
        <ele>124.1</ele>
      </trkpt>
      <trkpt lat="39.71978" lon="2.90773">
        <ele>124.0</ele>
      </trkpt>
      <trkpt lat="39.71967" lon="2.90757">
        <ele>124.0</ele>
      </trkpt>
      <trkpt lat="39.71953" lon="2.90742">
        <ele>124.0</ele>
      </trkpt>
      <trkpt lat="39.71942" lon="2.90731">
        <ele>124.1</ele>
      </trkpt>
      <trkpt lat="39.71933" lon="2.90723">
        <ele>124.2</ele>
      </trkpt>
      <trkpt lat="39.7192" lon="2.90713">
        <ele>124.4</ele>
      </trkpt>
      <trkpt lat="39.71904" lon="2.90702">
        <ele>125.0</ele>
      </trkpt>
      <trkpt lat="39.71888" lon="2.9069">
        <ele>125.8</ele>
      </trkpt>
      <trkpt lat="39.71876" lon="2.90682">
        <ele>126.5</ele>
      </trkpt>
      <trkpt lat="39.71872" lon="2.90679">
        <ele>126.8</ele>
      </trkpt>
      <trkpt lat="39.71857" lon="2.90668">
        <ele>127.8</ele>
      </trkpt>
      <trkpt lat="39.71816" lon="2.9064">
        <ele>128.4</ele>
      </trkpt>
      <trkpt lat="39.71816" lon="2.9064">
        <ele>128.4</ele>
      </trkpt>
      <trkpt lat="39.71805" lon="2.90667">
        <ele>128.0</ele>
      </trkpt>
      <trkpt lat="39.71796" lon="2.90687">
        <ele>127.0</ele>
      </trkpt>
      <trkpt lat="39.71788" lon="2.90708">
        <ele>126.2</ele>
      </trkpt>
      <trkpt lat="39.71788" lon="2.90708">
        <ele>126.2</ele>
      </trkpt>
      <trkpt lat="39.71755" lon="2.90688">
        <ele>125.9</ele>
      </trkpt>
      <trkpt lat="39.71755" lon="2.90688">
        <ele>125.9</ele>
      </trkpt>
      <trkpt lat="39.71781" lon="2.90624">
        <ele>127.4</ele>
      </trkpt>
      <trkpt lat="39.71789" lon="2.90603">
        <ele>127.8</ele>
      </trkpt>
      <trkpt lat="39.71796" lon="2.90582">
        <ele>128.1</ele>
      </trkpt>
      <trkpt lat="39.71804" lon="2.9056">
        <ele>128.3</ele>
      </trkpt>
      <trkpt lat="39.71825" lon="2.90497">
        <ele>128.2</ele>
      </trkpt>
      <trkpt lat="39.7186" lon="2.90405">
        <ele>129.6</ele>
      </trkpt>
      <trkpt lat="39.71868" lon="2.90386">
        <ele>129.8</ele>
      </trkpt>
      <trkpt lat="39.71874" lon="2.90376">
        <ele>129.8</ele>
      </trkpt>
      <trkpt lat="39.71874" lon="2.90376">
        <ele>129.8</ele>
      </trkpt>
      <trkpt lat="39.7188" lon="2.9036">
        <ele>129.9</ele>
      </trkpt>
      <trkpt lat="39.71899" lon="2.9031">
        <ele>129.7</ele>
      </trkpt>
      <trkpt lat="39.71913" lon="2.90271">
        <ele>129.7</ele>
      </trkpt>
      <trkpt lat="39.71913" lon="2.90269">
        <ele>129.8</ele>
      </trkpt>
      <trkpt lat="39.71927" lon="2.90222">
        <ele>130.2</ele>
      </trkpt>
      <trkpt lat="39.71931" lon="2.90205">
        <ele>130.4</ele>
      </trkpt>
      <trkpt lat="39.7194" lon="2.90157">
        <ele>130.6</ele>
      </trkpt>
      <trkpt lat="39.71943" lon="2.90135">
        <ele>130.3</ele>
      </trkpt>
      <trkpt lat="39.71946" lon="2.90102">
        <ele>129.9</ele>
      </trkpt>
      <trkpt lat="39.71948" lon="2.90057">
        <ele>129.7</ele>
      </trkpt>
      <trkpt lat="39.71948" lon="2.90013">
        <ele>129.9</ele>
      </trkpt>
      <trkpt lat="39.71948" lon="2.89978">
        <ele>130.3</ele>
      </trkpt>
      <trkpt lat="39.71948" lon="2.89824">
        <ele>132.2</ele>
      </trkpt>
      <trkpt lat="39.71948" lon="2.89824">
        <ele>132.2</ele>
      </trkpt>
      <trkpt lat="39.71924" lon="2.89823">
        <ele>132.7</ele>
      </trkpt>
      <trkpt lat="39.71875" lon="2.89822">
        <ele>131.9</ele>
      </trkpt>
      <trkpt lat="39.71843" lon="2.89822">
        <ele>131.2</ele>
      </trkpt>
      <trkpt lat="39.71795" lon="2.89819">
        <ele>129.7</ele>
      </trkpt>
      <trkpt lat="39.71777" lon="2.89819">
        <ele>129.1</ele>
      </trkpt>
      <trkpt lat="39.71749" lon="2.89819">
        <ele>128.1</ele>
      </trkpt>
      <trkpt lat="39.71749" lon="2.89819">
        <ele>128.1</ele>
      </trkpt>
      <trkpt lat="39.71749" lon="2.89791">
        <ele>128.5</ele>
      </trkpt>
      <trkpt lat="39.71749" lon="2.8972">
        <ele>128.6</ele>
      </trkpt>
      <trkpt lat="39.71749" lon="2.8972">
        <ele>128.6</ele>
      </trkpt>
      <trkpt lat="39.7176" lon="2.8972">
        <ele>128.8</ele>
      </trkpt>
      <trkpt lat="39.7176" lon="2.8972">
        <ele>128.8</ele>
      </trkpt>
      <trkpt lat="39.71759" lon="2.89714">
        <ele>128.7</ele>
      </trkpt>
      <trkpt lat="39.71758" lon="2.89709">
        <ele>128.7</ele>
      </trkpt>
      <trkpt lat="39.71758" lon="2.89697">
        <ele>128.5</ele>
      </trkpt>
      <trkpt lat="39.71757" lon="2.8969">
        <ele>128.4</ele>
      </trkpt>
      <trkpt lat="39.71757" lon="2.89681">
        <ele>128.3</ele>
      </trkpt>
      <trkpt lat="39.71758" lon="2.89673">
        <ele>128.2</ele>
      </trkpt>
      <trkpt lat="39.71759" lon="2.89661">
        <ele>128.1</ele>
      </trkpt>
      <trkpt lat="39.71759" lon="2.89661">
        <ele>128.1</ele>
      </trkpt>
      <trkpt lat="39.71723" lon="2.89623">
        <ele>127.9</ele>
      </trkpt>
      <trkpt lat="39.71702" lon="2.89603">
        <ele>128.2</ele>
      </trkpt>
      <trkpt lat="39.71685" lon="2.89586">
        <ele>128.7</ele>
      </trkpt>
      <trkpt lat="39.71647" lon="2.89557">
        <ele>128.6</ele>
      </trkpt>
      <trkpt lat="39.71642" lon="2.89552">
        <ele>128.5</ele>
      </trkpt>
      <trkpt lat="39.71627" lon="2.89539">
        <ele>128.2</ele>
      </trkpt>
      <trkpt lat="39.71622" lon="2.89534">
        <ele>128.1</ele>
      </trkpt>
      <trkpt lat="39.71613" lon="2.89525">
        <ele>128.1</ele>
      </trkpt>
      <trkpt lat="39.71603" lon="2.89512">
        <ele>128.2</ele>
      </trkpt>
      <trkpt lat="39.71595" lon="2.89502">
        <ele>128.3</ele>
      </trkpt>
      <trkpt lat="39.71582" lon="2.89484">
        <ele>128.5</ele>
      </trkpt>
      <trkpt lat="39.71575" lon="2.89475">
        <ele>128.7</ele>
      </trkpt>
      <trkpt lat="39.71572" lon="2.89473">
        <ele>128.7</ele>
      </trkpt>
      <trkpt lat="39.71569" lon="2.89472">
        <ele>128.6</ele>
      </trkpt>
      <trkpt lat="39.71565" lon="2.89472">
        <ele>128.5</ele>
      </trkpt>
      <trkpt lat="39.71525" lon="2.89479">
        <ele>127.2</ele>
      </trkpt>
      <trkpt lat="39.7152" lon="2.89481">
        <ele>127.0</ele>
      </trkpt>
      <trkpt lat="39.71514" lon="2.89482">
        <ele>126.8</ele>
      </trkpt>
      <trkpt lat="39.71514" lon="2.89482">
        <ele>126.8</ele>
      </trkpt>
      <trkpt lat="39.71513" lon="2.8948">
        <ele>126.8</ele>
      </trkpt>
      <trkpt lat="39.71499" lon="2.89447">
        <ele>127.3</ele>
      </trkpt>
      <trkpt lat="39.71489" lon="2.89426">
        <ele>127.9</ele>
      </trkpt>
      <trkpt lat="39.71467" lon="2.89387">
        <ele>128.8</ele>
      </trkpt>
      <trkpt lat="39.71458" lon="2.8937">
        <ele>129.1</ele>
      </trkpt>
      <trkpt lat="39.71438" lon="2.89334">
        <ele>129.3</ele>
      </trkpt>
      <trkpt lat="39.71428" lon="2.89316">
        <ele>128.7</ele>
      </trkpt>
      <trkpt lat="39.71427" lon="2.89315">
        <ele>128.7</ele>
      </trkpt>
      <trkpt lat="39.71401" lon="2.89273">
        <ele>127.6</ele>
      </trkpt>
      <trkpt lat="39.71393" lon="2.89261">
        <ele>127.3</ele>
      </trkpt>
      <trkpt lat="39.71381" lon="2.89243">
        <ele>126.9</ele>
      </trkpt>
      <trkpt lat="39.71375" lon="2.89232">
        <ele>126.8</ele>
      </trkpt>
      <trkpt lat="39.71369" lon="2.89225">
        <ele>126.7</ele>
      </trkpt>
      <trkpt lat="39.71367" lon="2.89223">
        <ele>126.7</ele>
      </trkpt>
      <trkpt lat="39.71364" lon="2.89222">
        <ele>126.7</ele>
      </trkpt>
      <trkpt lat="39.71361" lon="2.89222">
        <ele>126.7</ele>
      </trkpt>
      <trkpt lat="39.71357" lon="2.89222">
        <ele>126.7</ele>
      </trkpt>
      <trkpt lat="39.71355" lon="2.89222">
        <ele>126.7</ele>
      </trkpt>
      <trkpt lat="39.71353" lon="2.89223">
        <ele>126.7</ele>
      </trkpt>
      <trkpt lat="39.71352" lon="2.89223">
        <ele>126.7</ele>
      </trkpt>
      <trkpt lat="39.7135" lon="2.89223">
        <ele>126.7</ele>
      </trkpt>
      <trkpt lat="39.71349" lon="2.89222">
        <ele>126.7</ele>
      </trkpt>
      <trkpt lat="39.71348" lon="2.89221">
        <ele>126.7</ele>
      </trkpt>
      <trkpt lat="39.71338" lon="2.89203">
        <ele>126.4</ele>
      </trkpt>
      <trkpt lat="39.71337" lon="2.89201">
        <ele>126.4</ele>
      </trkpt>
      <trkpt lat="39.71336" lon="2.89198">
        <ele>126.4</ele>
      </trkpt>
      <trkpt lat="39.71335" lon="2.89196">
        <ele>126.4</ele>
      </trkpt>
      <trkpt lat="39.71335" lon="2.89194">
        <ele>126.3</ele>
      </trkpt>
      <trkpt lat="39.71335" lon="2.89193">
        <ele>126.3</ele>
      </trkpt>
      <trkpt lat="39.71335" lon="2.89193">
        <ele>126.3</ele>
      </trkpt>
      <trkpt lat="39.71336" lon="2.89192">
        <ele>126.3</ele>
      </trkpt>
      <trkpt lat="39.71336" lon="2.8919">
        <ele>126.3</ele>
      </trkpt>
      <trkpt lat="39.71337" lon="2.89189">
        <ele>126.3</ele>
      </trkpt>
      <trkpt lat="39.71342" lon="2.89184">
        <ele>126.2</ele>
      </trkpt>
      <trkpt lat="39.71363" lon="2.89168">
        <ele>126.0</ele>
      </trkpt>
      <trkpt lat="39.71375" lon="2.89159">
        <ele>126.0</ele>
      </trkpt>
      <trkpt lat="39.71415" lon="2.89128">
        <ele>126.0</ele>
      </trkpt>
      <trkpt lat="39.71437" lon="2.89112">
        <ele>125.8</ele>
      </trkpt>
      <trkpt lat="39.71457" lon="2.89095">
        <ele>125.5</ele>
      </trkpt>
      <trkpt lat="39.71497" lon="2.89062">
        <ele>125.3</ele>
      </trkpt>
      <trkpt lat="39.71513" lon="2.89049">
        <ele>125.9</ele>
      </trkpt>
      <trkpt lat="39.7155" lon="2.89018">
        <ele>127.6</ele>
      </trkpt>
      <trkpt lat="39.71604" lon="2.88974">
        <ele>130.0</ele>
      </trkpt>
      <trkpt lat="39.71681" lon="2.88913">
        <ele>132.0</ele>
      </trkpt>
      <trkpt lat="39.71681" lon="2.88913">
        <ele>132.0</ele>
      </trkpt>
      <trkpt lat="39.71679" lon="2.889">
        <ele>131.8</ele>
      </trkpt>
      <trkpt lat="39.71672" lon="2.88871">
        <ele>131.5</ele>
      </trkpt>
      <trkpt lat="39.7167" lon="2.8886">
        <ele>131.3</ele>
      </trkpt>
      <trkpt lat="39.71669" lon="2.88852">
        <ele>131.2</ele>
      </trkpt>
      <trkpt lat="39.71669" lon="2.88848">
        <ele>131.2</ele>
      </trkpt>
      <trkpt lat="39.71669" lon="2.88846">
        <ele>131.2</ele>
      </trkpt>
      <trkpt lat="39.71669" lon="2.88839">
        <ele>131.1</ele>
      </trkpt>
      <trkpt lat="39.71671" lon="2.88834">
        <ele>131.1</ele>
      </trkpt>
      <trkpt lat="39.71682" lon="2.88805">
        <ele>131.8</ele>
      </trkpt>
      <trkpt lat="39.71688" lon="2.88788">
        <ele>132.2</ele>
      </trkpt>
      <trkpt lat="39.71688" lon="2.88787">
        <ele>132.2</ele>
      </trkpt>
      <trkpt lat="39.71689" lon="2.88784">
        <ele>132.3</ele>
      </trkpt>
      <trkpt lat="39.71691" lon="2.88778">
        <ele>132.4</ele>
      </trkpt>
      <trkpt lat="39.71692" lon="2.88772">
        <ele>132.6</ele>
      </trkpt>
      <trkpt lat="39.71692" lon="2.88764">
        <ele>132.7</ele>
      </trkpt>
      <trkpt lat="39.71691" lon="2.88755">
        <ele>132.9</ele>
      </trkpt>
      <trkpt lat="39.71682" lon="2.88723">
        <ele>133.7</ele>
      </trkpt>
      <trkpt lat="39.71672" lon="2.88691">
        <ele>134.5</ele>
      </trkpt>
      <trkpt lat="39.71669" lon="2.88684">
        <ele>134.6</ele>
      </trkpt>
      <trkpt lat="39.71668" lon="2.88678">
        <ele>134.7</ele>
      </trkpt>
      <trkpt lat="39.71667" lon="2.88676">
        <ele>134.8</ele>
      </trkpt>
      <trkpt lat="39.71666" lon="2.88668">
        <ele>134.9</ele>
      </trkpt>
      <trkpt lat="39.71665" lon="2.8866">
        <ele>135.1</ele>
      </trkpt>
      <trkpt lat="39.71667" lon="2.8863">
        <ele>135.9</ele>
      </trkpt>
      <trkpt lat="39.71668" lon="2.88617">
        <ele>136.2</ele>
      </trkpt>
      <trkpt lat="39.71669" lon="2.88596">
        <ele>136.7</ele>
      </trkpt>
      <trkpt lat="39.7167" lon="2.88588">
        <ele>137.0</ele>
      </trkpt>
      <trkpt lat="39.71671" lon="2.88575">
        <ele>137.1</ele>
      </trkpt>
      <trkpt lat="39.71672" lon="2.8856">
        <ele>137.1</ele>
      </trkpt>
      <trkpt lat="39.71673" lon="2.88552">
        <ele>137.2</ele>
      </trkpt>
      <trkpt lat="39.71674" lon="2.88546">
        <ele>137.2</ele>
      </trkpt>
      <trkpt lat="39.71679" lon="2.88508">
        <ele>137.4</ele>
      </trkpt>
      <trkpt lat="39.71681" lon="2.885">
        <ele>137.5</ele>
      </trkpt>
      <trkpt lat="39.71682" lon="2.88492">
        <ele>137.5</ele>
      </trkpt>
      <trkpt lat="39.71683" lon="2.88485">
        <ele>137.4</ele>
      </trkpt>
      <trkpt lat="39.71687" lon="2.88456">
        <ele>137.2</ele>
      </trkpt>
      <trkpt lat="39.7169" lon="2.88442">
        <ele>137.1</ele>
      </trkpt>
      <trkpt lat="39.717" lon="2.88402">
        <ele>137.0</ele>
      </trkpt>
      <trkpt lat="39.71704" lon="2.88391">
        <ele>136.9</ele>
      </trkpt>
      <trkpt lat="39.71706" lon="2.88384">
        <ele>136.8</ele>
      </trkpt>
      <trkpt lat="39.71706" lon="2.88378">
        <ele>136.7</ele>
      </trkpt>
      <trkpt lat="39.71705" lon="2.8837">
        <ele>136.6</ele>
      </trkpt>
      <trkpt lat="39.717" lon="2.88344">
        <ele>136.0</ele>
      </trkpt>
      <trkpt lat="39.71698" lon="2.88337">
        <ele>135.8</ele>
      </trkpt>
      <trkpt lat="39.71697" lon="2.8833">
        <ele>135.8</ele>
      </trkpt>
      <trkpt lat="39.71698" lon="2.88327">
        <ele>135.9</ele>
      </trkpt>
      <trkpt lat="39.71698" lon="2.88326">
        <ele>135.9</ele>
      </trkpt>
      <trkpt lat="39.71698" lon="2.88322">
        <ele>136.0</ele>
      </trkpt>
      <trkpt lat="39.717" lon="2.88319">
        <ele>136.1</ele>
      </trkpt>
      <trkpt lat="39.71706" lon="2.88307">
        <ele>136.4</ele>
      </trkpt>
      <trkpt lat="39.71725" lon="2.88273">
        <ele>137.3</ele>
      </trkpt>
      <trkpt lat="39.71736" lon="2.88247">
        <ele>137.8</ele>
      </trkpt>
      <trkpt lat="39.71744" lon="2.88228">
        <ele>137.9</ele>
      </trkpt>
      <trkpt lat="39.71746" lon="2.8822">
        <ele>138.0</ele>
      </trkpt>
      <trkpt lat="39.71748" lon="2.88215">
        <ele>138.0</ele>
      </trkpt>
      <trkpt lat="39.71748" lon="2.8821">
        <ele>138.0</ele>
      </trkpt>
      <trkpt lat="39.71748" lon="2.88206">
        <ele>138.0</ele>
      </trkpt>
      <trkpt lat="39.71748" lon="2.88206">
        <ele>138.0</ele>
      </trkpt>
      <trkpt lat="39.71748" lon="2.88202">
        <ele>138.0</ele>
      </trkpt>
      <trkpt lat="39.71745" lon="2.8819">
        <ele>137.9</ele>
      </trkpt>
      <trkpt lat="39.71739" lon="2.88155">
        <ele>137.7</ele>
      </trkpt>
      <trkpt lat="39.71728" lon="2.88096">
        <ele>137.1</ele>
      </trkpt>
      <trkpt lat="39.71726" lon="2.88064">
        <ele>137.1</ele>
      </trkpt>
      <trkpt lat="39.71724" lon="2.88034">
        <ele>137.2</ele>
      </trkpt>
      <trkpt lat="39.71724" lon="2.88026">
        <ele>137.3</ele>
      </trkpt>
      <trkpt lat="39.71725" lon="2.87979">
        <ele>137.6</ele>
      </trkpt>
      <trkpt lat="39.71726" lon="2.87975">
        <ele>137.6</ele>
      </trkpt>
      <trkpt lat="39.71725" lon="2.8797">
        <ele>137.7</ele>
      </trkpt>
      <trkpt lat="39.71725" lon="2.87964">
        <ele>137.7</ele>
      </trkpt>
      <trkpt lat="39.71724" lon="2.8796">
        <ele>137.7</ele>
      </trkpt>
      <trkpt lat="39.71723" lon="2.87957">
        <ele>137.7</ele>
      </trkpt>
      <trkpt lat="39.7172" lon="2.87949">
        <ele>137.7</ele>
      </trkpt>
      <trkpt lat="39.7172" lon="2.87947">
        <ele>137.7</ele>
      </trkpt>
      <trkpt lat="39.71713" lon="2.87926">
        <ele>137.6</ele>
      </trkpt>
      <trkpt lat="39.71691" lon="2.87871">
        <ele>136.6</ele>
      </trkpt>
      <trkpt lat="39.71688" lon="2.87857">
        <ele>136.4</ele>
      </trkpt>
      <trkpt lat="39.71687" lon="2.87842">
        <ele>136.3</ele>
      </trkpt>
      <trkpt lat="39.71687" lon="2.87841">
        <ele>136.3</ele>
      </trkpt>
      <trkpt lat="39.71687" lon="2.87825">
        <ele>136.5</ele>
      </trkpt>
      <trkpt lat="39.71687" lon="2.87806">
        <ele>137.2</ele>
      </trkpt>
      <trkpt lat="39.71687" lon="2.87795">
        <ele>137.6</ele>
      </trkpt>
      <trkpt lat="39.71686" lon="2.87784">
        <ele>138.0</ele>
      </trkpt>
      <trkpt lat="39.71686" lon="2.87772">
        <ele>138.4</ele>
      </trkpt>
      <trkpt lat="39.71686" lon="2.87764">
        <ele>138.7</ele>
      </trkpt>
      <trkpt lat="39.71686" lon="2.87759">
        <ele>138.9</ele>
      </trkpt>
      <trkpt lat="39.71687" lon="2.87737">
        <ele>139.6</ele>
      </trkpt>
      <trkpt lat="39.71693" lon="2.87684">
        <ele>140.9</ele>
      </trkpt>
      <trkpt lat="39.717" lon="2.8762">
        <ele>141.6</ele>
      </trkpt>
      <trkpt lat="39.71704" lon="2.87583">
        <ele>141.9</ele>
      </trkpt>
      <trkpt lat="39.71705" lon="2.87573">
        <ele>141.9</ele>
      </trkpt>
      <trkpt lat="39.71706" lon="2.87572">
        <ele>141.9</ele>
      </trkpt>
      <trkpt lat="39.71714" lon="2.87495">
        <ele>142.2</ele>
      </trkpt>
      <trkpt lat="39.71717" lon="2.87462">
        <ele>143.0</ele>
      </trkpt>
      <trkpt lat="39.71721" lon="2.87417">
        <ele>144.0</ele>
      </trkpt>
      <trkpt lat="39.71725" lon="2.87378">
        <ele>144.3</ele>
      </trkpt>
      <trkpt lat="39.71731" lon="2.87322">
        <ele>144.8</ele>
      </trkpt>
      <trkpt lat="39.71731" lon="2.87322">
        <ele>144.8</ele>
      </trkpt>
      <trkpt lat="39.71736" lon="2.87299">
        <ele>144.8</ele>
      </trkpt>
      <trkpt lat="39.71736" lon="2.87298">
        <ele>144.8</ele>
      </trkpt>
      <trkpt lat="39.71737" lon="2.87285">
        <ele>144.8</ele>
      </trkpt>
      <trkpt lat="39.71742" lon="2.87229">
        <ele>144.6</ele>
      </trkpt>
      <trkpt lat="39.71743" lon="2.87211">
        <ele>144.6</ele>
      </trkpt>
      <trkpt lat="39.71744" lon="2.87206">
        <ele>144.6</ele>
      </trkpt>
      <trkpt lat="39.71745" lon="2.87193">
        <ele>144.6</ele>
      </trkpt>
      <trkpt lat="39.71745" lon="2.87191">
        <ele>144.6</ele>
      </trkpt>
      <trkpt lat="39.71745" lon="2.8717">
        <ele>144.5</ele>
      </trkpt>
      <trkpt lat="39.71745" lon="2.87167">
        <ele>144.5</ele>
      </trkpt>
      <trkpt lat="39.71744" lon="2.87155">
        <ele>144.5</ele>
      </trkpt>
      <trkpt lat="39.71741" lon="2.8714">
        <ele>144.5</ele>
      </trkpt>
      <trkpt lat="39.71731" lon="2.8709">
        <ele>145.0</ele>
      </trkpt>
      <trkpt lat="39.71727" lon="2.8707">
        <ele>144.9</ele>
      </trkpt>
      <trkpt lat="39.71727" lon="2.87067">
        <ele>144.9</ele>
      </trkpt>
      <trkpt lat="39.71727" lon="2.87065">
        <ele>144.9</ele>
      </trkpt>
      <trkpt lat="39.71726" lon="2.87061">
        <ele>144.8</ele>
      </trkpt>
      <trkpt lat="39.71727" lon="2.87057">
        <ele>144.9</ele>
      </trkpt>
      <trkpt lat="39.71728" lon="2.87054">
        <ele>144.9</ele>
      </trkpt>
      <trkpt lat="39.71733" lon="2.87047">
        <ele>145.2</ele>
      </trkpt>
      <trkpt lat="39.71733" lon="2.87047">
        <ele>145.2</ele>
      </trkpt>
      <trkpt lat="39.71725" lon="2.87038">
        <ele>144.8</ele>
      </trkpt>
      <trkpt lat="39.7168" lon="2.86965">
        <ele>143.0</ele>
      </trkpt>
      <trkpt lat="39.71653" lon="2.86915">
        <ele>142.5</ele>
      </trkpt>
      <trkpt lat="39.71645" lon="2.86902">
        <ele>142.3</ele>
      </trkpt>
      <trkpt lat="39.71625" lon="2.86871">
        <ele>142.0</ele>
      </trkpt>
      <trkpt lat="39.71599" lon="2.86842">
        <ele>142.0</ele>
      </trkpt>
      <trkpt lat="39.71554" lon="2.86782">
        <ele>141.1</ele>
      </trkpt>
      <trkpt lat="39.71523" lon="2.86742">
        <ele>140.1</ele>
      </trkpt>
      <trkpt lat="39.71485" lon="2.86688">
        <ele>138.5</ele>
      </trkpt>
      <trkpt lat="39.71454" lon="2.86649">
        <ele>136.2</ele>
      </trkpt>
      <trkpt lat="39.71447" lon="2.86639">
        <ele>135.6</ele>
      </trkpt>
      <trkpt lat="39.71413" lon="2.86596">
        <ele>133.8</ele>
      </trkpt>
      <trkpt lat="39.7139" lon="2.86567">
        <ele>134.0</ele>
      </trkpt>
      <trkpt lat="39.71385" lon="2.8656">
        <ele>134.1</ele>
      </trkpt>
      <trkpt lat="39.71341" lon="2.86502">
        <ele>134.2</ele>
      </trkpt>
      <trkpt lat="39.71337" lon="2.86497">
        <ele>134.1</ele>
      </trkpt>
      <trkpt lat="39.71314" lon="2.8647">
        <ele>133.9</ele>
      </trkpt>
      <trkpt lat="39.7129" lon="2.8644">
        <ele>134.2</ele>
      </trkpt>
      <trkpt lat="39.71279" lon="2.86426">
        <ele>134.5</ele>
      </trkpt>
      <trkpt lat="39.71264" lon="2.86407">
        <ele>134.9</ele>
      </trkpt>
      <trkpt lat="39.71263" lon="2.86406">
        <ele>134.9</ele>
      </trkpt>
      <trkpt lat="39.71242" lon="2.86379">
        <ele>134.9</ele>
      </trkpt>
      <trkpt lat="39.71234" lon="2.86369">
        <ele>134.8</ele>
      </trkpt>
      <trkpt lat="39.71231" lon="2.86366">
        <ele>134.8</ele>
      </trkpt>
      <trkpt lat="39.71227" lon="2.86361">
        <ele>134.7</ele>
      </trkpt>
      <trkpt lat="39.7122" lon="2.86352">
        <ele>134.6</ele>
      </trkpt>
      <trkpt lat="39.71212" lon="2.86339">
        <ele>134.5</ele>
      </trkpt>
      <trkpt lat="39.71205" lon="2.86326">
        <ele>134.5</ele>
      </trkpt>
      <trkpt lat="39.71203" lon="2.86321">
        <ele>134.4</ele>
      </trkpt>
      <trkpt lat="39.71193" lon="2.86301">
        <ele>134.3</ele>
      </trkpt>
      <trkpt lat="39.71184" lon="2.86284">
        <ele>134.2</ele>
      </trkpt>
      <trkpt lat="39.71179" lon="2.86276">
        <ele>134.1</ele>
      </trkpt>
      <trkpt lat="39.71176" lon="2.8627">
        <ele>134.1</ele>
      </trkpt>
      <trkpt lat="39.71163" lon="2.86246">
        <ele>134.0</ele>
      </trkpt>
      <trkpt lat="39.71149" lon="2.86224">
        <ele>134.0</ele>
      </trkpt>
      <trkpt lat="39.71148" lon="2.86223">
        <ele>134.0</ele>
      </trkpt>
      <trkpt lat="39.71147" lon="2.8622">
        <ele>134.0</ele>
      </trkpt>
      <trkpt lat="39.71146" lon="2.8622">
        <ele>134.0</ele>
      </trkpt>
      <trkpt lat="39.71135" lon="2.86203">
        <ele>134.0</ele>
      </trkpt>
      <trkpt lat="39.71122" lon="2.86184">
        <ele>134.0</ele>
      </trkpt>
      <trkpt lat="39.71119" lon="2.86179">
        <ele>134.0</ele>
      </trkpt>
      <trkpt lat="39.71118" lon="2.86176">
        <ele>134.0</ele>
      </trkpt>
      <trkpt lat="39.71114" lon="2.8617">
        <ele>134.0</ele>
      </trkpt>
      <trkpt lat="39.71111" lon="2.86166">
        <ele>134.0</ele>
      </trkpt>
      <trkpt lat="39.71109" lon="2.86163">
        <ele>134.0</ele>
      </trkpt>
      <trkpt lat="39.71099" lon="2.86151">
        <ele>134.1</ele>
      </trkpt>
      <trkpt lat="39.71098" lon="2.8615">
        <ele>134.1</ele>
      </trkpt>
      <trkpt lat="39.71096" lon="2.86148">
        <ele>134.2</ele>
      </trkpt>
      <trkpt lat="39.7108" lon="2.86132">
        <ele>134.4</ele>
      </trkpt>
      <trkpt lat="39.7108" lon="2.86132">
        <ele>134.4</ele>
      </trkpt>
      <trkpt lat="39.7108" lon="2.86131">
        <ele>134.5</ele>
      </trkpt>
      <trkpt lat="39.71081" lon="2.86129">
        <ele>134.5</ele>
      </trkpt>
      <trkpt lat="39.71082" lon="2.86128">
        <ele>134.5</ele>
      </trkpt>
      <trkpt lat="39.71082" lon="2.86126">
        <ele>134.5</ele>
      </trkpt>
      <trkpt lat="39.71082" lon="2.86125">
        <ele>134.5</ele>
      </trkpt>
      <trkpt lat="39.71083" lon="2.86123">
        <ele>134.5</ele>
      </trkpt>
      <trkpt lat="39.71083" lon="2.86122">
        <ele>134.5</ele>
      </trkpt>
      <trkpt lat="39.71083" lon="2.8612">
        <ele>134.6</ele>
      </trkpt>
      <trkpt lat="39.71083" lon="2.86119">
        <ele>134.6</ele>
      </trkpt>
      <trkpt lat="39.71083" lon="2.86117">
        <ele>134.6</ele>
      </trkpt>
      <trkpt lat="39.71083" lon="2.86115">
        <ele>134.6</ele>
      </trkpt>
      <trkpt lat="39.71083" lon="2.86114">
        <ele>134.6</ele>
      </trkpt>
      <trkpt lat="39.71082" lon="2.86112">
        <ele>134.7</ele>
      </trkpt>
      <trkpt lat="39.71082" lon="2.86111">
        <ele>134.7</ele>
      </trkpt>
      <trkpt lat="39.71081" lon="2.86109">
        <ele>134.7</ele>
      </trkpt>
      <trkpt lat="39.71081" lon="2.86108">
        <ele>134.7</ele>
      </trkpt>
      <trkpt lat="39.7108" lon="2.86107">
        <ele>134.7</ele>
      </trkpt>
      <trkpt lat="39.71079" lon="2.86105">
        <ele>134.8</ele>
      </trkpt>
      <trkpt lat="39.71079" lon="2.86104">
        <ele>134.8</ele>
      </trkpt>
      <trkpt lat="39.71078" lon="2.86103">
        <ele>134.8</ele>
      </trkpt>
      <trkpt lat="39.71076" lon="2.86101">
        <ele>134.8</ele>
      </trkpt>
      <trkpt lat="39.71075" lon="2.86101">
        <ele>134.8</ele>
      </trkpt>
      <trkpt lat="39.71074" lon="2.861">
        <ele>134.8</ele>
      </trkpt>
      <trkpt lat="39.71073" lon="2.86099">
        <ele>134.8</ele>
      </trkpt>
      <trkpt lat="39.71072" lon="2.86099">
        <ele>134.8</ele>
      </trkpt>
      <trkpt lat="39.71071" lon="2.86098">
        <ele>134.8</ele>
      </trkpt>
      <trkpt lat="39.7107" lon="2.86098">
        <ele>134.9</ele>
      </trkpt>
      <trkpt lat="39.71068" lon="2.86097">
        <ele>134.9</ele>
      </trkpt>
      <trkpt lat="39.71067" lon="2.86097">
        <ele>134.9</ele>
      </trkpt>
      <trkpt lat="39.71066" lon="2.86097">
        <ele>134.9</ele>
      </trkpt>
      <trkpt lat="39.71065" lon="2.86097">
        <ele>134.9</ele>
      </trkpt>
      <trkpt lat="39.71064" lon="2.86098">
        <ele>134.9</ele>
      </trkpt>
      <trkpt lat="39.71062" lon="2.86098">
        <ele>134.9</ele>
      </trkpt>
      <trkpt lat="39.71061" lon="2.86098">
        <ele>134.9</ele>
      </trkpt>
      <trkpt lat="39.7106" lon="2.86099">
        <ele>134.9</ele>
      </trkpt>
      <trkpt lat="39.71059" lon="2.861">
        <ele>134.9</ele>
      </trkpt>
      <trkpt lat="39.71058" lon="2.86101">
        <ele>134.9</ele>
      </trkpt>
      <trkpt lat="39.71057" lon="2.86101">
        <ele>134.9</ele>
      </trkpt>
      <trkpt lat="39.71056" lon="2.86102">
        <ele>134.8</ele>
      </trkpt>
      <trkpt lat="39.71055" lon="2.86103">
        <ele>134.8</ele>
      </trkpt>
      <trkpt lat="39.71054" lon="2.86105">
        <ele>134.8</ele>
      </trkpt>
      <trkpt lat="39.71053" lon="2.86106">
        <ele>134.8</ele>
      </trkpt>
      <trkpt lat="39.71053" lon="2.86107">
        <ele>134.8</ele>
      </trkpt>
      <trkpt lat="39.71052" lon="2.86108">
        <ele>134.8</ele>
      </trkpt>
      <trkpt lat="39.71052" lon="2.8611">
        <ele>134.8</ele>
      </trkpt>
      <trkpt lat="39.71051" lon="2.86111">
        <ele>134.8</ele>
      </trkpt>
      <trkpt lat="39.71051" lon="2.86113">
        <ele>134.8</ele>
      </trkpt>
      <trkpt lat="39.71034" lon="2.86103">
        <ele>134.9</ele>
      </trkpt>
      <trkpt lat="39.7103" lon="2.86101">
        <ele>134.9</ele>
      </trkpt>
      <trkpt lat="39.71028" lon="2.86099">
        <ele>134.9</ele>
      </trkpt>
      <trkpt lat="39.71025" lon="2.86097">
        <ele>135.0</ele>
      </trkpt>
      <trkpt lat="39.71012" lon="2.86089">
        <ele>135.0</ele>
      </trkpt>
      <trkpt lat="39.71004" lon="2.86084">
        <ele>135.0</ele>
      </trkpt>
      <trkpt lat="39.70993" lon="2.86075">
        <ele>134.8</ele>
      </trkpt>
      <trkpt lat="39.7099" lon="2.86072">
        <ele>134.8</ele>
      </trkpt>
      <trkpt lat="39.70987" lon="2.8607">
        <ele>134.7</ele>
      </trkpt>
      <trkpt lat="39.70978" lon="2.86063">
        <ele>134.5</ele>
      </trkpt>
      <trkpt lat="39.70975" lon="2.8606">
        <ele>134.5</ele>
      </trkpt>
      <trkpt lat="39.70972" lon="2.86057">
        <ele>134.4</ele>
      </trkpt>
      <trkpt lat="39.70966" lon="2.86052">
        <ele>134.3</ele>
      </trkpt>
      <trkpt lat="39.70965" lon="2.86052">
        <ele>134.3</ele>
      </trkpt>
      <trkpt lat="39.70929" lon="2.86017">
        <ele>134.0</ele>
      </trkpt>
      <trkpt lat="39.70911" lon="2.85998">
        <ele>133.9</ele>
      </trkpt>
      <trkpt lat="39.70911" lon="2.85997">
        <ele>133.9</ele>
      </trkpt>
      <trkpt lat="39.70892" lon="2.85975">
        <ele>133.7</ele>
      </trkpt>
      <trkpt lat="39.70879" lon="2.85957">
        <ele>133.5</ele>
      </trkpt>
      <trkpt lat="39.70839" lon="2.85907">
        <ele>133.0</ele>
      </trkpt>
      <trkpt lat="39.70829" lon="2.85895">
        <ele>132.7</ele>
      </trkpt>
      <trkpt lat="39.70791" lon="2.85848">
        <ele>131.6</ele>
      </trkpt>
      <trkpt lat="39.70778" lon="2.85829">
        <ele>131.4</ele>
      </trkpt>
      <trkpt lat="39.70745" lon="2.85782">
        <ele>131.5</ele>
      </trkpt>
      <trkpt lat="39.70724" lon="2.85748">
        <ele>131.4</ele>
      </trkpt>
      <trkpt lat="39.70723" lon="2.85746">
        <ele>131.4</ele>
      </trkpt>
      <trkpt lat="39.70722" lon="2.85745">
        <ele>131.4</ele>
      </trkpt>
      <trkpt lat="39.70714" lon="2.85736">
        <ele>131.2</ele>
      </trkpt>
      <trkpt lat="39.70709" lon="2.85731">
        <ele>131.1</ele>
      </trkpt>
      <trkpt lat="39.70695" lon="2.85716">
        <ele>130.8</ele>
      </trkpt>
      <trkpt lat="39.70654" lon="2.85672">
        <ele>130.1</ele>
      </trkpt>
      <trkpt lat="39.7064" lon="2.85657">
        <ele>130.3</ele>
      </trkpt>
      <trkpt lat="39.70616" lon="2.85632">
        <ele>130.6</ele>
      </trkpt>
      <trkpt lat="39.70569" lon="2.85585">
        <ele>131.0</ele>
      </trkpt>
      <trkpt lat="39.70511" lon="2.85526">
        <ele>131.2</ele>
      </trkpt>
      <trkpt lat="39.70494" lon="2.85509">
        <ele>130.9</ele>
      </trkpt>
      <trkpt lat="39.70488" lon="2.85502">
        <ele>130.9</ele>
      </trkpt>
      <trkpt lat="39.70474" lon="2.85489">
        <ele>130.8</ele>
      </trkpt>
      <trkpt lat="39.70464" lon="2.85482">
        <ele>130.7</ele>
      </trkpt>
      <trkpt lat="39.70449" lon="2.8547">
        <ele>130.5</ele>
      </trkpt>
      <trkpt lat="39.70448" lon="2.8547">
        <ele>130.5</ele>
      </trkpt>
      <trkpt lat="39.70411" lon="2.85446">
        <ele>130.0</ele>
      </trkpt>
      <trkpt lat="39.704" lon="2.85441">
        <ele>130.0</ele>
      </trkpt>
      <trkpt lat="39.704" lon="2.8544">
        <ele>130.0</ele>
      </trkpt>
      <trkpt lat="39.70395" lon="2.85436">
        <ele>130.0</ele>
      </trkpt>
      <trkpt lat="39.7039" lon="2.85432">
        <ele>130.0</ele>
      </trkpt>
      <trkpt lat="39.70329" lon="2.85361">
        <ele>130.0</ele>
      </trkpt>
      <trkpt lat="39.70316" lon="2.85346">
        <ele>130.2</ele>
      </trkpt>
      <trkpt lat="39.70302" lon="2.8533">
        <ele>130.4</ele>
      </trkpt>
      <trkpt lat="39.70299" lon="2.85326">
        <ele>130.5</ele>
      </trkpt>
      <trkpt lat="39.70248" lon="2.85269">
        <ele>131.8</ele>
      </trkpt>
      <trkpt lat="39.70247" lon="2.85268">
        <ele>131.8</ele>
      </trkpt>
      <trkpt lat="39.70194" lon="2.85204">
        <ele>132.2</ele>
      </trkpt>
      <trkpt lat="39.70182" lon="2.8519">
        <ele>132.1</ele>
      </trkpt>
      <trkpt lat="39.7014" lon="2.85142">
        <ele>132.3</ele>
      </trkpt>
      <trkpt lat="39.701" lon="2.85096">
        <ele>132.8</ele>
      </trkpt>
      <trkpt lat="39.70064" lon="2.85055">
        <ele>133.0</ele>
      </trkpt>
      <trkpt lat="39.70003" lon="2.84984">
        <ele>133.4</ele>
      </trkpt>
      <trkpt lat="39.69989" lon="2.84968">
        <ele>133.9</ele>
      </trkpt>
      <trkpt lat="39.69964" lon="2.84939">
        <ele>134.7</ele>
      </trkpt>
      <trkpt lat="39.69882" lon="2.84843">
        <ele>134.9</ele>
      </trkpt>
      <trkpt lat="39.69881" lon="2.84842">
        <ele>134.9</ele>
      </trkpt>
      <trkpt lat="39.6986" lon="2.84821">
        <ele>135.5</ele>
      </trkpt>
      <trkpt lat="39.69853" lon="2.84812">
        <ele>135.8</ele>
      </trkpt>
      <trkpt lat="39.69838" lon="2.84795">
        <ele>136.3</ele>
      </trkpt>
      <trkpt lat="39.69829" lon="2.84784">
        <ele>136.7</ele>
      </trkpt>
      <trkpt lat="39.69821" lon="2.84774">
        <ele>137.0</ele>
      </trkpt>
      <trkpt lat="39.69819" lon="2.84772">
        <ele>137.0</ele>
      </trkpt>
      <trkpt lat="39.69818" lon="2.8477">
        <ele>137.1</ele>
      </trkpt>
      <trkpt lat="39.69815" lon="2.84763">
        <ele>137.2</ele>
      </trkpt>
      <trkpt lat="39.69812" lon="2.84757">
        <ele>137.4</ele>
      </trkpt>
      <trkpt lat="39.69806" lon="2.84742">
        <ele>137.6</ele>
      </trkpt>
      <trkpt lat="39.69804" lon="2.84736">
        <ele>137.6</ele>
      </trkpt>
      <trkpt lat="39.69787" lon="2.8469">
        <ele>137.3</ele>
      </trkpt>
      <trkpt lat="39.69783" lon="2.84679">
        <ele>137.2</ele>
      </trkpt>
      <trkpt lat="39.69776" lon="2.84657">
        <ele>137.1</ele>
      </trkpt>
      <trkpt lat="39.69766" lon="2.84638">
        <ele>137.1</ele>
      </trkpt>
      <trkpt lat="39.69762" lon="2.8463">
        <ele>137.1</ele>
      </trkpt>
      <trkpt lat="39.69754" lon="2.84613">
        <ele>137.1</ele>
      </trkpt>
      <trkpt lat="39.6975" lon="2.84601">
        <ele>137.0</ele>
      </trkpt>
      <trkpt lat="39.69746" lon="2.84586">
        <ele>137.0</ele>
      </trkpt>
      <trkpt lat="39.69743" lon="2.8458">
        <ele>137.2</ele>
      </trkpt>
      <trkpt lat="39.69742" lon="2.84577">
        <ele>137.3</ele>
      </trkpt>
      <trkpt lat="39.69737" lon="2.84565">
        <ele>137.7</ele>
      </trkpt>
      <trkpt lat="39.69731" lon="2.84558">
        <ele>137.9</ele>
      </trkpt>
      <trkpt lat="39.69723" lon="2.84553">
        <ele>138.1</ele>
      </trkpt>
      <trkpt lat="39.69717" lon="2.8455">
        <ele>138.1</ele>
      </trkpt>
      <trkpt lat="39.69714" lon="2.84548">
        <ele>138.2</ele>
      </trkpt>
      <trkpt lat="39.69698" lon="2.84544">
        <ele>138.2</ele>
      </trkpt>
      <trkpt lat="39.69698" lon="2.84544">
        <ele>138.2</ele>
      </trkpt>
      <trkpt lat="39.69695" lon="2.84536">
        <ele>138.2</ele>
      </trkpt>
      <trkpt lat="39.69693" lon="2.84527">
        <ele>138.3</ele>
      </trkpt>
      <trkpt lat="39.6969" lon="2.84522">
        <ele>138.3</ele>
      </trkpt>
      <trkpt lat="39.69676" lon="2.84503">
        <ele>138.2</ele>
      </trkpt>
      <trkpt lat="39.6966" lon="2.84484">
        <ele>137.9</ele>
      </trkpt>
      <trkpt lat="39.6965" lon="2.84475">
        <ele>137.7</ele>
      </trkpt>
      <trkpt lat="39.69643" lon="2.84468">
        <ele>137.7</ele>
      </trkpt>
      <trkpt lat="39.69643" lon="2.84467">
        <ele>137.7</ele>
      </trkpt>
      <trkpt lat="39.69641" lon="2.84465">
        <ele>137.6</ele>
      </trkpt>
      <trkpt lat="39.69639" lon="2.84458">
        <ele>137.7</ele>
      </trkpt>
      <trkpt lat="39.69635" lon="2.8445">
        <ele>137.7</ele>
      </trkpt>
      <trkpt lat="39.69627" lon="2.84428">
        <ele>137.9</ele>
      </trkpt>
      <trkpt lat="39.69627" lon="2.84427">
        <ele>137.9</ele>
      </trkpt>
      <trkpt lat="39.69623" lon="2.84415">
        <ele>138.0</ele>
      </trkpt>
      <trkpt lat="39.69623" lon="2.84414">
        <ele>138.0</ele>
      </trkpt>
      <trkpt lat="39.6962" lon="2.84405">
        <ele>138.0</ele>
      </trkpt>
      <trkpt lat="39.6962" lon="2.84404">
        <ele>138.0</ele>
      </trkpt>
      <trkpt lat="39.69615" lon="2.84389">
        <ele>137.9</ele>
      </trkpt>
      <trkpt lat="39.69612" lon="2.84383">
        <ele>137.9</ele>
      </trkpt>
      <trkpt lat="39.69603" lon="2.84363">
        <ele>137.7</ele>
      </trkpt>
      <trkpt lat="39.69597" lon="2.84351">
        <ele>137.5</ele>
      </trkpt>
      <trkpt lat="39.69593" lon="2.84345">
        <ele>137.3</ele>
      </trkpt>
      <trkpt lat="39.69592" lon="2.84342">
        <ele>137.3</ele>
      </trkpt>
      <trkpt lat="39.69587" lon="2.84335">
        <ele>137.1</ele>
      </trkpt>
      <trkpt lat="39.69574" lon="2.84318">
        <ele>136.9</ele>
      </trkpt>
      <trkpt lat="39.69562" lon="2.84302">
        <ele>136.9</ele>
      </trkpt>
      <trkpt lat="39.69561" lon="2.84301">
        <ele>136.9</ele>
      </trkpt>
      <trkpt lat="39.69558" lon="2.84297">
        <ele>136.9</ele>
      </trkpt>
      <trkpt lat="39.69556" lon="2.84294">
        <ele>137.0</ele>
      </trkpt>
      <trkpt lat="39.69553" lon="2.8429">
        <ele>137.0</ele>
      </trkpt>
      <trkpt lat="39.69548" lon="2.84283">
        <ele>137.1</ele>
      </trkpt>
      <trkpt lat="39.69543" lon="2.84278">
        <ele>137.2</ele>
      </trkpt>
      <trkpt lat="39.69542" lon="2.84277">
        <ele>137.2</ele>
      </trkpt>
      <trkpt lat="39.69535" lon="2.84267">
        <ele>137.4</ele>
      </trkpt>
      <trkpt lat="39.69522" lon="2.84251">
        <ele>138.0</ele>
      </trkpt>
      <trkpt lat="39.69518" lon="2.84246">
        <ele>138.1</ele>
      </trkpt>
      <trkpt lat="39.69513" lon="2.84239">
        <ele>138.2</ele>
      </trkpt>
      <trkpt lat="39.69512" lon="2.84238">
        <ele>138.2</ele>
      </trkpt>
      <trkpt lat="39.69509" lon="2.84235">
        <ele>138.2</ele>
      </trkpt>
      <trkpt lat="39.69496" lon="2.84223">
        <ele>138.3</ele>
      </trkpt>
      <trkpt lat="39.69486" lon="2.84213">
        <ele>138.4</ele>
      </trkpt>
      <trkpt lat="39.69479" lon="2.84205">
        <ele>138.4</ele>
      </trkpt>
      <trkpt lat="39.69471" lon="2.84194">
        <ele>138.6</ele>
      </trkpt>
      <trkpt lat="39.69469" lon="2.84191">
        <ele>138.6</ele>
      </trkpt>
      <trkpt lat="39.6945" lon="2.84164">
        <ele>139.0</ele>
      </trkpt>
      <trkpt lat="39.69447" lon="2.84159">
        <ele>139.1</ele>
      </trkpt>
      <trkpt lat="39.69424" lon="2.8412">
        <ele>139.6</ele>
      </trkpt>
      <trkpt lat="39.69412" lon="2.84099">
        <ele>139.8</ele>
      </trkpt>
      <trkpt lat="39.69403" lon="2.84083">
        <ele>140.0</ele>
      </trkpt>
      <trkpt lat="39.69398" lon="2.84074">
        <ele>140.2</ele>
      </trkpt>
      <trkpt lat="39.69394" lon="2.84065">
        <ele>140.5</ele>
      </trkpt>
      <trkpt lat="39.69394" lon="2.84065">
        <ele>140.5</ele>
      </trkpt>
      <trkpt lat="39.69392" lon="2.84067">
        <ele>140.4</ele>
      </trkpt>
      <trkpt lat="39.69388" lon="2.8407">
        <ele>140.4</ele>
      </trkpt>
      <trkpt lat="39.69375" lon="2.84084">
        <ele>140.0</ele>
      </trkpt>
      <trkpt lat="39.69352" lon="2.84114">
        <ele>139.9</ele>
      </trkpt>
      <trkpt lat="39.69346" lon="2.84121">
        <ele>139.9</ele>
      </trkpt>
      <trkpt lat="39.6934" lon="2.84129">
        <ele>140.0</ele>
      </trkpt>
      <trkpt lat="39.69339" lon="2.8413">
        <ele>140.0</ele>
      </trkpt>
      <trkpt lat="39.69336" lon="2.84133">
        <ele>140.0</ele>
      </trkpt>
      <trkpt lat="39.6932" lon="2.84154">
        <ele>140.3</ele>
      </trkpt>
      <trkpt lat="39.69313" lon="2.84162">
        <ele>140.5</ele>
      </trkpt>
      <trkpt lat="39.69302" lon="2.84176">
        <ele>140.7</ele>
      </trkpt>
      <trkpt lat="39.6928" lon="2.84198">
        <ele>141.1</ele>
      </trkpt>
      <trkpt lat="39.6928" lon="2.84198">
        <ele>141.1</ele>
      </trkpt>
      <trkpt lat="39.69274" lon="2.8419">
        <ele>141.3</ele>
      </trkpt>
      <trkpt lat="39.69268" lon="2.8418">
        <ele>141.5</ele>
      </trkpt>
      <trkpt lat="39.69259" lon="2.84169">
        <ele>141.8</ele>
      </trkpt>
      <trkpt lat="39.69247" lon="2.84152">
        <ele>141.8</ele>
      </trkpt>
      <trkpt lat="39.69243" lon="2.84147">
        <ele>141.8</ele>
      </trkpt>
      <trkpt lat="39.69239" lon="2.84141">
        <ele>141.7</ele>
      </trkpt>
      <trkpt lat="39.69237" lon="2.84139">
        <ele>141.7</ele>
      </trkpt>
      <trkpt lat="39.69235" lon="2.84137">
        <ele>141.6</ele>
      </trkpt>
      <trkpt lat="39.69233" lon="2.84138">
        <ele>141.7</ele>
      </trkpt>
      <trkpt lat="39.69232" lon="2.84138">
        <ele>141.7</ele>
      </trkpt>
      <trkpt lat="39.69228" lon="2.84141">
        <ele>141.7</ele>
      </trkpt>
      <trkpt lat="39.69226" lon="2.84143">
        <ele>141.7</ele>
      </trkpt>
      <trkpt lat="39.69224" lon="2.84144">
        <ele>141.7</ele>
      </trkpt>
      <trkpt lat="39.69223" lon="2.84145">
        <ele>141.7</ele>
      </trkpt>
      <trkpt lat="39.69217" lon="2.84148">
        <ele>141.8</ele>
      </trkpt>
      <trkpt lat="39.69217" lon="2.84148">
        <ele>141.8</ele>
      </trkpt>
      <trkpt lat="39.69208" lon="2.84138">
        <ele>141.7</ele>
      </trkpt>
      <trkpt lat="39.692" lon="2.84122">
        <ele>141.5</ele>
      </trkpt>
      <trkpt lat="39.69144" lon="2.84031">
        <ele>140.8</ele>
      </trkpt>
      <trkpt lat="39.691" lon="2.83964">
        <ele>141.3</ele>
      </trkpt>
      <trkpt lat="39.69098" lon="2.8396">
        <ele>141.3</ele>
      </trkpt>
      <trkpt lat="39.69097" lon="2.83959">
        <ele>141.3</ele>
      </trkpt>
      <trkpt lat="39.69096" lon="2.83958">
        <ele>141.3</ele>
      </trkpt>
      <trkpt lat="39.69094" lon="2.83957">
        <ele>141.4</ele>
      </trkpt>
      <trkpt lat="39.69094" lon="2.83957">
        <ele>141.4</ele>
      </trkpt>
      <trkpt lat="39.69093" lon="2.83957">
        <ele>141.4</ele>
      </trkpt>
      <trkpt lat="39.69091" lon="2.83957">
        <ele>141.4</ele>
      </trkpt>
      <trkpt lat="39.6909" lon="2.83957">
        <ele>141.4</ele>
      </trkpt>
      <trkpt lat="39.69088" lon="2.83958">
        <ele>141.4</ele>
      </trkpt>
      <trkpt lat="39.69086" lon="2.8396">
        <ele>141.5</ele>
      </trkpt>
      <trkpt lat="39.69067" lon="2.83979">
        <ele>141.8</ele>
      </trkpt>
      <trkpt lat="39.69041" lon="2.84006">
        <ele>141.9</ele>
      </trkpt>
      <trkpt lat="39.69039" lon="2.84008">
        <ele>141.9</ele>
      </trkpt>
      <trkpt lat="39.69027" lon="2.84021">
        <ele>141.7</ele>
      </trkpt>
      <trkpt lat="39.68984" lon="2.84064">
        <ele>140.4</ele>
      </trkpt>
      <trkpt lat="39.68925" lon="2.84126">
        <ele>139.6</ele>
      </trkpt>
      <trkpt lat="39.68903" lon="2.84147">
        <ele>139.2</ele>
      </trkpt>
      <trkpt lat="39.68903" lon="2.84147">
        <ele>139.2</ele>
      </trkpt>
      <trkpt lat="39.68871" lon="2.84174">
        <ele>138.8</ele>
      </trkpt>
      <trkpt lat="39.68867" lon="2.84177">
        <ele>138.7</ele>
      </trkpt>
      <trkpt lat="39.68844" lon="2.84198">
        <ele>137.9</ele>
      </trkpt>
      <trkpt lat="39.6883" lon="2.84211">
        <ele>137.3</ele>
      </trkpt>
      <trkpt lat="39.6883" lon="2.84211">
        <ele>137.3</ele>
      </trkpt>
      <trkpt lat="39.68828" lon="2.8421">
        <ele>137.3</ele>
      </trkpt>
      <trkpt lat="39.68827" lon="2.84209">
        <ele>137.2</ele>
      </trkpt>
      <trkpt lat="39.68825" lon="2.84206">
        <ele>137.3</ele>
      </trkpt>
      <trkpt lat="39.68822" lon="2.842">
        <ele>137.4</ele>
      </trkpt>
      <trkpt lat="39.68804" lon="2.84172">
        <ele>137.4</ele>
      </trkpt>
      <trkpt lat="39.68801" lon="2.84167">
        <ele>137.4</ele>
      </trkpt>
      <trkpt lat="39.68794" lon="2.8415">
        <ele>137.3</ele>
      </trkpt>
      <trkpt lat="39.68789" lon="2.84135">
        <ele>137.3</ele>
      </trkpt>
      <trkpt lat="39.68783" lon="2.84119">
        <ele>137.3</ele>
      </trkpt>
      <trkpt lat="39.68783" lon="2.84119">
        <ele>137.3</ele>
      </trkpt>
      <trkpt lat="39.68776" lon="2.8412">
        <ele>137.0</ele>
      </trkpt>
      <trkpt lat="39.68772" lon="2.8412">
        <ele>136.9</ele>
      </trkpt>
      <trkpt lat="39.68772" lon="2.8412">
        <ele>136.9</ele>
      </trkpt>
      <trkpt lat="39.6877" lon="2.84118">
        <ele>136.8</ele>
      </trkpt>
      <trkpt lat="39.68769" lon="2.84115">
        <ele>136.9</ele>
      </trkpt>
      <trkpt lat="39.68759" lon="2.84101">
        <ele>136.8</ele>
      </trkpt>
      <trkpt lat="39.68747" lon="2.84083">
        <ele>136.9</ele>
      </trkpt>
      <trkpt lat="39.68724" lon="2.84047">
        <ele>136.9</ele>
      </trkpt>
      <trkpt lat="39.68694" lon="2.84002">
        <ele>137.3</ele>
      </trkpt>
      <trkpt lat="39.68694" lon="2.84002">
        <ele>137.3</ele>
      </trkpt>
      <trkpt lat="39.68677" lon="2.83974">
        <ele>137.2</ele>
      </trkpt>
      <trkpt lat="39.68673" lon="2.8395">
        <ele>137.1</ele>
      </trkpt>
      <trkpt lat="39.6867" lon="2.83936">
        <ele>137.1</ele>
      </trkpt>
      <trkpt lat="39.68667" lon="2.83928">
        <ele>137.0</ele>
      </trkpt>
      <trkpt lat="39.68665" lon="2.83923">
        <ele>137.0</ele>
      </trkpt>
      <trkpt lat="39.6866" lon="2.83918">
        <ele>136.9</ele>
      </trkpt>
      <trkpt lat="39.68651" lon="2.83908">
        <ele>136.8</ele>
      </trkpt>
      <trkpt lat="39.68634" lon="2.83891">
        <ele>136.6</ele>
      </trkpt>
      <trkpt lat="39.6862" lon="2.83877">
        <ele>136.4</ele>
      </trkpt>
      <trkpt lat="39.6862" lon="2.83877">
        <ele>136.4</ele>
      </trkpt>
      <trkpt lat="39.68593" lon="2.83847">
        <ele>136.1</ele>
      </trkpt>
      <trkpt lat="39.68584" lon="2.83837">
        <ele>136.0</ele>
      </trkpt>
      <trkpt lat="39.68562" lon="2.83811">
        <ele>135.8</ele>
      </trkpt>
      <trkpt lat="39.68558" lon="2.83805">
        <ele>135.8</ele>
      </trkpt>
      <trkpt lat="39.68552" lon="2.83796">
        <ele>135.8</ele>
      </trkpt>
      <trkpt lat="39.68524" lon="2.83753">
        <ele>136.0</ele>
      </trkpt>
      <trkpt lat="39.68501" lon="2.83718">
        <ele>135.6</ele>
      </trkpt>
      <trkpt lat="39.68491" lon="2.83703">
        <ele>135.7</ele>
      </trkpt>
      <trkpt lat="39.68463" lon="2.83651">
        <ele>136.2</ele>
      </trkpt>
      <trkpt lat="39.68452" lon="2.83627">
        <ele>136.8</ele>
      </trkpt>
      <trkpt lat="39.68431" lon="2.83584">
        <ele>137.8</ele>
      </trkpt>
      <trkpt lat="39.68394" lon="2.83489">
        <ele>139.4</ele>
      </trkpt>
      <trkpt lat="39.68379" lon="2.83436">
        <ele>139.0</ele>
      </trkpt>
      <trkpt lat="39.68375" lon="2.83426">
        <ele>139.0</ele>
      </trkpt>
      <trkpt lat="39.68368" lon="2.83411">
        <ele>138.9</ele>
      </trkpt>
      <trkpt lat="39.68363" lon="2.83402">
        <ele>138.8</ele>
      </trkpt>
      <trkpt lat="39.68344" lon="2.83378">
        <ele>138.2</ele>
      </trkpt>
      <trkpt lat="39.68316" lon="2.83343">
        <ele>137.6</ele>
      </trkpt>
      <trkpt lat="39.68302" lon="2.83327">
        <ele>137.9</ele>
      </trkpt>
      <trkpt lat="39.68299" lon="2.83323">
        <ele>138.0</ele>
      </trkpt>
      <trkpt lat="39.68289" lon="2.83313">
        <ele>138.4</ele>
      </trkpt>
      <trkpt lat="39.68289" lon="2.83312">
        <ele>138.4</ele>
      </trkpt>
      <trkpt lat="39.68285" lon="2.83309">
        <ele>138.6</ele>
      </trkpt>
      <trkpt lat="39.68281" lon="2.83306">
        <ele>138.7</ele>
      </trkpt>
      <trkpt lat="39.68257" lon="2.83287">
        <ele>139.4</ele>
      </trkpt>
      <trkpt lat="39.68239" lon="2.83273">
        <ele>139.5</ele>
      </trkpt>
      <trkpt lat="39.68225" lon="2.83265">
        <ele>139.2</ele>
      </trkpt>
      <trkpt lat="39.68208" lon="2.83256">
        <ele>138.9</ele>
      </trkpt>
      <trkpt lat="39.68206" lon="2.83255">
        <ele>138.9</ele>
      </trkpt>
      <trkpt lat="39.68192" lon="2.83247">
        <ele>138.7</ele>
      </trkpt>
      <trkpt lat="39.68181" lon="2.83241">
        <ele>138.6</ele>
      </trkpt>
      <trkpt lat="39.68173" lon="2.83236">
        <ele>138.5</ele>
      </trkpt>
      <trkpt lat="39.68159" lon="2.83229">
        <ele>138.6</ele>
      </trkpt>
      <trkpt lat="39.68141" lon="2.83218">
        <ele>139.1</ele>
      </trkpt>
      <trkpt lat="39.68132" lon="2.8321">
        <ele>139.4</ele>
      </trkpt>
      <trkpt lat="39.68126" lon="2.83203">
        <ele>139.6</ele>
      </trkpt>
      <trkpt lat="39.68121" lon="2.83196">
        <ele>139.7</ele>
      </trkpt>
      <trkpt lat="39.68097" lon="2.83161">
        <ele>140.1</ele>
      </trkpt>
      <trkpt lat="39.68067" lon="2.83115">
        <ele>141.5</ele>
      </trkpt>
      <trkpt lat="39.68046" lon="2.83082">
        <ele>142.4</ele>
      </trkpt>
      <trkpt lat="39.68016" lon="2.83036">
        <ele>142.3</ele>
      </trkpt>
      <trkpt lat="39.67987" lon="2.82992">
        <ele>142.7</ele>
      </trkpt>
      <trkpt lat="39.67956" lon="2.82944">
        <ele>143.4</ele>
      </trkpt>
      <trkpt lat="39.67943" lon="2.82923">
        <ele>143.1</ele>
      </trkpt>
      <trkpt lat="39.67933" lon="2.82909">
        <ele>143.0</ele>
      </trkpt>
      <trkpt lat="39.67925" lon="2.82902">
        <ele>142.9</ele>
      </trkpt>
      <trkpt lat="39.67917" lon="2.82895">
        <ele>142.7</ele>
      </trkpt>
      <trkpt lat="39.6791" lon="2.8289">
        <ele>142.6</ele>
      </trkpt>
      <trkpt lat="39.67898" lon="2.82881">
        <ele>142.3</ele>
      </trkpt>
      <trkpt lat="39.67882" lon="2.82871">
        <ele>142.1</ele>
      </trkpt>
      <trkpt lat="39.67859" lon="2.82856">
        <ele>141.9</ele>
      </trkpt>
      <trkpt lat="39.67838" lon="2.82843">
        <ele>141.9</ele>
      </trkpt>
      <trkpt lat="39.67822" lon="2.82833">
        <ele>142.1</ele>
      </trkpt>
      <trkpt lat="39.67815" lon="2.82829">
        <ele>142.2</ele>
      </trkpt>
      <trkpt lat="39.67805" lon="2.82823">
        <ele>142.3</ele>
      </trkpt>
      <trkpt lat="39.67792" lon="2.82817">
        <ele>142.4</ele>
      </trkpt>
      <trkpt lat="39.67771" lon="2.82808">
        <ele>142.5</ele>
      </trkpt>
      <trkpt lat="39.67744" lon="2.82799">
        <ele>142.6</ele>
      </trkpt>
      <trkpt lat="39.67719" lon="2.82791">
        <ele>142.9</ele>
      </trkpt>
      <trkpt lat="39.67685" lon="2.82781">
        <ele>143.4</ele>
      </trkpt>
      <trkpt lat="39.67672" lon="2.82777">
        <ele>143.6</ele>
      </trkpt>
      <trkpt lat="39.67649" lon="2.82773">
        <ele>143.5</ele>
      </trkpt>
      <trkpt lat="39.67632" lon="2.82769">
        <ele>143.3</ele>
      </trkpt>
      <trkpt lat="39.67623" lon="2.82767">
        <ele>143.2</ele>
      </trkpt>
      <trkpt lat="39.6762" lon="2.82767">
        <ele>143.1</ele>
      </trkpt>
      <trkpt lat="39.67613" lon="2.82765">
        <ele>143.1</ele>
      </trkpt>
      <trkpt lat="39.67599" lon="2.82764">
        <ele>142.9</ele>
      </trkpt>
      <trkpt lat="39.67592" lon="2.82764">
        <ele>142.8</ele>
      </trkpt>
      <trkpt lat="39.67586" lon="2.82762">
        <ele>142.7</ele>
      </trkpt>
      <trkpt lat="39.67578" lon="2.82762">
        <ele>142.7</ele>
      </trkpt>
      <trkpt lat="39.67571" lon="2.82762">
        <ele>142.6</ele>
      </trkpt>
      <trkpt lat="39.67564" lon="2.82762">
        <ele>142.6</ele>
      </trkpt>
      <trkpt lat="39.67564" lon="2.82762">
        <ele>142.6</ele>
      </trkpt>
      <trkpt lat="39.6755" lon="2.82753">
        <ele>142.6</ele>
      </trkpt>
      <trkpt lat="39.67546" lon="2.8275">
        <ele>142.6</ele>
      </trkpt>
      <trkpt lat="39.67545" lon="2.82748">
        <ele>142.6</ele>
      </trkpt>
      <trkpt lat="39.67543" lon="2.82746">
        <ele>142.5</ele>
      </trkpt>
      <trkpt lat="39.67541" lon="2.82743">
        <ele>142.5</ele>
      </trkpt>
      <trkpt lat="39.67538" lon="2.82739">
        <ele>142.5</ele>
      </trkpt>
      <trkpt lat="39.67534" lon="2.82733">
        <ele>142.5</ele>
      </trkpt>
      <trkpt lat="39.67532" lon="2.82728">
        <ele>142.5</ele>
      </trkpt>
      <trkpt lat="39.67527" lon="2.82724">
        <ele>142.5</ele>
      </trkpt>
      <trkpt lat="39.67495" lon="2.82657">
        <ele>143.2</ele>
      </trkpt>
      <trkpt lat="39.67491" lon="2.82654">
        <ele>143.2</ele>
      </trkpt>
      <trkpt lat="39.67478" lon="2.82628">
        <ele>143.5</ele>
      </trkpt>
      <trkpt lat="39.67465" lon="2.82602">
        <ele>143.5</ele>
      </trkpt>
      <trkpt lat="39.67454" lon="2.82578">
        <ele>143.5</ele>
      </trkpt>
      <trkpt lat="39.67417" lon="2.82505">
        <ele>143.0</ele>
      </trkpt>
      <trkpt lat="39.67391" lon="2.82452">
        <ele>142.5</ele>
      </trkpt>
      <trkpt lat="39.67359" lon="2.82388">
        <ele>141.7</ele>
      </trkpt>
      <trkpt lat="39.67351" lon="2.82367">
        <ele>141.6</ele>
      </trkpt>
      <trkpt lat="39.67346" lon="2.82355">
        <ele>141.4</ele>
      </trkpt>
      <trkpt lat="39.67343" lon="2.82346">
        <ele>141.3</ele>
      </trkpt>
      <trkpt lat="39.67341" lon="2.82341">
        <ele>141.3</ele>
      </trkpt>
      <trkpt lat="39.67338" lon="2.8233">
        <ele>141.2</ele>
      </trkpt>
      <trkpt lat="39.67339" lon="2.82327">
        <ele>141.3</ele>
      </trkpt>
      <trkpt lat="39.67341" lon="2.82325">
        <ele>141.4</ele>
      </trkpt>
      <trkpt lat="39.67342" lon="2.82322">
        <ele>141.4</ele>
      </trkpt>
      <trkpt lat="39.67343" lon="2.82319">
        <ele>141.5</ele>
      </trkpt>
      <trkpt lat="39.67343" lon="2.82316">
        <ele>141.5</ele>
      </trkpt>
      <trkpt lat="39.67344" lon="2.82312">
        <ele>141.6</ele>
      </trkpt>
      <trkpt lat="39.67344" lon="2.82309">
        <ele>141.6</ele>
      </trkpt>
      <trkpt lat="39.67344" lon="2.82306">
        <ele>141.7</ele>
      </trkpt>
      <trkpt lat="39.67344" lon="2.82305">
        <ele>141.7</ele>
      </trkpt>
      <trkpt lat="39.67344" lon="2.82304">
        <ele>141.7</ele>
      </trkpt>
      <trkpt lat="39.67344" lon="2.82303">
        <ele>141.7</ele>
      </trkpt>
      <trkpt lat="39.67344" lon="2.82302">
        <ele>141.7</ele>
      </trkpt>
      <trkpt lat="39.67344" lon="2.82301">
        <ele>141.7</ele>
      </trkpt>
      <trkpt lat="39.67343" lon="2.823">
        <ele>141.7</ele>
      </trkpt>
      <trkpt lat="39.67343" lon="2.82299">
        <ele>141.7</ele>
      </trkpt>
      <trkpt lat="39.67343" lon="2.82298">
        <ele>141.7</ele>
      </trkpt>
      <trkpt lat="39.67342" lon="2.82296">
        <ele>141.7</ele>
      </trkpt>
      <trkpt lat="39.67342" lon="2.82295">
        <ele>141.7</ele>
      </trkpt>
      <trkpt lat="39.67341" lon="2.82293">
        <ele>141.7</ele>
      </trkpt>
      <trkpt lat="39.6734" lon="2.82291">
        <ele>141.7</ele>
      </trkpt>
      <trkpt lat="39.6734" lon="2.82289">
        <ele>141.7</ele>
      </trkpt>
      <trkpt lat="39.67339" lon="2.82288">
        <ele>141.7</ele>
      </trkpt>
      <trkpt lat="39.67338" lon="2.82286">
        <ele>141.7</ele>
      </trkpt>
      <trkpt lat="39.67337" lon="2.82285">
        <ele>141.7</ele>
      </trkpt>
      <trkpt lat="39.67335" lon="2.82283">
        <ele>141.7</ele>
      </trkpt>
      <trkpt lat="39.67333" lon="2.82281">
        <ele>141.6</ele>
      </trkpt>
      <trkpt lat="39.67331" lon="2.8228">
        <ele>141.6</ele>
      </trkpt>
      <trkpt lat="39.67329" lon="2.82279">
        <ele>141.6</ele>
      </trkpt>
      <trkpt lat="39.67327" lon="2.82278">
        <ele>141.6</ele>
      </trkpt>
      <trkpt lat="39.67325" lon="2.82277">
        <ele>141.6</ele>
      </trkpt>
      <trkpt lat="39.67323" lon="2.82276">
        <ele>141.6</ele>
      </trkpt>
      <trkpt lat="39.67321" lon="2.82276">
        <ele>141.5</ele>
      </trkpt>
      <trkpt lat="39.67313" lon="2.82269">
        <ele>141.5</ele>
      </trkpt>
      <trkpt lat="39.67307" lon="2.82264">
        <ele>141.4</ele>
      </trkpt>
      <trkpt lat="39.67302" lon="2.82259">
        <ele>141.3</ele>
      </trkpt>
      <trkpt lat="39.67299" lon="2.82255">
        <ele>141.2</ele>
      </trkpt>
      <trkpt lat="39.67296" lon="2.8225">
        <ele>141.1</ele>
      </trkpt>
      <trkpt lat="39.6729" lon="2.82238">
        <ele>141.1</ele>
      </trkpt>
      <trkpt lat="39.67285" lon="2.82233">
        <ele>141.1</ele>
      </trkpt>
      <trkpt lat="39.67278" lon="2.82217">
        <ele>141.2</ele>
      </trkpt>
      <trkpt lat="39.67266" lon="2.8219">
        <ele>141.5</ele>
      </trkpt>
      <trkpt lat="39.67264" lon="2.82185">
        <ele>141.6</ele>
      </trkpt>
      <trkpt lat="39.67252" lon="2.82156">
        <ele>142.3</ele>
      </trkpt>
      <trkpt lat="39.6725" lon="2.82154">
        <ele>142.3</ele>
      </trkpt>
      <trkpt lat="39.67224" lon="2.82093">
        <ele>143.6</ele>
      </trkpt>
      <trkpt lat="39.67214" lon="2.8207">
        <ele>143.5</ele>
      </trkpt>
      <trkpt lat="39.67209" lon="2.82059">
        <ele>143.4</ele>
      </trkpt>
      <trkpt lat="39.67183" lon="2.81999">
        <ele>143.0</ele>
      </trkpt>
      <trkpt lat="39.67161" lon="2.81953">
        <ele>144.1</ele>
      </trkpt>
      <trkpt lat="39.67134" lon="2.81894">
        <ele>145.1</ele>
      </trkpt>
      <trkpt lat="39.67128" lon="2.81881">
        <ele>145.2</ele>
      </trkpt>
      <trkpt lat="39.67111" lon="2.81843">
        <ele>145.6</ele>
      </trkpt>
      <trkpt lat="39.67061" lon="2.81732">
        <ele>146.7</ele>
      </trkpt>
      <trkpt lat="39.67035" lon="2.81679">
        <ele>147.5</ele>
      </trkpt>
      <trkpt lat="39.67031" lon="2.81671">
        <ele>147.6</ele>
      </trkpt>
      <trkpt lat="39.67018" lon="2.81642">
        <ele>148.3</ele>
      </trkpt>
      <trkpt lat="39.6701" lon="2.81622">
        <ele>148.8</ele>
      </trkpt>
      <trkpt lat="39.66994" lon="2.81585">
        <ele>149.7</ele>
      </trkpt>
      <trkpt lat="39.66969" lon="2.81527">
        <ele>149.4</ele>
      </trkpt>
      <trkpt lat="39.66957" lon="2.81503">
        <ele>149.4</ele>
      </trkpt>
      <trkpt lat="39.66939" lon="2.81466">
        <ele>150.5</ele>
      </trkpt>
      <trkpt lat="39.6691" lon="2.81395">
        <ele>152.8</ele>
      </trkpt>
      <trkpt lat="39.66904" lon="2.81381">
        <ele>153.4</ele>
      </trkpt>
      <trkpt lat="39.66898" lon="2.81365">
        <ele>153.9</ele>
      </trkpt>
      <trkpt lat="39.6688" lon="2.81336">
        <ele>154.9</ele>
      </trkpt>
      <trkpt lat="39.66871" lon="2.81322">
        <ele>154.7</ele>
      </trkpt>
      <trkpt lat="39.66868" lon="2.81313">
        <ele>154.5</ele>
      </trkpt>
      <trkpt lat="39.66866" lon="2.81308">
        <ele>154.3</ele>
      </trkpt>
      <trkpt lat="39.66863" lon="2.81302">
        <ele>154.1</ele>
      </trkpt>
      <trkpt lat="39.6686" lon="2.81297">
        <ele>154.0</ele>
      </trkpt>
      <trkpt lat="39.66858" lon="2.81293">
        <ele>153.8</ele>
      </trkpt>
      <trkpt lat="39.66857" lon="2.81291">
        <ele>153.8</ele>
      </trkpt>
      <trkpt lat="39.66855" lon="2.81288">
        <ele>153.7</ele>
      </trkpt>
      <trkpt lat="39.66855" lon="2.81288">
        <ele>153.7</ele>
      </trkpt>
      <trkpt lat="39.66851" lon="2.81279">
        <ele>153.3</ele>
      </trkpt>
      <trkpt lat="39.66848" lon="2.81273">
        <ele>153.1</ele>
      </trkpt>
      <trkpt lat="39.66844" lon="2.81263">
        <ele>152.7</ele>
      </trkpt>
      <trkpt lat="39.6684" lon="2.81253">
        <ele>152.3</ele>
      </trkpt>
      <trkpt lat="39.6684" lon="2.81253">
        <ele>152.3</ele>
      </trkpt>
      <trkpt lat="39.66802" lon="2.81265">
        <ele>151.7</ele>
      </trkpt>
      <trkpt lat="39.66791" lon="2.81269">
        <ele>151.6</ele>
      </trkpt>
      <trkpt lat="39.66763" lon="2.81276">
        <ele>151.0</ele>
      </trkpt>
      <trkpt lat="39.66763" lon="2.81276">
        <ele>151.0</ele>
      </trkpt>
      <trkpt lat="39.66766" lon="2.81292">
        <ele>151.5</ele>
      </trkpt>
      <trkpt lat="39.66772" lon="2.81309">
        <ele>152.1</ele>
      </trkpt>
      <trkpt lat="39.66776" lon="2.81321">
        <ele>152.6</ele>
      </trkpt>
      <trkpt lat="39.66782" lon="2.81335">
        <ele>153.1</ele>
      </trkpt>
      <trkpt lat="39.66786" lon="2.81343">
        <ele>153.3</ele>
      </trkpt>
      <trkpt lat="39.66805" lon="2.81388">
        <ele>153.3</ele>
      </trkpt>
      <trkpt lat="39.66814" lon="2.81408">
        <ele>153.1</ele>
      </trkpt>
      <trkpt lat="39.66814" lon="2.81408">
        <ele>153.1</ele>
      </trkpt>
      <trkpt lat="39.66795" lon="2.81426">
        <ele>152.8</ele>
      </trkpt>
      <trkpt lat="39.66795" lon="2.81426">
        <ele>152.8</ele>
      </trkpt>
      <trkpt lat="39.66783" lon="2.81439">
        <ele>152.6</ele>
      </trkpt>
      <trkpt lat="39.66777" lon="2.81445">
        <ele>152.5</ele>
      </trkpt>
      <trkpt lat="39.6676" lon="2.8146">
        <ele>152.4</ele>
      </trkpt>
      <trkpt lat="39.66732" lon="2.8148">
        <ele>151.2</ele>
      </trkpt>
      <trkpt lat="39.66718" lon="2.8149">
        <ele>150.4</ele>
      </trkpt>
      <trkpt lat="39.66708" lon="2.81497">
        <ele>150.0</ele>
      </trkpt>
      <trkpt lat="39.66669" lon="2.81521">
        <ele>148.1</ele>
      </trkpt>
      <trkpt lat="39.66663" lon="2.81525">
        <ele>147.9</ele>
      </trkpt>
      <trkpt lat="39.66641" lon="2.81538">
        <ele>147.4</ele>
      </trkpt>
      <trkpt lat="39.66629" lon="2.81544">
        <ele>147.1</ele>
      </trkpt>
      <trkpt lat="39.66619" lon="2.8155">
        <ele>147.0</ele>
      </trkpt>
      <trkpt lat="39.66572" lon="2.81574">
        <ele>146.4</ele>
      </trkpt>
      <trkpt lat="39.66565" lon="2.81578">
        <ele>146.2</ele>
      </trkpt>
      <trkpt lat="39.66556" lon="2.81584">
        <ele>146.0</ele>
      </trkpt>
      <trkpt lat="39.66549" lon="2.81589">
        <ele>145.6</ele>
      </trkpt>
      <trkpt lat="39.66549" lon="2.81589">
        <ele>145.6</ele>
      </trkpt>
      <trkpt lat="39.66506" lon="2.81632">
        <ele>143.8</ele>
      </trkpt>
      <trkpt lat="39.66503" lon="2.81636">
        <ele>143.7</ele>
      </trkpt>
      <trkpt lat="39.665" lon="2.81638">
        <ele>143.6</ele>
      </trkpt>
      <trkpt lat="39.66487" lon="2.81652">
        <ele>143.1</ele>
      </trkpt>
      <trkpt lat="39.66481" lon="2.81659">
        <ele>142.8</ele>
      </trkpt>
      <trkpt lat="39.66476" lon="2.81665">
        <ele>142.6</ele>
      </trkpt>
      <trkpt lat="39.66471" lon="2.8167">
        <ele>142.4</ele>
      </trkpt>
      <trkpt lat="39.66463" lon="2.81683">
        <ele>142.0</ele>
      </trkpt>
      <trkpt lat="39.66453" lon="2.81698">
        <ele>141.5</ele>
      </trkpt>
      <trkpt lat="39.66428" lon="2.81729">
        <ele>140.5</ele>
      </trkpt>
      <trkpt lat="39.6641" lon="2.81745">
        <ele>139.8</ele>
      </trkpt>
      <trkpt lat="39.66402" lon="2.81753">
        <ele>139.6</ele>
      </trkpt>
      <trkpt lat="39.66401" lon="2.81754">
        <ele>139.6</ele>
      </trkpt>
      <trkpt lat="39.66383" lon="2.8177">
        <ele>139.5</ele>
      </trkpt>
      <trkpt lat="39.66353" lon="2.81796">
        <ele>139.7</ele>
      </trkpt>
      <trkpt lat="39.66339" lon="2.81809">
        <ele>139.9</ele>
      </trkpt>
      <trkpt lat="39.66337" lon="2.81811">
        <ele>140.0</ele>
      </trkpt>
      <trkpt lat="39.66326" lon="2.81825">
        <ele>140.3</ele>
      </trkpt>
      <trkpt lat="39.66325" lon="2.81825">
        <ele>140.2</ele>
      </trkpt>
      <trkpt lat="39.66324" lon="2.81827">
        <ele>140.3</ele>
      </trkpt>
      <trkpt lat="39.6632" lon="2.81833">
        <ele>140.3</ele>
      </trkpt>
      <trkpt lat="39.66316" lon="2.81841">
        <ele>140.2</ele>
      </trkpt>
      <trkpt lat="39.66311" lon="2.81854">
        <ele>140.0</ele>
      </trkpt>
      <trkpt lat="39.66308" lon="2.81861">
        <ele>139.9</ele>
      </trkpt>
      <trkpt lat="39.66302" lon="2.81878">
        <ele>139.7</ele>
      </trkpt>
      <trkpt lat="39.663" lon="2.81883">
        <ele>139.6</ele>
      </trkpt>
      <trkpt lat="39.66299" lon="2.81887">
        <ele>139.6</ele>
      </trkpt>
      <trkpt lat="39.66292" lon="2.81897">
        <ele>139.4</ele>
      </trkpt>
      <trkpt lat="39.66281" lon="2.81911">
        <ele>139.1</ele>
      </trkpt>
      <trkpt lat="39.66277" lon="2.81914">
        <ele>139.0</ele>
      </trkpt>
      <trkpt lat="39.66256" lon="2.81938">
        <ele>137.7</ele>
      </trkpt>
      <trkpt lat="39.66245" lon="2.8195">
        <ele>137.0</ele>
      </trkpt>
      <trkpt lat="39.66235" lon="2.81962">
        <ele>136.5</ele>
      </trkpt>
      <trkpt lat="39.66227" lon="2.81974">
        <ele>136.1</ele>
      </trkpt>
      <trkpt lat="39.66213" lon="2.81995">
        <ele>135.6</ele>
      </trkpt>
      <trkpt lat="39.66211" lon="2.81997">
        <ele>135.6</ele>
      </trkpt>
      <trkpt lat="39.66202" lon="2.82015">
        <ele>135.4</ele>
      </trkpt>
      <trkpt lat="39.66196" lon="2.82024">
        <ele>135.3</ele>
      </trkpt>
      <trkpt lat="39.66191" lon="2.8204">
        <ele>135.4</ele>
      </trkpt>
      <trkpt lat="39.6619" lon="2.82044">
        <ele>135.4</ele>
      </trkpt>
      <trkpt lat="39.66174" lon="2.82083">
        <ele>135.8</ele>
      </trkpt>
      <trkpt lat="39.66162" lon="2.82114">
        <ele>135.2</ele>
      </trkpt>
      <trkpt lat="39.66153" lon="2.82137">
        <ele>134.5</ele>
      </trkpt>
      <trkpt lat="39.66151" lon="2.82141">
        <ele>134.4</ele>
      </trkpt>
      <trkpt lat="39.66149" lon="2.82143">
        <ele>134.3</ele>
      </trkpt>
      <trkpt lat="39.66149" lon="2.82144">
        <ele>134.3</ele>
      </trkpt>
      <trkpt lat="39.66146" lon="2.82146">
        <ele>134.2</ele>
      </trkpt>
      <trkpt lat="39.66141" lon="2.82149">
        <ele>134.1</ele>
      </trkpt>
      <trkpt lat="39.661" lon="2.82163">
        <ele>133.3</ele>
      </trkpt>
      <trkpt lat="39.66087" lon="2.82168">
        <ele>133.0</ele>
      </trkpt>
      <trkpt lat="39.66086" lon="2.82168">
        <ele>133.0</ele>
      </trkpt>
      <trkpt lat="39.66013" lon="2.82186">
        <ele>131.3</ele>
      </trkpt>
      <trkpt lat="39.65997" lon="2.82189">
        <ele>130.9</ele>
      </trkpt>
      <trkpt lat="39.6598" lon="2.82193">
        <ele>130.5</ele>
      </trkpt>
      <trkpt lat="39.65898" lon="2.82211">
        <ele>128.9</ele>
      </trkpt>
      <trkpt lat="39.65889" lon="2.82213">
        <ele>128.9</ele>
      </trkpt>
      <trkpt lat="39.6588" lon="2.82216">
        <ele>128.8</ele>
      </trkpt>
      <trkpt lat="39.65858" lon="2.82225">
        <ele>128.8</ele>
      </trkpt>
      <trkpt lat="39.65839" lon="2.82233">
        <ele>128.8</ele>
      </trkpt>
      <trkpt lat="39.65822" lon="2.82241">
        <ele>128.7</ele>
      </trkpt>
      <trkpt lat="39.65807" lon="2.82249">
        <ele>128.7</ele>
      </trkpt>
      <trkpt lat="39.65762" lon="2.82271">
        <ele>127.9</ele>
      </trkpt>
      <trkpt lat="39.65723" lon="2.82289">
        <ele>127.2</ele>
      </trkpt>
      <trkpt lat="39.65684" lon="2.82308">
        <ele>126.8</ele>
      </trkpt>
      <trkpt lat="39.65651" lon="2.82323">
        <ele>126.3</ele>
      </trkpt>
      <trkpt lat="39.65623" lon="2.82334">
        <ele>125.4</ele>
      </trkpt>
      <trkpt lat="39.65615" lon="2.82336">
        <ele>125.2</ele>
      </trkpt>
      <trkpt lat="39.65615" lon="2.82336">
        <ele>125.2</ele>
      </trkpt>
      <trkpt lat="39.65615" lon="2.82326">
        <ele>125.1</ele>
      </trkpt>
      <trkpt lat="39.65613" lon="2.82301">
        <ele>124.9</ele>
      </trkpt>
      <trkpt lat="39.65609" lon="2.82269">
        <ele>124.7</ele>
      </trkpt>
      <trkpt lat="39.65609" lon="2.82266">
        <ele>124.7</ele>
      </trkpt>
      <trkpt lat="39.65608" lon="2.82246">
        <ele>124.6</ele>
      </trkpt>
      <trkpt lat="39.65605" lon="2.82221">
        <ele>124.8</ele>
      </trkpt>
      <trkpt lat="39.65605" lon="2.82221">
        <ele>124.8</ele>
      </trkpt>
      <trkpt lat="39.65601" lon="2.82222">
        <ele>124.7</ele>
      </trkpt>
      <trkpt lat="39.65596" lon="2.82223">
        <ele>124.6</ele>
      </trkpt>
      <trkpt lat="39.6559" lon="2.82224">
        <ele>124.4</ele>
      </trkpt>
      <trkpt lat="39.65585" lon="2.82226">
        <ele>124.3</ele>
      </trkpt>
      <trkpt lat="39.65578" lon="2.82229">
        <ele>124.2</ele>
      </trkpt>
      <trkpt lat="39.65549" lon="2.82243">
        <ele>124.0</ele>
      </trkpt>
      <trkpt lat="39.65521" lon="2.82255">
        <ele>124.0</ele>
      </trkpt>
      <trkpt lat="39.65486" lon="2.82271">
        <ele>124.0</ele>
      </trkpt>
      <trkpt lat="39.65462" lon="2.82282">
        <ele>124.2</ele>
      </trkpt>
      <trkpt lat="39.65441" lon="2.82291">
        <ele>124.3</ele>
      </trkpt>
      <trkpt lat="39.6539" lon="2.82314">
        <ele>124.1</ele>
      </trkpt>
      <trkpt lat="39.65344" lon="2.82335">
        <ele>123.2</ele>
      </trkpt>
      <trkpt lat="39.65339" lon="2.82337">
        <ele>123.1</ele>
      </trkpt>
      <trkpt lat="39.65316" lon="2.82348">
        <ele>122.6</ele>
      </trkpt>
      <trkpt lat="39.65279" lon="2.82365">
        <ele>121.7</ele>
      </trkpt>
      <trkpt lat="39.65227" lon="2.82389">
        <ele>120.6</ele>
      </trkpt>
      <trkpt lat="39.65184" lon="2.82408">
        <ele>120.1</ele>
      </trkpt>
      <trkpt lat="39.65156" lon="2.82421">
        <ele>119.9</ele>
      </trkpt>
      <trkpt lat="39.65144" lon="2.82426">
        <ele>119.7</ele>
      </trkpt>
      <trkpt lat="39.65103" lon="2.82445">
        <ele>119.2</ele>
      </trkpt>
      <trkpt lat="39.65098" lon="2.82447">
        <ele>119.2</ele>
      </trkpt>
      <trkpt lat="39.65078" lon="2.82457">
        <ele>119.1</ele>
      </trkpt>
      <trkpt lat="39.6506" lon="2.82466">
        <ele>119.3</ele>
      </trkpt>
      <trkpt lat="39.65057" lon="2.82468">
        <ele>119.3</ele>
      </trkpt>
      <trkpt lat="39.65052" lon="2.82474">
        <ele>119.4</ele>
      </trkpt>
      <trkpt lat="39.65049" lon="2.82479">
        <ele>119.4</ele>
      </trkpt>
      <trkpt lat="39.65048" lon="2.82483">
        <ele>119.4</ele>
      </trkpt>
      <trkpt lat="39.65046" lon="2.82488">
        <ele>119.4</ele>
      </trkpt>
      <trkpt lat="39.65046" lon="2.82494">
        <ele>119.4</ele>
      </trkpt>
      <trkpt lat="39.65047" lon="2.82506">
        <ele>119.4</ele>
      </trkpt>
      <trkpt lat="39.65053" lon="2.82527">
        <ele>119.2</ele>
      </trkpt>
      <trkpt lat="39.6506" lon="2.82548">
        <ele>119.1</ele>
      </trkpt>
      <trkpt lat="39.65067" lon="2.82568">
        <ele>119.0</ele>
      </trkpt>
      <trkpt lat="39.65074" lon="2.82587">
        <ele>119.0</ele>
      </trkpt>
      <trkpt lat="39.65077" lon="2.82597">
        <ele>119.0</ele>
      </trkpt>
      <trkpt lat="39.65077" lon="2.82602">
        <ele>119.0</ele>
      </trkpt>
      <trkpt lat="39.65076" lon="2.82606">
        <ele>119.0</ele>
      </trkpt>
      <trkpt lat="39.65075" lon="2.8261">
        <ele>119.0</ele>
      </trkpt>
      <trkpt lat="39.65071" lon="2.82614">
        <ele>119.0</ele>
      </trkpt>
      <trkpt lat="39.65056" lon="2.8263">
        <ele>119.0</ele>
      </trkpt>
      <trkpt lat="39.65043" lon="2.82642">
        <ele>119.0</ele>
      </trkpt>
      <trkpt lat="39.65039" lon="2.82646">
        <ele>119.0</ele>
      </trkpt>
      <trkpt lat="39.65023" lon="2.82664">
        <ele>119.0</ele>
      </trkpt>
      <trkpt lat="39.65008" lon="2.82677">
        <ele>119.0</ele>
      </trkpt>
      <trkpt lat="39.65007" lon="2.82679">
        <ele>119.0</ele>
      </trkpt>
      <trkpt lat="39.64994" lon="2.8269">
        <ele>119.0</ele>
      </trkpt>
      <trkpt lat="39.64948" lon="2.82722">
        <ele>119.0</ele>
      </trkpt>
      <trkpt lat="39.64919" lon="2.82745">
        <ele>119.0</ele>
      </trkpt>
      <trkpt lat="39.64886" lon="2.82773">
        <ele>118.5</ele>
      </trkpt>
      <trkpt lat="39.64872" lon="2.82786">
        <ele>118.3</ele>
      </trkpt>
      <trkpt lat="39.64864" lon="2.82792">
        <ele>118.2</ele>
      </trkpt>
      <trkpt lat="39.64863" lon="2.82793">
        <ele>118.2</ele>
      </trkpt>
      <trkpt lat="39.64844" lon="2.8281">
        <ele>118.0</ele>
      </trkpt>
      <trkpt lat="39.64828" lon="2.82823">
        <ele>117.9</ele>
      </trkpt>
      <trkpt lat="39.64817" lon="2.82831">
        <ele>117.8</ele>
      </trkpt>
      <trkpt lat="39.64812" lon="2.82835">
        <ele>117.7</ele>
      </trkpt>
      <trkpt lat="39.64796" lon="2.82845">
        <ele>117.4</ele>
      </trkpt>
      <trkpt lat="39.64773" lon="2.82857">
        <ele>117.1</ele>
      </trkpt>
      <trkpt lat="39.6475" lon="2.82867">
        <ele>117.0</ele>
      </trkpt>
      <trkpt lat="39.64744" lon="2.82871">
        <ele>116.9</ele>
      </trkpt>
      <trkpt lat="39.64719" lon="2.82883">
        <ele>116.6</ele>
      </trkpt>
      <trkpt lat="39.6468" lon="2.82903">
        <ele>116.2</ele>
      </trkpt>
      <trkpt lat="39.64678" lon="2.82904">
        <ele>116.1</ele>
      </trkpt>
      <trkpt lat="39.64659" lon="2.82913">
        <ele>115.9</ele>
      </trkpt>
      <trkpt lat="39.64646" lon="2.82921">
        <ele>115.7</ele>
      </trkpt>
      <trkpt lat="39.64634" lon="2.82928">
        <ele>115.5</ele>
      </trkpt>
      <trkpt lat="39.64628" lon="2.82934">
        <ele>115.4</ele>
      </trkpt>
      <trkpt lat="39.64606" lon="2.82952">
        <ele>115.2</ele>
      </trkpt>
      <trkpt lat="39.64605" lon="2.82953">
        <ele>115.1</ele>
      </trkpt>
      <trkpt lat="39.64591" lon="2.82965">
        <ele>115.0</ele>
      </trkpt>
      <trkpt lat="39.6459" lon="2.82966">
        <ele>115.0</ele>
      </trkpt>
      <trkpt lat="39.64573" lon="2.82982">
        <ele>114.8</ele>
      </trkpt>
      <trkpt lat="39.64561" lon="2.82995">
        <ele>114.5</ele>
      </trkpt>
      <trkpt lat="39.64538" lon="2.8302">
        <ele>114.0</ele>
      </trkpt>
      <trkpt lat="39.64526" lon="2.83035">
        <ele>113.9</ele>
      </trkpt>
      <trkpt lat="39.64518" lon="2.83046">
        <ele>113.9</ele>
      </trkpt>
      <trkpt lat="39.6451" lon="2.83057">
        <ele>113.8</ele>
      </trkpt>
      <trkpt lat="39.64488" lon="2.83087">
        <ele>113.8</ele>
      </trkpt>
      <trkpt lat="39.64456" lon="2.83131">
        <ele>113.5</ele>
      </trkpt>
      <trkpt lat="39.6443" lon="2.83169">
        <ele>113.8</ele>
      </trkpt>
      <trkpt lat="39.64414" lon="2.83193">
        <ele>113.9</ele>
      </trkpt>
      <trkpt lat="39.64408" lon="2.83202">
        <ele>113.7</ele>
      </trkpt>
      <trkpt lat="39.64395" lon="2.83217">
        <ele>113.4</ele>
      </trkpt>
      <trkpt lat="39.6438" lon="2.83227">
        <ele>113.0</ele>
      </trkpt>
      <trkpt lat="39.64359" lon="2.83237">
        <ele>112.5</ele>
      </trkpt>
      <trkpt lat="39.64335" lon="2.83248">
        <ele>112.0</ele>
      </trkpt>
      <trkpt lat="39.64333" lon="2.83249">
        <ele>112.0</ele>
      </trkpt>
      <trkpt lat="39.64317" lon="2.83254">
        <ele>111.8</ele>
      </trkpt>
      <trkpt lat="39.64311" lon="2.83256">
        <ele>111.8</ele>
      </trkpt>
      <trkpt lat="39.64301" lon="2.8326">
        <ele>111.7</ele>
      </trkpt>
      <trkpt lat="39.64287" lon="2.83265">
        <ele>111.5</ele>
      </trkpt>
      <trkpt lat="39.64272" lon="2.83272">
        <ele>111.3</ele>
      </trkpt>
      <trkpt lat="39.64267" lon="2.83274">
        <ele>111.3</ele>
      </trkpt>
      <trkpt lat="39.64259" lon="2.83279">
        <ele>111.1</ele>
      </trkpt>
      <trkpt lat="39.64251" lon="2.83284">
        <ele>111.0</ele>
      </trkpt>
      <trkpt lat="39.64242" lon="2.83289">
        <ele>110.9</ele>
      </trkpt>
      <trkpt lat="39.64221" lon="2.83301">
        <ele>110.7</ele>
      </trkpt>
      <trkpt lat="39.64217" lon="2.83304">
        <ele>110.6</ele>
      </trkpt>
      <trkpt lat="39.64195" lon="2.83313">
        <ele>110.3</ele>
      </trkpt>
      <trkpt lat="39.64166" lon="2.83325">
        <ele>110.0</ele>
      </trkpt>
      <trkpt lat="39.64145" lon="2.83333">
        <ele>110.0</ele>
      </trkpt>
      <trkpt lat="39.6414" lon="2.83335">
        <ele>110.0</ele>
      </trkpt>
      <trkpt lat="39.64132" lon="2.83338">
        <ele>110.0</ele>
      </trkpt>
      <trkpt lat="39.64114" lon="2.83344">
        <ele>109.9</ele>
      </trkpt>
      <trkpt lat="39.64104" lon="2.83349">
        <ele>109.9</ele>
      </trkpt>
      <trkpt lat="39.64093" lon="2.83355">
        <ele>109.8</ele>
      </trkpt>
      <trkpt lat="39.64076" lon="2.83367">
        <ele>109.5</ele>
      </trkpt>
      <trkpt lat="39.64065" lon="2.83377">
        <ele>109.4</ele>
      </trkpt>
      <trkpt lat="39.64049" lon="2.83397">
        <ele>109.1</ele>
      </trkpt>
      <trkpt lat="39.64021" lon="2.83436">
        <ele>109.0</ele>
      </trkpt>
      <trkpt lat="39.6401" lon="2.83451">
        <ele>109.0</ele>
      </trkpt>
      <trkpt lat="39.64001" lon="2.83462">
        <ele>109.0</ele>
      </trkpt>
      <trkpt lat="39.63989" lon="2.83476">
        <ele>109.1</ele>
      </trkpt>
      <trkpt lat="39.63981" lon="2.83485">
        <ele>109.1</ele>
      </trkpt>
      <trkpt lat="39.63975" lon="2.83491">
        <ele>109.2</ele>
      </trkpt>
      <trkpt lat="39.6397" lon="2.83498">
        <ele>109.3</ele>
      </trkpt>
      <trkpt lat="39.63968" lon="2.835">
        <ele>109.4</ele>
      </trkpt>
      <trkpt lat="39.63956" lon="2.83513">
        <ele>109.4</ele>
      </trkpt>
      <trkpt lat="39.63948" lon="2.83524">
        <ele>109.4</ele>
      </trkpt>
      <trkpt lat="39.63934" lon="2.83537">
        <ele>109.4</ele>
      </trkpt>
      <trkpt lat="39.63926" lon="2.83546">
        <ele>109.4</ele>
      </trkpt>
      <trkpt lat="39.63917" lon="2.83555">
        <ele>109.3</ele>
      </trkpt>
      <trkpt lat="39.6388" lon="2.83592">
        <ele>110.0</ele>
      </trkpt>
      <trkpt lat="39.63861" lon="2.83609">
        <ele>110.8</ele>
      </trkpt>
      <trkpt lat="39.63857" lon="2.83613">
        <ele>111.0</ele>
      </trkpt>
      <trkpt lat="39.63848" lon="2.83621">
        <ele>111.5</ele>
      </trkpt>
      <trkpt lat="39.63842" lon="2.83627">
        <ele>111.8</ele>
      </trkpt>
      <trkpt lat="39.63833" lon="2.83637">
        <ele>112.3</ele>
      </trkpt>
      <trkpt lat="39.63828" lon="2.83644">
        <ele>112.4</ele>
      </trkpt>
      <trkpt lat="39.63827" lon="2.83646">
        <ele>112.4</ele>
      </trkpt>
      <trkpt lat="39.63823" lon="2.83653">
        <ele>112.6</ele>
      </trkpt>
      <trkpt lat="39.63819" lon="2.83662">
        <ele>112.7</ele>
      </trkpt>
      <trkpt lat="39.63817" lon="2.83665">
        <ele>112.8</ele>
      </trkpt>
      <trkpt lat="39.63816" lon="2.83669">
        <ele>112.8</ele>
      </trkpt>
      <trkpt lat="39.63804" lon="2.83695">
        <ele>112.3</ele>
      </trkpt>
      <trkpt lat="39.63801" lon="2.83702">
        <ele>112.3</ele>
      </trkpt>
      <trkpt lat="39.63793" lon="2.83719">
        <ele>112.2</ele>
      </trkpt>
      <trkpt lat="39.63792" lon="2.83721">
        <ele>112.2</ele>
      </trkpt>
      <trkpt lat="39.6379" lon="2.83725">
        <ele>112.2</ele>
      </trkpt>
      <trkpt lat="39.6378" lon="2.83743">
        <ele>112.3</ele>
      </trkpt>
      <trkpt lat="39.63775" lon="2.83754">
        <ele>112.4</ele>
      </trkpt>
      <trkpt lat="39.63765" lon="2.8377">
        <ele>112.6</ele>
      </trkpt>
      <trkpt lat="39.63759" lon="2.83778">
        <ele>112.7</ele>
      </trkpt>
      <trkpt lat="39.63754" lon="2.83784">
        <ele>112.9</ele>
      </trkpt>
      <trkpt lat="39.63753" lon="2.83786">
        <ele>112.9</ele>
      </trkpt>
      <trkpt lat="39.63747" lon="2.83794">
        <ele>113.0</ele>
      </trkpt>
      <trkpt lat="39.63742" lon="2.838">
        <ele>113.1</ele>
      </trkpt>
      <trkpt lat="39.63736" lon="2.83807">
        <ele>113.2</ele>
      </trkpt>
      <trkpt lat="39.63727" lon="2.83817">
        <ele>113.3</ele>
      </trkpt>
      <trkpt lat="39.63701" lon="2.83845">
        <ele>113.5</ele>
      </trkpt>
      <trkpt lat="39.63676" lon="2.83872">
        <ele>113.8</ele>
      </trkpt>
      <trkpt lat="39.63658" lon="2.83894">
        <ele>114.1</ele>
      </trkpt>
      <trkpt lat="39.63653" lon="2.839">
        <ele>114.2</ele>
      </trkpt>
      <trkpt lat="39.63639" lon="2.83917">
        <ele>114.3</ele>
      </trkpt>
      <trkpt lat="39.63618" lon="2.8394">
        <ele>114.7</ele>
      </trkpt>
      <trkpt lat="39.63603" lon="2.83954">
        <ele>115.1</ele>
      </trkpt>
      <trkpt lat="39.63594" lon="2.83963">
        <ele>115.4</ele>
      </trkpt>
      <trkpt lat="39.63589" lon="2.83968">
        <ele>115.5</ele>
      </trkpt>
      <trkpt lat="39.63574" lon="2.83983">
        <ele>115.8</ele>
      </trkpt>
      <trkpt lat="39.63569" lon="2.83988">
        <ele>115.9</ele>
      </trkpt>
      <trkpt lat="39.63552" lon="2.84008">
        <ele>116.0</ele>
      </trkpt>
      <trkpt lat="39.63545" lon="2.84018">
        <ele>116.0</ele>
      </trkpt>
      <trkpt lat="39.63535" lon="2.8403">
        <ele>116.1</ele>
      </trkpt>
      <trkpt lat="39.63535" lon="2.8403">
        <ele>116.1</ele>
      </trkpt>
      <trkpt lat="39.63534" lon="2.84028">
        <ele>116.1</ele>
      </trkpt>
      <trkpt lat="39.63533" lon="2.84027">
        <ele>116.1</ele>
      </trkpt>
      <trkpt lat="39.63532" lon="2.84026">
        <ele>116.1</ele>
      </trkpt>
      <trkpt lat="39.63531" lon="2.84025">
        <ele>116.1</ele>
      </trkpt>
      <trkpt lat="39.6353" lon="2.84024">
        <ele>116.1</ele>
      </trkpt>
      <trkpt lat="39.63529" lon="2.84023">
        <ele>116.1</ele>
      </trkpt>
      <trkpt lat="39.63528" lon="2.84023">
        <ele>116.1</ele>
      </trkpt>
      <trkpt lat="39.63527" lon="2.84022">
        <ele>116.1</ele>
      </trkpt>
      <trkpt lat="39.63526" lon="2.84022">
        <ele>116.1</ele>
      </trkpt>
      <trkpt lat="39.63524" lon="2.84021">
        <ele>116.1</ele>
      </trkpt>
      <trkpt lat="39.63523" lon="2.84021">
        <ele>116.1</ele>
      </trkpt>
      <trkpt lat="39.63522" lon="2.84021">
        <ele>116.1</ele>
      </trkpt>
      <trkpt lat="39.63521" lon="2.84021">
        <ele>116.1</ele>
      </trkpt>
      <trkpt lat="39.6352" lon="2.84021">
        <ele>116.1</ele>
      </trkpt>
      <trkpt lat="39.63519" lon="2.84021">
        <ele>116.1</ele>
      </trkpt>
      <trkpt lat="39.63518" lon="2.84022">
        <ele>116.1</ele>
      </trkpt>
      <trkpt lat="39.63517" lon="2.84022">
        <ele>116.2</ele>
      </trkpt>
      <trkpt lat="39.63516" lon="2.84023">
        <ele>116.2</ele>
      </trkpt>
      <trkpt lat="39.63515" lon="2.84023">
        <ele>116.2</ele>
      </trkpt>
      <trkpt lat="39.63514" lon="2.84024">
        <ele>116.2</ele>
      </trkpt>
      <trkpt lat="39.63513" lon="2.84024">
        <ele>116.2</ele>
      </trkpt>
      <trkpt lat="39.63512" lon="2.84025">
        <ele>116.2</ele>
      </trkpt>
      <trkpt lat="39.63511" lon="2.84026">
        <ele>116.2</ele>
      </trkpt>
      <trkpt lat="39.63511" lon="2.84027">
        <ele>116.2</ele>
      </trkpt>
      <trkpt lat="39.6351" lon="2.84028">
        <ele>116.3</ele>
      </trkpt>
      <trkpt lat="39.63509" lon="2.84029">
        <ele>116.3</ele>
      </trkpt>
      <trkpt lat="39.63508" lon="2.8403">
        <ele>116.3</ele>
      </trkpt>
      <trkpt lat="39.63508" lon="2.84032">
        <ele>116.3</ele>
      </trkpt>
      <trkpt lat="39.63507" lon="2.84033">
        <ele>116.3</ele>
      </trkpt>
      <trkpt lat="39.63507" lon="2.84034">
        <ele>116.3</ele>
      </trkpt>
      <trkpt lat="39.63507" lon="2.84036">
        <ele>116.4</ele>
      </trkpt>
      <trkpt lat="39.63506" lon="2.84037">
        <ele>116.4</ele>
      </trkpt>
      <trkpt lat="39.63506" lon="2.84038">
        <ele>116.4</ele>
      </trkpt>
      <trkpt lat="39.63506" lon="2.8404">
        <ele>116.4</ele>
      </trkpt>
      <trkpt lat="39.63506" lon="2.84041">
        <ele>116.4</ele>
      </trkpt>
      <trkpt lat="39.63506" lon="2.84043">
        <ele>116.4</ele>
      </trkpt>
      <trkpt lat="39.63506" lon="2.84044">
        <ele>116.5</ele>
      </trkpt>
      <trkpt lat="39.63506" lon="2.84045">
        <ele>116.5</ele>
      </trkpt>
      <trkpt lat="39.63507" lon="2.84047">
        <ele>116.5</ele>
      </trkpt>
      <trkpt lat="39.63507" lon="2.84048">
        <ele>116.5</ele>
      </trkpt>
      <trkpt lat="39.63507" lon="2.84049">
        <ele>116.5</ele>
      </trkpt>
      <trkpt lat="39.63508" lon="2.84051">
        <ele>116.5</ele>
      </trkpt>
      <trkpt lat="39.63492" lon="2.84062">
        <ele>116.7</ele>
      </trkpt>
      <trkpt lat="39.63475" lon="2.84064">
        <ele>116.8</ele>
      </trkpt>
      <trkpt lat="39.63448" lon="2.84069">
        <ele>116.8</ele>
      </trkpt>
      <trkpt lat="39.63439" lon="2.84069">
        <ele>116.8</ele>
      </trkpt>
      <trkpt lat="39.63431" lon="2.84068">
        <ele>116.8</ele>
      </trkpt>
      <trkpt lat="39.6343" lon="2.84068">
        <ele>116.8</ele>
      </trkpt>
      <trkpt lat="39.63421" lon="2.84067">
        <ele>116.8</ele>
      </trkpt>
      <trkpt lat="39.63402" lon="2.84065">
        <ele>116.3</ele>
      </trkpt>
      <trkpt lat="39.63398" lon="2.84067">
        <ele>116.1</ele>
      </trkpt>
      <trkpt lat="39.63395" lon="2.8407">
        <ele>116.1</ele>
      </trkpt>
      <trkpt lat="39.63392" lon="2.84074">
        <ele>116.0</ele>
      </trkpt>
      <trkpt lat="39.6339" lon="2.8408">
        <ele>116.0</ele>
      </trkpt>
      <trkpt lat="39.63389" lon="2.84087">
        <ele>116.0</ele>
      </trkpt>
      <trkpt lat="39.63387" lon="2.84108">
        <ele>115.9</ele>
      </trkpt>
      <trkpt lat="39.63385" lon="2.84121">
        <ele>115.9</ele>
      </trkpt>
      <trkpt lat="39.63384" lon="2.84126">
        <ele>115.8</ele>
      </trkpt>
      <trkpt lat="39.63382" lon="2.84135">
        <ele>115.8</ele>
      </trkpt>
      <trkpt lat="39.63381" lon="2.84136">
        <ele>115.7</ele>
      </trkpt>
      <trkpt lat="39.63376" lon="2.84154">
        <ele>115.5</ele>
      </trkpt>
      <trkpt lat="39.63368" lon="2.84173">
        <ele>115.3</ele>
      </trkpt>
      <trkpt lat="39.63367" lon="2.8418">
        <ele>115.4</ele>
      </trkpt>
      <trkpt lat="39.63363" lon="2.84198">
        <ele>115.5</ele>
      </trkpt>
      <trkpt lat="39.63361" lon="2.84212">
        <ele>115.7</ele>
      </trkpt>
      <trkpt lat="39.63359" lon="2.84217">
        <ele>115.8</ele>
      </trkpt>
      <trkpt lat="39.63359" lon="2.8422">
        <ele>115.9</ele>
      </trkpt>
      <trkpt lat="39.63358" lon="2.84223">
        <ele>115.9</ele>
      </trkpt>
      <trkpt lat="39.63353" lon="2.84237">
        <ele>116.2</ele>
      </trkpt>
      <trkpt lat="39.63351" lon="2.84242">
        <ele>116.4</ele>
      </trkpt>
      <trkpt lat="39.63348" lon="2.84248">
        <ele>116.6</ele>
      </trkpt>
      <trkpt lat="39.63341" lon="2.84265">
        <ele>117.0</ele>
      </trkpt>
      <trkpt lat="39.6334" lon="2.84267">
        <ele>117.0</ele>
      </trkpt>
      <trkpt lat="39.63336" lon="2.84284">
        <ele>117.3</ele>
      </trkpt>
      <trkpt lat="39.63332" lon="2.84311">
        <ele>117.7</ele>
      </trkpt>
      <trkpt lat="39.63332" lon="2.84332">
        <ele>117.9</ele>
      </trkpt>
      <trkpt lat="39.63332" lon="2.84341">
        <ele>117.9</ele>
      </trkpt>
      <trkpt lat="39.63333" lon="2.84352">
        <ele>117.8</ele>
      </trkpt>
      <trkpt lat="39.63333" lon="2.8436">
        <ele>117.7</ele>
      </trkpt>
      <trkpt lat="39.63332" lon="2.84368">
        <ele>117.5</ele>
      </trkpt>
      <trkpt lat="39.6333" lon="2.84383">
        <ele>117.3</ele>
      </trkpt>
      <trkpt lat="39.63328" lon="2.84394">
        <ele>117.0</ele>
      </trkpt>
      <trkpt lat="39.63324" lon="2.84414">
        <ele>116.6</ele>
      </trkpt>
      <trkpt lat="39.63322" lon="2.84424">
        <ele>116.4</ele>
      </trkpt>
      <trkpt lat="39.63316" lon="2.84442">
        <ele>115.9</ele>
      </trkpt>
      <trkpt lat="39.63313" lon="2.84451">
        <ele>115.6</ele>
      </trkpt>
      <trkpt lat="39.63309" lon="2.84464">
        <ele>115.3</ele>
      </trkpt>
      <trkpt lat="39.63306" lon="2.84472">
        <ele>115.0</ele>
      </trkpt>
      <trkpt lat="39.63304" lon="2.84477">
        <ele>114.9</ele>
      </trkpt>
      <trkpt lat="39.633" lon="2.84484">
        <ele>114.6</ele>
      </trkpt>
      <trkpt lat="39.63277" lon="2.8452">
        <ele>113.3</ele>
      </trkpt>
      <trkpt lat="39.63267" lon="2.84534">
        <ele>113.0</ele>
      </trkpt>
      <trkpt lat="39.63262" lon="2.84538">
        <ele>112.8</ele>
      </trkpt>
      <trkpt lat="39.63255" lon="2.84545">
        <ele>112.7</ele>
      </trkpt>
      <trkpt lat="39.63233" lon="2.84565">
        <ele>111.4</ele>
      </trkpt>
      <trkpt lat="39.63213" lon="2.84585">
        <ele>109.9</ele>
      </trkpt>
      <trkpt lat="39.63209" lon="2.84591">
        <ele>109.6</ele>
      </trkpt>
      <trkpt lat="39.632" lon="2.84604">
        <ele>109.0</ele>
      </trkpt>
      <trkpt lat="39.63197" lon="2.84607">
        <ele>108.9</ele>
      </trkpt>
      <trkpt lat="39.63192" lon="2.84615">
        <ele>108.7</ele>
      </trkpt>
      <trkpt lat="39.63178" lon="2.84637">
        <ele>108.4</ele>
      </trkpt>
      <trkpt lat="39.6317" lon="2.84647">
        <ele>108.4</ele>
      </trkpt>
      <trkpt lat="39.63158" lon="2.84664">
        <ele>108.6</ele>
      </trkpt>
      <trkpt lat="39.63141" lon="2.84686">
        <ele>107.5</ele>
      </trkpt>
      <trkpt lat="39.63141" lon="2.84686">
        <ele>107.5</ele>
      </trkpt>
      <trkpt lat="39.63103" lon="2.84688">
        <ele>106.0</ele>
      </trkpt>
      <trkpt lat="39.63095" lon="2.84689">
        <ele>105.7</ele>
      </trkpt>
      <trkpt lat="39.63089" lon="2.8469">
        <ele>105.4</ele>
      </trkpt>
      <trkpt lat="39.63085" lon="2.84692">
        <ele>105.2</ele>
      </trkpt>
      <trkpt lat="39.63082" lon="2.84694">
        <ele>105.0</ele>
      </trkpt>
      <trkpt lat="39.6308" lon="2.84697">
        <ele>104.8</ele>
      </trkpt>
      <trkpt lat="39.63078" lon="2.84703">
        <ele>104.6</ele>
      </trkpt>
      <trkpt lat="39.63071" lon="2.84719">
        <ele>104.0</ele>
      </trkpt>
      <trkpt lat="39.63067" lon="2.84727">
        <ele>103.7</ele>
      </trkpt>
      <trkpt lat="39.63065" lon="2.84729">
        <ele>103.6</ele>
      </trkpt>
      <trkpt lat="39.63063" lon="2.84731">
        <ele>103.5</ele>
      </trkpt>
      <trkpt lat="39.6306" lon="2.84732">
        <ele>103.5</ele>
      </trkpt>
      <trkpt lat="39.63057" lon="2.84733">
        <ele>103.4</ele>
      </trkpt>
      <trkpt lat="39.63048" lon="2.84732">
        <ele>103.4</ele>
      </trkpt>
      <trkpt lat="39.63047" lon="2.84732">
        <ele>103.4</ele>
      </trkpt>
      <trkpt lat="39.63016" lon="2.8473">
        <ele>103.1</ele>
      </trkpt>
      <trkpt lat="39.63009" lon="2.8473">
        <ele>103.1</ele>
      </trkpt>
      <trkpt lat="39.62987" lon="2.84727">
        <ele>103.3</ele>
      </trkpt>
      <trkpt lat="39.62961" lon="2.84721">
        <ele>103.9</ele>
      </trkpt>
      <trkpt lat="39.62929" lon="2.84714">
        <ele>104.7</ele>
      </trkpt>
      <trkpt lat="39.62927" lon="2.84713">
        <ele>104.8</ele>
      </trkpt>
      <trkpt lat="39.62917" lon="2.84711">
        <ele>105.0</ele>
      </trkpt>
      <trkpt lat="39.62906" lon="2.84709">
        <ele>105.1</ele>
      </trkpt>
      <trkpt lat="39.62895" lon="2.84708">
        <ele>105.3</ele>
      </trkpt>
      <trkpt lat="39.62885" lon="2.8471">
        <ele>105.4</ele>
      </trkpt>
      <trkpt lat="39.6286" lon="2.84712">
        <ele>105.6</ele>
      </trkpt>
      <trkpt lat="39.62857" lon="2.84712">
        <ele>105.7</ele>
      </trkpt>
      <trkpt lat="39.62836" lon="2.84715">
        <ele>105.8</ele>
      </trkpt>
      <trkpt lat="39.62833" lon="2.84715">
        <ele>105.8</ele>
      </trkpt>
      <trkpt lat="39.62817" lon="2.84714">
        <ele>106.2</ele>
      </trkpt>
      <trkpt lat="39.62772" lon="2.84712">
        <ele>107.0</ele>
      </trkpt>
      <trkpt lat="39.62767" lon="2.84712">
        <ele>107.1</ele>
      </trkpt>
      <trkpt lat="39.62758" lon="2.84712">
        <ele>107.3</ele>
      </trkpt>
      <trkpt lat="39.62716" lon="2.84715">
        <ele>107.9</ele>
      </trkpt>
      <trkpt lat="39.62669" lon="2.84718">
        <ele>108.6</ele>
      </trkpt>
      <trkpt lat="39.62659" lon="2.84717">
        <ele>108.7</ele>
      </trkpt>
      <trkpt lat="39.62652" lon="2.84715">
        <ele>108.7</ele>
      </trkpt>
      <trkpt lat="39.62624" lon="2.8471">
        <ele>108.8</ele>
      </trkpt>
      <trkpt lat="39.62619" lon="2.84709">
        <ele>108.8</ele>
      </trkpt>
      <trkpt lat="39.62579" lon="2.84698">
        <ele>108.8</ele>
      </trkpt>
      <trkpt lat="39.62571" lon="2.84696">
        <ele>109.0</ele>
      </trkpt>
      <trkpt lat="39.62563" lon="2.84694">
        <ele>109.1</ele>
      </trkpt>
      <trkpt lat="39.62556" lon="2.84692">
        <ele>109.3</ele>
      </trkpt>
      <trkpt lat="39.62554" lon="2.84692">
        <ele>109.3</ele>
      </trkpt>
      <trkpt lat="39.62553" lon="2.84692">
        <ele>109.4</ele>
      </trkpt>
      <trkpt lat="39.62545" lon="2.84691">
        <ele>109.6</ele>
      </trkpt>
      <trkpt lat="39.62535" lon="2.84691">
        <ele>109.8</ele>
      </trkpt>
      <trkpt lat="39.62499" lon="2.84691">
        <ele>110.8</ele>
      </trkpt>
      <trkpt lat="39.62497" lon="2.84692">
        <ele>110.8</ele>
      </trkpt>
      <trkpt lat="39.62489" lon="2.84694">
        <ele>111.2</ele>
      </trkpt>
      <trkpt lat="39.62482" lon="2.84697">
        <ele>111.4</ele>
      </trkpt>
      <trkpt lat="39.62477" lon="2.84702">
        <ele>111.6</ele>
      </trkpt>
      <trkpt lat="39.62472" lon="2.84708">
        <ele>111.8</ele>
      </trkpt>
      <trkpt lat="39.62469" lon="2.84715">
        <ele>112.0</ele>
      </trkpt>
      <trkpt lat="39.62459" lon="2.84732">
        <ele>112.5</ele>
      </trkpt>
      <trkpt lat="39.62459" lon="2.84732">
        <ele>112.5</ele>
      </trkpt>
      <trkpt lat="39.62463" lon="2.84741">
        <ele>112.2</ele>
      </trkpt>
      <trkpt lat="39.62466" lon="2.84754">
        <ele>112.1</ele>
      </trkpt>
      <trkpt lat="39.6247" lon="2.84766">
        <ele>112.1</ele>
      </trkpt>
      <trkpt lat="39.62471" lon="2.84782">
        <ele>112.3</ele>
      </trkpt>
      <trkpt lat="39.62472" lon="2.84785">
        <ele>112.2</ele>
      </trkpt>
      <trkpt lat="39.62472" lon="2.84785">
        <ele>112.2</ele>
      </trkpt>
      <trkpt lat="39.62473" lon="2.84794">
        <ele>112.3</ele>
      </trkpt>
      <trkpt lat="39.62473" lon="2.84816">
        <ele>112.7</ele>
      </trkpt>
      <trkpt lat="39.62472" lon="2.8482">
        <ele>112.8</ele>
      </trkpt>
      <trkpt lat="39.6247" lon="2.84823">
        <ele>113.0</ele>
      </trkpt>
      <trkpt lat="39.62454" lon="2.84841">
        <ele>114.5</ele>
      </trkpt>
      <trkpt lat="39.62432" lon="2.84858">
        <ele>116.4</ele>
      </trkpt>
      <trkpt lat="39.62419" lon="2.84868">
        <ele>117.3</ele>
      </trkpt>
      <trkpt lat="39.62416" lon="2.8487">
        <ele>117.5</ele>
      </trkpt>
      <trkpt lat="39.62411" lon="2.84874">
        <ele>117.6</ele>
      </trkpt>
      <trkpt lat="39.62401" lon="2.84884">
        <ele>117.9</ele>
      </trkpt>
      <trkpt lat="39.62394" lon="2.84891">
        <ele>118.0</ele>
      </trkpt>
      <trkpt lat="39.6238" lon="2.84908">
        <ele>118.4</ele>
      </trkpt>
      <trkpt lat="39.62374" lon="2.84914">
        <ele>118.5</ele>
      </trkpt>
      <trkpt lat="39.62364" lon="2.84924">
        <ele>118.6</ele>
      </trkpt>
      <trkpt lat="39.6236" lon="2.84928">
        <ele>118.6</ele>
      </trkpt>
      <trkpt lat="39.62312" lon="2.84973">
        <ele>118.2</ele>
      </trkpt>
      <trkpt lat="39.62297" lon="2.84985">
        <ele>118.1</ele>
      </trkpt>
      <trkpt lat="39.62279" lon="2.85001">
        <ele>118.0</ele>
      </trkpt>
      <trkpt lat="39.62255" lon="2.85021">
        <ele>117.5</ele>
      </trkpt>
      <trkpt lat="39.62244" lon="2.85032">
        <ele>117.2</ele>
      </trkpt>
      <trkpt lat="39.62231" lon="2.85046">
        <ele>116.8</ele>
      </trkpt>
      <trkpt lat="39.62221" lon="2.85055">
        <ele>116.7</ele>
      </trkpt>
      <trkpt lat="39.62217" lon="2.85059">
        <ele>116.6</ele>
      </trkpt>
      <trkpt lat="39.62188" lon="2.85088">
        <ele>116.8</ele>
      </trkpt>
      <trkpt lat="39.62169" lon="2.85107">
        <ele>117.3</ele>
      </trkpt>
      <trkpt lat="39.62158" lon="2.85117">
        <ele>117.4</ele>
      </trkpt>
      <trkpt lat="39.6213" lon="2.85139">
        <ele>117.4</ele>
      </trkpt>
      <trkpt lat="39.62086" lon="2.85172">
        <ele>117.1</ele>
      </trkpt>
      <trkpt lat="39.62042" lon="2.85206">
        <ele>117.5</ele>
      </trkpt>
      <trkpt lat="39.62007" lon="2.85235">
        <ele>117.8</ele>
      </trkpt>
      <trkpt lat="39.61985" lon="2.85253">
        <ele>117.8</ele>
      </trkpt>
      <trkpt lat="39.61922" lon="2.85306">
        <ele>117.0</ele>
      </trkpt>
      <trkpt lat="39.61916" lon="2.85311">
        <ele>117.0</ele>
      </trkpt>
      <trkpt lat="39.61906" lon="2.85319">
        <ele>117.1</ele>
      </trkpt>
      <trkpt lat="39.61901" lon="2.85323">
        <ele>117.2</ele>
      </trkpt>
      <trkpt lat="39.61895" lon="2.85328">
        <ele>117.2</ele>
      </trkpt>
      <trkpt lat="39.61876" lon="2.8534">
        <ele>117.5</ele>
      </trkpt>
      <trkpt lat="39.61823" lon="2.85378">
        <ele>118.1</ele>
      </trkpt>
      <trkpt lat="39.61794" lon="2.85398">
        <ele>118.1</ele>
      </trkpt>
      <trkpt lat="39.61792" lon="2.85399">
        <ele>118.1</ele>
      </trkpt>
      <trkpt lat="39.61757" lon="2.85422">
        <ele>118.0</ele>
      </trkpt>
      <trkpt lat="39.61751" lon="2.85426">
        <ele>118.0</ele>
      </trkpt>
      <trkpt lat="39.61712" lon="2.85452">
        <ele>118.2</ele>
      </trkpt>
      <trkpt lat="39.61707" lon="2.85455">
        <ele>118.2</ele>
      </trkpt>
      <trkpt lat="39.61696" lon="2.85463">
        <ele>118.4</ele>
      </trkpt>
      <trkpt lat="39.61694" lon="2.85466">
        <ele>118.4</ele>
      </trkpt>
      <trkpt lat="39.61661" lon="2.85492">
        <ele>118.9</ele>
      </trkpt>
      <trkpt lat="39.6164" lon="2.85505">
        <ele>119.1</ele>
      </trkpt>
      <trkpt lat="39.61599" lon="2.85536">
        <ele>119.4</ele>
      </trkpt>
      <trkpt lat="39.61587" lon="2.85544">
        <ele>119.5</ele>
      </trkpt>
      <trkpt lat="39.61575" lon="2.85554">
        <ele>119.6</ele>
      </trkpt>
      <trkpt lat="39.61569" lon="2.85559">
        <ele>119.7</ele>
      </trkpt>
      <trkpt lat="39.61562" lon="2.85566">
        <ele>119.8</ele>
      </trkpt>
      <trkpt lat="39.61551" lon="2.85576">
        <ele>119.9</ele>
      </trkpt>
      <trkpt lat="39.61543" lon="2.85583">
        <ele>120.0</ele>
      </trkpt>
      <trkpt lat="39.61531" lon="2.85592">
        <ele>120.0</ele>
      </trkpt>
      <trkpt lat="39.61513" lon="2.85605">
        <ele>120.0</ele>
      </trkpt>
      <trkpt lat="39.61502" lon="2.85614">
        <ele>120.0</ele>
      </trkpt>
      <trkpt lat="39.61491" lon="2.85619">
        <ele>120.0</ele>
      </trkpt>
      <trkpt lat="39.61491" lon="2.85619">
        <ele>120.0</ele>
      </trkpt>
      <trkpt lat="39.61492" lon="2.85627">
        <ele>119.9</ele>
      </trkpt>
      <trkpt lat="39.61492" lon="2.85627">
        <ele>119.9</ele>
      </trkpt>
      <trkpt lat="39.61464" lon="2.85647">
        <ele>119.7</ele>
      </trkpt>
      <trkpt lat="39.61444" lon="2.8566">
        <ele>119.4</ele>
      </trkpt>
      <trkpt lat="39.61437" lon="2.85665">
        <ele>119.3</ele>
      </trkpt>
      <trkpt lat="39.61429" lon="2.85671">
        <ele>119.2</ele>
      </trkpt>
      <trkpt lat="39.6141" lon="2.85685">
        <ele>119.4</ele>
      </trkpt>
      <trkpt lat="39.61379" lon="2.85708">
        <ele>120.2</ele>
      </trkpt>
      <trkpt lat="39.61349" lon="2.8573">
        <ele>120.8</ele>
      </trkpt>
      <trkpt lat="39.61324" lon="2.85748">
        <ele>120.9</ele>
      </trkpt>
      <trkpt lat="39.61317" lon="2.85752">
        <ele>120.8</ele>
      </trkpt>
      <trkpt lat="39.61253" lon="2.85794">
        <ele>120.0</ele>
      </trkpt>
      <trkpt lat="39.61237" lon="2.85804">
        <ele>120.3</ele>
      </trkpt>
      <trkpt lat="39.61235" lon="2.85805">
        <ele>120.4</ele>
      </trkpt>
      <trkpt lat="39.61196" lon="2.85829">
        <ele>121.8</ele>
      </trkpt>
      <trkpt lat="39.61188" lon="2.85834">
        <ele>122.2</ele>
      </trkpt>
      <trkpt lat="39.61139" lon="2.85862">
        <ele>123.0</ele>
      </trkpt>
      <trkpt lat="39.61089" lon="2.85891">
        <ele>124.2</ele>
      </trkpt>
      <trkpt lat="39.61073" lon="2.85901">
        <ele>124.8</ele>
      </trkpt>
      <trkpt lat="39.61068" lon="2.85904">
        <ele>124.9</ele>
      </trkpt>
      <trkpt lat="39.6104" lon="2.85922">
        <ele>125.6</ele>
      </trkpt>
      <trkpt lat="39.6103" lon="2.85929">
        <ele>125.8</ele>
      </trkpt>
      <trkpt lat="39.61017" lon="2.85939">
        <ele>126.2</ele>
      </trkpt>
      <trkpt lat="39.61014" lon="2.85941">
        <ele>126.3</ele>
      </trkpt>
      <trkpt lat="39.60989" lon="2.8596">
        <ele>127.2</ele>
      </trkpt>
      <trkpt lat="39.6096" lon="2.85978">
        <ele>127.7</ele>
      </trkpt>
      <trkpt lat="39.60952" lon="2.85983">
        <ele>127.8</ele>
      </trkpt>
      <trkpt lat="39.60903" lon="2.86008">
        <ele>128.0</ele>
      </trkpt>
      <trkpt lat="39.60881" lon="2.8602">
        <ele>128.1</ele>
      </trkpt>
      <trkpt lat="39.60869" lon="2.86027">
        <ele>128.2</ele>
      </trkpt>
      <trkpt lat="39.60863" lon="2.8603">
        <ele>128.2</ele>
      </trkpt>
      <trkpt lat="39.60826" lon="2.86056">
        <ele>128.7</ele>
      </trkpt>
      <trkpt lat="39.6081" lon="2.86068">
        <ele>128.9</ele>
      </trkpt>
      <trkpt lat="39.60807" lon="2.8607">
        <ele>128.9</ele>
      </trkpt>
      <trkpt lat="39.60786" lon="2.86084">
        <ele>129.0</ele>
      </trkpt>
      <trkpt lat="39.60744" lon="2.86116">
        <ele>129.9</ele>
      </trkpt>
      <trkpt lat="39.60713" lon="2.8614">
        <ele>131.1</ele>
      </trkpt>
      <trkpt lat="39.60701" lon="2.86149">
        <ele>131.4</ele>
      </trkpt>
      <trkpt lat="39.60676" lon="2.86167">
        <ele>131.9</ele>
      </trkpt>
      <trkpt lat="39.60672" lon="2.8617">
        <ele>132.1</ele>
      </trkpt>
      <trkpt lat="39.60671" lon="2.8617">
        <ele>132.1</ele>
      </trkpt>
      <trkpt lat="39.60623" lon="2.862">
        <ele>135.1</ele>
      </trkpt>
      <trkpt lat="39.60621" lon="2.86201">
        <ele>135.2</ele>
      </trkpt>
      <trkpt lat="39.606" lon="2.86214">
        <ele>136.4</ele>
      </trkpt>
      <trkpt lat="39.60591" lon="2.86219">
        <ele>136.9</ele>
      </trkpt>
      <trkpt lat="39.60581" lon="2.86227">
        <ele>137.5</ele>
      </trkpt>
      <trkpt lat="39.60552" lon="2.86253">
        <ele>139.1</ele>
      </trkpt>
      <trkpt lat="39.60545" lon="2.86259">
        <ele>139.4</ele>
      </trkpt>
      <trkpt lat="39.60531" lon="2.86273">
        <ele>140.0</ele>
      </trkpt>
      <trkpt lat="39.60486" lon="2.86313">
        <ele>141.3</ele>
      </trkpt>
      <trkpt lat="39.60472" lon="2.86327">
        <ele>141.4</ele>
      </trkpt>
      <trkpt lat="39.60471" lon="2.86327">
        <ele>141.4</ele>
      </trkpt>
      <trkpt lat="39.60452" lon="2.86344">
        <ele>141.7</ele>
      </trkpt>
      <trkpt lat="39.60435" lon="2.8636">
        <ele>142.1</ele>
      </trkpt>
      <trkpt lat="39.60428" lon="2.86367">
        <ele>142.3</ele>
      </trkpt>
      <trkpt lat="39.60419" lon="2.86375">
        <ele>142.5</ele>
      </trkpt>
      <trkpt lat="39.60413" lon="2.86381">
        <ele>142.5</ele>
      </trkpt>
      <trkpt lat="39.60408" lon="2.86387">
        <ele>142.6</ele>
      </trkpt>
      <trkpt lat="39.60381" lon="2.86417">
        <ele>142.6</ele>
      </trkpt>
      <trkpt lat="39.60365" lon="2.86433">
        <ele>142.3</ele>
      </trkpt>
      <trkpt lat="39.60336" lon="2.86468">
        <ele>141.4</ele>
      </trkpt>
      <trkpt lat="39.60326" lon="2.86479">
        <ele>141.3</ele>
      </trkpt>
      <trkpt lat="39.60312" lon="2.86498">
        <ele>141.0</ele>
      </trkpt>
      <trkpt lat="39.60297" lon="2.86515">
        <ele>140.9</ele>
      </trkpt>
      <trkpt lat="39.60282" lon="2.86532">
        <ele>140.8</ele>
      </trkpt>
      <trkpt lat="39.60267" lon="2.86547">
        <ele>140.6</ele>
      </trkpt>
      <trkpt lat="39.60266" lon="2.86548">
        <ele>140.5</ele>
      </trkpt>
      <trkpt lat="39.60252" lon="2.86562">
        <ele>140.3</ele>
      </trkpt>
      <trkpt lat="39.60236" lon="2.86576">
        <ele>139.9</ele>
      </trkpt>
      <trkpt lat="39.60202" lon="2.86602">
        <ele>139.3</ele>
      </trkpt>
      <trkpt lat="39.60184" lon="2.86613">
        <ele>139.1</ele>
      </trkpt>
      <trkpt lat="39.60159" lon="2.86632">
        <ele>139.0</ele>
      </trkpt>
      <trkpt lat="39.60156" lon="2.86634">
        <ele>139.1</ele>
      </trkpt>
      <trkpt lat="39.60143" lon="2.86644">
        <ele>139.1</ele>
      </trkpt>
      <trkpt lat="39.60135" lon="2.8665">
        <ele>139.1</ele>
      </trkpt>
      <trkpt lat="39.6011" lon="2.86667">
        <ele>139.0</ele>
      </trkpt>
      <trkpt lat="39.60077" lon="2.8669">
        <ele>138.2</ele>
      </trkpt>
      <trkpt lat="39.60045" lon="2.86713">
        <ele>137.8</ele>
      </trkpt>
      <trkpt lat="39.60021" lon="2.86729">
        <ele>137.9</ele>
      </trkpt>
      <trkpt lat="39.59993" lon="2.86749">
        <ele>138.0</ele>
      </trkpt>
      <trkpt lat="39.59985" lon="2.86755">
        <ele>138.1</ele>
      </trkpt>
      <trkpt lat="39.59983" lon="2.86756">
        <ele>138.1</ele>
      </trkpt>
      <trkpt lat="39.59983" lon="2.86757">
        <ele>138.1</ele>
      </trkpt>
      <trkpt lat="39.59973" lon="2.86763">
        <ele>138.1</ele>
      </trkpt>
      <trkpt lat="39.59968" lon="2.86766">
        <ele>138.1</ele>
      </trkpt>
      <trkpt lat="39.59964" lon="2.86767">
        <ele>138.1</ele>
      </trkpt>
      <trkpt lat="39.59955" lon="2.86769">
        <ele>138.0</ele>
      </trkpt>
      <trkpt lat="39.59947" lon="2.86771">
        <ele>137.9</ele>
      </trkpt>
      <trkpt lat="39.59945" lon="2.86771">
        <ele>137.8</ele>
      </trkpt>
      <trkpt lat="39.59932" lon="2.86775">
        <ele>137.6</ele>
      </trkpt>
      <trkpt lat="39.59911" lon="2.86778">
        <ele>137.3</ele>
      </trkpt>
      <trkpt lat="39.59905" lon="2.86779">
        <ele>137.2</ele>
      </trkpt>
      <trkpt lat="39.59893" lon="2.86784">
        <ele>137.0</ele>
      </trkpt>
      <trkpt lat="39.59881" lon="2.8679">
        <ele>137.0</ele>
      </trkpt>
      <trkpt lat="39.59877" lon="2.86791">
        <ele>137.0</ele>
      </trkpt>
      <trkpt lat="39.59869" lon="2.86794">
        <ele>137.0</ele>
      </trkpt>
      <trkpt lat="39.5986" lon="2.86799">
        <ele>137.2</ele>
      </trkpt>
      <trkpt lat="39.59857" lon="2.868">
        <ele>137.2</ele>
      </trkpt>
      <trkpt lat="39.59843" lon="2.86806">
        <ele>137.6</ele>
      </trkpt>
      <trkpt lat="39.59819" lon="2.86814">
        <ele>138.3</ele>
      </trkpt>
      <trkpt lat="39.59807" lon="2.86818">
        <ele>138.6</ele>
      </trkpt>
      <trkpt lat="39.59806" lon="2.86818">
        <ele>138.7</ele>
      </trkpt>
      <trkpt lat="39.59794" lon="2.8682">
        <ele>138.9</ele>
      </trkpt>
      <trkpt lat="39.5979" lon="2.86821">
        <ele>139.0</ele>
      </trkpt>
      <trkpt lat="39.59777" lon="2.86824">
        <ele>139.3</ele>
      </trkpt>
      <trkpt lat="39.59773" lon="2.86824">
        <ele>139.4</ele>
      </trkpt>
      <trkpt lat="39.5976" lon="2.86826">
        <ele>139.6</ele>
      </trkpt>
      <trkpt lat="39.59755" lon="2.86827">
        <ele>139.7</ele>
      </trkpt>
      <trkpt lat="39.59742" lon="2.86831">
        <ele>139.9</ele>
      </trkpt>
      <trkpt lat="39.59733" lon="2.86833">
        <ele>140.0</ele>
      </trkpt>
      <trkpt lat="39.59714" lon="2.8684">
        <ele>140.0</ele>
      </trkpt>
      <trkpt lat="39.59703" lon="2.86845">
        <ele>140.1</ele>
      </trkpt>
      <trkpt lat="39.59692" lon="2.86851">
        <ele>140.1</ele>
      </trkpt>
      <trkpt lat="39.59682" lon="2.86855">
        <ele>140.2</ele>
      </trkpt>
      <trkpt lat="39.59657" lon="2.86869">
        <ele>140.5</ele>
      </trkpt>
      <trkpt lat="39.59638" lon="2.86881">
        <ele>140.8</ele>
      </trkpt>
      <trkpt lat="39.59632" lon="2.86885">
        <ele>140.9</ele>
      </trkpt>
      <trkpt lat="39.59621" lon="2.8689">
        <ele>141.1</ele>
      </trkpt>
      <trkpt lat="39.59606" lon="2.86899">
        <ele>141.4</ele>
      </trkpt>
      <trkpt lat="39.59552" lon="2.86929">
        <ele>141.7</ele>
      </trkpt>
      <trkpt lat="39.59539" lon="2.86936">
        <ele>141.6</ele>
      </trkpt>
      <trkpt lat="39.59525" lon="2.86943">
        <ele>141.5</ele>
      </trkpt>
      <trkpt lat="39.5948" lon="2.86968">
        <ele>141.9</ele>
      </trkpt>
      <trkpt lat="39.59463" lon="2.86977">
        <ele>142.3</ele>
      </trkpt>
      <trkpt lat="39.59439" lon="2.8699">
        <ele>142.7</ele>
      </trkpt>
      <trkpt lat="39.59434" lon="2.86993">
        <ele>142.8</ele>
      </trkpt>
      <trkpt lat="39.59389" lon="2.87017">
        <ele>143.1</ele>
      </trkpt>
      <trkpt lat="39.5938" lon="2.87022">
        <ele>143.2</ele>
      </trkpt>
      <trkpt lat="39.59357" lon="2.87034">
        <ele>143.3</ele>
      </trkpt>
      <trkpt lat="39.59352" lon="2.87037">
        <ele>143.3</ele>
      </trkpt>
      <trkpt lat="39.59326" lon="2.87051">
        <ele>143.3</ele>
      </trkpt>
      <trkpt lat="39.59315" lon="2.87056">
        <ele>143.0</ele>
      </trkpt>
      <trkpt lat="39.5928" lon="2.87075">
        <ele>142.4</ele>
      </trkpt>
      <trkpt lat="39.59278" lon="2.87076">
        <ele>142.4</ele>
      </trkpt>
      <trkpt lat="39.59263" lon="2.87084">
        <ele>142.2</ele>
      </trkpt>
      <trkpt lat="39.5923" lon="2.87102">
        <ele>142.5</ele>
      </trkpt>
      <trkpt lat="39.59209" lon="2.87114">
        <ele>143.0</ele>
      </trkpt>
      <trkpt lat="39.5918" lon="2.87129">
        <ele>143.8</ele>
      </trkpt>
      <trkpt lat="39.59175" lon="2.87132">
        <ele>144.0</ele>
      </trkpt>
      <trkpt lat="39.59141" lon="2.8715">
        <ele>144.4</ele>
      </trkpt>
      <trkpt lat="39.59109" lon="2.87167">
        <ele>144.3</ele>
      </trkpt>
      <trkpt lat="39.59107" lon="2.87169">
        <ele>144.3</ele>
      </trkpt>
      <trkpt lat="39.59093" lon="2.87176">
        <ele>144.1</ele>
      </trkpt>
      <trkpt lat="39.59073" lon="2.87187">
        <ele>144.1</ele>
      </trkpt>
      <trkpt lat="39.59055" lon="2.87198">
        <ele>144.2</ele>
      </trkpt>
      <trkpt lat="39.59038" lon="2.87208">
        <ele>144.3</ele>
      </trkpt>
      <trkpt lat="39.59027" lon="2.87214">
        <ele>144.3</ele>
      </trkpt>
      <trkpt lat="39.5902" lon="2.87218">
        <ele>144.3</ele>
      </trkpt>
      <trkpt lat="39.59008" lon="2.87223">
        <ele>144.3</ele>
      </trkpt>
      <trkpt lat="39.59003" lon="2.87225">
        <ele>144.3</ele>
      </trkpt>
      <trkpt lat="39.58999" lon="2.87225">
        <ele>144.3</ele>
      </trkpt>
      <trkpt lat="39.58994" lon="2.87225">
        <ele>144.5</ele>
      </trkpt>
      <trkpt lat="39.58975" lon="2.87221">
        <ele>145.1</ele>
      </trkpt>
      <trkpt lat="39.58957" lon="2.87217">
        <ele>145.7</ele>
      </trkpt>
      <trkpt lat="39.58922" lon="2.8721">
        <ele>146.8</ele>
      </trkpt>
      <trkpt lat="39.58853" lon="2.87196">
        <ele>147.0</ele>
      </trkpt>
      <trkpt lat="39.58814" lon="2.87189">
        <ele>146.7</ele>
      </trkpt>
      <trkpt lat="39.58797" lon="2.87186">
        <ele>146.6</ele>
      </trkpt>
      <trkpt lat="39.58771" lon="2.8718">
        <ele>146.4</ele>
      </trkpt>
      <trkpt lat="39.58763" lon="2.8718">
        <ele>146.3</ele>
      </trkpt>
      <trkpt lat="39.58761" lon="2.8718">
        <ele>146.3</ele>
      </trkpt>
      <trkpt lat="39.58754" lon="2.87181">
        <ele>146.4</ele>
      </trkpt>
      <trkpt lat="39.58744" lon="2.87182">
        <ele>146.3</ele>
      </trkpt>
      <trkpt lat="39.58736" lon="2.87184">
        <ele>146.3</ele>
      </trkpt>
      <trkpt lat="39.58729" lon="2.87186">
        <ele>146.3</ele>
      </trkpt>
      <trkpt lat="39.58704" lon="2.87196">
        <ele>146.5</ele>
      </trkpt>
      <trkpt lat="39.58675" lon="2.87207">
        <ele>146.9</ele>
      </trkpt>
      <trkpt lat="39.58626" lon="2.87225">
        <ele>147.6</ele>
      </trkpt>
      <trkpt lat="39.58609" lon="2.87232">
        <ele>147.7</ele>
      </trkpt>
      <trkpt lat="39.58592" lon="2.87238">
        <ele>147.8</ele>
      </trkpt>
      <trkpt lat="39.58557" lon="2.87251">
        <ele>147.0</ele>
      </trkpt>
      <trkpt lat="39.58537" lon="2.87258">
        <ele>146.2</ele>
      </trkpt>
      <trkpt lat="39.58515" lon="2.87266">
        <ele>145.2</ele>
      </trkpt>
      <trkpt lat="39.58511" lon="2.87268">
        <ele>145.0</ele>
      </trkpt>
      <trkpt lat="39.58492" lon="2.87276">
        <ele>144.5</ele>
      </trkpt>
      <trkpt lat="39.58477" lon="2.87282">
        <ele>144.7</ele>
      </trkpt>
      <trkpt lat="39.58472" lon="2.87284">
        <ele>144.7</ele>
      </trkpt>
      <trkpt lat="39.58464" lon="2.87286">
        <ele>144.9</ele>
      </trkpt>
      <trkpt lat="39.58442" lon="2.87294">
        <ele>145.4</ele>
      </trkpt>
      <trkpt lat="39.58436" lon="2.87297">
        <ele>145.6</ele>
      </trkpt>
      <trkpt lat="39.58417" lon="2.87304">
        <ele>146.3</ele>
      </trkpt>
      <trkpt lat="39.58408" lon="2.87307">
        <ele>146.5</ele>
      </trkpt>
      <trkpt lat="39.58381" lon="2.87317">
        <ele>147.4</ele>
      </trkpt>
      <trkpt lat="39.58373" lon="2.87319">
        <ele>147.6</ele>
      </trkpt>
      <trkpt lat="39.58338" lon="2.87331">
        <ele>148.8</ele>
      </trkpt>
      <trkpt lat="39.58337" lon="2.87332">
        <ele>148.9</ele>
      </trkpt>
      <trkpt lat="39.58303" lon="2.87344">
        <ele>148.4</ele>
      </trkpt>
      <trkpt lat="39.58301" lon="2.87345">
        <ele>148.3</ele>
      </trkpt>
      <trkpt lat="39.58286" lon="2.87351">
        <ele>148.0</ele>
      </trkpt>
      <trkpt lat="39.58269" lon="2.87359">
        <ele>147.5</ele>
      </trkpt>
      <trkpt lat="39.58264" lon="2.87361">
        <ele>147.4</ele>
      </trkpt>
      <trkpt lat="39.58252" lon="2.87365">
        <ele>147.1</ele>
      </trkpt>
      <trkpt lat="39.58245" lon="2.87368">
        <ele>147.1</ele>
      </trkpt>
      <trkpt lat="39.58235" lon="2.87372">
        <ele>147.3</ele>
      </trkpt>
      <trkpt lat="39.5822" lon="2.87377">
        <ele>147.5</ele>
      </trkpt>
      <trkpt lat="39.58217" lon="2.87378">
        <ele>147.6</ele>
      </trkpt>
      <trkpt lat="39.58195" lon="2.87386">
        <ele>148.1</ele>
      </trkpt>
      <trkpt lat="39.5817" lon="2.87395">
        <ele>148.7</ele>
      </trkpt>
      <trkpt lat="39.58148" lon="2.87404">
        <ele>149.5</ele>
      </trkpt>
      <trkpt lat="39.58142" lon="2.8741">
        <ele>149.8</ele>
      </trkpt>
      <trkpt lat="39.58136" lon="2.87417">
        <ele>150.1</ele>
      </trkpt>
      <trkpt lat="39.5813" lon="2.87423">
        <ele>150.4</ele>
      </trkpt>
      <trkpt lat="39.5806" lon="2.875">
        <ele>154.3</ele>
      </trkpt>
      <trkpt lat="39.58026" lon="2.87537">
        <ele>155.0</ele>
      </trkpt>
      <trkpt lat="39.5801" lon="2.87555">
        <ele>155.5</ele>
      </trkpt>
      <trkpt lat="39.57996" lon="2.8757">
        <ele>155.8</ele>
      </trkpt>
      <trkpt lat="39.57969" lon="2.876">
        <ele>156.2</ele>
      </trkpt>
      <trkpt lat="39.57954" lon="2.87617">
        <ele>156.4</ele>
      </trkpt>
      <trkpt lat="39.57918" lon="2.87655">
        <ele>156.9</ele>
      </trkpt>
      <trkpt lat="39.5791" lon="2.87664">
        <ele>157.0</ele>
      </trkpt>
      <trkpt lat="39.57901" lon="2.87674">
        <ele>157.1</ele>
      </trkpt>
      <trkpt lat="39.579" lon="2.87676">
        <ele>157.1</ele>
      </trkpt>
      <trkpt lat="39.57895" lon="2.87681">
        <ele>157.1</ele>
      </trkpt>
      <trkpt lat="39.57884" lon="2.87689">
        <ele>157.2</ele>
      </trkpt>
      <trkpt lat="39.57874" lon="2.87697">
        <ele>157.3</ele>
      </trkpt>
      <trkpt lat="39.57856" lon="2.87712">
        <ele>157.6</ele>
      </trkpt>
      <trkpt lat="39.57837" lon="2.87727">
        <ele>157.9</ele>
      </trkpt>
      <trkpt lat="39.57818" lon="2.87745">
        <ele>158.0</ele>
      </trkpt>
      <trkpt lat="39.57797" lon="2.87764">
        <ele>158.0</ele>
      </trkpt>
      <trkpt lat="39.57789" lon="2.87773">
        <ele>158.0</ele>
      </trkpt>
      <trkpt lat="39.57783" lon="2.8778">
        <ele>158.1</ele>
      </trkpt>
      <trkpt lat="39.57778" lon="2.87786">
        <ele>158.1</ele>
      </trkpt>
      <trkpt lat="39.57773" lon="2.87795">
        <ele>158.2</ele>
      </trkpt>
      <trkpt lat="39.57758" lon="2.87822">
        <ele>158.7</ele>
      </trkpt>
      <trkpt lat="39.57757" lon="2.87823">
        <ele>158.7</ele>
      </trkpt>
      <trkpt lat="39.57748" lon="2.87839">
        <ele>159.1</ele>
      </trkpt>
      <trkpt lat="39.57739" lon="2.87857">
        <ele>159.4</ele>
      </trkpt>
      <trkpt lat="39.57729" lon="2.87874">
        <ele>159.7</ele>
      </trkpt>
      <trkpt lat="39.57725" lon="2.8788">
        <ele>159.9</ele>
      </trkpt>
      <trkpt lat="39.57704" lon="2.8791">
        <ele>160.5</ele>
      </trkpt>
      <trkpt lat="39.57676" lon="2.87948">
        <ele>160.9</ele>
      </trkpt>
      <trkpt lat="39.57667" lon="2.87959">
        <ele>161.0</ele>
      </trkpt>
      <trkpt lat="39.57663" lon="2.87964">
        <ele>161.1</ele>
      </trkpt>
      <trkpt lat="39.5765" lon="2.8798">
        <ele>161.2</ele>
      </trkpt>
      <trkpt lat="39.57641" lon="2.87991">
        <ele>161.3</ele>
      </trkpt>
      <trkpt lat="39.57632" lon="2.88">
        <ele>161.4</ele>
      </trkpt>
      <trkpt lat="39.57622" lon="2.88008">
        <ele>161.6</ele>
      </trkpt>
      <trkpt lat="39.5761" lon="2.88015">
        <ele>161.7</ele>
      </trkpt>
      <trkpt lat="39.57603" lon="2.88019">
        <ele>161.8</ele>
      </trkpt>
      <trkpt lat="39.57588" lon="2.88025">
        <ele>162.0</ele>
      </trkpt>
      <trkpt lat="39.57559" lon="2.88035">
        <ele>162.5</ele>
      </trkpt>
      <trkpt lat="39.57542" lon="2.88041">
        <ele>162.7</ele>
      </trkpt>
      <trkpt lat="39.57503" lon="2.88052">
        <ele>163.3</ele>
      </trkpt>
      <trkpt lat="39.57499" lon="2.88054">
        <ele>163.4</ele>
      </trkpt>
      <trkpt lat="39.57494" lon="2.88055">
        <ele>163.3</ele>
      </trkpt>
      <trkpt lat="39.57479" lon="2.88061">
        <ele>163.3</ele>
      </trkpt>
      <trkpt lat="39.57468" lon="2.88064">
        <ele>163.2</ele>
      </trkpt>
      <trkpt lat="39.57466" lon="2.88065">
        <ele>163.2</ele>
      </trkpt>
      <trkpt lat="39.57459" lon="2.88066">
        <ele>163.2</ele>
      </trkpt>
      <trkpt lat="39.57444" lon="2.8807">
        <ele>163.2</ele>
      </trkpt>
      <trkpt lat="39.57441" lon="2.8807">
        <ele>163.2</ele>
      </trkpt>
      <trkpt lat="39.57433" lon="2.88072">
        <ele>163.1</ele>
      </trkpt>
      <trkpt lat="39.57415" lon="2.88075">
        <ele>163.1</ele>
      </trkpt>
      <trkpt lat="39.57405" lon="2.88077">
        <ele>163.3</ele>
      </trkpt>
      <trkpt lat="39.57397" lon="2.88078">
        <ele>163.5</ele>
      </trkpt>
      <trkpt lat="39.57373" lon="2.88081">
        <ele>164.0</ele>
      </trkpt>
      <trkpt lat="39.57368" lon="2.88082">
        <ele>164.2</ele>
      </trkpt>
      <trkpt lat="39.57355" lon="2.88084">
        <ele>164.5</ele>
      </trkpt>
      <trkpt lat="39.5723" lon="2.88101">
        <ele>165.6</ele>
      </trkpt>
      <trkpt lat="39.57208" lon="2.88104">
        <ele>166.3</ele>
      </trkpt>
      <trkpt lat="39.57155" lon="2.88113">
        <ele>167.4</ele>
      </trkpt>
      <trkpt lat="39.57137" lon="2.88115">
        <ele>167.6</ele>
      </trkpt>
      <trkpt lat="39.57076" lon="2.88125">
        <ele>168.0</ele>
      </trkpt>
      <trkpt lat="39.57065" lon="2.88127">
        <ele>168.0</ele>
      </trkpt>
      <trkpt lat="39.57048" lon="2.8813">
        <ele>167.9</ele>
      </trkpt>
      <trkpt lat="39.57044" lon="2.88131">
        <ele>167.9</ele>
      </trkpt>
      <trkpt lat="39.5703" lon="2.88135">
        <ele>167.8</ele>
      </trkpt>
      <trkpt lat="39.56995" lon="2.88145">
        <ele>167.7</ele>
      </trkpt>
      <trkpt lat="39.5699" lon="2.88148">
        <ele>167.8</ele>
      </trkpt>
      <trkpt lat="39.56955" lon="2.88162">
        <ele>168.7</ele>
      </trkpt>
      <trkpt lat="39.56928" lon="2.88171">
        <ele>169.6</ele>
      </trkpt>
      <trkpt lat="39.56917" lon="2.88172">
        <ele>169.9</ele>
      </trkpt>
      <trkpt lat="39.56917" lon="2.88172">
        <ele>169.9</ele>
      </trkpt>
      <trkpt lat="39.56917" lon="2.88171">
        <ele>169.9</ele>
      </trkpt>
      <trkpt lat="39.56917" lon="2.8817">
        <ele>169.9</ele>
      </trkpt>
      <trkpt lat="39.56917" lon="2.88169">
        <ele>170.0</ele>
      </trkpt>
      <trkpt lat="39.56916" lon="2.88168">
        <ele>170.0</ele>
      </trkpt>
      <trkpt lat="39.56916" lon="2.88167">
        <ele>170.0</ele>
      </trkpt>
      <trkpt lat="39.56915" lon="2.88166">
        <ele>170.1</ele>
      </trkpt>
      <trkpt lat="39.56915" lon="2.88165">
        <ele>170.1</ele>
      </trkpt>
      <trkpt lat="39.56914" lon="2.88165">
        <ele>170.1</ele>
      </trkpt>
      <trkpt lat="39.56914" lon="2.88164">
        <ele>170.2</ele>
      </trkpt>
      <trkpt lat="39.56913" lon="2.88164">
        <ele>170.2</ele>
      </trkpt>
      <trkpt lat="39.56912" lon="2.88164">
        <ele>170.2</ele>
      </trkpt>
      <trkpt lat="39.56912" lon="2.88163">
        <ele>170.2</ele>
      </trkpt>
      <trkpt lat="39.56911" lon="2.88163">
        <ele>170.3</ele>
      </trkpt>
      <trkpt lat="39.5691" lon="2.88163">
        <ele>170.3</ele>
      </trkpt>
      <trkpt lat="39.56909" lon="2.88163">
        <ele>170.4</ele>
      </trkpt>
      <trkpt lat="39.56909" lon="2.88162">
        <ele>170.4</ele>
      </trkpt>
      <trkpt lat="39.56909" lon="2.88163">
        <ele>170.4</ele>
      </trkpt>
      <trkpt lat="39.56909" lon="2.88162">
        <ele>170.4</ele>
      </trkpt>
      <trkpt lat="39.56908" lon="2.88163">
        <ele>170.4</ele>
      </trkpt>
      <trkpt lat="39.56907" lon="2.88163">
        <ele>170.4</ele>
      </trkpt>
      <trkpt lat="39.56906" lon="2.88163">
        <ele>170.5</ele>
      </trkpt>
      <trkpt lat="39.56905" lon="2.88163">
        <ele>170.5</ele>
      </trkpt>
      <trkpt lat="39.56905" lon="2.88164">
        <ele>170.5</ele>
      </trkpt>
      <trkpt lat="39.56904" lon="2.88164">
        <ele>170.5</ele>
      </trkpt>
      <trkpt lat="39.56904" lon="2.88165">
        <ele>170.5</ele>
      </trkpt>
      <trkpt lat="39.56903" lon="2.88165">
        <ele>170.5</ele>
      </trkpt>
      <trkpt lat="39.56903" lon="2.88166">
        <ele>170.5</ele>
      </trkpt>
      <trkpt lat="39.56902" lon="2.88167">
        <ele>170.5</ele>
      </trkpt>
      <trkpt lat="39.56902" lon="2.88168">
        <ele>170.5</ele>
      </trkpt>
      <trkpt lat="39.56901" lon="2.88169">
        <ele>170.5</ele>
      </trkpt>
      <trkpt lat="39.56901" lon="2.8817">
        <ele>170.5</ele>
      </trkpt>
      <trkpt lat="39.56901" lon="2.88171">
        <ele>170.5</ele>
      </trkpt>
      <trkpt lat="39.56885" lon="2.88166">
        <ele>171.1</ele>
      </trkpt>
      <trkpt lat="39.56883" lon="2.88166">
        <ele>171.1</ele>
      </trkpt>
      <trkpt lat="39.56876" lon="2.88164">
        <ele>171.4</ele>
      </trkpt>
      <trkpt lat="39.56875" lon="2.88163">
        <ele>171.4</ele>
      </trkpt>
      <trkpt lat="39.56874" lon="2.88163">
        <ele>171.5</ele>
      </trkpt>
      <trkpt lat="39.56866" lon="2.88159">
        <ele>171.8</ele>
      </trkpt>
      <trkpt lat="39.56857" lon="2.88155">
        <ele>172.1</ele>
      </trkpt>
      <trkpt lat="39.56857" lon="2.88155">
        <ele>172.1</ele>
      </trkpt>
      <trkpt lat="39.56857" lon="2.88154">
        <ele>172.1</ele>
      </trkpt>
      <trkpt lat="39.56857" lon="2.88153">
        <ele>172.1</ele>
      </trkpt>
      <trkpt lat="39.56858" lon="2.88153">
        <ele>172.1</ele>
      </trkpt>
      <trkpt lat="39.56858" lon="2.88152">
        <ele>172.1</ele>
      </trkpt>
      <trkpt lat="39.56858" lon="2.88151">
        <ele>172.1</ele>
      </trkpt>
      <trkpt lat="39.56858" lon="2.8815">
        <ele>172.1</ele>
      </trkpt>
      <trkpt lat="39.56858" lon="2.88149">
        <ele>172.1</ele>
      </trkpt>
      <trkpt lat="39.56859" lon="2.88149">
        <ele>172.1</ele>
      </trkpt>
      <trkpt lat="39.56859" lon="2.88148">
        <ele>172.1</ele>
      </trkpt>
      <trkpt lat="39.56859" lon="2.88147">
        <ele>172.1</ele>
      </trkpt>
      <trkpt lat="39.56859" lon="2.88146">
        <ele>172.1</ele>
      </trkpt>
      <trkpt lat="39.56859" lon="2.88145">
        <ele>172.1</ele>
      </trkpt>
      <trkpt lat="39.56858" lon="2.88145">
        <ele>172.1</ele>
      </trkpt>
      <trkpt lat="39.56858" lon="2.88144">
        <ele>172.1</ele>
      </trkpt>
      <trkpt lat="39.56858" lon="2.88143">
        <ele>172.1</ele>
      </trkpt>
      <trkpt lat="39.56858" lon="2.88142">
        <ele>172.1</ele>
      </trkpt>
      <trkpt lat="39.56858" lon="2.88141">
        <ele>172.1</ele>
      </trkpt>
      <trkpt lat="39.56857" lon="2.8814">
        <ele>172.1</ele>
      </trkpt>
      <trkpt lat="39.56857" lon="2.88139">
        <ele>172.1</ele>
      </trkpt>
      <trkpt lat="39.56856" lon="2.88138">
        <ele>172.1</ele>
      </trkpt>
      <trkpt lat="39.56856" lon="2.88137">
        <ele>172.1</ele>
      </trkpt>
      <trkpt lat="39.56855" lon="2.88137">
        <ele>172.1</ele>
      </trkpt>
      <trkpt lat="39.56855" lon="2.88136">
        <ele>172.1</ele>
      </trkpt>
      <trkpt lat="39.56854" lon="2.88136">
        <ele>172.2</ele>
      </trkpt>
      <trkpt lat="39.56854" lon="2.88135">
        <ele>172.2</ele>
      </trkpt>
      <trkpt lat="39.56853" lon="2.88135">
        <ele>172.2</ele>
      </trkpt>
      <trkpt lat="39.56852" lon="2.88134">
        <ele>172.2</ele>
      </trkpt>
      <trkpt lat="39.56851" lon="2.88134">
        <ele>172.2</ele>
      </trkpt>
      <trkpt lat="39.5685" lon="2.88134">
        <ele>172.2</ele>
      </trkpt>
      <trkpt lat="39.5685" lon="2.88133">
        <ele>172.2</ele>
      </trkpt>
      <trkpt lat="39.56849" lon="2.88133">
        <ele>172.3</ele>
      </trkpt>
      <trkpt lat="39.56848" lon="2.88133">
        <ele>172.3</ele>
      </trkpt>
      <trkpt lat="39.56847" lon="2.88133">
        <ele>172.3</ele>
      </trkpt>
      <trkpt lat="39.56846" lon="2.88134">
        <ele>172.3</ele>
      </trkpt>
      <trkpt lat="39.56845" lon="2.88134">
        <ele>172.4</ele>
      </trkpt>
      <trkpt lat="39.56844" lon="2.88134">
        <ele>172.4</ele>
      </trkpt>
      <trkpt lat="39.56844" lon="2.88135">
        <ele>172.4</ele>
      </trkpt>
      <trkpt lat="39.56843" lon="2.88135">
        <ele>172.4</ele>
      </trkpt>
      <trkpt lat="39.56842" lon="2.88135">
        <ele>172.4</ele>
      </trkpt>
      <trkpt lat="39.56842" lon="2.88136">
        <ele>172.4</ele>
      </trkpt>
      <trkpt lat="39.56841" lon="2.88137">
        <ele>172.5</ele>
      </trkpt>
      <trkpt lat="39.5684" lon="2.88137">
        <ele>172.5</ele>
      </trkpt>
      <trkpt lat="39.5684" lon="2.88138">
        <ele>172.5</ele>
      </trkpt>
      <trkpt lat="39.5684" lon="2.88139">
        <ele>172.5</ele>
      </trkpt>
      <trkpt lat="39.56839" lon="2.8814">
        <ele>172.5</ele>
      </trkpt>
      <trkpt lat="39.56839" lon="2.88141">
        <ele>172.6</ele>
      </trkpt>
      <trkpt lat="39.56838" lon="2.88141">
        <ele>172.6</ele>
      </trkpt>
      <trkpt lat="39.56838" lon="2.88142">
        <ele>172.6</ele>
      </trkpt>
      <trkpt lat="39.56838" lon="2.88143">
        <ele>172.6</ele>
      </trkpt>
      <trkpt lat="39.56838" lon="2.88144">
        <ele>172.6</ele>
      </trkpt>
      <trkpt lat="39.56838" lon="2.88145">
        <ele>172.6</ele>
      </trkpt>
      <trkpt lat="39.56838" lon="2.88146">
        <ele>172.6</ele>
      </trkpt>
      <trkpt lat="39.56838" lon="2.88147">
        <ele>172.6</ele>
      </trkpt>
      <trkpt lat="39.56838" lon="2.88148">
        <ele>172.6</ele>
      </trkpt>
      <trkpt lat="39.56838" lon="2.88149">
        <ele>172.7</ele>
      </trkpt>
      <trkpt lat="39.56838" lon="2.8815">
        <ele>172.7</ele>
      </trkpt>
      <trkpt lat="39.56838" lon="2.88151">
        <ele>172.7</ele>
      </trkpt>
      <trkpt lat="39.56838" lon="2.88152">
        <ele>172.7</ele>
      </trkpt>
      <trkpt lat="39.56839" lon="2.88153">
        <ele>172.7</ele>
      </trkpt>
      <trkpt lat="39.56839" lon="2.88154">
        <ele>172.7</ele>
      </trkpt>
      <trkpt lat="39.5684" lon="2.88155">
        <ele>172.7</ele>
      </trkpt>
      <trkpt lat="39.56836" lon="2.88162">
        <ele>172.9</ele>
      </trkpt>
      <trkpt lat="39.56834" lon="2.88167">
        <ele>173.0</ele>
      </trkpt>
      <trkpt lat="39.56833" lon="2.88174">
        <ele>172.7</ele>
      </trkpt>
      <trkpt lat="39.56832" lon="2.88176">
        <ele>172.7</ele>
      </trkpt>
      <trkpt lat="39.56832" lon="2.8818">
        <ele>172.5</ele>
      </trkpt>
      <trkpt lat="39.56832" lon="2.88193">
        <ele>172.0</ele>
      </trkpt>
      <trkpt lat="39.56834" lon="2.88223">
        <ele>171.0</ele>
      </trkpt>
      <trkpt lat="39.56834" lon="2.88229">
        <ele>170.7</ele>
      </trkpt>
      <trkpt lat="39.56834" lon="2.88239">
        <ele>170.4</ele>
      </trkpt>
      <trkpt lat="39.56835" lon="2.88253">
        <ele>170.1</ele>
      </trkpt>
      <trkpt lat="39.56835" lon="2.8827">
        <ele>170.5</ele>
      </trkpt>
      <trkpt lat="39.56834" lon="2.88289">
        <ele>170.9</ele>
      </trkpt>
      <trkpt lat="39.56833" lon="2.88299">
        <ele>171.2</ele>
      </trkpt>
      <trkpt lat="39.56827" lon="2.88361">
        <ele>172.1</ele>
      </trkpt>
      <trkpt lat="39.56826" lon="2.88368">
        <ele>172.1</ele>
      </trkpt>
      <trkpt lat="39.56823" lon="2.88426">
        <ele>172.5</ele>
      </trkpt>
      <trkpt lat="39.5682" lon="2.88468">
        <ele>173.9</ele>
      </trkpt>
      <trkpt lat="39.56819" lon="2.88512">
        <ele>175.0</ele>
      </trkpt>
      <trkpt lat="39.56819" lon="2.88512">
        <ele>175.0</ele>
      </trkpt>
      <trkpt lat="39.56768" lon="2.88557">
        <ele>174.9</ele>
      </trkpt>
      <trkpt lat="39.56762" lon="2.88563">
        <ele>174.9</ele>
      </trkpt>
      <trkpt lat="39.5676" lon="2.88565">
        <ele>174.9</ele>
      </trkpt>
      <trkpt lat="39.56745" lon="2.88579">
        <ele>175.0</ele>
      </trkpt>
      <trkpt lat="39.56727" lon="2.88595">
        <ele>175.4</ele>
      </trkpt>
      <trkpt lat="39.5672" lon="2.88601">
        <ele>175.5</ele>
      </trkpt>
      <trkpt lat="39.56677" lon="2.88644">
        <ele>176.0</ele>
      </trkpt>
      <trkpt lat="39.56669" lon="2.88652">
        <ele>176.0</ele>
      </trkpt>
      <trkpt lat="39.56664" lon="2.88658">
        <ele>176.0</ele>
      </trkpt>
      <trkpt lat="39.5666" lon="2.88664">
        <ele>176.1</ele>
      </trkpt>
      <trkpt lat="39.56635" lon="2.88699">
        <ele>177.0</ele>
      </trkpt>
      <trkpt lat="39.56632" lon="2.88704">
        <ele>177.1</ele>
      </trkpt>
      <trkpt lat="39.56577" lon="2.88783">
        <ele>178.5</ele>
      </trkpt>
      <trkpt lat="39.56568" lon="2.88795">
        <ele>178.9</ele>
      </trkpt>
      <trkpt lat="39.56561" lon="2.88805">
        <ele>179.2</ele>
      </trkpt>
      <trkpt lat="39.56556" lon="2.88812">
        <ele>179.4</ele>
      </trkpt>
      <trkpt lat="39.56549" lon="2.8882">
        <ele>179.7</ele>
      </trkpt>
      <trkpt lat="39.56545" lon="2.88826">
        <ele>179.8</ele>
      </trkpt>
      <trkpt lat="39.56542" lon="2.88829">
        <ele>179.9</ele>
      </trkpt>
      <trkpt lat="39.5654" lon="2.88831">
        <ele>180.0</ele>
      </trkpt>
      <trkpt lat="39.56538" lon="2.88833">
        <ele>180.1</ele>
      </trkpt>
      <trkpt lat="39.56535" lon="2.88836">
        <ele>180.1</ele>
      </trkpt>
      <trkpt lat="39.56533" lon="2.88838">
        <ele>180.2</ele>
      </trkpt>
      <trkpt lat="39.56531" lon="2.88839">
        <ele>180.2</ele>
      </trkpt>
      <trkpt lat="39.56529" lon="2.8884">
        <ele>180.3</ele>
      </trkpt>
      <trkpt lat="39.56527" lon="2.88841">
        <ele>180.3</ele>
      </trkpt>
      <trkpt lat="39.56525" lon="2.88842">
        <ele>180.4</ele>
      </trkpt>
      <trkpt lat="39.56521" lon="2.88842">
        <ele>180.5</ele>
      </trkpt>
      <trkpt lat="39.56506" lon="2.88844">
        <ele>180.8</ele>
      </trkpt>
      <trkpt lat="39.56464" lon="2.88847">
        <ele>181.5</ele>
      </trkpt>
      <trkpt lat="39.56447" lon="2.88851">
        <ele>181.8</ele>
      </trkpt>
      <trkpt lat="39.56441" lon="2.88852">
        <ele>181.9</ele>
      </trkpt>
      <trkpt lat="39.56435" lon="2.88855">
        <ele>182.0</ele>
      </trkpt>
      <trkpt lat="39.56398" lon="2.88877">
        <ele>182.7</ele>
      </trkpt>
      <trkpt lat="39.56392" lon="2.88881">
        <ele>182.9</ele>
      </trkpt>
      <trkpt lat="39.56352" lon="2.88903">
        <ele>183.6</ele>
      </trkpt>
      <trkpt lat="39.56327" lon="2.88918">
        <ele>183.9</ele>
      </trkpt>
      <trkpt lat="39.5629" lon="2.88939">
        <ele>183.4</ele>
      </trkpt>
      <trkpt lat="39.56282" lon="2.88946">
        <ele>183.2</ele>
      </trkpt>
      <trkpt lat="39.56271" lon="2.88954">
        <ele>183.1</ele>
      </trkpt>
      <trkpt lat="39.56244" lon="2.8898">
        <ele>183.2</ele>
      </trkpt>
      <trkpt lat="39.56204" lon="2.8902">
        <ele>184.3</ele>
      </trkpt>
      <trkpt lat="39.56167" lon="2.89058">
        <ele>185.3</ele>
      </trkpt>
      <trkpt lat="39.56156" lon="2.8907">
        <ele>185.3</ele>
      </trkpt>
      <trkpt lat="39.56134" lon="2.89092">
        <ele>185.4</ele>
      </trkpt>
      <trkpt lat="39.5612" lon="2.89107">
        <ele>185.7</ele>
      </trkpt>
      <trkpt lat="39.56095" lon="2.8913">
        <ele>186.3</ele>
      </trkpt>
      <trkpt lat="39.56075" lon="2.89149">
        <ele>187.2</ele>
      </trkpt>
      <trkpt lat="39.56029" lon="2.89188">
        <ele>189.9</ele>
      </trkpt>
      <trkpt lat="39.56028" lon="2.89189">
        <ele>189.9</ele>
      </trkpt>
      <trkpt lat="39.56026" lon="2.89189">
        <ele>190.0</ele>
      </trkpt>
      <trkpt lat="39.56024" lon="2.8919">
        <ele>190.1</ele>
      </trkpt>
      <trkpt lat="39.56022" lon="2.8919">
        <ele>190.2</ele>
      </trkpt>
      <trkpt lat="39.56021" lon="2.89189">
        <ele>190.3</ele>
      </trkpt>
      <trkpt lat="39.56019" lon="2.89189">
        <ele>190.4</ele>
      </trkpt>
      <trkpt lat="39.55985" lon="2.8924">
        <ele>192.2</ele>
      </trkpt>
      <trkpt lat="39.55985" lon="2.8924">
        <ele>192.2</ele>
      </trkpt>
      <trkpt lat="39.55995" lon="2.89256">
        <ele>192.3</ele>
      </trkpt>
      <trkpt lat="39.55997" lon="2.89258">
        <ele>192.4</ele>
      </trkpt>
      <trkpt lat="39.56004" lon="2.89269">
        <ele>192.5</ele>
      </trkpt>
      <trkpt lat="39.56007" lon="2.89276">
        <ele>192.6</ele>
      </trkpt>
      <trkpt lat="39.5601" lon="2.89283">
        <ele>192.7</ele>
      </trkpt>
      <trkpt lat="39.56014" lon="2.89292">
        <ele>192.8</ele>
      </trkpt>
      <trkpt lat="39.56016" lon="2.89299">
        <ele>192.9</ele>
      </trkpt>
      <trkpt lat="39.56018" lon="2.89308">
        <ele>193.1</ele>
      </trkpt>
      <trkpt lat="39.56019" lon="2.89321">
        <ele>193.4</ele>
      </trkpt>
      <trkpt lat="39.56019" lon="2.89322">
        <ele>193.5</ele>
      </trkpt>
      <trkpt lat="39.56019" lon="2.8933">
        <ele>193.7</ele>
      </trkpt>
      <trkpt lat="39.5602" lon="2.89338">
        <ele>193.8</ele>
      </trkpt>
      <trkpt lat="39.56022" lon="2.89344">
        <ele>193.6</ele>
      </trkpt>
      <trkpt lat="39.56025" lon="2.89359">
        <ele>193.4</ele>
      </trkpt>
      <trkpt lat="39.56033" lon="2.89399">
        <ele>192.7</ele>
      </trkpt>
      <trkpt lat="39.5604" lon="2.89429">
        <ele>192.1</ele>
      </trkpt>
      <trkpt lat="39.56045" lon="2.89444">
        <ele>191.8</ele>
      </trkpt>
      <trkpt lat="39.56052" lon="2.89465">
        <ele>191.4</ele>
      </trkpt>
      <trkpt lat="39.56058" lon="2.89485">
        <ele>191.1</ele>
      </trkpt>
      <trkpt lat="39.56073" lon="2.8953">
        <ele>190.9</ele>
      </trkpt>
      <trkpt lat="39.56073" lon="2.8953">
        <ele>190.9</ele>
      </trkpt>
      <trkpt lat="39.56067" lon="2.89532">
        <ele>191.2</ele>
      </trkpt>
      <trkpt lat="39.5606" lon="2.89534">
        <ele>191.5</ele>
      </trkpt>
      <trkpt lat="39.56052" lon="2.89535">
        <ele>191.9</ele>
      </trkpt>
      <trkpt lat="39.56037" lon="2.89538">
        <ele>192.7</ele>
      </trkpt>
      <trkpt lat="39.56028" lon="2.89538">
        <ele>193.1</ele>
      </trkpt>
      <trkpt lat="39.56022" lon="2.89538">
        <ele>193.4</ele>
      </trkpt>
      <trkpt lat="39.56004" lon="2.89538">
        <ele>194.3</ele>
      </trkpt>
      <trkpt lat="39.56001" lon="2.89537">
        <ele>194.4</ele>
      </trkpt>
      <trkpt lat="39.55999" lon="2.89537">
        <ele>194.5</ele>
      </trkpt>
      <trkpt lat="39.55998" lon="2.89536">
        <ele>194.5</ele>
      </trkpt>
      <trkpt lat="39.55997" lon="2.89535">
        <ele>194.5</ele>
      </trkpt>
      <trkpt lat="39.55996" lon="2.89534">
        <ele>194.6</ele>
      </trkpt>
      <trkpt lat="39.55995" lon="2.89532">
        <ele>194.6</ele>
      </trkpt>
      <trkpt lat="39.55994" lon="2.89529">
        <ele>194.6</ele>
      </trkpt>
      <trkpt lat="39.55993" lon="2.89529">
        <ele>194.6</ele>
      </trkpt>
      <trkpt lat="39.55991" lon="2.89528">
        <ele>194.7</ele>
      </trkpt>
      <trkpt lat="39.5599" lon="2.89527">
        <ele>194.7</ele>
      </trkpt>
      <trkpt lat="39.55988" lon="2.89527">
        <ele>194.8</ele>
      </trkpt>
      <trkpt lat="39.55985" lon="2.89526">
        <ele>194.9</ele>
      </trkpt>
      <trkpt lat="39.55937" lon="2.89526">
        <ele>196.6</ele>
      </trkpt>
      <trkpt lat="39.5592" lon="2.89526">
        <ele>197.2</ele>
      </trkpt>
      <trkpt lat="39.55903" lon="2.89526">
        <ele>197.7</ele>
      </trkpt>
      <trkpt lat="39.55897" lon="2.89525">
        <ele>197.9</ele>
      </trkpt>
      <trkpt lat="39.55895" lon="2.89523">
        <ele>197.9</ele>
      </trkpt>
      <trkpt lat="39.55894" lon="2.89523">
        <ele>197.9</ele>
      </trkpt>
      <trkpt lat="39.55893" lon="2.89522">
        <ele>198.0</ele>
      </trkpt>
      <trkpt lat="39.55891" lon="2.8952">
        <ele>198.0</ele>
      </trkpt>
      <trkpt lat="39.55888" lon="2.89516">
        <ele>198.1</ele>
      </trkpt>
      <trkpt lat="39.55885" lon="2.89508">
        <ele>198.2</ele>
      </trkpt>
      <trkpt lat="39.55873" lon="2.89486">
        <ele>198.8</ele>
      </trkpt>
      <trkpt lat="39.55852" lon="2.89466">
        <ele>199.8</ele>
      </trkpt>
      <trkpt lat="39.55824" lon="2.89429">
        <ele>201.1</ele>
      </trkpt>
      <trkpt lat="39.55817" lon="2.89418">
        <ele>201.4</ele>
      </trkpt>
      <trkpt lat="39.55817" lon="2.89418">
        <ele>201.4</ele>
      </trkpt>
      <trkpt lat="39.5581" lon="2.89422">
        <ele>201.5</ele>
      </trkpt>
      <trkpt lat="39.55806" lon="2.89422">
        <ele>201.6</ele>
      </trkpt>
      <trkpt lat="39.55802" lon="2.89421">
        <ele>201.7</ele>
      </trkpt>
      <trkpt lat="39.55797" lon="2.89418">
        <ele>201.9</ele>
      </trkpt>
      <trkpt lat="39.5579" lon="2.89416">
        <ele>202.0</ele>
      </trkpt>
      <trkpt lat="39.55777" lon="2.89411">
        <ele>202.2</ele>
      </trkpt>
      <trkpt lat="39.55769" lon="2.89408">
        <ele>202.3</ele>
      </trkpt>
      <trkpt lat="39.55757" lon="2.89405">
        <ele>202.4</ele>
      </trkpt>
      <trkpt lat="39.55754" lon="2.89404">
        <ele>202.5</ele>
      </trkpt>
      <trkpt lat="39.5575" lon="2.89402">
        <ele>202.5</ele>
      </trkpt>
      <trkpt lat="39.55746" lon="2.894">
        <ele>202.4</ele>
      </trkpt>
      <trkpt lat="39.55742" lon="2.89397">
        <ele>202.4</ele>
      </trkpt>
      <trkpt lat="39.55729" lon="2.89387">
        <ele>202.1</ele>
      </trkpt>
      <trkpt lat="39.557" lon="2.89392">
        <ele>202.5</ele>
      </trkpt>
      <trkpt lat="39.55685" lon="2.89395">
        <ele>202.8</ele>
      </trkpt>
      <trkpt lat="39.55604" lon="2.89421">
        <ele>202.5</ele>
      </trkpt>
      <trkpt lat="39.55574" lon="2.89432">
        <ele>202.4</ele>
      </trkpt>
      <trkpt lat="39.55574" lon="2.89432">
        <ele>202.4</ele>
      </trkpt>
      <trkpt lat="39.5557" lon="2.89418">
        <ele>202.3</ele>
      </trkpt>
      <trkpt lat="39.55562" lon="2.89394">
        <ele>202.4</ele>
      </trkpt>
      <trkpt lat="39.55524" lon="2.89289">
        <ele>202.4</ele>
      </trkpt>
      <trkpt lat="39.55501" lon="2.89224">
        <ele>203.0</ele>
      </trkpt>
      <trkpt lat="39.55496" lon="2.89206">
        <ele>203.0</ele>
      </trkpt>
      <trkpt lat="39.5549" lon="2.89189">
        <ele>203.1</ele>
      </trkpt>
      <trkpt lat="39.55478" lon="2.89155">
        <ele>203.5</ele>
      </trkpt>
      <trkpt lat="39.5545" lon="2.89075">
        <ele>204.9</ele>
      </trkpt>
      <trkpt lat="39.55446" lon="2.89064">
        <ele>204.8</ele>
      </trkpt>
      <trkpt lat="39.55435" lon="2.89032">
        <ele>204.6</ele>
      </trkpt>
      <trkpt lat="39.55435" lon="2.89032">
        <ele>204.6</ele>
      </trkpt>
      <trkpt lat="39.55433" lon="2.89033">
        <ele>204.6</ele>
      </trkpt>
      <trkpt lat="39.55431" lon="2.89033">
        <ele>204.7</ele>
      </trkpt>
      <trkpt lat="39.55429" lon="2.89033">
        <ele>204.7</ele>
      </trkpt>
      <trkpt lat="39.55425" lon="2.89032">
        <ele>204.8</ele>
      </trkpt>
      <trkpt lat="39.55423" lon="2.89031">
        <ele>204.9</ele>
      </trkpt>
      <trkpt lat="39.55411" lon="2.89024">
        <ele>204.9</ele>
      </trkpt>
      <trkpt lat="39.55384" lon="2.89009">
        <ele>204.6</ele>
      </trkpt>
      <trkpt lat="39.55351" lon="2.88991">
        <ele>204.0</ele>
      </trkpt>
      <trkpt lat="39.55311" lon="2.8897">
        <ele>204.2</ele>
      </trkpt>
      <trkpt lat="39.55291" lon="2.88958">
        <ele>204.5</ele>
      </trkpt>
      <trkpt lat="39.55287" lon="2.88956">
        <ele>204.6</ele>
      </trkpt>
      <trkpt lat="39.55264" lon="2.88943">
        <ele>205.0</ele>
      </trkpt>
      <trkpt lat="39.55261" lon="2.88942">
        <ele>205.0</ele>
      </trkpt>
      <trkpt lat="39.55255" lon="2.88939">
        <ele>205.1</ele>
      </trkpt>
      <trkpt lat="39.55228" lon="2.88926">
        <ele>204.9</ele>
      </trkpt>
      <trkpt lat="39.55217" lon="2.8892">
        <ele>204.7</ele>
      </trkpt>
      <trkpt lat="39.55175" lon="2.88904">
        <ele>204.2</ele>
      </trkpt>
      <trkpt lat="39.55165" lon="2.88901">
        <ele>204.2</ele>
      </trkpt>
      <trkpt lat="39.55159" lon="2.88899">
        <ele>204.4</ele>
      </trkpt>
      <trkpt lat="39.55141" lon="2.88894">
        <ele>205.0</ele>
      </trkpt>
      <trkpt lat="39.55115" lon="2.88886">
        <ele>205.8</ele>
      </trkpt>
      <trkpt lat="39.55094" lon="2.8888">
        <ele>206.3</ele>
      </trkpt>
      <trkpt lat="39.55074" lon="2.88875">
        <ele>206.6</ele>
      </trkpt>
      <trkpt lat="39.55053" lon="2.88865">
        <ele>206.4</ele>
      </trkpt>
      <trkpt lat="39.55006" lon="2.88841">
        <ele>205.4</ele>
      </trkpt>
      <trkpt lat="39.54992" lon="2.88834">
        <ele>205.1</ele>
      </trkpt>
      <trkpt lat="39.54983" lon="2.8883">
        <ele>205.1</ele>
      </trkpt>
      <trkpt lat="39.54953" lon="2.88814">
        <ele>204.8</ele>
      </trkpt>
      <trkpt lat="39.54945" lon="2.8881">
        <ele>204.7</ele>
      </trkpt>
      <trkpt lat="39.54936" lon="2.88805">
        <ele>204.7</ele>
      </trkpt>
      <trkpt lat="39.54904" lon="2.88784">
        <ele>204.5</ele>
      </trkpt>
      <trkpt lat="39.54881" lon="2.88766">
        <ele>204.4</ele>
      </trkpt>
      <trkpt lat="39.54878" lon="2.88764">
        <ele>204.4</ele>
      </trkpt>
      <trkpt lat="39.54874" lon="2.88762">
        <ele>204.5</ele>
      </trkpt>
      <trkpt lat="39.54873" lon="2.88761">
        <ele>204.4</ele>
      </trkpt>
      <trkpt lat="39.54871" lon="2.8876">
        <ele>204.5</ele>
      </trkpt>
      <trkpt lat="39.54832" lon="2.88741">
        <ele>204.3</ele>
      </trkpt>
      <trkpt lat="39.54823" lon="2.88736">
        <ele>203.6</ele>
      </trkpt>
      <trkpt lat="39.54806" lon="2.88727">
        <ele>202.5</ele>
      </trkpt>
      <trkpt lat="39.54803" lon="2.88726">
        <ele>202.3</ele>
      </trkpt>
      <trkpt lat="39.54794" lon="2.88721">
        <ele>201.8</ele>
      </trkpt>
      <trkpt lat="39.54792" lon="2.88721">
        <ele>201.8</ele>
      </trkpt>
      <trkpt lat="39.54789" lon="2.88719">
        <ele>201.6</ele>
      </trkpt>
      <trkpt lat="39.54767" lon="2.88707">
        <ele>200.8</ele>
      </trkpt>
      <trkpt lat="39.54765" lon="2.88706">
        <ele>200.7</ele>
      </trkpt>
      <trkpt lat="39.54756" lon="2.88701">
        <ele>200.5</ele>
      </trkpt>
      <trkpt lat="39.54748" lon="2.88697">
        <ele>200.4</ele>
      </trkpt>
      <trkpt lat="39.54745" lon="2.88695">
        <ele>200.4</ele>
      </trkpt>
      <trkpt lat="39.54739" lon="2.88692">
        <ele>200.5</ele>
      </trkpt>
      <trkpt lat="39.54736" lon="2.88691">
        <ele>200.5</ele>
      </trkpt>
      <trkpt lat="39.54732" lon="2.88687">
        <ele>200.6</ele>
      </trkpt>
      <trkpt lat="39.54728" lon="2.88685">
        <ele>200.7</ele>
      </trkpt>
      <trkpt lat="39.54726" lon="2.88681">
        <ele>200.7</ele>
      </trkpt>
      <trkpt lat="39.54724" lon="2.8868">
        <ele>200.8</ele>
      </trkpt>
      <trkpt lat="39.54719" lon="2.88675">
        <ele>201.0</ele>
      </trkpt>
      <trkpt lat="39.54718" lon="2.88673">
        <ele>201.1</ele>
      </trkpt>
      <trkpt lat="39.54714" lon="2.88669">
        <ele>201.3</ele>
      </trkpt>
      <trkpt lat="39.54711" lon="2.88666">
        <ele>201.4</ele>
      </trkpt>
      <trkpt lat="39.54706" lon="2.88664">
        <ele>201.7</ele>
      </trkpt>
      <trkpt lat="39.547" lon="2.88665">
        <ele>201.8</ele>
      </trkpt>
      <trkpt lat="39.54692" lon="2.88668">
        <ele>202.0</ele>
      </trkpt>
      <trkpt lat="39.54684" lon="2.88669">
        <ele>202.3</ele>
      </trkpt>
      <trkpt lat="39.54679" lon="2.8867">
        <ele>202.4</ele>
      </trkpt>
      <trkpt lat="39.54675" lon="2.8867">
        <ele>202.5</ele>
      </trkpt>
      <trkpt lat="39.54657" lon="2.88672">
        <ele>202.5</ele>
      </trkpt>
      <trkpt lat="39.54653" lon="2.88672">
        <ele>202.4</ele>
      </trkpt>
      <trkpt lat="39.5465" lon="2.88671">
        <ele>202.4</ele>
      </trkpt>
      <trkpt lat="39.54646" lon="2.8867">
        <ele>202.4</ele>
      </trkpt>
      <trkpt lat="39.54643" lon="2.88669">
        <ele>202.3</ele>
      </trkpt>
      <trkpt lat="39.54641" lon="2.88668">
        <ele>202.3</ele>
      </trkpt>
      <trkpt lat="39.54639" lon="2.88666">
        <ele>202.4</ele>
      </trkpt>
      <trkpt lat="39.54637" lon="2.88663">
        <ele>202.4</ele>
      </trkpt>
      <trkpt lat="39.54634" lon="2.88659">
        <ele>202.5</ele>
      </trkpt>
      <trkpt lat="39.54634" lon="2.88659">
        <ele>202.5</ele>
      </trkpt>
      <trkpt lat="39.54614" lon="2.88597">
        <ele>204.6</ele>
      </trkpt>
      <trkpt lat="39.54613" lon="2.88594">
        <ele>204.6</ele>
      </trkpt>
      <trkpt lat="39.54611" lon="2.88591">
        <ele>204.7</ele>
      </trkpt>
      <trkpt lat="39.5461" lon="2.88587">
        <ele>204.8</ele>
      </trkpt>
      <trkpt lat="39.54608" lon="2.88583">
        <ele>204.9</ele>
      </trkpt>
      <trkpt lat="39.54606" lon="2.8858">
        <ele>204.9</ele>
      </trkpt>
      <trkpt lat="39.54602" lon="2.88576">
        <ele>205.0</ele>
      </trkpt>
      <trkpt lat="39.54602" lon="2.88575">
        <ele>205.0</ele>
      </trkpt>
      <trkpt lat="39.54596" lon="2.88571">
        <ele>205.0</ele>
      </trkpt>
      <trkpt lat="39.54587" lon="2.88563">
        <ele>205.1</ele>
      </trkpt>
      <trkpt lat="39.54572" lon="2.88551">
        <ele>205.5</ele>
      </trkpt>
      <trkpt lat="39.54557" lon="2.8854">
        <ele>205.9</ele>
      </trkpt>
      <trkpt lat="39.54556" lon="2.88539">
        <ele>206.0</ele>
      </trkpt>
      <trkpt lat="39.54493" lon="2.88482">
        <ele>208.7</ele>
      </trkpt>
      <trkpt lat="39.5449" lon="2.8848">
        <ele>208.9</ele>
      </trkpt>
      <trkpt lat="39.54463" lon="2.88457">
        <ele>210.2</ele>
      </trkpt>
      <trkpt lat="39.54448" lon="2.88443">
        <ele>211.1</ele>
      </trkpt>
      <trkpt lat="39.54444" lon="2.8844">
        <ele>211.3</ele>
      </trkpt>
      <trkpt lat="39.54442" lon="2.88439">
        <ele>211.4</ele>
      </trkpt>
      <trkpt lat="39.54419" lon="2.88417">
        <ele>212.9</ele>
      </trkpt>
      <trkpt lat="39.54418" lon="2.88416">
        <ele>213.0</ele>
      </trkpt>
      <trkpt lat="39.54415" lon="2.88413">
        <ele>213.1</ele>
      </trkpt>
      <trkpt lat="39.54409" lon="2.88408">
        <ele>213.1</ele>
      </trkpt>
      <trkpt lat="39.54405" lon="2.88405">
        <ele>213.0</ele>
      </trkpt>
      <trkpt lat="39.54404" lon="2.88403">
        <ele>213.0</ele>
      </trkpt>
      <trkpt lat="39.54399" lon="2.88399">
        <ele>213.0</ele>
      </trkpt>
      <trkpt lat="39.54386" lon="2.88388">
        <ele>212.8</ele>
      </trkpt>
      <trkpt lat="39.54379" lon="2.88382">
        <ele>212.6</ele>
      </trkpt>
      <trkpt lat="39.54374" lon="2.88377">
        <ele>212.6</ele>
      </trkpt>
      <trkpt lat="39.54373" lon="2.88377">
        <ele>212.5</ele>
      </trkpt>
      <trkpt lat="39.5437" lon="2.88374">
        <ele>212.5</ele>
      </trkpt>
      <trkpt lat="39.54359" lon="2.88364">
        <ele>212.3</ele>
      </trkpt>
      <trkpt lat="39.54351" lon="2.88357">
        <ele>212.1</ele>
      </trkpt>
      <trkpt lat="39.5435" lon="2.88355">
        <ele>212.1</ele>
      </trkpt>
      <trkpt lat="39.54339" lon="2.88344">
        <ele>211.9</ele>
      </trkpt>
      <trkpt lat="39.54331" lon="2.88337">
        <ele>211.8</ele>
      </trkpt>
      <trkpt lat="39.54324" lon="2.88329">
        <ele>211.8</ele>
      </trkpt>
      <trkpt lat="39.54317" lon="2.88319">
        <ele>211.6</ele>
      </trkpt>
      <trkpt lat="39.54305" lon="2.88303">
        <ele>211.3</ele>
      </trkpt>
      <trkpt lat="39.54305" lon="2.88302">
        <ele>211.3</ele>
      </trkpt>
      <trkpt lat="39.54302" lon="2.88298">
        <ele>211.2</ele>
      </trkpt>
      <trkpt lat="39.54297" lon="2.88292">
        <ele>211.1</ele>
      </trkpt>
      <trkpt lat="39.54296" lon="2.8829">
        <ele>211.0</ele>
      </trkpt>
      <trkpt lat="39.54293" lon="2.88286">
        <ele>210.9</ele>
      </trkpt>
      <trkpt lat="39.54282" lon="2.88273">
        <ele>210.7</ele>
      </trkpt>
      <trkpt lat="39.54275" lon="2.88265">
        <ele>210.5</ele>
      </trkpt>
      <trkpt lat="39.54265" lon="2.88255">
        <ele>210.2</ele>
      </trkpt>
      <trkpt lat="39.54257" lon="2.88247">
        <ele>210.0</ele>
      </trkpt>
      <trkpt lat="39.54236" lon="2.88228">
        <ele>210.1</ele>
      </trkpt>
      <trkpt lat="39.54227" lon="2.8822">
        <ele>210.3</ele>
      </trkpt>
      <trkpt lat="39.54222" lon="2.88215">
        <ele>210.4</ele>
      </trkpt>
      <trkpt lat="39.54221" lon="2.88214">
        <ele>210.4</ele>
      </trkpt>
      <trkpt lat="39.54192" lon="2.8819">
        <ele>211.2</ele>
      </trkpt>
      <trkpt lat="39.5419" lon="2.88189">
        <ele>211.2</ele>
      </trkpt>
      <trkpt lat="39.54188" lon="2.88187">
        <ele>211.3</ele>
      </trkpt>
      <trkpt lat="39.54181" lon="2.88182">
        <ele>211.5</ele>
      </trkpt>
      <trkpt lat="39.54176" lon="2.88178">
        <ele>211.7</ele>
      </trkpt>
      <trkpt lat="39.54157" lon="2.88164">
        <ele>212.2</ele>
      </trkpt>
      <trkpt lat="39.54148" lon="2.88159">
        <ele>212.3</ele>
      </trkpt>
      <trkpt lat="39.54139" lon="2.88152">
        <ele>212.4</ele>
      </trkpt>
      <trkpt lat="39.54134" lon="2.88149">
        <ele>212.4</ele>
      </trkpt>
      <trkpt lat="39.54129" lon="2.88147">
        <ele>212.5</ele>
      </trkpt>
      <trkpt lat="39.54128" lon="2.88146">
        <ele>212.4</ele>
      </trkpt>
      <trkpt lat="39.54111" lon="2.88137">
        <ele>212.5</ele>
      </trkpt>
      <trkpt lat="39.54109" lon="2.88136">
        <ele>212.5</ele>
      </trkpt>
      <trkpt lat="39.54108" lon="2.88135">
        <ele>212.5</ele>
      </trkpt>
      <trkpt lat="39.541" lon="2.88132">
        <ele>212.5</ele>
      </trkpt>
      <trkpt lat="39.54095" lon="2.88129">
        <ele>212.5</ele>
      </trkpt>
      <trkpt lat="39.54084" lon="2.88125">
        <ele>212.5</ele>
      </trkpt>
      <trkpt lat="39.54077" lon="2.88123">
        <ele>212.3</ele>
      </trkpt>
      <trkpt lat="39.54074" lon="2.88121">
        <ele>212.2</ele>
      </trkpt>
      <trkpt lat="39.54066" lon="2.88119">
        <ele>212.0</ele>
      </trkpt>
      <trkpt lat="39.54061" lon="2.88119">
        <ele>211.9</ele>
      </trkpt>
      <trkpt lat="39.54056" lon="2.88118">
        <ele>211.8</ele>
      </trkpt>
      <trkpt lat="39.54048" lon="2.88117">
        <ele>211.6</ele>
      </trkpt>
      <trkpt lat="39.54047" lon="2.88117">
        <ele>211.6</ele>
      </trkpt>
      <trkpt lat="39.54042" lon="2.88117">
        <ele>211.5</ele>
      </trkpt>
      <trkpt lat="39.54024" lon="2.88116">
        <ele>211.2</ele>
      </trkpt>
      <trkpt lat="39.53994" lon="2.88115">
        <ele>210.7</ele>
      </trkpt>
      <trkpt lat="39.53987" lon="2.88115">
        <ele>210.7</ele>
      </trkpt>
      <trkpt lat="39.53975" lon="2.88115">
        <ele>210.6</ele>
      </trkpt>
      <trkpt lat="39.53969" lon="2.88114">
        <ele>210.6</ele>
      </trkpt>
      <trkpt lat="39.53964" lon="2.88114">
        <ele>210.6</ele>
      </trkpt>
      <trkpt lat="39.53957" lon="2.88113">
        <ele>210.5</ele>
      </trkpt>
      <trkpt lat="39.53951" lon="2.88112">
        <ele>210.5</ele>
      </trkpt>
      <trkpt lat="39.53945" lon="2.8811">
        <ele>210.4</ele>
      </trkpt>
      <trkpt lat="39.53938" lon="2.88106">
        <ele>210.3</ele>
      </trkpt>
      <trkpt lat="39.53935" lon="2.88103">
        <ele>210.3</ele>
      </trkpt>
      <trkpt lat="39.53933" lon="2.88101">
        <ele>210.3</ele>
      </trkpt>
      <trkpt lat="39.53923" lon="2.88092">
        <ele>210.1</ele>
      </trkpt>
      <trkpt lat="39.5392" lon="2.88089">
        <ele>210.1</ele>
      </trkpt>
      <trkpt lat="39.53906" lon="2.88074">
        <ele>210.1</ele>
      </trkpt>
      <trkpt lat="39.53892" lon="2.8806">
        <ele>210.3</ele>
      </trkpt>
      <trkpt lat="39.53886" lon="2.88054">
        <ele>210.4</ele>
      </trkpt>
      <trkpt lat="39.53878" lon="2.88045">
        <ele>210.6</ele>
      </trkpt>
      <trkpt lat="39.53854" lon="2.88018">
        <ele>211.7</ele>
      </trkpt>
      <trkpt lat="39.53837" lon="2.88">
        <ele>212.8</ele>
      </trkpt>
      <trkpt lat="39.53834" lon="2.87998">
        <ele>212.9</ele>
      </trkpt>
      <trkpt lat="39.53825" lon="2.87987">
        <ele>213.2</ele>
      </trkpt>
      <trkpt lat="39.53824" lon="2.87985">
        <ele>213.2</ele>
      </trkpt>
      <trkpt lat="39.53816" lon="2.87974">
        <ele>213.4</ele>
      </trkpt>
      <trkpt lat="39.53812" lon="2.87967">
        <ele>213.3</ele>
      </trkpt>
      <trkpt lat="39.53801" lon="2.8795">
        <ele>213.2</ele>
      </trkpt>
      <trkpt lat="39.538" lon="2.87949">
        <ele>213.2</ele>
      </trkpt>
      <trkpt lat="39.5379" lon="2.87935">
        <ele>212.9</ele>
      </trkpt>
      <trkpt lat="39.53783" lon="2.87926">
        <ele>212.7</ele>
      </trkpt>
      <trkpt lat="39.53776" lon="2.87919">
        <ele>212.5</ele>
      </trkpt>
      <trkpt lat="39.53771" lon="2.87914">
        <ele>212.4</ele>
      </trkpt>
      <trkpt lat="39.53764" lon="2.8791">
        <ele>212.3</ele>
      </trkpt>
      <trkpt lat="39.53758" lon="2.87908">
        <ele>212.4</ele>
      </trkpt>
      <trkpt lat="39.53753" lon="2.87906">
        <ele>212.4</ele>
      </trkpt>
      <trkpt lat="39.53747" lon="2.87904">
        <ele>212.5</ele>
      </trkpt>
      <trkpt lat="39.5374" lon="2.87903">
        <ele>212.6</ele>
      </trkpt>
      <trkpt lat="39.53733" lon="2.87902">
        <ele>212.7</ele>
      </trkpt>
      <trkpt lat="39.53719" lon="2.87902">
        <ele>213.0</ele>
      </trkpt>
      <trkpt lat="39.53701" lon="2.87904">
        <ele>213.6</ele>
      </trkpt>
      <trkpt lat="39.53682" lon="2.87908">
        <ele>214.2</ele>
      </trkpt>
      <trkpt lat="39.53677" lon="2.87909">
        <ele>214.4</ele>
      </trkpt>
      <trkpt lat="39.53669" lon="2.87908">
        <ele>214.5</ele>
      </trkpt>
      <trkpt lat="39.53665" lon="2.87908">
        <ele>214.7</ele>
      </trkpt>
      <trkpt lat="39.53661" lon="2.87908">
        <ele>215.0</ele>
      </trkpt>
      <trkpt lat="39.53658" lon="2.87907">
        <ele>215.2</ele>
      </trkpt>
      <trkpt lat="39.53651" lon="2.87904">
        <ele>215.6</ele>
      </trkpt>
      <trkpt lat="39.53647" lon="2.87901">
        <ele>215.8</ele>
      </trkpt>
      <trkpt lat="39.53643" lon="2.87898">
        <ele>216.0</ele>
      </trkpt>
      <trkpt lat="39.5363" lon="2.87889">
        <ele>216.5</ele>
      </trkpt>
      <trkpt lat="39.53623" lon="2.87885">
        <ele>216.7</ele>
      </trkpt>
      <trkpt lat="39.53622" lon="2.87885">
        <ele>216.8</ele>
      </trkpt>
      <trkpt lat="39.53605" lon="2.87877">
        <ele>217.6</ele>
      </trkpt>
      <trkpt lat="39.53598" lon="2.87874">
        <ele>217.9</ele>
      </trkpt>
      <trkpt lat="39.53591" lon="2.8787">
        <ele>218.1</ele>
      </trkpt>
      <trkpt lat="39.53588" lon="2.87869">
        <ele>218.2</ele>
      </trkpt>
      <trkpt lat="39.53578" lon="2.87863">
        <ele>218.9</ele>
      </trkpt>
      <trkpt lat="39.53572" lon="2.87859">
        <ele>219.4</ele>
      </trkpt>
      <trkpt lat="39.53565" lon="2.87855">
        <ele>220.1</ele>
      </trkpt>
      <trkpt lat="39.53556" lon="2.87848">
        <ele>220.9</ele>
      </trkpt>
      <trkpt lat="39.53555" lon="2.87847">
        <ele>221.0</ele>
      </trkpt>
      <trkpt lat="39.53541" lon="2.87836">
        <ele>222.3</ele>
      </trkpt>
      <trkpt lat="39.5354" lon="2.87836">
        <ele>222.4</ele>
      </trkpt>
      <trkpt lat="39.53539" lon="2.87835">
        <ele>222.5</ele>
      </trkpt>
      <trkpt lat="39.53531" lon="2.87828">
        <ele>223.4</ele>
      </trkpt>
      <trkpt lat="39.53526" lon="2.87823">
        <ele>223.9</ele>
      </trkpt>
      <trkpt lat="39.53526" lon="2.87822">
        <ele>223.9</ele>
      </trkpt>
      <trkpt lat="39.53517" lon="2.87813">
        <ele>224.9</ele>
      </trkpt>
      <trkpt lat="39.53506" lon="2.87801">
        <ele>226.0</ele>
      </trkpt>
      <trkpt lat="39.53499" lon="2.87791">
        <ele>226.6</ele>
      </trkpt>
      <trkpt lat="39.53494" lon="2.87784">
        <ele>226.9</ele>
      </trkpt>
      <trkpt lat="39.53487" lon="2.87774">
        <ele>227.4</ele>
      </trkpt>
      <trkpt lat="39.53475" lon="2.87756">
        <ele>228.4</ele>
      </trkpt>
      <trkpt lat="39.53464" lon="2.87739">
        <ele>228.4</ele>
      </trkpt>
      <trkpt lat="39.53463" lon="2.87739">
        <ele>228.5</ele>
      </trkpt>
      <trkpt lat="39.53455" lon="2.87729">
        <ele>228.5</ele>
      </trkpt>
      <trkpt lat="39.53451" lon="2.87725">
        <ele>228.6</ele>
      </trkpt>
      <trkpt lat="39.5345" lon="2.87725">
        <ele>228.8</ele>
      </trkpt>
      <trkpt lat="39.53449" lon="2.87724">
        <ele>228.8</ele>
      </trkpt>
      <trkpt lat="39.53447" lon="2.87723">
        <ele>229.0</ele>
      </trkpt>
      <trkpt lat="39.53441" lon="2.87721">
        <ele>229.7</ele>
      </trkpt>
      <trkpt lat="39.53437" lon="2.87721">
        <ele>230.4</ele>
      </trkpt>
      <trkpt lat="39.53414" lon="2.87719">
        <ele>233.4</ele>
      </trkpt>
      <trkpt lat="39.53413" lon="2.87719">
        <ele>233.4</ele>
      </trkpt>
      <trkpt lat="39.53407" lon="2.87718">
        <ele>233.3</ele>
      </trkpt>
      <trkpt lat="39.53396" lon="2.87716">
        <ele>233.3</ele>
      </trkpt>
      <trkpt lat="39.53395" lon="2.87716">
        <ele>233.3</ele>
      </trkpt>
      <trkpt lat="39.53386" lon="2.87712">
        <ele>233.1</ele>
      </trkpt>
      <trkpt lat="39.5338" lon="2.87709">
        <ele>233.0</ele>
      </trkpt>
      <trkpt lat="39.53375" lon="2.87706">
        <ele>232.9</ele>
      </trkpt>
      <trkpt lat="39.53371" lon="2.87701">
        <ele>232.7</ele>
      </trkpt>
      <trkpt lat="39.53369" lon="2.87698">
        <ele>232.6</ele>
      </trkpt>
      <trkpt lat="39.53366" lon="2.87694">
        <ele>232.5</ele>
      </trkpt>
      <trkpt lat="39.53366" lon="2.87693">
        <ele>232.5</ele>
      </trkpt>
      <trkpt lat="39.53363" lon="2.87685">
        <ele>232.3</ele>
      </trkpt>
      <trkpt lat="39.5336" lon="2.87671">
        <ele>231.9</ele>
      </trkpt>
      <trkpt lat="39.53358" lon="2.87664">
        <ele>231.7</ele>
      </trkpt>
      <trkpt lat="39.53357" lon="2.87659">
        <ele>231.6</ele>
      </trkpt>
      <trkpt lat="39.53355" lon="2.87651">
        <ele>231.5</ele>
      </trkpt>
      <trkpt lat="39.53352" lon="2.87643">
        <ele>231.4</ele>
      </trkpt>
      <trkpt lat="39.53349" lon="2.87636">
        <ele>231.5</ele>
      </trkpt>
      <trkpt lat="39.53346" lon="2.8763">
        <ele>231.5</ele>
      </trkpt>
      <trkpt lat="39.53341" lon="2.87619">
        <ele>231.7</ele>
      </trkpt>
      <trkpt lat="39.53341" lon="2.87618">
        <ele>231.7</ele>
      </trkpt>
      <trkpt lat="39.53335" lon="2.87608">
        <ele>232.1</ele>
      </trkpt>
      <trkpt lat="39.5333" lon="2.87602">
        <ele>231.9</ele>
      </trkpt>
      <trkpt lat="39.53318" lon="2.87588">
        <ele>230.9</ele>
      </trkpt>
      <trkpt lat="39.53317" lon="2.87586">
        <ele>230.8</ele>
      </trkpt>
      <trkpt lat="39.53302" lon="2.87568">
        <ele>229.4</ele>
      </trkpt>
      <trkpt lat="39.5329" lon="2.87546">
        <ele>228.5</ele>
      </trkpt>
      <trkpt lat="39.5328" lon="2.87523">
        <ele>228.2</ele>
      </trkpt>
      <trkpt lat="39.53277" lon="2.8752">
        <ele>228.3</ele>
      </trkpt>
      <trkpt lat="39.53275" lon="2.87517">
        <ele>228.3</ele>
      </trkpt>
      <trkpt lat="39.53272" lon="2.87514">
        <ele>228.3</ele>
      </trkpt>
      <trkpt lat="39.53248" lon="2.87504">
        <ele>228.6</ele>
      </trkpt>
      <trkpt lat="39.53242" lon="2.87501">
        <ele>228.0</ele>
      </trkpt>
      <trkpt lat="39.53236" lon="2.87498">
        <ele>227.4</ele>
      </trkpt>
      <trkpt lat="39.53224" lon="2.87492">
        <ele>226.2</ele>
      </trkpt>
      <trkpt lat="39.53219" lon="2.8749">
        <ele>225.8</ele>
      </trkpt>
      <trkpt lat="39.53211" lon="2.87485">
        <ele>225.2</ele>
      </trkpt>
      <trkpt lat="39.53206" lon="2.87483">
        <ele>224.8</ele>
      </trkpt>
      <trkpt lat="39.53202" lon="2.87482">
        <ele>224.5</ele>
      </trkpt>
      <trkpt lat="39.532" lon="2.87482">
        <ele>224.3</ele>
      </trkpt>
      <trkpt lat="39.53185" lon="2.87484">
        <ele>222.6</ele>
      </trkpt>
      <trkpt lat="39.53167" lon="2.87487">
        <ele>220.4</ele>
      </trkpt>
      <trkpt lat="39.53166" lon="2.87488">
        <ele>220.3</ele>
      </trkpt>
      <trkpt lat="39.5315" lon="2.87489">
        <ele>219.3</ele>
      </trkpt>
      <trkpt lat="39.53149" lon="2.87488">
        <ele>219.4</ele>
      </trkpt>
      <trkpt lat="39.53146" lon="2.87488">
        <ele>219.2</ele>
      </trkpt>
      <trkpt lat="39.53142" lon="2.87487">
        <ele>219.1</ele>
      </trkpt>
      <trkpt lat="39.53135" lon="2.87484">
        <ele>219.0</ele>
      </trkpt>
      <trkpt lat="39.53132" lon="2.87482">
        <ele>219.0</ele>
      </trkpt>
      <trkpt lat="39.53098" lon="2.87465">
        <ele>218.4</ele>
      </trkpt>
      <trkpt lat="39.53095" lon="2.87462">
        <ele>218.5</ele>
      </trkpt>
      <trkpt lat="39.53091" lon="2.87458">
        <ele>218.5</ele>
      </trkpt>
      <trkpt lat="39.53083" lon="2.87451">
        <ele>218.5</ele>
      </trkpt>
      <trkpt lat="39.53077" lon="2.87445">
        <ele>218.5</ele>
      </trkpt>
      <trkpt lat="39.53053" lon="2.87426">
        <ele>217.9</ele>
      </trkpt>
      <trkpt lat="39.53041" lon="2.87416">
        <ele>217.5</ele>
      </trkpt>
      <trkpt lat="39.53038" lon="2.87414">
        <ele>217.4</ele>
      </trkpt>
      <trkpt lat="39.53036" lon="2.87413">
        <ele>217.4</ele>
      </trkpt>
      <trkpt lat="39.53028" lon="2.87406">
        <ele>217.3</ele>
      </trkpt>
      <trkpt lat="39.53014" lon="2.87395">
        <ele>217.1</ele>
      </trkpt>
      <trkpt lat="39.53007" lon="2.8739">
        <ele>216.9</ele>
      </trkpt>
      <trkpt lat="39.52995" lon="2.87383">
        <ele>216.3</ele>
      </trkpt>
      <trkpt lat="39.52991" lon="2.8738">
        <ele>216.1</ele>
      </trkpt>
      <trkpt lat="39.52978" lon="2.8737">
        <ele>215.3</ele>
      </trkpt>
      <trkpt lat="39.52966" lon="2.87363">
        <ele>214.3</ele>
      </trkpt>
      <trkpt lat="39.52957" lon="2.87357">
        <ele>213.6</ele>
      </trkpt>
      <trkpt lat="39.52947" lon="2.87351">
        <ele>212.6</ele>
      </trkpt>
      <trkpt lat="39.52944" lon="2.87349">
        <ele>212.3</ele>
      </trkpt>
      <trkpt lat="39.52941" lon="2.87347">
        <ele>211.9</ele>
      </trkpt>
      <trkpt lat="39.52929" lon="2.87339">
        <ele>210.6</ele>
      </trkpt>
      <trkpt lat="39.52926" lon="2.87336">
        <ele>210.3</ele>
      </trkpt>
      <trkpt lat="39.52922" lon="2.87332">
        <ele>209.8</ele>
      </trkpt>
      <trkpt lat="39.52914" lon="2.87325">
        <ele>209.2</ele>
      </trkpt>
      <trkpt lat="39.52907" lon="2.8732">
        <ele>209.2</ele>
      </trkpt>
      <trkpt lat="39.529" lon="2.87316">
        <ele>209.0</ele>
      </trkpt>
      <trkpt lat="39.52894" lon="2.87315">
        <ele>208.8</ele>
      </trkpt>
      <trkpt lat="39.52881" lon="2.87315">
        <ele>208.3</ele>
      </trkpt>
      <trkpt lat="39.52876" lon="2.87315">
        <ele>208.1</ele>
      </trkpt>
      <trkpt lat="39.52866" lon="2.87314">
        <ele>207.8</ele>
      </trkpt>
      <trkpt lat="39.52859" lon="2.87314">
        <ele>207.5</ele>
      </trkpt>
      <trkpt lat="39.52851" lon="2.87314">
        <ele>207.2</ele>
      </trkpt>
      <trkpt lat="39.52841" lon="2.87313">
        <ele>206.8</ele>
      </trkpt>
      <trkpt lat="39.52837" lon="2.87313">
        <ele>206.7</ele>
      </trkpt>
      <trkpt lat="39.52828" lon="2.87312">
        <ele>206.5</ele>
      </trkpt>
      <trkpt lat="39.52823" lon="2.87312">
        <ele>206.5</ele>
      </trkpt>
      <trkpt lat="39.52817" lon="2.87311">
        <ele>206.4</ele>
      </trkpt>
      <trkpt lat="39.52813" lon="2.87309">
        <ele>206.4</ele>
      </trkpt>
      <trkpt lat="39.52808" lon="2.87305">
        <ele>206.3</ele>
      </trkpt>
      <trkpt lat="39.52806" lon="2.87303">
        <ele>206.3</ele>
      </trkpt>
      <trkpt lat="39.52795" lon="2.87292">
        <ele>206.2</ele>
      </trkpt>
      <trkpt lat="39.52791" lon="2.87288">
        <ele>206.2</ele>
      </trkpt>
      <trkpt lat="39.52778" lon="2.87273">
        <ele>206.3</ele>
      </trkpt>
      <trkpt lat="39.52778" lon="2.87272">
        <ele>206.3</ele>
      </trkpt>
      <trkpt lat="39.52772" lon="2.87265">
        <ele>206.4</ele>
      </trkpt>
      <trkpt lat="39.52764" lon="2.87258">
        <ele>206.6</ele>
      </trkpt>
      <trkpt lat="39.52753" lon="2.87246">
        <ele>206.7</ele>
      </trkpt>
      <trkpt lat="39.5275" lon="2.87243">
        <ele>206.7</ele>
      </trkpt>
      <trkpt lat="39.52745" lon="2.87238">
        <ele>206.3</ele>
      </trkpt>
      <trkpt lat="39.52732" lon="2.87228">
        <ele>205.5</ele>
      </trkpt>
      <trkpt lat="39.52717" lon="2.87217">
        <ele>204.9</ele>
      </trkpt>
      <trkpt lat="39.52697" lon="2.872">
        <ele>204.2</ele>
      </trkpt>
      <trkpt lat="39.52689" lon="2.87195">
        <ele>204.1</ele>
      </trkpt>
      <trkpt lat="39.52688" lon="2.87194">
        <ele>204.1</ele>
      </trkpt>
      <trkpt lat="39.52663" lon="2.87176">
        <ele>203.9</ele>
      </trkpt>
      <trkpt lat="39.52642" lon="2.8716">
        <ele>202.8</ele>
      </trkpt>
      <trkpt lat="39.52641" lon="2.87159">
        <ele>202.8</ele>
      </trkpt>
      <trkpt lat="39.52636" lon="2.87155">
        <ele>202.4</ele>
      </trkpt>
      <trkpt lat="39.52627" lon="2.87148">
        <ele>201.9</ele>
      </trkpt>
      <trkpt lat="39.52626" lon="2.87147">
        <ele>201.8</ele>
      </trkpt>
      <trkpt lat="39.52604" lon="2.87131">
        <ele>200.7</ele>
      </trkpt>
      <trkpt lat="39.52576" lon="2.87109">
        <ele>199.4</ele>
      </trkpt>
      <trkpt lat="39.52574" lon="2.87108">
        <ele>199.3</ele>
      </trkpt>
      <trkpt lat="39.52549" lon="2.8709">
        <ele>197.9</ele>
      </trkpt>
      <trkpt lat="39.52545" lon="2.87087">
        <ele>197.7</ele>
      </trkpt>
      <trkpt lat="39.52544" lon="2.87086">
        <ele>197.6</ele>
      </trkpt>
      <trkpt lat="39.52542" lon="2.87085">
        <ele>197.6</ele>
      </trkpt>
      <trkpt lat="39.52524" lon="2.87071">
        <ele>196.9</ele>
      </trkpt>
      <trkpt lat="39.52514" lon="2.87063">
        <ele>196.5</ele>
      </trkpt>
      <trkpt lat="39.52511" lon="2.87061">
        <ele>196.4</ele>
      </trkpt>
      <trkpt lat="39.52502" lon="2.87054">
        <ele>196.1</ele>
      </trkpt>
      <trkpt lat="39.52482" lon="2.8704">
        <ele>195.6</ele>
      </trkpt>
      <trkpt lat="39.5248" lon="2.87038">
        <ele>195.5</ele>
      </trkpt>
      <trkpt lat="39.52477" lon="2.87036">
        <ele>195.4</ele>
      </trkpt>
      <trkpt lat="39.52466" lon="2.87027">
        <ele>195.0</ele>
      </trkpt>
      <trkpt lat="39.52464" lon="2.87026">
        <ele>195.0</ele>
      </trkpt>
      <trkpt lat="39.5246" lon="2.87023">
        <ele>194.8</ele>
      </trkpt>
      <trkpt lat="39.52455" lon="2.87022">
        <ele>194.7</ele>
      </trkpt>
      <trkpt lat="39.52452" lon="2.87022">
        <ele>194.6</ele>
      </trkpt>
      <trkpt lat="39.52448" lon="2.87024">
        <ele>194.5</ele>
      </trkpt>
      <trkpt lat="39.52447" lon="2.87024">
        <ele>194.5</ele>
      </trkpt>
      <trkpt lat="39.52442" lon="2.8703">
        <ele>194.4</ele>
      </trkpt>
      <trkpt lat="39.52436" lon="2.87037">
        <ele>194.4</ele>
      </trkpt>
      <trkpt lat="39.52434" lon="2.8704">
        <ele>194.4</ele>
      </trkpt>
      <trkpt lat="39.52432" lon="2.87042">
        <ele>194.4</ele>
      </trkpt>
      <trkpt lat="39.52422" lon="2.87057">
        <ele>194.5</ele>
      </trkpt>
      <trkpt lat="39.52409" lon="2.87077">
        <ele>194.8</ele>
      </trkpt>
      <trkpt lat="39.52382" lon="2.87115">
        <ele>195.4</ele>
      </trkpt>
      <trkpt lat="39.52353" lon="2.8716">
        <ele>195.9</ele>
      </trkpt>
      <trkpt lat="39.52352" lon="2.87163">
        <ele>196.0</ele>
      </trkpt>
      <trkpt lat="39.52349" lon="2.87166">
        <ele>196.0</ele>
      </trkpt>
      <trkpt lat="39.52348" lon="2.87168">
        <ele>196.1</ele>
      </trkpt>
      <trkpt lat="39.5234" lon="2.87181">
        <ele>196.9</ele>
      </trkpt>
      <trkpt lat="39.52328" lon="2.87198">
        <ele>197.9</ele>
      </trkpt>
      <trkpt lat="39.52318" lon="2.87213">
        <ele>198.8</ele>
      </trkpt>
      <trkpt lat="39.52316" lon="2.87216">
        <ele>199.0</ele>
      </trkpt>
      <trkpt lat="39.52314" lon="2.87219">
        <ele>199.1</ele>
      </trkpt>
      <trkpt lat="39.52304" lon="2.87233">
        <ele>200.0</ele>
      </trkpt>
      <trkpt lat="39.52304" lon="2.87234">
        <ele>200.0</ele>
      </trkpt>
      <trkpt lat="39.52294" lon="2.87248">
        <ele>200.9</ele>
      </trkpt>
      <trkpt lat="39.52292" lon="2.87251">
        <ele>201.0</ele>
      </trkpt>
      <trkpt lat="39.5228" lon="2.87268">
        <ele>201.6</ele>
      </trkpt>
      <trkpt lat="39.52278" lon="2.87271">
        <ele>201.7</ele>
      </trkpt>
      <trkpt lat="39.52258" lon="2.873">
        <ele>202.3</ele>
      </trkpt>
      <trkpt lat="39.52256" lon="2.87302">
        <ele>202.3</ele>
      </trkpt>
      <trkpt lat="39.52247" lon="2.87315">
        <ele>202.4</ele>
      </trkpt>
      <trkpt lat="39.52244" lon="2.8732">
        <ele>202.4</ele>
      </trkpt>
      <trkpt lat="39.52224" lon="2.8735">
        <ele>202.5</ele>
      </trkpt>
      <trkpt lat="39.52222" lon="2.87353">
        <ele>202.5</ele>
      </trkpt>
      <trkpt lat="39.5222" lon="2.87356">
        <ele>202.5</ele>
      </trkpt>
      <trkpt lat="39.52216" lon="2.87362">
        <ele>202.5</ele>
      </trkpt>
      <trkpt lat="39.52213" lon="2.87365">
        <ele>202.4</ele>
      </trkpt>
      <trkpt lat="39.52211" lon="2.87367">
        <ele>202.4</ele>
      </trkpt>
      <trkpt lat="39.52209" lon="2.87367">
        <ele>202.3</ele>
      </trkpt>
      <trkpt lat="39.52208" lon="2.87368">
        <ele>202.3</ele>
      </trkpt>
      <trkpt lat="39.52204" lon="2.87369">
        <ele>202.2</ele>
      </trkpt>
      <trkpt lat="39.52193" lon="2.8737">
        <ele>201.8</ele>
      </trkpt>
      <trkpt lat="39.52166" lon="2.87372">
        <ele>200.9</ele>
      </trkpt>
      <trkpt lat="39.52138" lon="2.87374">
        <ele>199.3</ele>
      </trkpt>
      <trkpt lat="39.52129" lon="2.87375">
        <ele>198.7</ele>
      </trkpt>
      <trkpt lat="39.52128" lon="2.87375">
        <ele>198.7</ele>
      </trkpt>
      <trkpt lat="39.5212" lon="2.87376">
        <ele>198.2</ele>
      </trkpt>
      <trkpt lat="39.52059" lon="2.8738">
        <ele>194.7</ele>
      </trkpt>
      <trkpt lat="39.52056" lon="2.87381">
        <ele>194.5</ele>
      </trkpt>
      <trkpt lat="39.52038" lon="2.87383">
        <ele>193.5</ele>
      </trkpt>
      <trkpt lat="39.52023" lon="2.87384">
        <ele>192.6</ele>
      </trkpt>
      <trkpt lat="39.52012" lon="2.87385">
        <ele>192.0</ele>
      </trkpt>
      <trkpt lat="39.52002" lon="2.87385">
        <ele>191.4</ele>
      </trkpt>
      <trkpt lat="39.51989" lon="2.87386">
        <ele>191.0</ele>
      </trkpt>
      <trkpt lat="39.51971" lon="2.87387">
        <ele>190.6</ele>
      </trkpt>
      <trkpt lat="39.51935" lon="2.87389">
        <ele>189.8</ele>
      </trkpt>
      <trkpt lat="39.51918" lon="2.87391">
        <ele>189.4</ele>
      </trkpt>
      <trkpt lat="39.51918" lon="2.87391">
        <ele>189.4</ele>
      </trkpt>
      <trkpt lat="39.51894" lon="2.87392">
        <ele>188.0</ele>
      </trkpt>
      <trkpt lat="39.51882" lon="2.87393">
        <ele>187.4</ele>
      </trkpt>
      <trkpt lat="39.5185" lon="2.87395">
        <ele>185.5</ele>
      </trkpt>
      <trkpt lat="39.51822" lon="2.87397">
        <ele>184.0</ele>
      </trkpt>
      <trkpt lat="39.51786" lon="2.87399">
        <ele>182.4</ele>
      </trkpt>
      <trkpt lat="39.5177" lon="2.874">
        <ele>181.7</ele>
      </trkpt>
      <trkpt lat="39.5176" lon="2.87401">
        <ele>181.3</ele>
      </trkpt>
      <trkpt lat="39.51725" lon="2.87404">
        <ele>179.4</ele>
      </trkpt>
      <trkpt lat="39.51702" lon="2.87405">
        <ele>178.1</ele>
      </trkpt>
      <trkpt lat="39.517" lon="2.87406">
        <ele>178.0</ele>
      </trkpt>
      <trkpt lat="39.51653" lon="2.87408">
        <ele>175.6</ele>
      </trkpt>
      <trkpt lat="39.5161" lon="2.87412">
        <ele>174.0</ele>
      </trkpt>
      <trkpt lat="39.51601" lon="2.87413">
        <ele>173.6</ele>
      </trkpt>
      <trkpt lat="39.51592" lon="2.87413">
        <ele>173.3</ele>
      </trkpt>
      <trkpt lat="39.51574" lon="2.87415">
        <ele>172.8</ele>
      </trkpt>
      <trkpt lat="39.5155" lon="2.87416">
        <ele>172.2</ele>
      </trkpt>
      <trkpt lat="39.51483" lon="2.8742">
        <ele>170.2</ele>
      </trkpt>
      <trkpt lat="39.51476" lon="2.87421">
        <ele>169.9</ele>
      </trkpt>
      <trkpt lat="39.51447" lon="2.87423">
        <ele>168.5</ele>
      </trkpt>
      <trkpt lat="39.51414" lon="2.87426">
        <ele>167.0</ele>
      </trkpt>
      <trkpt lat="39.51393" lon="2.87428">
        <ele>167.3</ele>
      </trkpt>
      <trkpt lat="39.51386" lon="2.87428">
        <ele>167.4</ele>
      </trkpt>
      <trkpt lat="39.51331" lon="2.87433">
        <ele>168.0</ele>
      </trkpt>
      <trkpt lat="39.51296" lon="2.87435">
        <ele>167.9</ele>
      </trkpt>
      <trkpt lat="39.51286" lon="2.87436">
        <ele>167.9</ele>
      </trkpt>
      <trkpt lat="39.51277" lon="2.87436">
        <ele>167.8</ele>
      </trkpt>
      <trkpt lat="39.51265" lon="2.87452">
        <ele>167.7</ele>
      </trkpt>
      <trkpt lat="39.51264" lon="2.87453">
        <ele>167.6</ele>
      </trkpt>
      <trkpt lat="39.51241" lon="2.87483">
        <ele>166.9</ele>
      </trkpt>
      <trkpt lat="39.51227" lon="2.87502">
        <ele>166.1</ele>
      </trkpt>
      <trkpt lat="39.51215" lon="2.87518">
        <ele>165.3</ele>
      </trkpt>
      <trkpt lat="39.51208" lon="2.87527">
        <ele>164.8</ele>
      </trkpt>
      <trkpt lat="39.51207" lon="2.87529">
        <ele>164.8</ele>
      </trkpt>
      <trkpt lat="39.51202" lon="2.87535">
        <ele>164.5</ele>
      </trkpt>
      <trkpt lat="39.51199" lon="2.87539">
        <ele>164.3</ele>
      </trkpt>
      <trkpt lat="39.51195" lon="2.87544">
        <ele>164.1</ele>
      </trkpt>
      <trkpt lat="39.51192" lon="2.87547">
        <ele>164.0</ele>
      </trkpt>
      <trkpt lat="39.51192" lon="2.87547">
        <ele>164.0</ele>
      </trkpt>
      <trkpt lat="39.51191" lon="2.87548">
        <ele>164.0</ele>
      </trkpt>
      <trkpt lat="39.51186" lon="2.87551">
        <ele>163.8</ele>
      </trkpt>
      <trkpt lat="39.51176" lon="2.87555">
        <ele>163.5</ele>
      </trkpt>
      <trkpt lat="39.51172" lon="2.87557">
        <ele>163.4</ele>
      </trkpt>
      <trkpt lat="39.51149" lon="2.87566">
        <ele>163.0</ele>
      </trkpt>
      <trkpt lat="39.51115" lon="2.87582">
        <ele>162.4</ele>
      </trkpt>
      <trkpt lat="39.51092" lon="2.87592">
        <ele>161.9</ele>
      </trkpt>
      <trkpt lat="39.5109" lon="2.87593">
        <ele>161.9</ele>
      </trkpt>
      <trkpt lat="39.51075" lon="2.876">
        <ele>161.5</ele>
      </trkpt>
      <trkpt lat="39.51073" lon="2.87601">
        <ele>161.5</ele>
      </trkpt>
      <trkpt lat="39.5104" lon="2.87616">
        <ele>160.9</ele>
      </trkpt>
      <trkpt lat="39.50939" lon="2.87659">
        <ele>158.7</ele>
      </trkpt>
      <trkpt lat="39.50934" lon="2.87661">
        <ele>158.5</ele>
      </trkpt>
      <trkpt lat="39.50904" lon="2.87674">
        <ele>157.9</ele>
      </trkpt>
      <trkpt lat="39.50769" lon="2.87731">
        <ele>156.8</ele>
      </trkpt>
      <trkpt lat="39.50765" lon="2.87733">
        <ele>156.8</ele>
      </trkpt>
      <trkpt lat="39.50694" lon="2.87764">
        <ele>155.0</ele>
      </trkpt>
      <trkpt lat="39.5063" lon="2.87791">
        <ele>153.6</ele>
      </trkpt>
      <trkpt lat="39.50555" lon="2.87822">
        <ele>152.5</ele>
      </trkpt>
      <trkpt lat="39.50493" lon="2.87844">
        <ele>151.9</ele>
      </trkpt>
      <trkpt lat="39.50457" lon="2.87856">
        <ele>151.5</ele>
      </trkpt>
      <trkpt lat="39.5039" lon="2.87878">
        <ele>150.5</ele>
      </trkpt>
      <trkpt lat="39.50381" lon="2.87882">
        <ele>150.4</ele>
      </trkpt>
      <trkpt lat="39.50379" lon="2.87884">
        <ele>150.4</ele>
      </trkpt>
      <trkpt lat="39.50373" lon="2.87888">
        <ele>150.3</ele>
      </trkpt>
      <trkpt lat="39.50363" lon="2.87899">
        <ele>150.2</ele>
      </trkpt>
      <trkpt lat="39.50334" lon="2.8793">
        <ele>150.0</ele>
      </trkpt>
      <trkpt lat="39.50327" lon="2.87938">
        <ele>150.0</ele>
      </trkpt>
      <trkpt lat="39.50322" lon="2.87943">
        <ele>150.0</ele>
      </trkpt>
      <trkpt lat="39.50308" lon="2.87959">
        <ele>150.0</ele>
      </trkpt>
      <trkpt lat="39.50273" lon="2.87999">
        <ele>150.0</ele>
      </trkpt>
      <trkpt lat="39.50243" lon="2.88034">
        <ele>150.4</ele>
      </trkpt>
      <trkpt lat="39.50229" lon="2.8805">
        <ele>150.4</ele>
      </trkpt>
      <trkpt lat="39.50216" lon="2.88065">
        <ele>150.5</ele>
      </trkpt>
      <trkpt lat="39.50214" lon="2.88068">
        <ele>150.5</ele>
      </trkpt>
      <trkpt lat="39.50203" lon="2.88081">
        <ele>150.4</ele>
      </trkpt>
      <trkpt lat="39.50189" lon="2.88096">
        <ele>150.3</ele>
      </trkpt>
      <trkpt lat="39.50181" lon="2.88105">
        <ele>150.3</ele>
      </trkpt>
      <trkpt lat="39.50162" lon="2.88127">
        <ele>150.4</ele>
      </trkpt>
      <trkpt lat="39.50159" lon="2.8813">
        <ele>150.4</ele>
      </trkpt>
      <trkpt lat="39.5015" lon="2.88138">
        <ele>150.3</ele>
      </trkpt>
      <trkpt lat="39.50138" lon="2.88148">
        <ele>150.1</ele>
      </trkpt>
      <trkpt lat="39.50137" lon="2.88149">
        <ele>150.1</ele>
      </trkpt>
      <trkpt lat="39.50129" lon="2.88155">
        <ele>150.0</ele>
      </trkpt>
      <trkpt lat="39.50122" lon="2.88161">
        <ele>149.9</ele>
      </trkpt>
      <trkpt lat="39.50118" lon="2.88164">
        <ele>149.8</ele>
      </trkpt>
      <trkpt lat="39.50116" lon="2.88165">
        <ele>149.8</ele>
      </trkpt>
      <trkpt lat="39.50106" lon="2.88174">
        <ele>149.5</ele>
      </trkpt>
      <trkpt lat="39.50092" lon="2.88187">
        <ele>149.0</ele>
      </trkpt>
      <trkpt lat="39.50089" lon="2.88189">
        <ele>148.9</ele>
      </trkpt>
      <trkpt lat="39.50088" lon="2.88191">
        <ele>148.8</ele>
      </trkpt>
      <trkpt lat="39.50076" lon="2.882">
        <ele>148.3</ele>
      </trkpt>
      <trkpt lat="39.50063" lon="2.88211">
        <ele>147.8</ele>
      </trkpt>
      <trkpt lat="39.50046" lon="2.88225">
        <ele>147.1</ele>
      </trkpt>
      <trkpt lat="39.50044" lon="2.88226">
        <ele>147.1</ele>
      </trkpt>
      <trkpt lat="39.50035" lon="2.88234">
        <ele>146.8</ele>
      </trkpt>
      <trkpt lat="39.50029" lon="2.88239">
        <ele>146.7</ele>
      </trkpt>
      <trkpt lat="39.50017" lon="2.88248">
        <ele>146.4</ele>
      </trkpt>
      <trkpt lat="39.50002" lon="2.88258">
        <ele>146.3</ele>
      </trkpt>
      <trkpt lat="39.49982" lon="2.88273">
        <ele>147.2</ele>
      </trkpt>
      <trkpt lat="39.49956" lon="2.88295">
        <ele>148.4</ele>
      </trkpt>
      <trkpt lat="39.49926" lon="2.8832">
        <ele>149.6</ele>
      </trkpt>
      <trkpt lat="39.499" lon="2.88343">
        <ele>150.1</ele>
      </trkpt>
      <trkpt lat="39.49895" lon="2.88347">
        <ele>150.1</ele>
      </trkpt>
      <trkpt lat="39.49881" lon="2.88353">
        <ele>150.0</ele>
      </trkpt>
      <trkpt lat="39.49876" lon="2.88355">
        <ele>150.0</ele>
      </trkpt>
      <trkpt lat="39.49874" lon="2.88355">
        <ele>150.0</ele>
      </trkpt>
      <trkpt lat="39.49858" lon="2.8836">
        <ele>149.9</ele>
      </trkpt>
      <trkpt lat="39.49816" lon="2.88375">
        <ele>149.0</ele>
      </trkpt>
      <trkpt lat="39.49769" lon="2.88391">
        <ele>147.5</ele>
      </trkpt>
      <trkpt lat="39.49756" lon="2.88395">
        <ele>147.2</ele>
      </trkpt>
      <trkpt lat="39.49752" lon="2.88397">
        <ele>147.1</ele>
      </trkpt>
      <trkpt lat="39.49749" lon="2.884">
        <ele>147.0</ele>
      </trkpt>
      <trkpt lat="39.49744" lon="2.88406">
        <ele>146.9</ele>
      </trkpt>
      <trkpt lat="39.49741" lon="2.88411">
        <ele>146.8</ele>
      </trkpt>
      <trkpt lat="39.49728" lon="2.88431">
        <ele>146.8</ele>
      </trkpt>
      <trkpt lat="39.4972" lon="2.88443">
        <ele>146.8</ele>
      </trkpt>
      <trkpt lat="39.49696" lon="2.88482">
        <ele>146.8</ele>
      </trkpt>
      <trkpt lat="39.49694" lon="2.88484">
        <ele>146.7</ele>
      </trkpt>
      <trkpt lat="39.49674" lon="2.88514">
        <ele>146.3</ele>
      </trkpt>
      <trkpt lat="39.49664" lon="2.8853">
        <ele>146.0</ele>
      </trkpt>
      <trkpt lat="39.49657" lon="2.88539">
        <ele>146.1</ele>
      </trkpt>
      <trkpt lat="39.49655" lon="2.88541">
        <ele>146.1</ele>
      </trkpt>
      <trkpt lat="39.49647" lon="2.8855">
        <ele>146.1</ele>
      </trkpt>
      <trkpt lat="39.49644" lon="2.88554">
        <ele>146.1</ele>
      </trkpt>
      <trkpt lat="39.49617" lon="2.88583">
        <ele>146.0</ele>
      </trkpt>
      <trkpt lat="39.49614" lon="2.88586">
        <ele>146.0</ele>
      </trkpt>
      <trkpt lat="39.49604" lon="2.88598">
        <ele>146.1</ele>
      </trkpt>
      <trkpt lat="39.49604" lon="2.88598">
        <ele>146.1</ele>
      </trkpt>
      <trkpt lat="39.49573" lon="2.88635">
        <ele>146.5</ele>
      </trkpt>
      <trkpt lat="39.49558" lon="2.88655">
        <ele>146.6</ele>
      </trkpt>
      <trkpt lat="39.49547" lon="2.88669">
        <ele>146.5</ele>
      </trkpt>
      <trkpt lat="39.49545" lon="2.8867">
        <ele>146.5</ele>
      </trkpt>
      <trkpt lat="39.49537" lon="2.8868">
        <ele>146.3</ele>
      </trkpt>
      <trkpt lat="39.4953" lon="2.8869">
        <ele>146.2</ele>
      </trkpt>
      <trkpt lat="39.49527" lon="2.88691">
        <ele>146.1</ele>
      </trkpt>
      <trkpt lat="39.49525" lon="2.88693">
        <ele>146.1</ele>
      </trkpt>
      <trkpt lat="39.49523" lon="2.88695">
        <ele>146.1</ele>
      </trkpt>
      <trkpt lat="39.49521" lon="2.88697">
        <ele>146.1</ele>
      </trkpt>
      <trkpt lat="39.4952" lon="2.88699">
        <ele>146.1</ele>
      </trkpt>
      <trkpt lat="39.49519" lon="2.88702">
        <ele>146.0</ele>
      </trkpt>
      <trkpt lat="39.49518" lon="2.88705">
        <ele>146.0</ele>
      </trkpt>
      <trkpt lat="39.49517" lon="2.88708">
        <ele>146.0</ele>
      </trkpt>
      <trkpt lat="39.49517" lon="2.88709">
        <ele>146.0</ele>
      </trkpt>
      <trkpt lat="39.49517" lon="2.88711">
        <ele>146.0</ele>
      </trkpt>
      <trkpt lat="39.49517" lon="2.88714">
        <ele>146.0</ele>
      </trkpt>
      <trkpt lat="39.49517" lon="2.88716">
        <ele>146.0</ele>
      </trkpt>
      <trkpt lat="39.49517" lon="2.88718">
        <ele>146.0</ele>
      </trkpt>
      <trkpt lat="39.4951" lon="2.88725">
        <ele>146.0</ele>
      </trkpt>
      <trkpt lat="39.49505" lon="2.88734">
        <ele>146.0</ele>
      </trkpt>
      <trkpt lat="39.49498" lon="2.88745">
        <ele>146.0</ele>
      </trkpt>
      <trkpt lat="39.49491" lon="2.88756">
        <ele>146.2</ele>
      </trkpt>
      <trkpt lat="39.49481" lon="2.88775">
        <ele>146.5</ele>
      </trkpt>
      <trkpt lat="39.49468" lon="2.888">
        <ele>147.0</ele>
      </trkpt>
      <trkpt lat="39.49435" lon="2.88866">
        <ele>147.5</ele>
      </trkpt>
      <trkpt lat="39.49406" lon="2.8892">
        <ele>147.2</ele>
      </trkpt>
      <trkpt lat="39.49361" lon="2.88996">
        <ele>149.6</ele>
      </trkpt>
      <trkpt lat="39.49361" lon="2.88996">
        <ele>149.6</ele>
      </trkpt>
      <trkpt lat="39.49257" lon="2.88919">
        <ele>148.0</ele>
      </trkpt>
      <trkpt lat="39.49241" lon="2.88906">
        <ele>147.6</ele>
      </trkpt>
      <trkpt lat="39.49195" lon="2.8887">
        <ele>146.2</ele>
      </trkpt>
      <trkpt lat="39.49174" lon="2.88855">
        <ele>145.6</ele>
      </trkpt>
      <trkpt lat="39.49131" lon="2.88824">
        <ele>144.5</ele>
      </trkpt>
      <trkpt lat="39.49101" lon="2.88793">
        <ele>144.1</ele>
      </trkpt>
      <trkpt lat="39.49101" lon="2.88793">
        <ele>144.1</ele>
      </trkpt>
      <trkpt lat="39.49084" lon="2.8883">
        <ele>144.0</ele>
      </trkpt>
      <trkpt lat="39.49072" lon="2.88857">
        <ele>144.4</ele>
      </trkpt>
      <trkpt lat="39.4906" lon="2.88882">
        <ele>144.6</ele>
      </trkpt>
      <trkpt lat="39.49028" lon="2.88959">
        <ele>145.5</ele>
      </trkpt>
      <trkpt lat="39.48989" lon="2.89047">
        <ele>146.9</ele>
      </trkpt>
      <trkpt lat="39.48987" lon="2.89052">
        <ele>147.0</ele>
      </trkpt>
      <trkpt lat="39.48984" lon="2.8906">
        <ele>147.1</ele>
      </trkpt>
      <trkpt lat="39.48975" lon="2.8908">
        <ele>147.3</ele>
      </trkpt>
      <trkpt lat="39.48975" lon="2.8908">
        <ele>147.3</ele>
      </trkpt>
      <trkpt lat="39.48974" lon="2.89079">
        <ele>147.3</ele>
      </trkpt>
      <trkpt lat="39.48972" lon="2.89078">
        <ele>147.2</ele>
      </trkpt>
      <trkpt lat="39.4896" lon="2.89071">
        <ele>146.8</ele>
      </trkpt>
      <trkpt lat="39.4894" lon="2.89057">
        <ele>146.2</ele>
      </trkpt>
      <trkpt lat="39.48919" lon="2.8904">
        <ele>145.5</ele>
      </trkpt>
      <trkpt lat="39.48918" lon="2.89039">
        <ele>145.5</ele>
      </trkpt>
      <trkpt lat="39.48912" lon="2.89035">
        <ele>145.3</ele>
      </trkpt>
      <trkpt lat="39.48905" lon="2.89029">
        <ele>145.0</ele>
      </trkpt>
      <trkpt lat="39.48892" lon="2.89019">
        <ele>144.6</ele>
      </trkpt>
      <trkpt lat="39.48885" lon="2.89013">
        <ele>144.3</ele>
      </trkpt>
      <trkpt lat="39.48872" lon="2.89001">
        <ele>143.9</ele>
      </trkpt>
      <trkpt lat="39.48855" lon="2.88987">
        <ele>143.3</ele>
      </trkpt>
      <trkpt lat="39.48839" lon="2.88972">
        <ele>142.8</ele>
      </trkpt>
      <trkpt lat="39.48834" lon="2.8896">
        <ele>142.5</ele>
      </trkpt>
      <trkpt lat="39.48829" lon="2.88952">
        <ele>142.4</ele>
      </trkpt>
      <trkpt lat="39.48827" lon="2.88947">
        <ele>142.3</ele>
      </trkpt>
      <trkpt lat="39.48826" lon="2.88942">
        <ele>142.3</ele>
      </trkpt>
      <trkpt lat="39.48808" lon="2.88885">
        <ele>141.9</ele>
      </trkpt>
      <trkpt lat="39.48794" lon="2.88834">
        <ele>141.5</ele>
      </trkpt>
      <trkpt lat="39.48775" lon="2.88767">
        <ele>140.5</ele>
      </trkpt>
      <trkpt lat="39.48772" lon="2.88753">
        <ele>140.3</ele>
      </trkpt>
      <trkpt lat="39.48772" lon="2.88753">
        <ele>140.3</ele>
      </trkpt>
      <trkpt lat="39.48761" lon="2.88725">
        <ele>139.8</ele>
      </trkpt>
      <trkpt lat="39.4873" lon="2.88644">
        <ele>138.2</ele>
      </trkpt>
      <trkpt lat="39.48694" lon="2.88546">
        <ele>136.1</ele>
      </trkpt>
      <trkpt lat="39.48684" lon="2.88522">
        <ele>136.1</ele>
      </trkpt>
      <trkpt lat="39.48678" lon="2.88517">
        <ele>136.0</ele>
      </trkpt>
      <trkpt lat="39.48678" lon="2.88517">
        <ele>136.0</ele>
      </trkpt>
      <trkpt lat="39.48682" lon="2.88491">
        <ele>136.2</ele>
      </trkpt>
      <trkpt lat="39.48687" lon="2.8845">
        <ele>136.2</ele>
      </trkpt>
      <trkpt lat="39.48696" lon="2.88391">
        <ele>135.8</ele>
      </trkpt>
      <trkpt lat="39.48707" lon="2.88299">
        <ele>133.9</ele>
      </trkpt>
      <trkpt lat="39.4871" lon="2.88274">
        <ele>133.2</ele>
      </trkpt>
      <trkpt lat="39.48711" lon="2.88262">
        <ele>132.9</ele>
      </trkpt>
      <trkpt lat="39.4871" lon="2.88246">
        <ele>132.5</ele>
      </trkpt>
      <trkpt lat="39.48709" lon="2.88231">
        <ele>132.5</ele>
      </trkpt>
      <trkpt lat="39.48707" lon="2.88216">
        <ele>132.5</ele>
      </trkpt>
      <trkpt lat="39.48703" lon="2.88189">
        <ele>132.4</ele>
      </trkpt>
      <trkpt lat="39.48695" lon="2.88144">
        <ele>132.1</ele>
      </trkpt>
      <trkpt lat="39.48692" lon="2.88124">
        <ele>131.8</ele>
      </trkpt>
      <trkpt lat="39.48689" lon="2.88106">
        <ele>131.5</ele>
      </trkpt>
      <trkpt lat="39.48687" lon="2.88086">
        <ele>131.3</ele>
      </trkpt>
      <trkpt lat="39.48687" lon="2.88086">
        <ele>131.3</ele>
      </trkpt>
      <trkpt lat="39.48688" lon="2.88086">
        <ele>131.3</ele>
      </trkpt>
      <trkpt lat="39.4869" lon="2.88084">
        <ele>131.3</ele>
      </trkpt>
      <trkpt lat="39.48692" lon="2.88082">
        <ele>131.3</ele>
      </trkpt>
      <trkpt lat="39.48694" lon="2.8808">
        <ele>131.3</ele>
      </trkpt>
      <trkpt lat="39.48695" lon="2.88077">
        <ele>131.3</ele>
      </trkpt>
      <trkpt lat="39.48697" lon="2.88075">
        <ele>131.3</ele>
      </trkpt>
      <trkpt lat="39.48697" lon="2.88073">
        <ele>131.3</ele>
      </trkpt>
      <trkpt lat="39.48697" lon="2.88072">
        <ele>131.3</ele>
      </trkpt>
      <trkpt lat="39.48698" lon="2.88069">
        <ele>131.3</ele>
      </trkpt>
      <trkpt lat="39.48698" lon="2.88066">
        <ele>131.3</ele>
      </trkpt>
      <trkpt lat="39.48698" lon="2.88063">
        <ele>131.3</ele>
      </trkpt>
      <trkpt lat="39.48698" lon="2.88062">
        <ele>131.3</ele>
      </trkpt>
      <trkpt lat="39.48697" lon="2.88059">
        <ele>131.3</ele>
      </trkpt>
      <trkpt lat="39.48697" lon="2.88056">
        <ele>131.2</ele>
      </trkpt>
      <trkpt lat="39.48695" lon="2.88054">
        <ele>131.2</ele>
      </trkpt>
      <trkpt lat="39.48694" lon="2.88051">
        <ele>131.2</ele>
      </trkpt>
      <trkpt lat="39.48692" lon="2.88049">
        <ele>131.2</ele>
      </trkpt>
      <trkpt lat="39.4869" lon="2.88047">
        <ele>131.2</ele>
      </trkpt>
      <trkpt lat="39.48688" lon="2.88045">
        <ele>131.1</ele>
      </trkpt>
      <trkpt lat="39.48686" lon="2.88044">
        <ele>131.1</ele>
      </trkpt>
      <trkpt lat="39.48683" lon="2.88043">
        <ele>131.1</ele>
      </trkpt>
      <trkpt lat="39.48681" lon="2.88033">
        <ele>131.1</ele>
      </trkpt>
      <trkpt lat="39.48678" lon="2.88024">
        <ele>131.0</ele>
      </trkpt>
      <trkpt lat="39.48676" lon="2.88012">
        <ele>131.0</ele>
      </trkpt>
      <trkpt lat="39.48674" lon="2.87998">
        <ele>131.0</ele>
      </trkpt>
      <trkpt lat="39.48673" lon="2.87987">
        <ele>130.8</ele>
      </trkpt>
      <trkpt lat="39.48672" lon="2.87964">
        <ele>130.5</ele>
      </trkpt>
      <trkpt lat="39.4867" lon="2.87945">
        <ele>130.3</ele>
      </trkpt>
      <trkpt lat="39.48669" lon="2.87933">
        <ele>130.2</ele>
      </trkpt>
      <trkpt lat="39.48666" lon="2.87897">
        <ele>130.0</ele>
      </trkpt>
      <trkpt lat="39.48664" lon="2.87866">
        <ele>129.9</ele>
      </trkpt>
      <trkpt lat="39.48662" lon="2.87838">
        <ele>129.9</ele>
      </trkpt>
      <trkpt lat="39.48662" lon="2.87836">
        <ele>129.9</ele>
      </trkpt>
      <trkpt lat="39.48659" lon="2.878">
        <ele>129.5</ele>
      </trkpt>
      <trkpt lat="39.48656" lon="2.87771">
        <ele>129.1</ele>
      </trkpt>
      <trkpt lat="39.48655" lon="2.87755">
        <ele>128.9</ele>
      </trkpt>
      <trkpt lat="39.48645" lon="2.87679">
        <ele>128.1</ele>
      </trkpt>
      <trkpt lat="39.48641" lon="2.87657">
        <ele>128.2</ele>
      </trkpt>
      <trkpt lat="39.48639" lon="2.87647">
        <ele>128.5</ele>
      </trkpt>
      <trkpt lat="39.48635" lon="2.87631">
        <ele>128.9</ele>
      </trkpt>
      <trkpt lat="39.48632" lon="2.87617">
        <ele>129.2</ele>
      </trkpt>
      <trkpt lat="39.48619" lon="2.87564">
        <ele>129.8</ele>
      </trkpt>
      <trkpt lat="39.48602" lon="2.87503">
        <ele>128.7</ele>
      </trkpt>
      <trkpt lat="39.48594" lon="2.87477">
        <ele>128.1</ele>
      </trkpt>
      <trkpt lat="39.48589" lon="2.87454">
        <ele>127.6</ele>
      </trkpt>
      <trkpt lat="39.48587" lon="2.87447">
        <ele>127.5</ele>
      </trkpt>
      <trkpt lat="39.48581" lon="2.87422">
        <ele>127.1</ele>
      </trkpt>
      <trkpt lat="39.48575" lon="2.87394">
        <ele>127.0</ele>
      </trkpt>
      <trkpt lat="39.4857" lon="2.87363">
        <ele>127.0</ele>
      </trkpt>
      <trkpt lat="39.48566" lon="2.87334">
        <ele>127.0</ele>
      </trkpt>
      <trkpt lat="39.48562" lon="2.87303">
        <ele>127.0</ele>
      </trkpt>
      <trkpt lat="39.48559" lon="2.87275">
        <ele>127.0</ele>
      </trkpt>
      <trkpt lat="39.48557" lon="2.87248">
        <ele>127.0</ele>
      </trkpt>
      <trkpt lat="39.48557" lon="2.87247">
        <ele>127.0</ele>
      </trkpt>
      <trkpt lat="39.48556" lon="2.87227">
        <ele>126.8</ele>
      </trkpt>
      <trkpt lat="39.48556" lon="2.87223">
        <ele>126.8</ele>
      </trkpt>
      <trkpt lat="39.48552" lon="2.87111">
        <ele>126.5</ele>
      </trkpt>
      <trkpt lat="39.48552" lon="2.87108">
        <ele>126.5</ele>
      </trkpt>
      <trkpt lat="39.48551" lon="2.8708">
        <ele>126.7</ele>
      </trkpt>
      <trkpt lat="39.48549" lon="2.8705">
        <ele>127.0</ele>
      </trkpt>
      <trkpt lat="39.48548" lon="2.8704">
        <ele>127.1</ele>
      </trkpt>
      <trkpt lat="39.48547" lon="2.87022">
        <ele>127.3</ele>
      </trkpt>
      <trkpt lat="39.48546" lon="2.87014">
        <ele>127.4</ele>
      </trkpt>
      <trkpt lat="39.48544" lon="2.86993">
        <ele>127.5</ele>
      </trkpt>
      <trkpt lat="39.48539" lon="2.86965">
        <ele>127.5</ele>
      </trkpt>
      <trkpt lat="39.48533" lon="2.86934">
        <ele>127.4</ele>
      </trkpt>
      <trkpt lat="39.48527" lon="2.86908">
        <ele>127.3</ele>
      </trkpt>
      <trkpt lat="39.4852" lon="2.86879">
        <ele>127.2</ele>
      </trkpt>
      <trkpt lat="39.48512" lon="2.86853">
        <ele>127.1</ele>
      </trkpt>
      <trkpt lat="39.48503" lon="2.86825">
        <ele>126.9</ele>
      </trkpt>
      <trkpt lat="39.48493" lon="2.86799">
        <ele>126.6</ele>
      </trkpt>
      <trkpt lat="39.48482" lon="2.86772">
        <ele>126.1</ele>
      </trkpt>
      <trkpt lat="39.4847" lon="2.86747">
        <ele>125.6</ele>
      </trkpt>
      <trkpt lat="39.48457" lon="2.8672">
        <ele>125.1</ele>
      </trkpt>
      <trkpt lat="39.48443" lon="2.86693">
        <ele>124.6</ele>
      </trkpt>
      <trkpt lat="39.48428" lon="2.86669">
        <ele>124.2</ele>
      </trkpt>
      <trkpt lat="39.48412" lon="2.86643">
        <ele>123.4</ele>
      </trkpt>
      <trkpt lat="39.48396" lon="2.86618">
        <ele>122.8</ele>
      </trkpt>
      <trkpt lat="39.48382" lon="2.86595">
        <ele>122.3</ele>
      </trkpt>
      <trkpt lat="39.48358" lon="2.86553">
        <ele>122.0</ele>
      </trkpt>
      <trkpt lat="39.48352" lon="2.86544">
        <ele>122.0</ele>
      </trkpt>
      <trkpt lat="39.48339" lon="2.86521">
        <ele>122.0</ele>
      </trkpt>
      <trkpt lat="39.48325" lon="2.86496">
        <ele>121.9</ele>
      </trkpt>
      <trkpt lat="39.48311" lon="2.86468">
        <ele>121.7</ele>
      </trkpt>
      <trkpt lat="39.483" lon="2.86444">
        <ele>121.6</ele>
      </trkpt>
      <trkpt lat="39.48286" lon="2.86414">
        <ele>121.4</ele>
      </trkpt>
      <trkpt lat="39.48265" lon="2.86365">
        <ele>121.1</ele>
      </trkpt>
      <trkpt lat="39.4826" lon="2.86354">
        <ele>121.0</ele>
      </trkpt>
      <trkpt lat="39.48258" lon="2.86349">
        <ele>121.0</ele>
      </trkpt>
      <trkpt lat="39.48257" lon="2.86346">
        <ele>121.0</ele>
      </trkpt>
      <trkpt lat="39.48254" lon="2.8634">
        <ele>121.0</ele>
      </trkpt>
      <trkpt lat="39.48245" lon="2.86314">
        <ele>120.9</ele>
      </trkpt>
      <trkpt lat="39.48235" lon="2.86289">
        <ele>120.7</ele>
      </trkpt>
      <trkpt lat="39.48226" lon="2.86263">
        <ele>120.7</ele>
      </trkpt>
      <trkpt lat="39.48217" lon="2.86236">
        <ele>120.6</ele>
      </trkpt>
      <trkpt lat="39.48208" lon="2.86208">
        <ele>120.5</ele>
      </trkpt>
      <trkpt lat="39.48197" lon="2.86172">
        <ele>120.4</ele>
      </trkpt>
      <trkpt lat="39.48197" lon="2.8617">
        <ele>120.4</ele>
      </trkpt>
      <trkpt lat="39.48194" lon="2.8616">
        <ele>120.2</ele>
      </trkpt>
      <trkpt lat="39.48187" lon="2.86134">
        <ele>119.4</ele>
      </trkpt>
      <trkpt lat="39.48172" lon="2.86077">
        <ele>117.4</ele>
      </trkpt>
      <trkpt lat="39.48166" lon="2.86051">
        <ele>117.8</ele>
      </trkpt>
      <trkpt lat="39.48151" lon="2.85992">
        <ele>119.0</ele>
      </trkpt>
      <trkpt lat="39.4814" lon="2.85947">
        <ele>118.6</ele>
      </trkpt>
      <trkpt lat="39.48136" lon="2.85922">
        <ele>118.3</ele>
      </trkpt>
      <trkpt lat="39.48132" lon="2.85904">
        <ele>118.3</ele>
      </trkpt>
      <trkpt lat="39.48128" lon="2.85881">
        <ele>118.3</ele>
      </trkpt>
      <trkpt lat="39.48125" lon="2.85855">
        <ele>118.4</ele>
      </trkpt>
      <trkpt lat="39.48128" lon="2.85841">
        <ele>118.6</ele>
      </trkpt>
      <trkpt lat="39.48126" lon="2.85825">
        <ele>118.6</ele>
      </trkpt>
      <trkpt lat="39.48125" lon="2.85811">
        <ele>118.8</ele>
      </trkpt>
      <trkpt lat="39.48123" lon="2.85782">
        <ele>119.1</ele>
      </trkpt>
      <trkpt lat="39.48123" lon="2.85755">
        <ele>119.4</ele>
      </trkpt>
      <trkpt lat="39.48124" lon="2.85732">
        <ele>119.3</ele>
      </trkpt>
      <trkpt lat="39.48124" lon="2.85727">
        <ele>119.2</ele>
      </trkpt>
      <trkpt lat="39.48124" lon="2.85706">
        <ele>119.0</ele>
      </trkpt>
      <trkpt lat="39.48125" lon="2.85691">
        <ele>118.8</ele>
      </trkpt>
      <trkpt lat="39.48126" lon="2.85673">
        <ele>118.6</ele>
      </trkpt>
      <trkpt lat="39.48127" lon="2.85666">
        <ele>118.5</ele>
      </trkpt>
      <trkpt lat="39.48127" lon="2.85666">
        <ele>118.5</ele>
      </trkpt>
      <trkpt lat="39.48124" lon="2.85662">
        <ele>118.5</ele>
      </trkpt>
      <trkpt lat="39.48121" lon="2.85657">
        <ele>118.5</ele>
      </trkpt>
      <trkpt lat="39.48116" lon="2.85656">
        <ele>118.4</ele>
      </trkpt>
      <trkpt lat="39.48113" lon="2.85654">
        <ele>118.4</ele>
      </trkpt>
      <trkpt lat="39.48108" lon="2.85651">
        <ele>118.4</ele>
      </trkpt>
      <trkpt lat="39.48106" lon="2.85648">
        <ele>118.3</ele>
      </trkpt>
      <trkpt lat="39.48102" lon="2.85643">
        <ele>118.3</ele>
      </trkpt>
      <trkpt lat="39.48094" lon="2.85631">
        <ele>118.2</ele>
      </trkpt>
      <trkpt lat="39.48085" lon="2.85619">
        <ele>118.0</ele>
      </trkpt>
      <trkpt lat="39.48078" lon="2.85611">
        <ele>118.0</ele>
      </trkpt>
      <trkpt lat="39.48069" lon="2.856">
        <ele>117.9</ele>
      </trkpt>
      <trkpt lat="39.48056" lon="2.85585">
        <ele>117.7</ele>
      </trkpt>
      <trkpt lat="39.48046" lon="2.85574">
        <ele>117.6</ele>
      </trkpt>
      <trkpt lat="39.48033" lon="2.85559">
        <ele>117.6</ele>
      </trkpt>
      <trkpt lat="39.48028" lon="2.85555">
        <ele>117.6</ele>
      </trkpt>
      <trkpt lat="39.48022" lon="2.85549">
        <ele>117.6</ele>
      </trkpt>
      <trkpt lat="39.48019" lon="2.85547">
        <ele>117.6</ele>
      </trkpt>
      <trkpt lat="39.48014" lon="2.85542">
        <ele>117.6</ele>
      </trkpt>
      <trkpt lat="39.47999" lon="2.85531">
        <ele>117.6</ele>
      </trkpt>
      <trkpt lat="39.47966" lon="2.85508">
        <ele>117.5</ele>
      </trkpt>
      <trkpt lat="39.47953" lon="2.85498">
        <ele>117.4</ele>
      </trkpt>
      <trkpt lat="39.47947" lon="2.85494">
        <ele>117.2</ele>
      </trkpt>
      <trkpt lat="39.47938" lon="2.85487">
        <ele>117.0</ele>
      </trkpt>
      <trkpt lat="39.47931" lon="2.85482">
        <ele>116.8</ele>
      </trkpt>
      <trkpt lat="39.47926" lon="2.85479">
        <ele>116.6</ele>
      </trkpt>
      <trkpt lat="39.47922" lon="2.85476">
        <ele>116.5</ele>
      </trkpt>
      <trkpt lat="39.47906" lon="2.85464">
        <ele>116.3</ele>
      </trkpt>
      <trkpt lat="39.47891" lon="2.85452">
        <ele>116.2</ele>
      </trkpt>
      <trkpt lat="39.47884" lon="2.85448">
        <ele>116.1</ele>
      </trkpt>
      <trkpt lat="39.47875" lon="2.85441">
        <ele>116.1</ele>
      </trkpt>
      <trkpt lat="39.47869" lon="2.85436">
        <ele>116.0</ele>
      </trkpt>
      <trkpt lat="39.47859" lon="2.85429">
        <ele>115.9</ele>
      </trkpt>
      <trkpt lat="39.47853" lon="2.85425">
        <ele>115.9</ele>
      </trkpt>
      <trkpt lat="39.47844" lon="2.85418">
        <ele>115.8</ele>
      </trkpt>
      <trkpt lat="39.47842" lon="2.85416">
        <ele>115.8</ele>
      </trkpt>
      <trkpt lat="39.47841" lon="2.85416">
        <ele>115.8</ele>
      </trkpt>
      <trkpt lat="39.47837" lon="2.85413">
        <ele>115.8</ele>
      </trkpt>
      <trkpt lat="39.47833" lon="2.8541">
        <ele>115.8</ele>
      </trkpt>
      <trkpt lat="39.47825" lon="2.85404">
        <ele>115.7</ele>
      </trkpt>
      <trkpt lat="39.47824" lon="2.85403">
        <ele>115.7</ele>
      </trkpt>
      <trkpt lat="39.47813" lon="2.85395">
        <ele>115.7</ele>
      </trkpt>
      <trkpt lat="39.47812" lon="2.85394">
        <ele>115.7</ele>
      </trkpt>
      <trkpt lat="39.47797" lon="2.85383">
        <ele>115.4</ele>
      </trkpt>
      <trkpt lat="39.47797" lon="2.85383">
        <ele>115.4</ele>
      </trkpt>
      <trkpt lat="39.47809" lon="2.8536">
        <ele>115.1</ele>
      </trkpt>
      <trkpt lat="39.47818" lon="2.8534">
        <ele>114.9</ele>
      </trkpt>
      <trkpt lat="39.47828" lon="2.85321">
        <ele>114.9</ele>
      </trkpt>
      <trkpt lat="39.47833" lon="2.8531">
        <ele>115.0</ele>
      </trkpt>
      <trkpt lat="39.47838" lon="2.85301">
        <ele>114.9</ele>
      </trkpt>
      <trkpt lat="39.47867" lon="2.85236">
        <ele>114.4</ele>
      </trkpt>
      <trkpt lat="39.47878" lon="2.85211">
        <ele>114.6</ele>
      </trkpt>
      <trkpt lat="39.47886" lon="2.85188">
        <ele>114.9</ele>
      </trkpt>
      <trkpt lat="39.47896" lon="2.85157">
        <ele>115.3</ele>
      </trkpt>
      <trkpt lat="39.47896" lon="2.85157">
        <ele>115.3</ele>
      </trkpt>
      <trkpt lat="39.47923" lon="2.85072">
        <ele>115.9</ele>
      </trkpt>
      <trkpt lat="39.47925" lon="2.85066">
        <ele>115.9</ele>
      </trkpt>
      <trkpt lat="39.47928" lon="2.85056">
        <ele>115.9</ele>
      </trkpt>
      <trkpt lat="39.47936" lon="2.85028">
        <ele>115.8</ele>
      </trkpt>
      <trkpt lat="39.47938" lon="2.85022">
        <ele>115.7</ele>
      </trkpt>
      <trkpt lat="39.47944" lon="2.85">
        <ele>115.7</ele>
      </trkpt>
      <trkpt lat="39.47951" lon="2.84984">
        <ele>115.7</ele>
      </trkpt>
      <trkpt lat="39.47951" lon="2.84983">
        <ele>115.8</ele>
      </trkpt>
      <trkpt lat="39.47958" lon="2.84968">
        <ele>115.9</ele>
      </trkpt>
      <trkpt lat="39.47961" lon="2.84963">
        <ele>115.9</ele>
      </trkpt>
      <trkpt lat="39.47978" lon="2.84929">
        <ele>116.5</ele>
      </trkpt>
      <trkpt lat="39.4804" lon="2.84803">
        <ele>116.3</ele>
      </trkpt>
      <trkpt lat="39.48045" lon="2.84793">
        <ele>116.2</ele>
      </trkpt>
      <trkpt lat="39.48052" lon="2.84778">
        <ele>116.0</ele>
      </trkpt>
      <trkpt lat="39.48067" lon="2.84747">
        <ele>115.4</ele>
      </trkpt>
      <trkpt lat="39.48092" lon="2.84698">
        <ele>115.4</ele>
      </trkpt>
      <trkpt lat="39.48099" lon="2.84684">
        <ele>115.7</ele>
      </trkpt>
      <trkpt lat="39.48102" lon="2.84677">
        <ele>115.9</ele>
      </trkpt>
      <trkpt lat="39.48105" lon="2.84671">
        <ele>116.0</ele>
      </trkpt>
      <trkpt lat="39.48106" lon="2.84668">
        <ele>116.1</ele>
      </trkpt>
      <trkpt lat="39.48106" lon="2.84668">
        <ele>116.1</ele>
      </trkpt>
      <trkpt lat="39.48107" lon="2.84665">
        <ele>116.2</ele>
      </trkpt>
      <trkpt lat="39.48109" lon="2.84659">
        <ele>116.4</ele>
      </trkpt>
      <trkpt lat="39.4811" lon="2.84654">
        <ele>116.5</ele>
      </trkpt>
      <trkpt lat="39.48111" lon="2.84647">
        <ele>116.6</ele>
      </trkpt>
      <trkpt lat="39.48113" lon="2.84635">
        <ele>116.9</ele>
      </trkpt>
      <trkpt lat="39.48119" lon="2.8459">
        <ele>117.5</ele>
      </trkpt>
      <trkpt lat="39.4812" lon="2.84576">
        <ele>117.5</ele>
      </trkpt>
      <trkpt lat="39.48121" lon="2.84553">
        <ele>117.3</ele>
      </trkpt>
      <trkpt lat="39.48121" lon="2.8455">
        <ele>117.3</ele>
      </trkpt>
      <trkpt lat="39.48122" lon="2.84546">
        <ele>117.3</ele>
      </trkpt>
      <trkpt lat="39.48122" lon="2.84531">
        <ele>117.2</ele>
      </trkpt>
      <trkpt lat="39.48125" lon="2.8449">
        <ele>117.1</ele>
      </trkpt>
      <trkpt lat="39.48127" lon="2.84462">
        <ele>117.5</ele>
      </trkpt>
      <trkpt lat="39.48127" lon="2.8446">
        <ele>117.5</ele>
      </trkpt>
      <trkpt lat="39.48129" lon="2.84439">
        <ele>117.8</ele>
      </trkpt>
      <trkpt lat="39.48129" lon="2.84437">
        <ele>117.8</ele>
      </trkpt>
      <trkpt lat="39.48132" lon="2.84418">
        <ele>118.1</ele>
      </trkpt>
      <trkpt lat="39.48132" lon="2.84414">
        <ele>118.1</ele>
      </trkpt>
      <trkpt lat="39.48144" lon="2.84342">
        <ele>117.2</ele>
      </trkpt>
      <trkpt lat="39.48151" lon="2.84298">
        <ele>117.1</ele>
      </trkpt>
      <trkpt lat="39.48155" lon="2.84256">
        <ele>117.1</ele>
      </trkpt>
      <trkpt lat="39.48155" lon="2.84254">
        <ele>117.1</ele>
      </trkpt>
      <trkpt lat="39.48168" lon="2.84154">
        <ele>118.1</ele>
      </trkpt>
      <trkpt lat="39.48169" lon="2.84147">
        <ele>118.2</ele>
      </trkpt>
      <trkpt lat="39.48188" lon="2.84016">
        <ele>118.3</ele>
      </trkpt>
      <trkpt lat="39.48189" lon="2.84015">
        <ele>118.4</ele>
      </trkpt>
      <trkpt lat="39.48192" lon="2.83994">
        <ele>118.2</ele>
      </trkpt>
      <trkpt lat="39.48197" lon="2.83969">
        <ele>118.0</ele>
      </trkpt>
      <trkpt lat="39.48201" lon="2.83948">
        <ele>117.8</ele>
      </trkpt>
      <trkpt lat="39.4821" lon="2.83903">
        <ele>117.7</ele>
      </trkpt>
      <trkpt lat="39.48212" lon="2.83896">
        <ele>117.8</ele>
      </trkpt>
      <trkpt lat="39.48215" lon="2.83881">
        <ele>118.0</ele>
      </trkpt>
      <trkpt lat="39.48215" lon="2.83878">
        <ele>118.0</ele>
      </trkpt>
      <trkpt lat="39.48223" lon="2.83835">
        <ele>118.7</ele>
      </trkpt>
      <trkpt lat="39.48224" lon="2.83825">
        <ele>118.8</ele>
      </trkpt>
      <trkpt lat="39.48227" lon="2.83813">
        <ele>119.0</ele>
      </trkpt>
      <trkpt lat="39.4823" lon="2.8379">
        <ele>119.3</ele>
      </trkpt>
      <trkpt lat="39.48231" lon="2.83788">
        <ele>119.3</ele>
      </trkpt>
      <trkpt lat="39.48242" lon="2.83735">
        <ele>119.6</ele>
      </trkpt>
      <trkpt lat="39.48245" lon="2.83722">
        <ele>119.3</ele>
      </trkpt>
      <trkpt lat="39.4826" lon="2.83655">
        <ele>118.3</ele>
      </trkpt>
      <trkpt lat="39.4826" lon="2.83651">
        <ele>118.4</ele>
      </trkpt>
      <trkpt lat="39.48275" lon="2.83588">
        <ele>119.6</ele>
      </trkpt>
      <trkpt lat="39.48283" lon="2.83551">
        <ele>120.0</ele>
      </trkpt>
      <trkpt lat="39.4829" lon="2.83521">
        <ele>120.3</ele>
      </trkpt>
      <trkpt lat="39.48299" lon="2.83482">
        <ele>120.8</ele>
      </trkpt>
      <trkpt lat="39.48314" lon="2.83424">
        <ele>121.8</ele>
      </trkpt>
      <trkpt lat="39.48319" lon="2.83401">
        <ele>122.0</ele>
      </trkpt>
      <trkpt lat="39.48321" lon="2.83395">
        <ele>122.0</ele>
      </trkpt>
      <trkpt lat="39.48349" lon="2.83292">
        <ele>122.7</ele>
      </trkpt>
      <trkpt lat="39.48353" lon="2.83279">
        <ele>122.9</ele>
      </trkpt>
      <trkpt lat="39.48371" lon="2.83222">
        <ele>123.5</ele>
      </trkpt>
      <trkpt lat="39.48384" lon="2.83181">
        <ele>123.4</ele>
      </trkpt>
      <trkpt lat="39.48402" lon="2.83135">
        <ele>123.5</ele>
      </trkpt>
      <trkpt lat="39.48423" lon="2.83083">
        <ele>123.9</ele>
      </trkpt>
      <trkpt lat="39.48441" lon="2.8304">
        <ele>123.9</ele>
      </trkpt>
      <trkpt lat="39.48455" lon="2.8301">
        <ele>123.9</ele>
      </trkpt>
      <trkpt lat="39.4847" lon="2.82982">
        <ele>123.9</ele>
      </trkpt>
      <trkpt lat="39.48482" lon="2.82962">
        <ele>123.9</ele>
      </trkpt>
      <trkpt lat="39.48484" lon="2.82957">
        <ele>123.9</ele>
      </trkpt>
      <trkpt lat="39.48487" lon="2.82952">
        <ele>123.9</ele>
      </trkpt>
      <trkpt lat="39.48496" lon="2.82936">
        <ele>124.0</ele>
      </trkpt>
      <trkpt lat="39.48501" lon="2.82925">
        <ele>124.0</ele>
      </trkpt>
      <trkpt lat="39.48518" lon="2.82889">
        <ele>125.4</ele>
      </trkpt>
      <trkpt lat="39.4852" lon="2.82886">
        <ele>125.5</ele>
      </trkpt>
      <trkpt lat="39.4853" lon="2.82865">
        <ele>126.5</ele>
      </trkpt>
      <trkpt lat="39.48535" lon="2.8285">
        <ele>127.2</ele>
      </trkpt>
      <trkpt lat="39.48537" lon="2.82844">
        <ele>127.5</ele>
      </trkpt>
      <trkpt lat="39.48538" lon="2.82839">
        <ele>127.7</ele>
      </trkpt>
      <trkpt lat="39.48542" lon="2.82823">
        <ele>127.8</ele>
      </trkpt>
      <trkpt lat="39.48544" lon="2.82804">
        <ele>127.6</ele>
      </trkpt>
      <trkpt lat="39.48544" lon="2.82793">
        <ele>127.4</ele>
      </trkpt>
      <trkpt lat="39.48543" lon="2.82778">
        <ele>127.1</ele>
      </trkpt>
      <trkpt lat="39.48542" lon="2.82776">
        <ele>127.0</ele>
      </trkpt>
      <trkpt lat="39.48538" lon="2.82756">
        <ele>126.4</ele>
      </trkpt>
      <trkpt lat="39.48538" lon="2.82753">
        <ele>126.3</ele>
      </trkpt>
      <trkpt lat="39.48534" lon="2.82737">
        <ele>125.8</ele>
      </trkpt>
      <trkpt lat="39.48532" lon="2.82731">
        <ele>125.6</ele>
      </trkpt>
      <trkpt lat="39.48532" lon="2.82728">
        <ele>125.5</ele>
      </trkpt>
      <trkpt lat="39.48532" lon="2.82719">
        <ele>125.3</ele>
      </trkpt>
      <trkpt lat="39.48533" lon="2.82712">
        <ele>125.2</ele>
      </trkpt>
      <trkpt lat="39.48534" lon="2.82708">
        <ele>125.2</ele>
      </trkpt>
      <trkpt lat="39.48536" lon="2.82705">
        <ele>125.3</ele>
      </trkpt>
      <trkpt lat="39.48539" lon="2.827">
        <ele>125.4</ele>
      </trkpt>
      <trkpt lat="39.48546" lon="2.8269">
        <ele>125.7</ele>
      </trkpt>
      <trkpt lat="39.48546" lon="2.8269">
        <ele>125.7</ele>
      </trkpt>
      <trkpt lat="39.48546" lon="2.82693">
        <ele>125.8</ele>
      </trkpt>
      <trkpt lat="39.48547" lon="2.82695">
        <ele>125.9</ele>
      </trkpt>
      <trkpt lat="39.48548" lon="2.82696">
        <ele>126.0</ele>
      </trkpt>
      <trkpt lat="39.48548" lon="2.82698">
        <ele>126.0</ele>
      </trkpt>
      <trkpt lat="39.48549" lon="2.82699">
        <ele>126.1</ele>
      </trkpt>
      <trkpt lat="39.4855" lon="2.827">
        <ele>126.2</ele>
      </trkpt>
      <trkpt lat="39.48551" lon="2.82701">
        <ele>126.2</ele>
      </trkpt>
      <trkpt lat="39.48552" lon="2.82702">
        <ele>126.3</ele>
      </trkpt>
      <trkpt lat="39.48553" lon="2.82703">
        <ele>126.4</ele>
      </trkpt>
      <trkpt lat="39.48554" lon="2.82704">
        <ele>126.5</ele>
      </trkpt>
      <trkpt lat="39.48555" lon="2.82705">
        <ele>126.6</ele>
      </trkpt>
      <trkpt lat="39.48556" lon="2.82706">
        <ele>126.7</ele>
      </trkpt>
      <trkpt lat="39.48558" lon="2.82706">
        <ele>126.8</ele>
      </trkpt>
      <trkpt lat="39.48559" lon="2.82707">
        <ele>126.9</ele>
      </trkpt>
      <trkpt lat="39.4856" lon="2.82707">
        <ele>126.9</ele>
      </trkpt>
      <trkpt lat="39.48561" lon="2.82707">
        <ele>127.0</ele>
      </trkpt>
      <trkpt lat="39.48563" lon="2.82707">
        <ele>127.1</ele>
      </trkpt>
      <trkpt lat="39.48564" lon="2.82707">
        <ele>127.2</ele>
      </trkpt>
      <trkpt lat="39.48565" lon="2.82707">
        <ele>127.3</ele>
      </trkpt>
      <trkpt lat="39.48566" lon="2.82706">
        <ele>127.3</ele>
      </trkpt>
      <trkpt lat="39.48568" lon="2.82706">
        <ele>127.5</ele>
      </trkpt>
      <trkpt lat="39.48569" lon="2.82705">
        <ele>127.5</ele>
      </trkpt>
      <trkpt lat="39.4857" lon="2.82704">
        <ele>127.6</ele>
      </trkpt>
      <trkpt lat="39.48571" lon="2.82704">
        <ele>127.6</ele>
      </trkpt>
      <trkpt lat="39.48572" lon="2.82703">
        <ele>127.7</ele>
      </trkpt>
      <trkpt lat="39.48573" lon="2.82702">
        <ele>127.7</ele>
      </trkpt>
      <trkpt lat="39.48574" lon="2.82701">
        <ele>127.8</ele>
      </trkpt>
      <trkpt lat="39.48575" lon="2.82699">
        <ele>127.8</ele>
      </trkpt>
      <trkpt lat="39.48576" lon="2.82698">
        <ele>127.9</ele>
      </trkpt>
      <trkpt lat="39.48577" lon="2.82696">
        <ele>127.9</ele>
      </trkpt>
      <trkpt lat="39.48577" lon="2.82694">
        <ele>127.9</ele>
      </trkpt>
      <trkpt lat="39.48578" lon="2.82693">
        <ele>128.0</ele>
      </trkpt>
      <trkpt lat="39.48578" lon="2.82691">
        <ele>127.9</ele>
      </trkpt>
      <trkpt lat="39.48578" lon="2.8269">
        <ele>127.9</ele>
      </trkpt>
      <trkpt lat="39.48579" lon="2.82688">
        <ele>128.0</ele>
      </trkpt>
      <trkpt lat="39.48579" lon="2.82687">
        <ele>127.9</ele>
      </trkpt>
      <trkpt lat="39.48579" lon="2.82685">
        <ele>127.9</ele>
      </trkpt>
      <trkpt lat="39.48579" lon="2.82684">
        <ele>127.9</ele>
      </trkpt>
      <trkpt lat="39.48578" lon="2.82682">
        <ele>127.8</ele>
      </trkpt>
      <trkpt lat="39.48578" lon="2.8268">
        <ele>127.8</ele>
      </trkpt>
      <trkpt lat="39.48578" lon="2.82679">
        <ele>127.8</ele>
      </trkpt>
      <trkpt lat="39.48577" lon="2.82677">
        <ele>127.7</ele>
      </trkpt>
      <trkpt lat="39.48577" lon="2.82676">
        <ele>127.7</ele>
      </trkpt>
      <trkpt lat="39.48576" lon="2.82675">
        <ele>127.6</ele>
      </trkpt>
      <trkpt lat="39.48576" lon="2.82673">
        <ele>127.6</ele>
      </trkpt>
      <trkpt lat="39.48575" lon="2.82672">
        <ele>127.5</ele>
      </trkpt>
      <trkpt lat="39.48574" lon="2.82671">
        <ele>127.4</ele>
      </trkpt>
      <trkpt lat="39.48573" lon="2.8267">
        <ele>127.3</ele>
      </trkpt>
      <trkpt lat="39.48572" lon="2.82668">
        <ele>127.2</ele>
      </trkpt>
      <trkpt lat="39.48571" lon="2.82667">
        <ele>127.1</ele>
      </trkpt>
      <trkpt lat="39.4857" lon="2.82666">
        <ele>127.0</ele>
      </trkpt>
      <trkpt lat="39.48569" lon="2.82666">
        <ele>127.0</ele>
      </trkpt>
      <trkpt lat="39.48568" lon="2.82665">
        <ele>126.9</ele>
      </trkpt>
      <trkpt lat="39.48567" lon="2.82664">
        <ele>126.8</ele>
      </trkpt>
      <trkpt lat="39.48565" lon="2.82664">
        <ele>126.7</ele>
      </trkpt>
      <trkpt lat="39.48564" lon="2.82664">
        <ele>126.6</ele>
      </trkpt>
      <trkpt lat="39.48563" lon="2.82664">
        <ele>126.6</ele>
      </trkpt>
      <trkpt lat="39.48562" lon="2.82664">
        <ele>126.5</ele>
      </trkpt>
      <trkpt lat="39.48561" lon="2.82664">
        <ele>126.4</ele>
      </trkpt>
      <trkpt lat="39.48566" lon="2.8265">
        <ele>126.8</ele>
      </trkpt>
      <trkpt lat="39.48569" lon="2.82646">
        <ele>127.0</ele>
      </trkpt>
      <trkpt lat="39.48571" lon="2.82644">
        <ele>127.1</ele>
      </trkpt>
      <trkpt lat="39.48573" lon="2.82642">
        <ele>127.2</ele>
      </trkpt>
      <trkpt lat="39.48576" lon="2.82639">
        <ele>127.3</ele>
      </trkpt>
      <trkpt lat="39.4858" lon="2.82637">
        <ele>127.5</ele>
      </trkpt>
      <trkpt lat="39.48589" lon="2.82633">
        <ele>127.7</ele>
      </trkpt>
      <trkpt lat="39.48605" lon="2.8263">
        <ele>127.8</ele>
      </trkpt>
      <trkpt lat="39.48608" lon="2.8263">
        <ele>127.9</ele>
      </trkpt>
      <trkpt lat="39.48611" lon="2.82629">
        <ele>127.9</ele>
      </trkpt>
      <trkpt lat="39.48623" lon="2.82628">
        <ele>128.0</ele>
      </trkpt>
      <trkpt lat="39.48626" lon="2.82627">
        <ele>128.0</ele>
      </trkpt>
      <trkpt lat="39.48632" lon="2.82625">
        <ele>128.1</ele>
      </trkpt>
      <trkpt lat="39.48639" lon="2.82621">
        <ele>128.1</ele>
      </trkpt>
      <trkpt lat="39.48647" lon="2.82615">
        <ele>128.1</ele>
      </trkpt>
      <trkpt lat="39.48655" lon="2.82608">
        <ele>128.2</ele>
      </trkpt>
      <trkpt lat="39.48661" lon="2.82603">
        <ele>128.2</ele>
      </trkpt>
      <trkpt lat="39.48668" lon="2.82596">
        <ele>128.2</ele>
      </trkpt>
      <trkpt lat="39.48675" lon="2.82586">
        <ele>128.0</ele>
      </trkpt>
      <trkpt lat="39.48685" lon="2.82571">
        <ele>128.1</ele>
      </trkpt>
      <trkpt lat="39.48695" lon="2.82555">
        <ele>128.0</ele>
      </trkpt>
      <trkpt lat="39.48704" lon="2.82538">
        <ele>127.8</ele>
      </trkpt>
      <trkpt lat="39.48712" lon="2.82522">
        <ele>127.5</ele>
      </trkpt>
      <trkpt lat="39.48712" lon="2.8252">
        <ele>127.5</ele>
      </trkpt>
      <trkpt lat="39.4872" lon="2.82499">
        <ele>127.1</ele>
      </trkpt>
      <trkpt lat="39.48722" lon="2.82495">
        <ele>127.0</ele>
      </trkpt>
      <trkpt lat="39.48724" lon="2.8249">
        <ele>126.9</ele>
      </trkpt>
      <trkpt lat="39.48726" lon="2.82485">
        <ele>126.7</ele>
      </trkpt>
      <trkpt lat="39.48726" lon="2.82485">
        <ele>126.7</ele>
      </trkpt>
      <trkpt lat="39.48731" lon="2.82471">
        <ele>126.4</ele>
      </trkpt>
      <trkpt lat="39.48744" lon="2.82432">
        <ele>125.5</ele>
      </trkpt>
      <trkpt lat="39.48753" lon="2.82395">
        <ele>125.1</ele>
      </trkpt>
      <trkpt lat="39.48759" lon="2.82369">
        <ele>125.1</ele>
      </trkpt>
      <trkpt lat="39.48769" lon="2.82324">
        <ele>125.3</ele>
      </trkpt>
      <trkpt lat="39.4877" lon="2.82321">
        <ele>125.4</ele>
      </trkpt>
      <trkpt lat="39.48774" lon="2.82302">
        <ele>125.9</ele>
      </trkpt>
      <trkpt lat="39.48777" lon="2.82283">
        <ele>126.4</ele>
      </trkpt>
      <trkpt lat="39.48778" lon="2.82279">
        <ele>126.5</ele>
      </trkpt>
      <trkpt lat="39.4878" lon="2.82256">
        <ele>127.1</ele>
      </trkpt>
      <trkpt lat="39.48782" lon="2.82247">
        <ele>127.2</ele>
      </trkpt>
      <trkpt lat="39.48783" lon="2.82233">
        <ele>126.9</ele>
      </trkpt>
      <trkpt lat="39.48785" lon="2.82213">
        <ele>126.5</ele>
      </trkpt>
      <trkpt lat="39.48789" lon="2.82162">
        <ele>125.5</ele>
      </trkpt>
      <trkpt lat="39.48789" lon="2.8214">
        <ele>125.4</ele>
      </trkpt>
      <trkpt lat="39.48789" lon="2.82124">
        <ele>125.3</ele>
      </trkpt>
      <trkpt lat="39.48789" lon="2.82117">
        <ele>125.2</ele>
      </trkpt>
      <trkpt lat="39.48788" lon="2.82081">
        <ele>125.0</ele>
      </trkpt>
      <trkpt lat="39.48786" lon="2.82011">
        <ele>125.4</ele>
      </trkpt>
      <trkpt lat="39.48786" lon="2.81933">
        <ele>124.7</ele>
      </trkpt>
      <trkpt lat="39.48788" lon="2.81864">
        <ele>124.5</ele>
      </trkpt>
      <trkpt lat="39.48788" lon="2.81861">
        <ele>124.5</ele>
      </trkpt>
      <trkpt lat="39.48794" lon="2.81768">
        <ele>124.1</ele>
      </trkpt>
      <trkpt lat="39.48798" lon="2.81688">
        <ele>123.3</ele>
      </trkpt>
      <trkpt lat="39.48806" lon="2.81577">
        <ele>123.7</ele>
      </trkpt>
      <trkpt lat="39.48812" lon="2.81521">
        <ele>123.9</ele>
      </trkpt>
      <trkpt lat="39.48814" lon="2.8149">
        <ele>124.1</ele>
      </trkpt>
      <trkpt lat="39.48816" lon="2.8146">
        <ele>124.5</ele>
      </trkpt>
      <trkpt lat="39.48817" lon="2.81426">
        <ele>124.9</ele>
      </trkpt>
      <trkpt lat="39.48818" lon="2.81414">
        <ele>125.0</ele>
      </trkpt>
      <trkpt lat="39.48818" lon="2.8139">
        <ele>125.0</ele>
      </trkpt>
      <trkpt lat="39.48819" lon="2.81367">
        <ele>125.0</ele>
      </trkpt>
      <trkpt lat="39.4882" lon="2.81297">
        <ele>125.0</ele>
      </trkpt>
      <trkpt lat="39.48821" lon="2.81274">
        <ele>125.0</ele>
      </trkpt>
      <trkpt lat="39.48822" lon="2.81209">
        <ele>125.4</ele>
      </trkpt>
      <trkpt lat="39.48822" lon="2.81204">
        <ele>125.4</ele>
      </trkpt>
      <trkpt lat="39.48824" lon="2.81162">
        <ele>125.8</ele>
      </trkpt>
      <trkpt lat="39.48828" lon="2.81124">
        <ele>126.4</ele>
      </trkpt>
      <trkpt lat="39.48829" lon="2.81111">
        <ele>126.5</ele>
      </trkpt>
      <trkpt lat="39.4883" lon="2.81105">
        <ele>126.6</ele>
      </trkpt>
      <trkpt lat="39.48832" lon="2.81088">
        <ele>126.9</ele>
      </trkpt>
      <trkpt lat="39.48833" lon="2.81075">
        <ele>126.9</ele>
      </trkpt>
      <trkpt lat="39.48834" lon="2.81038">
        <ele>126.5</ele>
      </trkpt>
      <trkpt lat="39.48835" lon="2.80999">
        <ele>126.0</ele>
      </trkpt>
      <trkpt lat="39.48833" lon="2.80928">
        <ele>125.1</ele>
      </trkpt>
      <trkpt lat="39.48833" lon="2.80925">
        <ele>125.1</ele>
      </trkpt>
      <trkpt lat="39.48832" lon="2.80875">
        <ele>125.0</ele>
      </trkpt>
      <trkpt lat="39.48837" lon="2.80793">
        <ele>124.0</ele>
      </trkpt>
      <trkpt lat="39.48841" lon="2.80767">
        <ele>123.4</ele>
      </trkpt>
      <trkpt lat="39.48842" lon="2.80754">
        <ele>123.1</ele>
      </trkpt>
      <trkpt lat="39.4885" lon="2.80709">
        <ele>123.0</ele>
      </trkpt>
      <trkpt lat="39.48851" lon="2.80707">
        <ele>123.0</ele>
      </trkpt>
      <trkpt lat="39.48853" lon="2.80695">
        <ele>123.0</ele>
      </trkpt>
      <trkpt lat="39.48858" lon="2.80678">
        <ele>123.0</ele>
      </trkpt>
      <trkpt lat="39.48866" lon="2.80648">
        <ele>123.1</ele>
      </trkpt>
      <trkpt lat="39.48877" lon="2.80608">
        <ele>123.4</ele>
      </trkpt>
      <trkpt lat="39.48879" lon="2.80601">
        <ele>123.4</ele>
      </trkpt>
      <trkpt lat="39.48879" lon="2.80599">
        <ele>123.4</ele>
      </trkpt>
      <trkpt lat="39.4888" lon="2.80595">
        <ele>123.5</ele>
      </trkpt>
      <trkpt lat="39.4888" lon="2.80589">
        <ele>123.5</ele>
      </trkpt>
      <trkpt lat="39.4888" lon="2.80584">
        <ele>123.6</ele>
      </trkpt>
      <trkpt lat="39.48879" lon="2.80578">
        <ele>123.5</ele>
      </trkpt>
      <trkpt lat="39.48877" lon="2.80571">
        <ele>123.4</ele>
      </trkpt>
      <trkpt lat="39.48873" lon="2.80562">
        <ele>123.4</ele>
      </trkpt>
      <trkpt lat="39.48871" lon="2.80556">
        <ele>123.3</ele>
      </trkpt>
      <trkpt lat="39.4887" lon="2.80551">
        <ele>123.3</ele>
      </trkpt>
      <trkpt lat="39.4887" lon="2.80546">
        <ele>123.2</ele>
      </trkpt>
      <trkpt lat="39.4887" lon="2.80541">
        <ele>123.2</ele>
      </trkpt>
      <trkpt lat="39.48871" lon="2.80536">
        <ele>123.2</ele>
      </trkpt>
      <trkpt lat="39.48872" lon="2.80532">
        <ele>123.2</ele>
      </trkpt>
      <trkpt lat="39.48875" lon="2.80524">
        <ele>123.1</ele>
      </trkpt>
      <trkpt lat="39.4888" lon="2.80511">
        <ele>123.1</ele>
      </trkpt>
      <trkpt lat="39.48883" lon="2.80505">
        <ele>123.0</ele>
      </trkpt>
      <trkpt lat="39.48889" lon="2.80491">
        <ele>123.1</ele>
      </trkpt>
      <trkpt lat="39.48899" lon="2.80465">
        <ele>123.4</ele>
      </trkpt>
      <trkpt lat="39.48903" lon="2.80458">
        <ele>123.5</ele>
      </trkpt>
      <trkpt lat="39.48906" lon="2.80453">
        <ele>123.6</ele>
      </trkpt>
      <trkpt lat="39.48909" lon="2.80449">
        <ele>123.6</ele>
      </trkpt>
      <trkpt lat="39.48912" lon="2.80445">
        <ele>123.7</ele>
      </trkpt>
      <trkpt lat="39.48917" lon="2.80441">
        <ele>123.7</ele>
      </trkpt>
      <trkpt lat="39.48921" lon="2.80438">
        <ele>123.7</ele>
      </trkpt>
      <trkpt lat="39.48925" lon="2.80436">
        <ele>123.7</ele>
      </trkpt>
      <trkpt lat="39.48929" lon="2.80435">
        <ele>123.7</ele>
      </trkpt>
      <trkpt lat="39.48946" lon="2.80433">
        <ele>123.6</ele>
      </trkpt>
      <trkpt lat="39.48947" lon="2.80433">
        <ele>123.6</ele>
      </trkpt>
      <trkpt lat="39.48952" lon="2.80432">
        <ele>123.5</ele>
      </trkpt>
      <trkpt lat="39.48956" lon="2.8043">
        <ele>123.5</ele>
      </trkpt>
      <trkpt lat="39.4896" lon="2.80428">
        <ele>123.5</ele>
      </trkpt>
      <trkpt lat="39.48961" lon="2.80427">
        <ele>123.5</ele>
      </trkpt>
      <trkpt lat="39.48963" lon="2.80425">
        <ele>123.5</ele>
      </trkpt>
      <trkpt lat="39.48964" lon="2.80424">
        <ele>123.4</ele>
      </trkpt>
      <trkpt lat="39.48967" lon="2.80421">
        <ele>123.4</ele>
      </trkpt>
      <trkpt lat="39.4897" lon="2.80417">
        <ele>123.4</ele>
      </trkpt>
      <trkpt lat="39.48975" lon="2.80407">
        <ele>123.6</ele>
      </trkpt>
      <trkpt lat="39.48985" lon="2.80388">
        <ele>123.9</ele>
      </trkpt>
      <trkpt lat="39.48987" lon="2.80384">
        <ele>124.0</ele>
      </trkpt>
      <trkpt lat="39.49006" lon="2.8035">
        <ele>124.5</ele>
      </trkpt>
      <trkpt lat="39.49008" lon="2.80347">
        <ele>124.6</ele>
      </trkpt>
      <trkpt lat="39.49011" lon="2.80342">
        <ele>124.7</ele>
      </trkpt>
      <trkpt lat="39.49015" lon="2.80334">
        <ele>124.8</ele>
      </trkpt>
      <trkpt lat="39.49027" lon="2.80313">
        <ele>124.7</ele>
      </trkpt>
      <trkpt lat="39.49031" lon="2.80306">
        <ele>124.6</ele>
      </trkpt>
      <trkpt lat="39.49062" lon="2.80245">
        <ele>123.0</ele>
      </trkpt>
      <trkpt lat="39.49066" lon="2.80235">
        <ele>122.7</ele>
      </trkpt>
      <trkpt lat="39.49099" lon="2.80152">
        <ele>120.8</ele>
      </trkpt>
      <trkpt lat="39.491" lon="2.80149">
        <ele>120.8</ele>
      </trkpt>
      <trkpt lat="39.49108" lon="2.80128">
        <ele>120.7</ele>
      </trkpt>
      <trkpt lat="39.49115" lon="2.8011">
        <ele>120.7</ele>
      </trkpt>
      <trkpt lat="39.49134" lon="2.80058">
        <ele>119.9</ele>
      </trkpt>
      <trkpt lat="39.49154" lon="2.79998">
        <ele>118.5</ele>
      </trkpt>
      <trkpt lat="39.49158" lon="2.79982">
        <ele>118.3</ele>
      </trkpt>
      <trkpt lat="39.49159" lon="2.79979">
        <ele>118.3</ele>
      </trkpt>
      <trkpt lat="39.49164" lon="2.7996">
        <ele>118.1</ele>
      </trkpt>
      <trkpt lat="39.49166" lon="2.79952">
        <ele>118.0</ele>
      </trkpt>
      <trkpt lat="39.49169" lon="2.79937">
        <ele>117.9</ele>
      </trkpt>
      <trkpt lat="39.49179" lon="2.79893">
        <ele>117.5</ele>
      </trkpt>
      <trkpt lat="39.49193" lon="2.79829">
        <ele>116.6</ele>
      </trkpt>
      <trkpt lat="39.4921" lon="2.79759">
        <ele>113.2</ele>
      </trkpt>
      <trkpt lat="39.4921" lon="2.79756">
        <ele>113.1</ele>
      </trkpt>
      <trkpt lat="39.49215" lon="2.79736">
        <ele>112.1</ele>
      </trkpt>
      <trkpt lat="39.49225" lon="2.79692">
        <ele>110.5</ele>
      </trkpt>
      <trkpt lat="39.49234" lon="2.79653">
        <ele>109.4</ele>
      </trkpt>
      <trkpt lat="39.49241" lon="2.79625">
        <ele>108.8</ele>
      </trkpt>
      <trkpt lat="39.49241" lon="2.79622">
        <ele>108.7</ele>
      </trkpt>
      <trkpt lat="39.49261" lon="2.79535">
        <ele>105.9</ele>
      </trkpt>
      <trkpt lat="39.49266" lon="2.79513">
        <ele>105.1</ele>
      </trkpt>
      <trkpt lat="39.49267" lon="2.7951">
        <ele>104.9</ele>
      </trkpt>
      <trkpt lat="39.49272" lon="2.79491">
        <ele>104.2</ele>
      </trkpt>
      <trkpt lat="39.49287" lon="2.79424">
        <ele>102.2</ele>
      </trkpt>
      <trkpt lat="39.49308" lon="2.79331">
        <ele>98.9</ele>
      </trkpt>
      <trkpt lat="39.4931" lon="2.79322">
        <ele>98.7</ele>
      </trkpt>
      <trkpt lat="39.49312" lon="2.79312">
        <ele>98.6</ele>
      </trkpt>
      <trkpt lat="39.49313" lon="2.79309">
        <ele>98.5</ele>
      </trkpt>
      <trkpt lat="39.49317" lon="2.79289">
        <ele>98.3</ele>
      </trkpt>
      <trkpt lat="39.49328" lon="2.79245">
        <ele>97.8</ele>
      </trkpt>
      <trkpt lat="39.49329" lon="2.79242">
        <ele>97.6</ele>
      </trkpt>
      <trkpt lat="39.49333" lon="2.79222">
        <ele>96.7</ele>
      </trkpt>
      <trkpt lat="39.49349" lon="2.79156">
        <ele>93.8</ele>
      </trkpt>
      <trkpt lat="39.49354" lon="2.79133">
        <ele>93.3</ele>
      </trkpt>
      <trkpt lat="39.49355" lon="2.7913">
        <ele>93.2</ele>
      </trkpt>
      <trkpt lat="39.49359" lon="2.79111">
        <ele>92.9</ele>
      </trkpt>
      <trkpt lat="39.49365" lon="2.79089">
        <ele>92.5</ele>
      </trkpt>
      <trkpt lat="39.49365" lon="2.79086">
        <ele>92.4</ele>
      </trkpt>
      <trkpt lat="39.49367" lon="2.79077">
        <ele>92.0</ele>
      </trkpt>
      <trkpt lat="39.4937" lon="2.79066">
        <ele>91.2</ele>
      </trkpt>
      <trkpt lat="39.49375" lon="2.7904">
        <ele>89.4</ele>
      </trkpt>
      <trkpt lat="39.49379" lon="2.79019">
        <ele>87.8</ele>
      </trkpt>
      <trkpt lat="39.49379" lon="2.79018">
        <ele>87.8</ele>
      </trkpt>
      <trkpt lat="39.49382" lon="2.78992">
        <ele>86.1</ele>
      </trkpt>
      <trkpt lat="39.49383" lon="2.78984">
        <ele>85.8</ele>
      </trkpt>
      <trkpt lat="39.49385" lon="2.78975">
        <ele>85.4</ele>
      </trkpt>
      <trkpt lat="39.49386" lon="2.78967">
        <ele>85.1</ele>
      </trkpt>
      <trkpt lat="39.49388" lon="2.78959">
        <ele>84.7</ele>
      </trkpt>
      <trkpt lat="39.49393" lon="2.78937">
        <ele>83.7</ele>
      </trkpt>
      <trkpt lat="39.49394" lon="2.78934">
        <ele>83.5</ele>
      </trkpt>
      <trkpt lat="39.49397" lon="2.78922">
        <ele>82.9</ele>
      </trkpt>
      <trkpt lat="39.49399" lon="2.78918">
        <ele>82.7</ele>
      </trkpt>
      <trkpt lat="39.494" lon="2.78915">
        <ele>82.5</ele>
      </trkpt>
      <trkpt lat="39.49403" lon="2.7891">
        <ele>82.1</ele>
      </trkpt>
      <trkpt lat="39.49409" lon="2.78894">
        <ele>81.0</ele>
      </trkpt>
      <trkpt lat="39.49413" lon="2.78884">
        <ele>80.2</ele>
      </trkpt>
      <trkpt lat="39.49417" lon="2.78869">
        <ele>79.1</ele>
      </trkpt>
      <trkpt lat="39.49421" lon="2.78852">
        <ele>78.2</ele>
      </trkpt>
      <trkpt lat="39.49422" lon="2.78847">
        <ele>77.9</ele>
      </trkpt>
      <trkpt lat="39.49423" lon="2.78845">
        <ele>77.8</ele>
      </trkpt>
      <trkpt lat="39.49437" lon="2.7878">
        <ele>77.2</ele>
      </trkpt>
      <trkpt lat="39.49438" lon="2.78779">
        <ele>77.2</ele>
      </trkpt>
      <trkpt lat="39.49442" lon="2.78758">
        <ele>77.1</ele>
      </trkpt>
      <trkpt lat="39.49446" lon="2.78741">
        <ele>77.0</ele>
      </trkpt>
      <trkpt lat="39.49448" lon="2.78735">
        <ele>76.9</ele>
      </trkpt>
      <trkpt lat="39.4945" lon="2.78723">
        <ele>76.9</ele>
      </trkpt>
      <trkpt lat="39.49453" lon="2.78712">
        <ele>76.8</ele>
      </trkpt>
      <trkpt lat="39.49453" lon="2.7871">
        <ele>76.8</ele>
      </trkpt>
      <trkpt lat="39.49468" lon="2.78645">
        <ele>76.3</ele>
      </trkpt>
      <trkpt lat="39.49472" lon="2.78631">
        <ele>76.2</ele>
      </trkpt>
      <trkpt lat="39.49472" lon="2.78629">
        <ele>76.2</ele>
      </trkpt>
      <trkpt lat="39.49473" lon="2.78624">
        <ele>76.2</ele>
      </trkpt>
      <trkpt lat="39.49484" lon="2.7858">
        <ele>76.0</ele>
      </trkpt>
      <trkpt lat="39.49489" lon="2.78563">
        <ele>75.7</ele>
      </trkpt>
      <trkpt lat="39.4949" lon="2.78559">
        <ele>75.7</ele>
      </trkpt>
      <trkpt lat="39.4949" lon="2.78558">
        <ele>75.7</ele>
      </trkpt>
      <trkpt lat="39.49491" lon="2.78554">
        <ele>75.6</ele>
      </trkpt>
      <trkpt lat="39.49512" lon="2.78461">
        <ele>74.7</ele>
      </trkpt>
      <trkpt lat="39.49515" lon="2.78446">
        <ele>74.5</ele>
      </trkpt>
      <trkpt lat="39.49516" lon="2.78445">
        <ele>74.5</ele>
      </trkpt>
      <trkpt lat="39.49532" lon="2.78371">
        <ele>72.9</ele>
      </trkpt>
      <trkpt lat="39.49535" lon="2.78356">
        <ele>72.5</ele>
      </trkpt>
      <trkpt lat="39.4954" lon="2.78334">
        <ele>72.0</ele>
      </trkpt>
      <trkpt lat="39.4954" lon="2.78333">
        <ele>72.0</ele>
      </trkpt>
      <trkpt lat="39.49541" lon="2.78333">
        <ele>72.0</ele>
      </trkpt>
      <trkpt lat="39.49551" lon="2.78288">
        <ele>71.2</ele>
      </trkpt>
      <trkpt lat="39.49554" lon="2.78274">
        <ele>71.0</ele>
      </trkpt>
      <trkpt lat="39.49568" lon="2.78222">
        <ele>69.4</ele>
      </trkpt>
      <trkpt lat="39.49582" lon="2.78177">
        <ele>67.5</ele>
      </trkpt>
      <trkpt lat="39.49583" lon="2.78174">
        <ele>67.3</ele>
      </trkpt>
      <trkpt lat="39.49589" lon="2.78155">
        <ele>66.7</ele>
      </trkpt>
      <trkpt lat="39.4959" lon="2.78152">
        <ele>66.6</ele>
      </trkpt>
      <trkpt lat="39.496" lon="2.78119">
        <ele>65.6</ele>
      </trkpt>
      <trkpt lat="39.49607" lon="2.78097">
        <ele>64.8</ele>
      </trkpt>
      <trkpt lat="39.49615" lon="2.78066">
        <ele>64.5</ele>
      </trkpt>
      <trkpt lat="39.49626" lon="2.78021">
        <ele>64.9</ele>
      </trkpt>
      <trkpt lat="39.4963" lon="2.78001">
        <ele>65.0</ele>
      </trkpt>
      <trkpt lat="39.49631" lon="2.77998">
        <ele>65.0</ele>
      </trkpt>
      <trkpt lat="39.49636" lon="2.7798">
        <ele>64.7</ele>
      </trkpt>
      <trkpt lat="39.49641" lon="2.77953">
        <ele>64.3</ele>
      </trkpt>
      <trkpt lat="39.49642" lon="2.77943">
        <ele>64.1</ele>
      </trkpt>
      <trkpt lat="39.49645" lon="2.77931">
        <ele>64.0</ele>
      </trkpt>
      <trkpt lat="39.49647" lon="2.7792">
        <ele>63.8</ele>
      </trkpt>
      <trkpt lat="39.49649" lon="2.77908">
        <ele>63.6</ele>
      </trkpt>
      <trkpt lat="39.49651" lon="2.77898">
        <ele>63.5</ele>
      </trkpt>
      <trkpt lat="39.49652" lon="2.77888">
        <ele>63.4</ele>
      </trkpt>
      <trkpt lat="39.49653" lon="2.77885">
        <ele>63.3</ele>
      </trkpt>
      <trkpt lat="39.49654" lon="2.77872">
        <ele>63.1</ele>
      </trkpt>
      <trkpt lat="39.49655" lon="2.77863">
        <ele>63.0</ele>
      </trkpt>
      <trkpt lat="39.49655" lon="2.77862">
        <ele>63.0</ele>
      </trkpt>
      <trkpt lat="39.49655" lon="2.77848">
        <ele>62.8</ele>
      </trkpt>
      <trkpt lat="39.49655" lon="2.77842">
        <ele>62.7</ele>
      </trkpt>
      <trkpt lat="39.49654" lon="2.77836">
        <ele>62.6</ele>
      </trkpt>
      <trkpt lat="39.49654" lon="2.77835">
        <ele>62.6</ele>
      </trkpt>
      <trkpt lat="39.49652" lon="2.77826">
        <ele>62.4</ele>
      </trkpt>
      <trkpt lat="39.49651" lon="2.7782">
        <ele>62.3</ele>
      </trkpt>
      <trkpt lat="39.4965" lon="2.77814">
        <ele>62.3</ele>
      </trkpt>
      <trkpt lat="39.49649" lon="2.77808">
        <ele>62.2</ele>
      </trkpt>
      <trkpt lat="39.49648" lon="2.77801">
        <ele>62.1</ele>
      </trkpt>
      <trkpt lat="39.49649" lon="2.77796">
        <ele>62.1</ele>
      </trkpt>
      <trkpt lat="39.49651" lon="2.77791">
        <ele>62.1</ele>
      </trkpt>
      <trkpt lat="39.49651" lon="2.77791">
        <ele>62.1</ele>
      </trkpt>
      <trkpt lat="39.49655" lon="2.77791">
        <ele>62.2</ele>
      </trkpt>
      <trkpt lat="39.49658" lon="2.7779">
        <ele>62.3</ele>
      </trkpt>
      <trkpt lat="39.49667" lon="2.77787">
        <ele>62.4</ele>
      </trkpt>
      <trkpt lat="39.49667" lon="2.77787">
        <ele>62.4</ele>
      </trkpt>
      <trkpt lat="39.49666" lon="2.77785">
        <ele>62.4</ele>
      </trkpt>
      <trkpt lat="39.49665" lon="2.77783">
        <ele>62.4</ele>
      </trkpt>
      <trkpt lat="39.49665" lon="2.77781">
        <ele>62.3</ele>
      </trkpt>
      <trkpt lat="39.49664" lon="2.77778">
        <ele>62.3</ele>
      </trkpt>
      <trkpt lat="39.49664" lon="2.77776">
        <ele>62.3</ele>
      </trkpt>
      <trkpt lat="39.49664" lon="2.77773">
        <ele>62.2</ele>
      </trkpt>
      <trkpt lat="39.49664" lon="2.77771">
        <ele>62.2</ele>
      </trkpt>
      <trkpt lat="39.49664" lon="2.77768">
        <ele>62.2</ele>
      </trkpt>
      <trkpt lat="39.49664" lon="2.77766">
        <ele>62.1</ele>
      </trkpt>
      <trkpt lat="39.49665" lon="2.77764">
        <ele>62.1</ele>
      </trkpt>
      <trkpt lat="39.49665" lon="2.77761">
        <ele>62.1</ele>
      </trkpt>
      <trkpt lat="39.49666" lon="2.77759">
        <ele>62.1</ele>
      </trkpt>
      <trkpt lat="39.49667" lon="2.77757">
        <ele>62.1</ele>
      </trkpt>
      <trkpt lat="39.49669" lon="2.77755">
        <ele>62.0</ele>
      </trkpt>
      <trkpt lat="39.4967" lon="2.77753">
        <ele>62.0</ele>
      </trkpt>
      <trkpt lat="39.49671" lon="2.77752">
        <ele>62.0</ele>
      </trkpt>
      <trkpt lat="39.49673" lon="2.7775">
        <ele>61.9</ele>
      </trkpt>
      <trkpt lat="39.49674" lon="2.77749">
        <ele>61.9</ele>
      </trkpt>
      <trkpt lat="39.49676" lon="2.77748">
        <ele>61.9</ele>
      </trkpt>
      <trkpt lat="39.49677" lon="2.77747">
        <ele>61.9</ele>
      </trkpt>
      <trkpt lat="39.49679" lon="2.77746">
        <ele>61.9</ele>
      </trkpt>
      <trkpt lat="39.4968" lon="2.77746">
        <ele>61.9</ele>
      </trkpt>
      <trkpt lat="39.49682" lon="2.77745">
        <ele>61.8</ele>
      </trkpt>
      <trkpt lat="39.49684" lon="2.77745">
        <ele>61.8</ele>
      </trkpt>
      <trkpt lat="39.49686" lon="2.77745">
        <ele>61.8</ele>
      </trkpt>
      <trkpt lat="39.49687" lon="2.77745">
        <ele>61.8</ele>
      </trkpt>
      <trkpt lat="39.49689" lon="2.77746">
        <ele>61.8</ele>
      </trkpt>
      <trkpt lat="39.49691" lon="2.77746">
        <ele>61.7</ele>
      </trkpt>
      <trkpt lat="39.49693" lon="2.77747">
        <ele>61.7</ele>
      </trkpt>
      <trkpt lat="39.49694" lon="2.77748">
        <ele>61.7</ele>
      </trkpt>
      <trkpt lat="39.49696" lon="2.77749">
        <ele>61.7</ele>
      </trkpt>
      <trkpt lat="39.49698" lon="2.7775">
        <ele>61.6</ele>
      </trkpt>
      <trkpt lat="39.49698" lon="2.77743">
        <ele>61.7</ele>
      </trkpt>
      <trkpt lat="39.49697" lon="2.77737">
        <ele>61.7</ele>
      </trkpt>
      <trkpt lat="39.49698" lon="2.77723">
        <ele>61.9</ele>
      </trkpt>
      <trkpt lat="39.49697" lon="2.77717">
        <ele>61.9</ele>
      </trkpt>
      <trkpt lat="39.49699" lon="2.77707">
        <ele>62.0</ele>
      </trkpt>
      <trkpt lat="39.49706" lon="2.77677">
        <ele>62.4</ele>
      </trkpt>
      <trkpt lat="39.49711" lon="2.77654">
        <ele>62.7</ele>
      </trkpt>
      <trkpt lat="39.49715" lon="2.77635">
        <ele>63.1</ele>
      </trkpt>
      <trkpt lat="39.49724" lon="2.77598">
        <ele>63.5</ele>
      </trkpt>
      <trkpt lat="39.49725" lon="2.77595">
        <ele>63.5</ele>
      </trkpt>
      <trkpt lat="39.4974" lon="2.77528">
        <ele>63.2</ele>
      </trkpt>
      <trkpt lat="39.49752" lon="2.77478">
        <ele>62.4</ele>
      </trkpt>
      <trkpt lat="39.49763" lon="2.77429">
        <ele>61.2</ele>
      </trkpt>
      <trkpt lat="39.49769" lon="2.77404">
        <ele>61.2</ele>
      </trkpt>
      <trkpt lat="39.49803" lon="2.7725">
        <ele>61.4</ele>
      </trkpt>
      <trkpt lat="39.49808" lon="2.77229">
        <ele>61.1</ele>
      </trkpt>
      <trkpt lat="39.49821" lon="2.77171">
        <ele>60.3</ele>
      </trkpt>
      <trkpt lat="39.49824" lon="2.7716">
        <ele>60.1</ele>
      </trkpt>
      <trkpt lat="39.49851" lon="2.77042">
        <ele>56.4</ele>
      </trkpt>
      <trkpt lat="39.49858" lon="2.77013">
        <ele>55.6</ele>
      </trkpt>
      <trkpt lat="39.49872" lon="2.76962">
        <ele>54.9</ele>
      </trkpt>
      <trkpt lat="39.49882" lon="2.76918">
        <ele>54.3</ele>
      </trkpt>
      <trkpt lat="39.49893" lon="2.76873">
        <ele>53.0</ele>
      </trkpt>
      <trkpt lat="39.49898" lon="2.76851">
        <ele>52.3</ele>
      </trkpt>
      <trkpt lat="39.4992" lon="2.76762">
        <ele>49.2</ele>
      </trkpt>
      <trkpt lat="39.49925" lon="2.7674">
        <ele>48.7</ele>
      </trkpt>
      <trkpt lat="39.49932" lon="2.76709">
        <ele>48.0</ele>
      </trkpt>
      <trkpt lat="39.49941" lon="2.76673">
        <ele>47.2</ele>
      </trkpt>
      <trkpt lat="39.49973" lon="2.76543">
        <ele>41.2</ele>
      </trkpt>
      <trkpt lat="39.49974" lon="2.76538">
        <ele>41.1</ele>
      </trkpt>
      <trkpt lat="39.49985" lon="2.76494">
        <ele>39.7</ele>
      </trkpt>
      <trkpt lat="39.50015" lon="2.76373">
        <ele>37.6</ele>
      </trkpt>
      <trkpt lat="39.50017" lon="2.76363">
        <ele>37.4</ele>
      </trkpt>
      <trkpt lat="39.50019" lon="2.76356">
        <ele>37.2</ele>
      </trkpt>
      <trkpt lat="39.50024" lon="2.76336">
        <ele>36.8</ele>
      </trkpt>
      <trkpt lat="39.50035" lon="2.76293">
        <ele>36.6</ele>
      </trkpt>
      <trkpt lat="39.50036" lon="2.76289">
        <ele>36.6</ele>
      </trkpt>
      <trkpt lat="39.50041" lon="2.76269">
        <ele>36.5</ele>
      </trkpt>
      <trkpt lat="39.50042" lon="2.76268">
        <ele>36.5</ele>
      </trkpt>
      <trkpt lat="39.50043" lon="2.76264">
        <ele>36.5</ele>
      </trkpt>
      <trkpt lat="39.50045" lon="2.76256">
        <ele>36.5</ele>
      </trkpt>
      <trkpt lat="39.50058" lon="2.76201">
        <ele>34.3</ele>
      </trkpt>
      <trkpt lat="39.50061" lon="2.7619">
        <ele>33.8</ele>
      </trkpt>
      <trkpt lat="39.50063" lon="2.76182">
        <ele>33.4</ele>
      </trkpt>
      <trkpt lat="39.50063" lon="2.76182">
        <ele>33.4</ele>
      </trkpt>
      <trkpt lat="39.50065" lon="2.7618">
        <ele>33.2</ele>
      </trkpt>
      <trkpt lat="39.50066" lon="2.76179">
        <ele>33.2</ele>
      </trkpt>
      <trkpt lat="39.50068" lon="2.76173">
        <ele>32.8</ele>
      </trkpt>
      <trkpt lat="39.50075" lon="2.76157">
        <ele>31.9</ele>
      </trkpt>
      <trkpt lat="39.50078" lon="2.76151">
        <ele>31.6</ele>
      </trkpt>
      <trkpt lat="39.50086" lon="2.76136">
        <ele>30.8</ele>
      </trkpt>
      <trkpt lat="39.50094" lon="2.76123">
        <ele>30.2</ele>
      </trkpt>
      <trkpt lat="39.50094" lon="2.76123">
        <ele>30.2</ele>
      </trkpt>
      <trkpt lat="39.50096" lon="2.76122">
        <ele>30.2</ele>
      </trkpt>
      <trkpt lat="39.50099" lon="2.7612">
        <ele>30.1</ele>
      </trkpt>
      <trkpt lat="39.50101" lon="2.76118">
        <ele>30.0</ele>
      </trkpt>
      <trkpt lat="39.50103" lon="2.76116">
        <ele>29.9</ele>
      </trkpt>
      <trkpt lat="39.50105" lon="2.76114">
        <ele>29.8</ele>
      </trkpt>
      <trkpt lat="39.50106" lon="2.76111">
        <ele>29.7</ele>
      </trkpt>
      <trkpt lat="39.50108" lon="2.76108">
        <ele>29.6</ele>
      </trkpt>
      <trkpt lat="39.50109" lon="2.76105">
        <ele>29.5</ele>
      </trkpt>
      <trkpt lat="39.5011" lon="2.76102">
        <ele>29.5</ele>
      </trkpt>
      <trkpt lat="39.50111" lon="2.76099">
        <ele>29.4</ele>
      </trkpt>
      <trkpt lat="39.50112" lon="2.76095">
        <ele>29.3</ele>
      </trkpt>
      <trkpt lat="39.50112" lon="2.76092">
        <ele>29.2</ele>
      </trkpt>
      <trkpt lat="39.50112" lon="2.76088">
        <ele>29.1</ele>
      </trkpt>
      <trkpt lat="39.50112" lon="2.76084">
        <ele>29.0</ele>
      </trkpt>
      <trkpt lat="39.50111" lon="2.76081">
        <ele>29.0</ele>
      </trkpt>
      <trkpt lat="39.50111" lon="2.76077">
        <ele>29.0</ele>
      </trkpt>
      <trkpt lat="39.5011" lon="2.76075">
        <ele>29.0</ele>
      </trkpt>
      <trkpt lat="39.50109" lon="2.76073">
        <ele>29.0</ele>
      </trkpt>
      <trkpt lat="39.50107" lon="2.7607">
        <ele>29.1</ele>
      </trkpt>
      <trkpt lat="39.50106" lon="2.76068">
        <ele>29.1</ele>
      </trkpt>
      <trkpt lat="39.50105" lon="2.76066">
        <ele>29.1</ele>
      </trkpt>
      <trkpt lat="39.50103" lon="2.76064">
        <ele>29.1</ele>
      </trkpt>
      <trkpt lat="39.50101" lon="2.76063">
        <ele>29.1</ele>
      </trkpt>
      <trkpt lat="39.501" lon="2.76061">
        <ele>29.2</ele>
      </trkpt>
      <trkpt lat="39.501" lon="2.76042">
        <ele>29.3</ele>
      </trkpt>
      <trkpt lat="39.50104" lon="2.76024">
        <ele>29.4</ele>
      </trkpt>
      <trkpt lat="39.50104" lon="2.76021">
        <ele>29.4</ele>
      </trkpt>
      <trkpt lat="39.50106" lon="2.76013">
        <ele>29.4</ele>
      </trkpt>
      <trkpt lat="39.50107" lon="2.76008">
        <ele>29.4</ele>
      </trkpt>
      <trkpt lat="39.50107" lon="2.76003">
        <ele>29.4</ele>
      </trkpt>
      <trkpt lat="39.50106" lon="2.75998">
        <ele>29.5</ele>
      </trkpt>
      <trkpt lat="39.50128" lon="2.75918">
        <ele>29.9</ele>
      </trkpt>
      <trkpt lat="39.50134" lon="2.75895">
        <ele>30.8</ele>
      </trkpt>
      <trkpt lat="39.50141" lon="2.75866">
        <ele>32.0</ele>
      </trkpt>
      <trkpt lat="39.50146" lon="2.75843">
        <ele>33.0</ele>
      </trkpt>
      <trkpt lat="39.50151" lon="2.75823">
        <ele>33.0</ele>
      </trkpt>
      <trkpt lat="39.50162" lon="2.75772">
        <ele>30.9</ele>
      </trkpt>
      <trkpt lat="39.50176" lon="2.75711">
        <ele>29.0</ele>
      </trkpt>
      <trkpt lat="39.50187" lon="2.75667">
        <ele>27.5</ele>
      </trkpt>
      <trkpt lat="39.50199" lon="2.75613">
        <ele>25.7</ele>
      </trkpt>
      <trkpt lat="39.50209" lon="2.75571">
        <ele>24.1</ele>
      </trkpt>
      <trkpt lat="39.50214" lon="2.75549">
        <ele>23.2</ele>
      </trkpt>
      <trkpt lat="39.50219" lon="2.75527">
        <ele>22.3</ele>
      </trkpt>
      <trkpt lat="39.50226" lon="2.75488">
        <ele>21.0</ele>
      </trkpt>
      <trkpt lat="39.50239" lon="2.75436">
        <ele>19.7</ele>
      </trkpt>
      <trkpt lat="39.5024" lon="2.7543">
        <ele>19.5</ele>
      </trkpt>
      <trkpt lat="39.50244" lon="2.75407">
        <ele>18.8</ele>
      </trkpt>
      <trkpt lat="39.50249" lon="2.75385">
        <ele>17.5</ele>
      </trkpt>
      <trkpt lat="39.50259" lon="2.75335">
        <ele>14.5</ele>
      </trkpt>
      <trkpt lat="39.50264" lon="2.75313">
        <ele>14.4</ele>
      </trkpt>
      <trkpt lat="39.5027" lon="2.7528">
        <ele>14.3</ele>
      </trkpt>
      <trkpt lat="39.50278" lon="2.75242">
        <ele>13.3</ele>
      </trkpt>
      <trkpt lat="39.5028" lon="2.7523">
        <ele>12.2</ele>
      </trkpt>
      <trkpt lat="39.50284" lon="2.75218">
        <ele>11.0</ele>
      </trkpt>
      <trkpt lat="39.50286" lon="2.75208">
        <ele>10.1</ele>
      </trkpt>
      <trkpt lat="39.50286" lon="2.75207">
        <ele>10.0</ele>
      </trkpt>
      <trkpt lat="39.50289" lon="2.75193">
        <ele>8.7</ele>
      </trkpt>
      <trkpt lat="39.50294" lon="2.75174">
        <ele>6.9</ele>
      </trkpt>
      <trkpt lat="39.50294" lon="2.75173">
        <ele>6.9</ele>
      </trkpt>
      <trkpt lat="39.50292" lon="2.75172">
        <ele>6.9</ele>
      </trkpt>
      <trkpt lat="39.50292" lon="2.75172">
        <ele>6.9</ele>
      </trkpt>
      <trkpt lat="39.50294" lon="2.75161">
        <ele>6.0</ele>
      </trkpt>
      <trkpt lat="39.50358" lon="2.75175">
        <ele>5.5</ele>
      </trkpt>
      <trkpt lat="39.50372" lon="2.75176">
        <ele>5.4</ele>
      </trkpt>
      <trkpt lat="39.50391" lon="2.75177">
        <ele>5.3</ele>
      </trkpt>
      <trkpt lat="39.50421" lon="2.75177">
        <ele>5.1</ele>
      </trkpt>
      <trkpt lat="39.50422" lon="2.75218">
        <ele>5.7</ele>
      </trkpt>
      <trkpt lat="39.50427" lon="2.75318">
        <ele>6.2</ele>
      </trkpt>
      <trkpt lat="39.50431" lon="2.75418">
        <ele>9.4</ele>
      </trkpt>
      <trkpt lat="39.50497" lon="2.75407">
        <ele>10.6</ele>
      </trkpt>
      <trkpt lat="39.50563" lon="2.75395">
        <ele>11.2</ele>
      </trkpt>
      <trkpt lat="39.50629" lon="2.75384">
        <ele>11.2</ele>
      </trkpt>
      <trkpt lat="39.50664" lon="2.75385">
        <ele>11.2</ele>
      </trkpt>
      <trkpt lat="39.50681" lon="2.75391">
        <ele>11.2</ele>
      </trkpt>
      <trkpt lat="39.50755" lon="2.7544">
        <ele>10.8</ele>
      </trkpt>
      <trkpt lat="39.50789" lon="2.75348">
        <ele>10.5</ele>
      </trkpt>
      <trkpt lat="39.50823" lon="2.75257">
        <ele>8.1</ele>
      </trkpt>
      <trkpt lat="39.50868" lon="2.75285">
        <ele>7.8</ele>
      </trkpt>
      <trkpt lat="39.50913" lon="2.75314">
        <ele>6.9</ele>
      </trkpt>
      <trkpt lat="39.50913" lon="2.75307">
        <ele>6.8</ele>
      </trkpt>
      <trkpt lat="39.50962" lon="2.7528">
        <ele>7.4</ele>
      </trkpt>
      <trkpt lat="39.51018" lon="2.7525">
        <ele>8.6</ele>
      </trkpt>
      <trkpt lat="39.5107" lon="2.75221">
        <ele>6.6</ele>
      </trkpt>
      <trkpt lat="39.51123" lon="2.75192">
        <ele>7.0</ele>
      </trkpt>
      <trkpt lat="39.51098" lon="2.75114">
        <ele>5.6</ele>
      </trkpt>
      <trkpt lat="39.51073" lon="2.75036">
        <ele>5.6</ele>
      </trkpt>
      <trkpt lat="39.51124" lon="2.75007">
        <ele>4.6</ele>
      </trkpt>
      <trkpt lat="39.51183" lon="2.74975">
        <ele>4.1</ele>
      </trkpt>
      <trkpt lat="39.51202" lon="2.74964">
        <ele>4.3</ele>
      </trkpt>
      <trkpt lat="39.51216" lon="2.74954">
        <ele>4.2</ele>
      </trkpt>
      <trkpt lat="39.51284" lon="2.74898">
        <ele>2.5</ele>
      </trkpt>
      <trkpt lat="39.51335" lon="2.74857">
        <ele>2.3</ele>
      </trkpt>
      <trkpt lat="39.51385" lon="2.74817">
        <ele>3.1</ele>
      </trkpt>
      <trkpt lat="39.5143" lon="2.74779">
        <ele>4.1</ele>
      </trkpt>
      <trkpt lat="39.51385" lon="2.74684">
        <ele>1.2</ele>
      </trkpt>
      <trkpt lat="39.51432" lon="2.74646">
        <ele>2.0</ele>
      </trkpt>
      <trkpt lat="39.51495" lon="2.74593">
        <ele>2.2</ele>
      </trkpt>
      <trkpt lat="39.51559" lon="2.74539">
        <ele>1.9</ele>
      </trkpt>
      <trkpt lat="39.51622" lon="2.74485">
        <ele>2.8</ele>
      </trkpt>
      <trkpt lat="39.5167" lon="2.74438">
        <ele>5.9</ele>
      </trkpt>
      <trkpt lat="39.51718" lon="2.74391">
        <ele>4.2</ele>
      </trkpt>
      <trkpt lat="39.51783" lon="2.7432">
        <ele>3.7</ele>
      </trkpt>
      <trkpt lat="39.51849" lon="2.74249">
        <ele>2.2</ele>
      </trkpt>
      <trkpt lat="39.51892" lon="2.74203">
        <ele>1.6</ele>
      </trkpt>
      <trkpt lat="39.51938" lon="2.74156">
        <ele>2.1</ele>
      </trkpt>
      <trkpt lat="39.5198" lon="2.74111">
        <ele>3.1</ele>
      </trkpt>
      <trkpt lat="39.52022" lon="2.74065">
        <ele>2.4</ele>
      </trkpt>
      <trkpt lat="39.52069" lon="2.74016">
        <ele>1.2</ele>
      </trkpt>
      <trkpt lat="39.52133" lon="2.73945">
        <ele>2.9</ele>
      </trkpt>
      <trkpt lat="39.52198" lon="2.73875">
        <ele>2.1</ele>
      </trkpt>
      <trkpt lat="39.52242" lon="2.73823">
        <ele>0.0</ele>
      </trkpt>
      <trkpt lat="39.52267" lon="2.73791">
        <ele>0.8</ele>
      </trkpt>
      <trkpt lat="39.52325" lon="2.73723">
        <ele>2.4</ele>
      </trkpt>
      <trkpt lat="39.52384" lon="2.73655">
        <ele>2.3</ele>
      </trkpt>
      <trkpt lat="39.52443" lon="2.73587">
        <ele>3.5</ele>
      </trkpt>
      <trkpt lat="39.52501" lon="2.73519">
        <ele>1.3</ele>
      </trkpt>
      <trkpt lat="39.5256" lon="2.73451">
        <ele>1.6</ele>
      </trkpt>
      <trkpt lat="39.52619" lon="2.73383">
        <ele>1.6</ele>
      </trkpt>
      <trkpt lat="39.52678" lon="2.73315">
        <ele>0.8</ele>
      </trkpt>
      <trkpt lat="39.52738" lon="2.73398">
        <ele>-0.1</ele>
      </trkpt>
      <trkpt lat="39.52777" lon="2.73352">
        <ele>0.6</ele>
      </trkpt>
      <trkpt lat="39.52816" lon="2.73306">
        <ele>1.8</ele>
      </trkpt>
      <trkpt lat="39.5284" lon="2.73278">
        <ele>2.9</ele>
      </trkpt>
      <trkpt lat="39.5285" lon="2.7327">
        <ele>2.9</ele>
      </trkpt>
      <trkpt lat="39.52891" lon="2.73221">
        <ele>2.4</ele>
      </trkpt>
      <trkpt lat="39.52932" lon="2.73172">
        <ele>3.1</ele>
      </trkpt>
      <trkpt lat="39.52979" lon="2.7311">
        <ele>4.1</ele>
      </trkpt>
      <trkpt lat="39.53027" lon="2.73049">
        <ele>1.6</ele>
      </trkpt>
      <trkpt lat="39.53042" lon="2.73034">
        <ele>0.5</ele>
      </trkpt>
      <trkpt lat="39.53044" lon="2.73034">
        <ele>0.4</ele>
      </trkpt>
      <trkpt lat="39.53051" lon="2.73031">
        <ele>0.1</ele>
      </trkpt>
      <trkpt lat="39.53056" lon="2.73024">
        <ele>-0.3</ele>
      </trkpt>
      <trkpt lat="39.53057" lon="2.7302">
        <ele>-0.5</ele>
      </trkpt>
      <trkpt lat="39.53072" lon="2.72995">
        <ele>-1.5</ele>
      </trkpt>
      <trkpt lat="39.53108" lon="2.7295">
        <ele>-0.7</ele>
      </trkpt>
      <trkpt lat="39.53121" lon="2.72929">
        <ele>-0.5</ele>
      </trkpt>
      <trkpt lat="39.53157" lon="2.72863">
        <ele>-0.5</ele>
      </trkpt>
      <trkpt lat="39.53193" lon="2.72797">
        <ele>0.9</ele>
      </trkpt>
      <trkpt lat="39.5321" lon="2.72767">
        <ele>1.6</ele>
      </trkpt>
      <trkpt lat="39.53221" lon="2.72751">
        <ele>2.0</ele>
      </trkpt>
      <trkpt lat="39.53244" lon="2.72726">
        <ele>2.8</ele>
      </trkpt>
      <trkpt lat="39.53295" lon="2.72684">
        <ele>3.3</ele>
      </trkpt>
      <trkpt lat="39.53334" lon="2.72649">
        <ele>3.6</ele>
      </trkpt>
      <trkpt lat="39.5335" lon="2.72634">
        <ele>3.5</ele>
      </trkpt>
      <trkpt lat="39.53376" lon="2.72605">
        <ele>3.3</ele>
      </trkpt>
      <trkpt lat="39.53399" lon="2.72579">
        <ele>3.0</ele>
      </trkpt>
      <trkpt lat="39.53433" lon="2.72532">
        <ele>3.3</ele>
      </trkpt>
      <trkpt lat="39.53453" lon="2.72501">
        <ele>3.2</ele>
      </trkpt>
      <trkpt lat="39.53478" lon="2.72456">
        <ele>1.5</ele>
      </trkpt>
      <trkpt lat="39.53502" lon="2.72406">
        <ele>0.3</ele>
      </trkpt>
      <trkpt lat="39.53532" lon="2.72334">
        <ele>2.4</ele>
      </trkpt>
      <trkpt lat="39.53566" lon="2.72245">
        <ele>4.2</ele>
      </trkpt>
      <trkpt lat="39.53601" lon="2.72157">
        <ele>3.7</ele>
      </trkpt>
      <trkpt lat="39.53612" lon="2.72132">
        <ele>3.7</ele>
      </trkpt>
      <trkpt lat="39.53617" lon="2.72114">
        <ele>3.8</ele>
      </trkpt>
      <trkpt lat="39.53619" lon="2.72101">
        <ele>3.9</ele>
      </trkpt>
      <trkpt lat="39.53622" lon="2.72067">
        <ele>4.4</ele>
      </trkpt>
      <trkpt lat="39.53626" lon="2.72038">
        <ele>4.8</ele>
      </trkpt>
      <trkpt lat="39.53655" lon="2.71961">
        <ele>5.7</ele>
      </trkpt>
      <trkpt lat="39.53679" lon="2.71933">
        <ele>6.4</ele>
      </trkpt>
      <trkpt lat="39.5375" lon="2.71866">
        <ele>7.0</ele>
      </trkpt>
      <trkpt lat="39.53762" lon="2.7185">
        <ele>6.7</ele>
      </trkpt>
      <trkpt lat="39.53768" lon="2.71833">
        <ele>6.6</ele>
      </trkpt>
      <trkpt lat="39.53774" lon="2.71792">
        <ele>5.9</ele>
      </trkpt>
      <trkpt lat="39.53793" lon="2.71703">
        <ele>5.5</ele>
      </trkpt>
      <trkpt lat="39.538" lon="2.71627">
        <ele>5.8</ele>
      </trkpt>
      <trkpt lat="39.53806" lon="2.71543">
        <ele>5.3</ele>
      </trkpt>
      <trkpt lat="39.53811" lon="2.71507">
        <ele>4.6</ele>
      </trkpt>
      <trkpt lat="39.53815" lon="2.71498">
        <ele>4.5</ele>
      </trkpt>
      <trkpt lat="39.53824" lon="2.71482">
        <ele>4.4</ele>
      </trkpt>
      <trkpt lat="39.53874" lon="2.71421">
        <ele>4.0</ele>
      </trkpt>
      <trkpt lat="39.53919" lon="2.71365">
        <ele>3.6</ele>
      </trkpt>
      <trkpt lat="39.53964" lon="2.71308">
        <ele>3.6</ele>
      </trkpt>
      <trkpt lat="39.54009" lon="2.71251">
        <ele>2.8</ele>
      </trkpt>
      <trkpt lat="39.54055" lon="2.71187">
        <ele>3.2</ele>
      </trkpt>
      <trkpt lat="39.54087" lon="2.71145">
        <ele>3.2</ele>
      </trkpt>
      <trkpt lat="39.5412" lon="2.71091">
        <ele>2.3</ele>
      </trkpt>
      <trkpt lat="39.54133" lon="2.71064">
        <ele>1.9</ele>
      </trkpt>
      <trkpt lat="39.54143" lon="2.71044">
        <ele>1.8</ele>
      </trkpt>
      <trkpt lat="39.54178" lon="2.70955">
        <ele>2.9</ele>
      </trkpt>
      <trkpt lat="39.54192" lon="2.70927">
        <ele>3.4</ele>
      </trkpt>
      <trkpt lat="39.54225" lon="2.70872">
        <ele>3.8</ele>
      </trkpt>
      <trkpt lat="39.54238" lon="2.70853">
        <ele>3.9</ele>
      </trkpt>
      <trkpt lat="39.54277" lon="2.70798">
        <ele>4.6</ele>
      </trkpt>
      <trkpt lat="39.54315" lon="2.70744">
        <ele>6.3</ele>
      </trkpt>
      <trkpt lat="39.54372" lon="2.70673">
        <ele>6.1</ele>
      </trkpt>
      <trkpt lat="39.54425" lon="2.70617">
        <ele>6.6</ele>
      </trkpt>
      <trkpt lat="39.54462" lon="2.70581">
        <ele>7.4</ele>
      </trkpt>
      <trkpt lat="39.54499" lon="2.70545">
        <ele>7.5</ele>
      </trkpt>
      <trkpt lat="39.54548" lon="2.70498">
        <ele>6.3</ele>
      </trkpt>
      <trkpt lat="39.54597" lon="2.70451">
        <ele>5.3</ele>
      </trkpt>
      <trkpt lat="39.54647" lon="2.70404">
        <ele>4.8</ele>
      </trkpt>
      <trkpt lat="39.54664" lon="2.70389">
        <ele>4.7</ele>
      </trkpt>
      <trkpt lat="39.54683" lon="2.70369">
        <ele>5.2</ele>
      </trkpt>
      <trkpt lat="39.54744" lon="2.70311">
        <ele>6.0</ele>
      </trkpt>
      <trkpt lat="39.54806" lon="2.70254">
        <ele>6.0</ele>
      </trkpt>
      <trkpt lat="39.54845" lon="2.70201">
        <ele>6.4</ele>
      </trkpt>
      <trkpt lat="39.54856" lon="2.70184">
        <ele>6.4</ele>
      </trkpt>
      <trkpt lat="39.54906" lon="2.70112">
        <ele>5.8</ele>
      </trkpt>
      <trkpt lat="39.54957" lon="2.7004">
        <ele>7.0</ele>
      </trkpt>
      <trkpt lat="39.54989" lon="2.69989">
        <ele>8.6</ele>
      </trkpt>
      <trkpt lat="39.5499" lon="2.69985">
        <ele>8.7</ele>
      </trkpt>
      <trkpt lat="39.55012" lon="2.69896">
        <ele>9.7</ele>
      </trkpt>
      <trkpt lat="39.55019" lon="2.6988">
        <ele>10.2</ele>
      </trkpt>
      <trkpt lat="39.55066" lon="2.69845">
        <ele>12.9</ele>
      </trkpt>
      <trkpt lat="39.55112" lon="2.6981">
        <ele>13.7</ele>
      </trkpt>
      <trkpt lat="39.55115" lon="2.69789">
        <ele>13.1</ele>
      </trkpt>
      <trkpt lat="39.55138" lon="2.6969">
        <ele>11.8</ele>
      </trkpt>
      <trkpt lat="39.5516" lon="2.6959">
        <ele>10.2</ele>
      </trkpt>
      <trkpt lat="39.55169" lon="2.69568">
        <ele>10.0</ele>
      </trkpt>
      <trkpt lat="39.55183" lon="2.69551">
        <ele>10.2</ele>
      </trkpt>
      <trkpt lat="39.55229" lon="2.69501">
        <ele>10.0</ele>
      </trkpt>
      <trkpt lat="39.55299" lon="2.69434">
        <ele>8.6</ele>
      </trkpt>
      <trkpt lat="39.55337" lon="2.69392">
        <ele>7.4</ele>
      </trkpt>
      <trkpt lat="39.55375" lon="2.6935">
        <ele>5.5</ele>
      </trkpt>
      <trkpt lat="39.55425" lon="2.69305">
        <ele>2.5</ele>
      </trkpt>
      <trkpt lat="39.55476" lon="2.6926">
        <ele>2.8</ele>
      </trkpt>
      <trkpt lat="39.55526" lon="2.69216">
        <ele>2.9</ele>
      </trkpt>
      <trkpt lat="39.5556" lon="2.69181">
        <ele>2.6</ele>
      </trkpt>
      <trkpt lat="39.55598" lon="2.69123">
        <ele>1.6</ele>
      </trkpt>
      <trkpt lat="39.55636" lon="2.69066">
        <ele>0.8</ele>
      </trkpt>
      <trkpt lat="39.55646" lon="2.69043">
        <ele>0.3</ele>
      </trkpt>
      <trkpt lat="39.55653" lon="2.69016">
        <ele>0.0</ele>
      </trkpt>
      <trkpt lat="39.5566" lon="2.68978">
        <ele>-0.2</ele>
      </trkpt>
      <trkpt lat="39.55671" lon="2.68911">
        <ele>-0.9</ele>
      </trkpt>
      <trkpt lat="39.55689" lon="2.68845">
        <ele>-0.5</ele>
      </trkpt>
      <trkpt lat="39.55693" lon="2.68833">
        <ele>-0.4</ele>
      </trkpt>
      <trkpt lat="39.55699" lon="2.68835">
        <ele>-0.2</ele>
      </trkpt>
      <trkpt lat="39.55709" lon="2.68834">
        <ele>0.0</ele>
      </trkpt>
      <trkpt lat="39.55715" lon="2.68829">
        <ele>0.2</ele>
      </trkpt>
      <trkpt lat="39.5572" lon="2.68822">
        <ele>0.2</ele>
      </trkpt>
      <trkpt lat="39.55722" lon="2.68813">
        <ele>0.2</ele>
      </trkpt>
      <trkpt lat="39.55722" lon="2.68803">
        <ele>0.2</ele>
      </trkpt>
      <trkpt lat="39.55721" lon="2.68795">
        <ele>0.2</ele>
      </trkpt>
      <trkpt lat="39.55713" lon="2.68787">
        <ele>0.0</ele>
      </trkpt>
      <trkpt lat="39.55707" lon="2.68783">
        <ele>0.0</ele>
      </trkpt>
      <trkpt lat="39.55701" lon="2.68783">
        <ele>-0.1</ele>
      </trkpt>
      <trkpt lat="39.55695" lon="2.68784">
        <ele>-0.1</ele>
      </trkpt>
      <trkpt lat="39.55696" lon="2.68758">
        <ele>0.0</ele>
      </trkpt>
      <trkpt lat="39.55706" lon="2.68684">
        <ele>1.7</ele>
      </trkpt>
      <trkpt lat="39.55717" lon="2.6861">
        <ele>1.0</ele>
      </trkpt>
      <trkpt lat="39.55719" lon="2.68552">
        <ele>0.8</ele>
      </trkpt>
      <trkpt lat="39.55726" lon="2.68511">
        <ele>0.6</ele>
      </trkpt>
      <trkpt lat="39.55737" lon="2.68448">
        <ele>0.4</ele>
      </trkpt>
      <trkpt lat="39.55749" lon="2.68385">
        <ele>1.2</ele>
      </trkpt>
      <trkpt lat="39.55753" lon="2.68364">
        <ele>1.9</ele>
      </trkpt>
      <trkpt lat="39.55767" lon="2.68323">
        <ele>3.0</ele>
      </trkpt>
      <trkpt lat="39.55795" lon="2.6825">
        <ele>3.9</ele>
      </trkpt>
      <trkpt lat="39.55823" lon="2.68195">
        <ele>3.7</ele>
      </trkpt>
      <trkpt lat="39.55851" lon="2.68141">
        <ele>3.6</ele>
      </trkpt>
      <trkpt lat="39.55857" lon="2.68127">
        <ele>3.6</ele>
      </trkpt>
      <trkpt lat="39.55872" lon="2.68095">
        <ele>3.5</ele>
      </trkpt>
      <trkpt lat="39.55879" lon="2.68074">
        <ele>3.3</ele>
      </trkpt>
      <trkpt lat="39.55888" lon="2.68045">
        <ele>2.9</ele>
      </trkpt>
      <trkpt lat="39.55898" lon="2.68003">
        <ele>2.3</ele>
      </trkpt>
      <trkpt lat="39.559" lon="2.67993">
        <ele>2.3</ele>
      </trkpt>
      <trkpt lat="39.55912" lon="2.67907">
        <ele>4.0</ele>
      </trkpt>
      <trkpt lat="39.55925" lon="2.67796">
        <ele>4.4</ele>
      </trkpt>
      <trkpt lat="39.55938" lon="2.67694">
        <ele>5.3</ele>
      </trkpt>
      <trkpt lat="39.55952" lon="2.67613">
        <ele>4.8</ele>
      </trkpt>
      <trkpt lat="39.55963" lon="2.67564">
        <ele>4.1</ele>
      </trkpt>
      <trkpt lat="39.55982" lon="2.67527">
        <ele>3.4</ele>
      </trkpt>
      <trkpt lat="39.56021" lon="2.67465">
        <ele>3.1</ele>
      </trkpt>
      <trkpt lat="39.56059" lon="2.67403">
        <ele>3.9</ele>
      </trkpt>
      <trkpt lat="39.56067" lon="2.6739">
        <ele>4.1</ele>
      </trkpt>
      <trkpt lat="39.5607" lon="2.67381">
        <ele>4.3</ele>
      </trkpt>
      <trkpt lat="39.56094" lon="2.67294">
        <ele>4.3</ele>
      </trkpt>
      <trkpt lat="39.56118" lon="2.67206">
        <ele>2.6</ele>
      </trkpt>
      <trkpt lat="39.56142" lon="2.67119">
        <ele>1.6</ele>
      </trkpt>
      <trkpt lat="39.56148" lon="2.67102">
        <ele>1.4</ele>
      </trkpt>
      <trkpt lat="39.56159" lon="2.67089">
        <ele>1.2</ele>
      </trkpt>
      <trkpt lat="39.56205" lon="2.67049">
        <ele>2.0</ele>
      </trkpt>
      <trkpt lat="39.56219" lon="2.67034">
        <ele>2.3</ele>
      </trkpt>
      <trkpt lat="39.56224" lon="2.6703">
        <ele>2.3</ele>
      </trkpt>
      <trkpt lat="39.56238" lon="2.67015">
        <ele>2.7</ele>
      </trkpt>
      <trkpt lat="39.56268" lon="2.66977">
        <ele>2.4</ele>
      </trkpt>
      <trkpt lat="39.56274" lon="2.66966">
        <ele>2.1</ele>
      </trkpt>
      <trkpt lat="39.56279" lon="2.66955">
        <ele>1.9</ele>
      </trkpt>
      <trkpt lat="39.56286" lon="2.66927">
        <ele>1.5</ele>
      </trkpt>
      <trkpt lat="39.56287" lon="2.66917">
        <ele>1.3</ele>
      </trkpt>
      <trkpt lat="39.56287" lon="2.66905">
        <ele>1.4</ele>
      </trkpt>
      <trkpt lat="39.56286" lon="2.66888">
        <ele>1.4</ele>
      </trkpt>
      <trkpt lat="39.56269" lon="2.66808">
        <ele>1.1</ele>
      </trkpt>
      <trkpt lat="39.56259" lon="2.66733">
        <ele>1.2</ele>
      </trkpt>
      <trkpt lat="39.56255" lon="2.66667">
        <ele>1.1</ele>
      </trkpt>
      <trkpt lat="39.56252" lon="2.66601">
        <ele>2.6</ele>
      </trkpt>
      <trkpt lat="39.56247" lon="2.66491">
        <ele>7.0</ele>
      </trkpt>
      <trkpt lat="39.56242" lon="2.66382">
        <ele>4.3</ele>
      </trkpt>
      <trkpt lat="39.56243" lon="2.66365">
        <ele>3.8</ele>
      </trkpt>
      <trkpt lat="39.56245" lon="2.66356">
        <ele>3.6</ele>
      </trkpt>
      <trkpt lat="39.56247" lon="2.66348">
        <ele>3.4</ele>
      </trkpt>
      <trkpt lat="39.56249" lon="2.66342">
        <ele>3.3</ele>
      </trkpt>
      <trkpt lat="39.56253" lon="2.66336">
        <ele>3.2</ele>
      </trkpt>
      <trkpt lat="39.56258" lon="2.66332">
        <ele>3.2</ele>
      </trkpt>
      <trkpt lat="39.56266" lon="2.66328">
        <ele>3.3</ele>
      </trkpt>
      <trkpt lat="39.56266" lon="2.66311">
        <ele>2.8</ele>
      </trkpt>
      <trkpt lat="39.5625" lon="2.66313">
        <ele>2.3</ele>
      </trkpt>
      <trkpt lat="39.56236" lon="2.66306">
        <ele>1.7</ele>
      </trkpt>
      <trkpt lat="39.56232" lon="2.66303">
        <ele>1.5</ele>
      </trkpt>
      <trkpt lat="39.56241" lon="2.66287">
        <ele>1.2</ele>
      </trkpt>
      <trkpt lat="39.56249" lon="2.66269">
        <ele>0.7</ele>
      </trkpt>
      <trkpt lat="39.56264" lon="2.66234">
        <ele>1.1</ele>
      </trkpt>
      <trkpt lat="39.56269" lon="2.6622">
        <ele>1.5</ele>
      </trkpt>
      <trkpt lat="39.56295" lon="2.6613">
        <ele>3.7</ele>
      </trkpt>
      <trkpt lat="39.56316" lon="2.66069">
        <ele>6.3</ele>
      </trkpt>
      <trkpt lat="39.5635" lon="2.65972">
        <ele>6.9</ele>
      </trkpt>
      <trkpt lat="39.56384" lon="2.65875">
        <ele>5.1</ele>
      </trkpt>
      <trkpt lat="39.56385" lon="2.65867">
        <ele>5.1</ele>
      </trkpt>
      <trkpt lat="39.56408" lon="2.658">
        <ele>4.8</ele>
      </trkpt>
      <trkpt lat="39.56415" lon="2.65769">
        <ele>4.9</ele>
      </trkpt>
      <trkpt lat="39.56417" lon="2.65729">
        <ele>4.0</ele>
      </trkpt>
      <trkpt lat="39.56417" lon="2.65637">
        <ele>1.7</ele>
      </trkpt>
      <trkpt lat="39.56416" lon="2.65546">
        <ele>2.5</ele>
      </trkpt>
      <trkpt lat="39.56412" lon="2.65541">
        <ele>2.4</ele>
      </trkpt>
      <trkpt lat="39.56412" lon="2.65539">
        <ele>2.3</ele>
      </trkpt>
      <trkpt lat="39.56415" lon="2.65534">
        <ele>2.4</ele>
      </trkpt>
      <trkpt lat="39.56416" lon="2.65533">
        <ele>2.4</ele>
      </trkpt>
      <trkpt lat="39.56415" lon="2.65452">
        <ele>0.8</ele>
      </trkpt>
      <trkpt lat="39.56415" lon="2.65371">
        <ele>0.0</ele>
      </trkpt>
      <trkpt lat="39.56418" lon="2.6527">
        <ele>0.1</ele>
      </trkpt>
      <trkpt lat="39.56422" lon="2.65209">
        <ele>0.4</ele>
      </trkpt>
      <trkpt lat="39.56429" lon="2.65135">
        <ele>0.5</ele>
      </trkpt>
      <trkpt lat="39.56438" lon="2.65069">
        <ele>0.0</ele>
      </trkpt>
      <trkpt lat="39.56444" lon="2.65031">
        <ele>0.0</ele>
      </trkpt>
      <trkpt lat="39.56443" lon="2.65024">
        <ele>0.0</ele>
      </trkpt>
      <trkpt lat="39.56446" lon="2.65018">
        <ele>0.0</ele>
      </trkpt>
      <trkpt lat="39.56453" lon="2.6498">
        <ele>0.0</ele>
      </trkpt>
      <trkpt lat="39.56466" lon="2.64918">
        <ele>0.0</ele>
      </trkpt>
      <trkpt lat="39.56486" lon="2.64817">
        <ele>0.7</ele>
      </trkpt>
      <trkpt lat="39.56506" lon="2.64716">
        <ele>0.5</ele>
      </trkpt>
      <trkpt lat="39.56514" lon="2.64683">
        <ele>1.1</ele>
      </trkpt>
      <trkpt lat="39.56514" lon="2.64677">
        <ele>1.2</ele>
      </trkpt>
      <trkpt lat="39.56517" lon="2.64673">
        <ele>1.3</ele>
      </trkpt>
      <trkpt lat="39.5653" lon="2.64639">
        <ele>1.5</ele>
      </trkpt>
      <trkpt lat="39.56538" lon="2.64621">
        <ele>1.4</ele>
      </trkpt>
      <trkpt lat="39.56558" lon="2.64589">
        <ele>1.1</ele>
      </trkpt>
      <trkpt lat="39.56574" lon="2.64568">
        <ele>1.3</ele>
      </trkpt>
      <trkpt lat="39.5658" lon="2.64558">
        <ele>1.6</ele>
      </trkpt>
      <trkpt lat="39.56583" lon="2.64556">
        <ele>1.7</ele>
      </trkpt>
      <trkpt lat="39.56591" lon="2.64557">
        <ele>1.9</ele>
      </trkpt>
      <trkpt lat="39.56593" lon="2.64555">
        <ele>1.9</ele>
      </trkpt>
      <trkpt lat="39.56602" lon="2.64568">
        <ele>2.0</ele>
      </trkpt>
      <trkpt lat="39.56607" lon="2.64573">
        <ele>2.0</ele>
      </trkpt>
      <trkpt lat="39.5661" lon="2.64574">
        <ele>2.1</ele>
      </trkpt>
      <trkpt lat="39.56615" lon="2.64574">
        <ele>2.3</ele>
      </trkpt>
      <trkpt lat="39.56619" lon="2.64571">
        <ele>2.5</ele>
      </trkpt>
      <trkpt lat="39.56639" lon="2.64551">
        <ele>3.3</ele>
      </trkpt>
      <trkpt lat="39.5666" lon="2.64544">
        <ele>3.8</ele>
      </trkpt>
      <trkpt lat="39.5669" lon="2.64518">
        <ele>4.6</ele>
      </trkpt>
      <trkpt lat="39.56695" lon="2.64516">
        <ele>4.7</ele>
      </trkpt>
      <trkpt lat="39.56696" lon="2.64517">
        <ele>4.8</ele>
      </trkpt>
      <trkpt lat="39.56712" lon="2.64547">
        <ele>5.4</ele>
      </trkpt>
      <trkpt lat="39.5672" lon="2.6456">
        <ele>5.7</ele>
      </trkpt>
      <trkpt lat="39.56723" lon="2.64563">
        <ele>5.9</ele>
      </trkpt>
      <trkpt lat="39.56793" lon="2.64602">
        <ele>10.6</ele>
      </trkpt>
      <trkpt lat="39.56862" lon="2.64642">
        <ele>12.0</ele>
      </trkpt>
      <trkpt lat="39.56892" lon="2.64652">
        <ele>12.2</ele>
      </trkpt>
      <trkpt lat="39.56894" lon="2.64652">
        <ele>12.2</ele>
      </trkpt>
      <trkpt lat="39.56894" lon="2.64652">
        <ele>12.2</ele>
      </trkpt>
    </trkseg>
  </trk>
</gpx>
