<?xml version="1.0" encoding="UTF-8"?>
<gpx xmlns:gpxdata="http://www.cluetrust.com/XML/GPXDATA/1/0" xmlns:xsi="http://www.w3.org/2001/XMLSchema-instance" xmlns="http://www.topografix.com/GPX/1/1" version="1.1" creator="http://ridewithgps.com/" xsi:schemaLocation="http://www.topografix.com/GPX/1/1 http://www.topografix.com/GPX/1/1/gpx.xsd http://www.cluetrust.com/XML/GPXDATA/1/0 http://www.cluetrust.com/Schemas/gpxdata10.xsd">
  <metadata>
    <name>Cap Formentor Loop - Alcudia</name>
    <link href="https://ridewithgps.com/routes/53889484">
      <text>Cap Formentor Loop - Alcudia</text>
    </link>
    <time>2026-02-03T17:50:01Z</time>
  </metadata>
  <wpt lat="39.96116000000001" lon="3.21205">
    <name>Lighthouse coffee store</name>
    <cmt>coffee</cmt>
    <desc>Opens at 9 - 9.30am. 

You can enjoy the view in its terrace. </desc>
    <sym>Dot</sym>
    <type>food</type>
  </wpt>
  <trk>
    <name>Cap Formentor Loop - Alcudia</name>
    <trkseg>
      <trkpt lat="39.83637" lon="3.12169">
        <ele>6.1</ele>
      </trkpt>
      <trkpt lat="39.83636" lon="3.12166">
        <ele>6.1</ele>
      </trkpt>
      <trkpt lat="39.83627" lon="3.12144">
        <ele>6.4</ele>
      </trkpt>
      <trkpt lat="39.8362" lon="3.12132">
        <ele>6.6</ele>
      </trkpt>
      <trkpt lat="39.83608" lon="3.12114">
        <ele>6.9</ele>
      </trkpt>
      <trkpt lat="39.83595" lon="3.12099">
        <ele>7.0</ele>
      </trkpt>
      <trkpt lat="39.83578" lon="3.12083">
        <ele>7.1</ele>
      </trkpt>
      <trkpt lat="39.83578" lon="3.12083">
        <ele>7.1</ele>
      </trkpt>
      <trkpt lat="39.83573" lon="3.12085">
        <ele>7.1</ele>
      </trkpt>
      <trkpt lat="39.83572" lon="3.12086">
        <ele>7.2</ele>
      </trkpt>
      <trkpt lat="39.8357" lon="3.12088">
        <ele>7.2</ele>
      </trkpt>
      <trkpt lat="39.83569" lon="3.12089">
        <ele>7.2</ele>
      </trkpt>
      <trkpt lat="39.83552" lon="3.12124">
        <ele>7.9</ele>
      </trkpt>
      <trkpt lat="39.83542" lon="3.12143">
        <ele>8.2</ele>
      </trkpt>
      <trkpt lat="39.83525" lon="3.12177">
        <ele>7.6</ele>
      </trkpt>
      <trkpt lat="39.83522" lon="3.12182">
        <ele>7.1</ele>
      </trkpt>
      <trkpt lat="39.83522" lon="3.12182">
        <ele>7.1</ele>
      </trkpt>
      <trkpt lat="39.83528" lon="3.12184">
        <ele>6.9</ele>
      </trkpt>
      <trkpt lat="39.83535" lon="3.12184">
        <ele>6.8</ele>
      </trkpt>
      <trkpt lat="39.83542" lon="3.12186">
        <ele>6.5</ele>
      </trkpt>
      <trkpt lat="39.83548" lon="3.1219">
        <ele>6.1</ele>
      </trkpt>
      <trkpt lat="39.83555" lon="3.12197">
        <ele>5.3</ele>
      </trkpt>
      <trkpt lat="39.83565" lon="3.12206">
        <ele>4.3</ele>
      </trkpt>
      <trkpt lat="39.83572" lon="3.12212">
        <ele>3.7</ele>
      </trkpt>
      <trkpt lat="39.83575" lon="3.12216">
        <ele>3.3</ele>
      </trkpt>
      <trkpt lat="39.83578" lon="3.12219">
        <ele>3.0</ele>
      </trkpt>
      <trkpt lat="39.83581" lon="3.12223">
        <ele>2.6</ele>
      </trkpt>
      <trkpt lat="39.83583" lon="3.12227">
        <ele>2.2</ele>
      </trkpt>
      <trkpt lat="39.83587" lon="3.12231">
        <ele>2.2</ele>
      </trkpt>
      <trkpt lat="39.83593" lon="3.12236">
        <ele>2.3</ele>
      </trkpt>
      <trkpt lat="39.83598" lon="3.1224">
        <ele>2.6</ele>
      </trkpt>
      <trkpt lat="39.83604" lon="3.12245">
        <ele>3.0</ele>
      </trkpt>
      <trkpt lat="39.8361" lon="3.12252">
        <ele>3.5</ele>
      </trkpt>
      <trkpt lat="39.83616" lon="3.12258">
        <ele>4.4</ele>
      </trkpt>
      <trkpt lat="39.8362" lon="3.1226">
        <ele>4.9</ele>
      </trkpt>
      <trkpt lat="39.83622" lon="3.12262">
        <ele>5.2</ele>
      </trkpt>
      <trkpt lat="39.83625" lon="3.12263">
        <ele>5.7</ele>
      </trkpt>
      <trkpt lat="39.8363" lon="3.12268">
        <ele>6.4</ele>
      </trkpt>
      <trkpt lat="39.8363" lon="3.12269">
        <ele>6.4</ele>
      </trkpt>
      <trkpt lat="39.83636" lon="3.12274">
        <ele>7.3</ele>
      </trkpt>
      <trkpt lat="39.83639" lon="3.12278">
        <ele>7.8</ele>
      </trkpt>
      <trkpt lat="39.83662" lon="3.12305">
        <ele>11.6</ele>
      </trkpt>
      <trkpt lat="39.83683" lon="3.12329">
        <ele>12.3</ele>
      </trkpt>
      <trkpt lat="39.83697" lon="3.12345">
        <ele>10.2</ele>
      </trkpt>
      <trkpt lat="39.83709" lon="3.12358">
        <ele>8.1</ele>
      </trkpt>
      <trkpt lat="39.83711" lon="3.1236">
        <ele>7.8</ele>
      </trkpt>
      <trkpt lat="39.83712" lon="3.12361">
        <ele>7.6</ele>
      </trkpt>
      <trkpt lat="39.83732" lon="3.12383">
        <ele>4.3</ele>
      </trkpt>
      <trkpt lat="39.83766" lon="3.12421">
        <ele>1.6</ele>
      </trkpt>
      <trkpt lat="39.83792" lon="3.12448">
        <ele>2.8</ele>
      </trkpt>
      <trkpt lat="39.83807" lon="3.12464">
        <ele>2.7</ele>
      </trkpt>
      <trkpt lat="39.83818" lon="3.12476">
        <ele>2.1</ele>
      </trkpt>
      <trkpt lat="39.8382" lon="3.12477">
        <ele>2.1</ele>
      </trkpt>
      <trkpt lat="39.83866" lon="3.12527">
        <ele>3.0</ele>
      </trkpt>
      <trkpt lat="39.83875" lon="3.12536">
        <ele>3.8</ele>
      </trkpt>
      <trkpt lat="39.83882" lon="3.12544">
        <ele>4.4</ele>
      </trkpt>
      <trkpt lat="39.83901" lon="3.12571">
        <ele>5.8</ele>
      </trkpt>
      <trkpt lat="39.83916" lon="3.12591">
        <ele>6.3</ele>
      </trkpt>
      <trkpt lat="39.83938" lon="3.1262">
        <ele>4.6</ele>
      </trkpt>
      <trkpt lat="39.83939" lon="3.12621">
        <ele>4.6</ele>
      </trkpt>
      <trkpt lat="39.83958" lon="3.12644">
        <ele>4.1</ele>
      </trkpt>
      <trkpt lat="39.83961" lon="3.12648">
        <ele>4.0</ele>
      </trkpt>
      <trkpt lat="39.83971" lon="3.1266">
        <ele>4.2</ele>
      </trkpt>
      <trkpt lat="39.83984" lon="3.12674">
        <ele>4.4</ele>
      </trkpt>
      <trkpt lat="39.83997" lon="3.1269">
        <ele>4.2</ele>
      </trkpt>
      <trkpt lat="39.83998" lon="3.12691">
        <ele>4.1</ele>
      </trkpt>
      <trkpt lat="39.8402" lon="3.12727">
        <ele>3.8</ele>
      </trkpt>
      <trkpt lat="39.84031" lon="3.12745">
        <ele>4.3</ele>
      </trkpt>
      <trkpt lat="39.84033" lon="3.12749">
        <ele>4.4</ele>
      </trkpt>
      <trkpt lat="39.84037" lon="3.12757">
        <ele>4.5</ele>
      </trkpt>
      <trkpt lat="39.84039" lon="3.1276">
        <ele>4.5</ele>
      </trkpt>
      <trkpt lat="39.84047" lon="3.12774">
        <ele>4.4</ele>
      </trkpt>
      <trkpt lat="39.84058" lon="3.12798">
        <ele>3.2</ele>
      </trkpt>
      <trkpt lat="39.84062" lon="3.12806">
        <ele>2.7</ele>
      </trkpt>
      <trkpt lat="39.84077" lon="3.12837">
        <ele>0.4</ele>
      </trkpt>
      <trkpt lat="39.84079" lon="3.12841">
        <ele>0.6</ele>
      </trkpt>
      <trkpt lat="39.8409" lon="3.1286">
        <ele>0.4</ele>
      </trkpt>
      <trkpt lat="39.84092" lon="3.12865">
        <ele>0.5</ele>
      </trkpt>
      <trkpt lat="39.84093" lon="3.1287">
        <ele>0.6</ele>
      </trkpt>
      <trkpt lat="39.84094" lon="3.12875">
        <ele>0.6</ele>
      </trkpt>
      <trkpt lat="39.84095" lon="3.12881">
        <ele>0.7</ele>
      </trkpt>
      <trkpt lat="39.84096" lon="3.12891">
        <ele>0.7</ele>
      </trkpt>
      <trkpt lat="39.84097" lon="3.12898">
        <ele>0.7</ele>
      </trkpt>
      <trkpt lat="39.84098" lon="3.12915">
        <ele>0.7</ele>
      </trkpt>
      <trkpt lat="39.84101" lon="3.12932">
        <ele>0.8</ele>
      </trkpt>
      <trkpt lat="39.84109" lon="3.12975">
        <ele>1.0</ele>
      </trkpt>
      <trkpt lat="39.8411" lon="3.12981">
        <ele>1.0</ele>
      </trkpt>
      <trkpt lat="39.84113" lon="3.12991">
        <ele>1.1</ele>
      </trkpt>
      <trkpt lat="39.84115" lon="3.13">
        <ele>1.1</ele>
      </trkpt>
      <trkpt lat="39.84116" lon="3.13012">
        <ele>1.2</ele>
      </trkpt>
      <trkpt lat="39.84117" lon="3.13016">
        <ele>1.3</ele>
      </trkpt>
      <trkpt lat="39.84122" lon="3.13037">
        <ele>1.6</ele>
      </trkpt>
      <trkpt lat="39.84122" lon="3.13039">
        <ele>1.6</ele>
      </trkpt>
      <trkpt lat="39.84127" lon="3.13061">
        <ele>2.0</ele>
      </trkpt>
      <trkpt lat="39.84127" lon="3.13064">
        <ele>2.0</ele>
      </trkpt>
      <trkpt lat="39.84133" lon="3.13091">
        <ele>2.4</ele>
      </trkpt>
      <trkpt lat="39.84141" lon="3.13129">
        <ele>2.8</ele>
      </trkpt>
      <trkpt lat="39.84147" lon="3.13156">
        <ele>3.1</ele>
      </trkpt>
      <trkpt lat="39.84152" lon="3.13178">
        <ele>3.6</ele>
      </trkpt>
      <trkpt lat="39.84153" lon="3.13197">
        <ele>4.3</ele>
      </trkpt>
      <trkpt lat="39.84153" lon="3.13198">
        <ele>4.3</ele>
      </trkpt>
      <trkpt lat="39.84154" lon="3.132">
        <ele>4.4</ele>
      </trkpt>
      <trkpt lat="39.84157" lon="3.13225">
        <ele>5.4</ele>
      </trkpt>
      <trkpt lat="39.84157" lon="3.13237">
        <ele>5.8</ele>
      </trkpt>
      <trkpt lat="39.84157" lon="3.13249">
        <ele>6.2</ele>
      </trkpt>
      <trkpt lat="39.84157" lon="3.13259">
        <ele>6.2</ele>
      </trkpt>
      <trkpt lat="39.84159" lon="3.13263">
        <ele>6.4</ele>
      </trkpt>
      <trkpt lat="39.84161" lon="3.13266">
        <ele>6.5</ele>
      </trkpt>
      <trkpt lat="39.84163" lon="3.13268">
        <ele>6.7</ele>
      </trkpt>
      <trkpt lat="39.84169" lon="3.13271">
        <ele>7.0</ele>
      </trkpt>
      <trkpt lat="39.84169" lon="3.13271">
        <ele>7.0</ele>
      </trkpt>
      <trkpt lat="39.8417" lon="3.13269">
        <ele>7.0</ele>
      </trkpt>
      <trkpt lat="39.84174" lon="3.13259">
        <ele>7.1</ele>
      </trkpt>
      <trkpt lat="39.84175" lon="3.13258">
        <ele>7.1</ele>
      </trkpt>
      <trkpt lat="39.84175" lon="3.13257">
        <ele>7.1</ele>
      </trkpt>
      <trkpt lat="39.84175" lon="3.13257">
        <ele>7.1</ele>
      </trkpt>
      <trkpt lat="39.84182" lon="3.13261">
        <ele>7.1</ele>
      </trkpt>
      <trkpt lat="39.8419" lon="3.13264">
        <ele>7.1</ele>
      </trkpt>
      <trkpt lat="39.84247" lon="3.13285">
        <ele>6.7</ele>
      </trkpt>
      <trkpt lat="39.84273" lon="3.13294">
        <ele>6.6</ele>
      </trkpt>
      <trkpt lat="39.84293" lon="3.13301">
        <ele>6.6</ele>
      </trkpt>
      <trkpt lat="39.84299" lon="3.13303">
        <ele>6.6</ele>
      </trkpt>
      <trkpt lat="39.84299" lon="3.13303">
        <ele>6.6</ele>
      </trkpt>
      <trkpt lat="39.84313" lon="3.13278">
        <ele>7.0</ele>
      </trkpt>
      <trkpt lat="39.84317" lon="3.13269">
        <ele>7.1</ele>
      </trkpt>
      <trkpt lat="39.84322" lon="3.1326">
        <ele>7.1</ele>
      </trkpt>
      <trkpt lat="39.84329" lon="3.13251">
        <ele>7.0</ele>
      </trkpt>
      <trkpt lat="39.84335" lon="3.13242">
        <ele>7.0</ele>
      </trkpt>
      <trkpt lat="39.84343" lon="3.13235">
        <ele>6.9</ele>
      </trkpt>
      <trkpt lat="39.84352" lon="3.13228">
        <ele>6.8</ele>
      </trkpt>
      <trkpt lat="39.84356" lon="3.13225">
        <ele>6.7</ele>
      </trkpt>
      <trkpt lat="39.84399" lon="3.13201">
        <ele>5.1</ele>
      </trkpt>
      <trkpt lat="39.84399" lon="3.13201">
        <ele>5.1</ele>
      </trkpt>
      <trkpt lat="39.84389" lon="3.13173">
        <ele>4.5</ele>
      </trkpt>
      <trkpt lat="39.84389" lon="3.13173">
        <ele>4.5</ele>
      </trkpt>
      <trkpt lat="39.844" lon="3.13165">
        <ele>3.8</ele>
      </trkpt>
      <trkpt lat="39.84407" lon="3.13162">
        <ele>3.4</ele>
      </trkpt>
      <trkpt lat="39.84415" lon="3.13157">
        <ele>3.0</ele>
      </trkpt>
      <trkpt lat="39.8442" lon="3.13154">
        <ele>3.0</ele>
      </trkpt>
      <trkpt lat="39.84425" lon="3.1315">
        <ele>3.0</ele>
      </trkpt>
      <trkpt lat="39.84429" lon="3.13144">
        <ele>3.1</ele>
      </trkpt>
      <trkpt lat="39.84432" lon="3.13136">
        <ele>3.0</ele>
      </trkpt>
      <trkpt lat="39.84435" lon="3.13135">
        <ele>3.0</ele>
      </trkpt>
      <trkpt lat="39.84437" lon="3.13134">
        <ele>3.1</ele>
      </trkpt>
      <trkpt lat="39.84443" lon="3.13132">
        <ele>3.1</ele>
      </trkpt>
      <trkpt lat="39.84446" lon="3.13132">
        <ele>3.2</ele>
      </trkpt>
      <trkpt lat="39.84451" lon="3.13132">
        <ele>3.3</ele>
      </trkpt>
      <trkpt lat="39.84456" lon="3.13132">
        <ele>3.4</ele>
      </trkpt>
      <trkpt lat="39.84461" lon="3.13131">
        <ele>3.5</ele>
      </trkpt>
      <trkpt lat="39.84464" lon="3.13131">
        <ele>3.5</ele>
      </trkpt>
      <trkpt lat="39.84466" lon="3.13131">
        <ele>3.6</ele>
      </trkpt>
      <trkpt lat="39.84472" lon="3.13129">
        <ele>3.6</ele>
      </trkpt>
      <trkpt lat="39.84479" lon="3.13126">
        <ele>3.7</ele>
      </trkpt>
      <trkpt lat="39.84519" lon="3.13108">
        <ele>3.3</ele>
      </trkpt>
      <trkpt lat="39.84532" lon="3.13102">
        <ele>3.1</ele>
      </trkpt>
      <trkpt lat="39.84546" lon="3.13095">
        <ele>3.0</ele>
      </trkpt>
      <trkpt lat="39.84549" lon="3.13094">
        <ele>3.0</ele>
      </trkpt>
      <trkpt lat="39.84557" lon="3.13091">
        <ele>2.9</ele>
      </trkpt>
      <trkpt lat="39.84566" lon="3.13088">
        <ele>2.9</ele>
      </trkpt>
      <trkpt lat="39.84574" lon="3.13087">
        <ele>3.0</ele>
      </trkpt>
      <trkpt lat="39.84582" lon="3.13086">
        <ele>3.0</ele>
      </trkpt>
      <trkpt lat="39.8459" lon="3.13087">
        <ele>3.0</ele>
      </trkpt>
      <trkpt lat="39.84595" lon="3.13088">
        <ele>3.0</ele>
      </trkpt>
      <trkpt lat="39.84602" lon="3.13092">
        <ele>3.0</ele>
      </trkpt>
      <trkpt lat="39.84602" lon="3.13092">
        <ele>3.0</ele>
      </trkpt>
      <trkpt lat="39.84601" lon="3.13092">
        <ele>3.0</ele>
      </trkpt>
      <trkpt lat="39.846" lon="3.13094">
        <ele>3.1</ele>
      </trkpt>
      <trkpt lat="39.846" lon="3.13095">
        <ele>3.1</ele>
      </trkpt>
      <trkpt lat="39.84599" lon="3.13096">
        <ele>3.1</ele>
      </trkpt>
      <trkpt lat="39.84599" lon="3.13097">
        <ele>3.1</ele>
      </trkpt>
      <trkpt lat="39.84598" lon="3.13099">
        <ele>3.2</ele>
      </trkpt>
      <trkpt lat="39.84598" lon="3.131">
        <ele>3.2</ele>
      </trkpt>
      <trkpt lat="39.84598" lon="3.13101">
        <ele>3.2</ele>
      </trkpt>
      <trkpt lat="39.84598" lon="3.13103">
        <ele>3.3</ele>
      </trkpt>
      <trkpt lat="39.84598" lon="3.13104">
        <ele>3.3</ele>
      </trkpt>
      <trkpt lat="39.84598" lon="3.13105">
        <ele>3.3</ele>
      </trkpt>
      <trkpt lat="39.84598" lon="3.13107">
        <ele>3.4</ele>
      </trkpt>
      <trkpt lat="39.84598" lon="3.13108">
        <ele>3.4</ele>
      </trkpt>
      <trkpt lat="39.84599" lon="3.13109">
        <ele>3.4</ele>
      </trkpt>
      <trkpt lat="39.84599" lon="3.13111">
        <ele>3.5</ele>
      </trkpt>
      <trkpt lat="39.84599" lon="3.13112">
        <ele>3.5</ele>
      </trkpt>
      <trkpt lat="39.846" lon="3.13113">
        <ele>3.5</ele>
      </trkpt>
      <trkpt lat="39.846" lon="3.13114">
        <ele>3.5</ele>
      </trkpt>
      <trkpt lat="39.84601" lon="3.13116">
        <ele>3.6</ele>
      </trkpt>
      <trkpt lat="39.84601" lon="3.13117">
        <ele>3.6</ele>
      </trkpt>
      <trkpt lat="39.84602" lon="3.13118">
        <ele>3.6</ele>
      </trkpt>
      <trkpt lat="39.84603" lon="3.13119">
        <ele>3.6</ele>
      </trkpt>
      <trkpt lat="39.84604" lon="3.1312">
        <ele>3.6</ele>
      </trkpt>
      <trkpt lat="39.84606" lon="3.13121">
        <ele>3.6</ele>
      </trkpt>
      <trkpt lat="39.84607" lon="3.13122">
        <ele>3.6</ele>
      </trkpt>
      <trkpt lat="39.84609" lon="3.13123">
        <ele>3.6</ele>
      </trkpt>
      <trkpt lat="39.8461" lon="3.13124">
        <ele>3.7</ele>
      </trkpt>
      <trkpt lat="39.84612" lon="3.13124">
        <ele>3.6</ele>
      </trkpt>
      <trkpt lat="39.84613" lon="3.13125">
        <ele>3.6</ele>
      </trkpt>
      <trkpt lat="39.84615" lon="3.13125">
        <ele>3.6</ele>
      </trkpt>
      <trkpt lat="39.84616" lon="3.13125">
        <ele>3.6</ele>
      </trkpt>
      <trkpt lat="39.84617" lon="3.13125">
        <ele>3.6</ele>
      </trkpt>
      <trkpt lat="39.84618" lon="3.13125">
        <ele>3.6</ele>
      </trkpt>
      <trkpt lat="39.8462" lon="3.13124">
        <ele>3.5</ele>
      </trkpt>
      <trkpt lat="39.84621" lon="3.13124">
        <ele>3.5</ele>
      </trkpt>
      <trkpt lat="39.84622" lon="3.13123">
        <ele>3.5</ele>
      </trkpt>
      <trkpt lat="39.84623" lon="3.13122">
        <ele>3.5</ele>
      </trkpt>
      <trkpt lat="39.84624" lon="3.13121">
        <ele>3.4</ele>
      </trkpt>
      <trkpt lat="39.84625" lon="3.1312">
        <ele>3.4</ele>
      </trkpt>
      <trkpt lat="39.84626" lon="3.13119">
        <ele>3.3</ele>
      </trkpt>
      <trkpt lat="39.84627" lon="3.13118">
        <ele>3.3</ele>
      </trkpt>
      <trkpt lat="39.84627" lon="3.13117">
        <ele>3.3</ele>
      </trkpt>
      <trkpt lat="39.84628" lon="3.13116">
        <ele>3.2</ele>
      </trkpt>
      <trkpt lat="39.84629" lon="3.13115">
        <ele>3.2</ele>
      </trkpt>
      <trkpt lat="39.84629" lon="3.13114">
        <ele>3.2</ele>
      </trkpt>
      <trkpt lat="39.8463" lon="3.13112">
        <ele>3.1</ele>
      </trkpt>
      <trkpt lat="39.8463" lon="3.13111">
        <ele>3.1</ele>
      </trkpt>
      <trkpt lat="39.84631" lon="3.13109">
        <ele>3.0</ele>
      </trkpt>
      <trkpt lat="39.84631" lon="3.13108">
        <ele>3.0</ele>
      </trkpt>
      <trkpt lat="39.84631" lon="3.13106">
        <ele>3.0</ele>
      </trkpt>
      <trkpt lat="39.84631" lon="3.13105">
        <ele>2.9</ele>
      </trkpt>
      <trkpt lat="39.84631" lon="3.13103">
        <ele>2.9</ele>
      </trkpt>
      <trkpt lat="39.84631" lon="3.13102">
        <ele>2.9</ele>
      </trkpt>
      <trkpt lat="39.84631" lon="3.131">
        <ele>2.8</ele>
      </trkpt>
      <trkpt lat="39.84631" lon="3.13099">
        <ele>2.8</ele>
      </trkpt>
      <trkpt lat="39.8463" lon="3.13097">
        <ele>2.8</ele>
      </trkpt>
      <trkpt lat="39.8463" lon="3.13096">
        <ele>2.7</ele>
      </trkpt>
      <trkpt lat="39.8463" lon="3.13094">
        <ele>2.7</ele>
      </trkpt>
      <trkpt lat="39.84629" lon="3.13093">
        <ele>2.7</ele>
      </trkpt>
      <trkpt lat="39.84628" lon="3.13092">
        <ele>2.7</ele>
      </trkpt>
      <trkpt lat="39.84627" lon="3.13091">
        <ele>2.7</ele>
      </trkpt>
      <trkpt lat="39.84649" lon="3.1307">
        <ele>2.2</ele>
      </trkpt>
      <trkpt lat="39.8465" lon="3.13067">
        <ele>2.2</ele>
      </trkpt>
      <trkpt lat="39.84651" lon="3.13065">
        <ele>2.2</ele>
      </trkpt>
      <trkpt lat="39.84658" lon="3.13056">
        <ele>2.3</ele>
      </trkpt>
      <trkpt lat="39.8467" lon="3.13045">
        <ele>2.5</ele>
      </trkpt>
      <trkpt lat="39.84674" lon="3.1304">
        <ele>2.6</ele>
      </trkpt>
      <trkpt lat="39.84694" lon="3.1302">
        <ele>2.8</ele>
      </trkpt>
      <trkpt lat="39.84702" lon="3.13011">
        <ele>2.9</ele>
      </trkpt>
      <trkpt lat="39.84731" lon="3.12982">
        <ele>3.0</ele>
      </trkpt>
      <trkpt lat="39.84759" lon="3.12953">
        <ele>3.2</ele>
      </trkpt>
      <trkpt lat="39.84796" lon="3.12916">
        <ele>4.7</ele>
      </trkpt>
      <trkpt lat="39.84802" lon="3.1291">
        <ele>5.0</ele>
      </trkpt>
      <trkpt lat="39.84812" lon="3.12899">
        <ele>5.5</ele>
      </trkpt>
      <trkpt lat="39.84813" lon="3.12898">
        <ele>5.5</ele>
      </trkpt>
      <trkpt lat="39.84834" lon="3.12877">
        <ele>6.5</ele>
      </trkpt>
      <trkpt lat="39.84856" lon="3.12855">
        <ele>7.1</ele>
      </trkpt>
      <trkpt lat="39.84895" lon="3.12817">
        <ele>8.4</ele>
      </trkpt>
      <trkpt lat="39.84904" lon="3.12808">
        <ele>8.6</ele>
      </trkpt>
      <trkpt lat="39.84909" lon="3.12803">
        <ele>8.7</ele>
      </trkpt>
      <trkpt lat="39.84918" lon="3.12794">
        <ele>9.0</ele>
      </trkpt>
      <trkpt lat="39.84932" lon="3.1278">
        <ele>9.2</ele>
      </trkpt>
      <trkpt lat="39.84936" lon="3.12776">
        <ele>9.3</ele>
      </trkpt>
      <trkpt lat="39.84944" lon="3.12768">
        <ele>9.5</ele>
      </trkpt>
      <trkpt lat="39.84958" lon="3.12754">
        <ele>9.9</ele>
      </trkpt>
      <trkpt lat="39.84972" lon="3.1274">
        <ele>10.2</ele>
      </trkpt>
      <trkpt lat="39.84985" lon="3.12727">
        <ele>10.5</ele>
      </trkpt>
      <trkpt lat="39.84999" lon="3.12713">
        <ele>11.0</ele>
      </trkpt>
      <trkpt lat="39.85007" lon="3.12705">
        <ele>11.1</ele>
      </trkpt>
      <trkpt lat="39.85033" lon="3.12679">
        <ele>12.0</ele>
      </trkpt>
      <trkpt lat="39.85047" lon="3.12665">
        <ele>12.7</ele>
      </trkpt>
      <trkpt lat="39.85051" lon="3.12661">
        <ele>12.9</ele>
      </trkpt>
      <trkpt lat="39.85055" lon="3.12657">
        <ele>13.1</ele>
      </trkpt>
      <trkpt lat="39.85061" lon="3.12651">
        <ele>13.4</ele>
      </trkpt>
      <trkpt lat="39.85073" lon="3.12638">
        <ele>14.0</ele>
      </trkpt>
      <trkpt lat="39.85083" lon="3.12628">
        <ele>14.5</ele>
      </trkpt>
      <trkpt lat="39.85118" lon="3.12592">
        <ele>13.8</ele>
      </trkpt>
      <trkpt lat="39.8516" lon="3.12548">
        <ele>13.0</ele>
      </trkpt>
      <trkpt lat="39.85185" lon="3.12521">
        <ele>13.6</ele>
      </trkpt>
      <trkpt lat="39.85197" lon="3.12507">
        <ele>13.9</ele>
      </trkpt>
      <trkpt lat="39.85266" lon="3.12441">
        <ele>13.6</ele>
      </trkpt>
      <trkpt lat="39.8527" lon="3.12438">
        <ele>13.5</ele>
      </trkpt>
      <trkpt lat="39.85273" lon="3.12434">
        <ele>13.4</ele>
      </trkpt>
      <trkpt lat="39.85295" lon="3.12413">
        <ele>13.0</ele>
      </trkpt>
      <trkpt lat="39.85295" lon="3.12413">
        <ele>13.0</ele>
      </trkpt>
      <trkpt lat="39.85294" lon="3.12407">
        <ele>13.0</ele>
      </trkpt>
      <trkpt lat="39.85296" lon="3.12404">
        <ele>13.0</ele>
      </trkpt>
      <trkpt lat="39.85297" lon="3.12403">
        <ele>13.0</ele>
      </trkpt>
      <trkpt lat="39.85298" lon="3.12401">
        <ele>13.0</ele>
      </trkpt>
      <trkpt lat="39.85298" lon="3.12398">
        <ele>13.0</ele>
      </trkpt>
      <trkpt lat="39.853" lon="3.12395">
        <ele>13.1</ele>
      </trkpt>
      <trkpt lat="39.853" lon="3.12391">
        <ele>13.1</ele>
      </trkpt>
      <trkpt lat="39.85301" lon="3.12387">
        <ele>13.2</ele>
      </trkpt>
      <trkpt lat="39.85301" lon="3.12382">
        <ele>13.2</ele>
      </trkpt>
      <trkpt lat="39.85302" lon="3.12376">
        <ele>13.3</ele>
      </trkpt>
      <trkpt lat="39.85302" lon="3.12372">
        <ele>13.4</ele>
      </trkpt>
      <trkpt lat="39.85302" lon="3.12368">
        <ele>13.4</ele>
      </trkpt>
      <trkpt lat="39.85301" lon="3.12366">
        <ele>13.4</ele>
      </trkpt>
      <trkpt lat="39.85301" lon="3.12363">
        <ele>13.5</ele>
      </trkpt>
      <trkpt lat="39.85299" lon="3.12359">
        <ele>13.5</ele>
      </trkpt>
      <trkpt lat="39.85297" lon="3.12356">
        <ele>13.5</ele>
      </trkpt>
      <trkpt lat="39.85297" lon="3.12356">
        <ele>13.5</ele>
      </trkpt>
      <trkpt lat="39.8528" lon="3.12355">
        <ele>13.1</ele>
      </trkpt>
      <trkpt lat="39.85256" lon="3.12355">
        <ele>12.6</ele>
      </trkpt>
      <trkpt lat="39.85256" lon="3.12355">
        <ele>12.6</ele>
      </trkpt>
      <trkpt lat="39.85257" lon="3.123">
        <ele>13.8</ele>
      </trkpt>
      <trkpt lat="39.85254" lon="3.12238">
        <ele>16.2</ele>
      </trkpt>
      <trkpt lat="39.85232" lon="3.12205">
        <ele>16.0</ele>
      </trkpt>
      <trkpt lat="39.85232" lon="3.12205">
        <ele>16.0</ele>
      </trkpt>
      <trkpt lat="39.85239" lon="3.12198">
        <ele>16.3</ele>
      </trkpt>
      <trkpt lat="39.85252" lon="3.12189">
        <ele>16.8</ele>
      </trkpt>
      <trkpt lat="39.85257" lon="3.12185">
        <ele>16.9</ele>
      </trkpt>
      <trkpt lat="39.8526" lon="3.12183">
        <ele>17.0</ele>
      </trkpt>
      <trkpt lat="39.85263" lon="3.12181">
        <ele>17.1</ele>
      </trkpt>
      <trkpt lat="39.85266" lon="3.1218">
        <ele>17.2</ele>
      </trkpt>
      <trkpt lat="39.85269" lon="3.12178">
        <ele>17.3</ele>
      </trkpt>
      <trkpt lat="39.85271" lon="3.12178">
        <ele>17.4</ele>
      </trkpt>
      <trkpt lat="39.85276" lon="3.12177">
        <ele>17.5</ele>
      </trkpt>
      <trkpt lat="39.85283" lon="3.12175">
        <ele>17.7</ele>
      </trkpt>
      <trkpt lat="39.85289" lon="3.12173">
        <ele>17.9</ele>
      </trkpt>
      <trkpt lat="39.85293" lon="3.12172">
        <ele>18.0</ele>
      </trkpt>
      <trkpt lat="39.85296" lon="3.12171">
        <ele>18.1</ele>
      </trkpt>
      <trkpt lat="39.85301" lon="3.12168">
        <ele>18.2</ele>
      </trkpt>
      <trkpt lat="39.85311" lon="3.12163">
        <ele>18.4</ele>
      </trkpt>
      <trkpt lat="39.85319" lon="3.12159">
        <ele>18.5</ele>
      </trkpt>
      <trkpt lat="39.85319" lon="3.12159">
        <ele>18.5</ele>
      </trkpt>
      <trkpt lat="39.8531" lon="3.12124">
        <ele>17.7</ele>
      </trkpt>
      <trkpt lat="39.85313" lon="3.12107">
        <ele>17.4</ele>
      </trkpt>
      <trkpt lat="39.85314" lon="3.12095">
        <ele>17.2</ele>
      </trkpt>
      <trkpt lat="39.85311" lon="3.12066">
        <ele>16.4</ele>
      </trkpt>
      <trkpt lat="39.85309" lon="3.12055">
        <ele>16.0</ele>
      </trkpt>
      <trkpt lat="39.85309" lon="3.12055">
        <ele>16.0</ele>
      </trkpt>
      <trkpt lat="39.85331" lon="3.1204">
        <ele>15.0</ele>
      </trkpt>
      <trkpt lat="39.85333" lon="3.12039">
        <ele>14.9</ele>
      </trkpt>
      <trkpt lat="39.85334" lon="3.12038">
        <ele>14.8</ele>
      </trkpt>
      <trkpt lat="39.85334" lon="3.12036">
        <ele>14.7</ele>
      </trkpt>
      <trkpt lat="39.85335" lon="3.12035">
        <ele>14.6</ele>
      </trkpt>
      <trkpt lat="39.85344" lon="3.11985">
        <ele>12.3</ele>
      </trkpt>
      <trkpt lat="39.85359" lon="3.11951">
        <ele>11.0</ele>
      </trkpt>
      <trkpt lat="39.8537" lon="3.11925">
        <ele>9.9</ele>
      </trkpt>
      <trkpt lat="39.8538" lon="3.11904">
        <ele>9.0</ele>
      </trkpt>
      <trkpt lat="39.85389" lon="3.11881">
        <ele>7.9</ele>
      </trkpt>
      <trkpt lat="39.85389" lon="3.11881">
        <ele>7.9</ele>
      </trkpt>
      <trkpt lat="39.85399" lon="3.11889">
        <ele>7.5</ele>
      </trkpt>
      <trkpt lat="39.85399" lon="3.11889">
        <ele>7.5</ele>
      </trkpt>
      <trkpt lat="39.85403" lon="3.11881">
        <ele>7.0</ele>
      </trkpt>
      <trkpt lat="39.85405" lon="3.11878">
        <ele>6.8</ele>
      </trkpt>
      <trkpt lat="39.85417" lon="3.11858">
        <ele>5.6</ele>
      </trkpt>
      <trkpt lat="39.85419" lon="3.11855">
        <ele>5.5</ele>
      </trkpt>
      <trkpt lat="39.85419" lon="3.11851">
        <ele>5.4</ele>
      </trkpt>
      <trkpt lat="39.85419" lon="3.11849">
        <ele>5.4</ele>
      </trkpt>
      <trkpt lat="39.85418" lon="3.11848">
        <ele>5.3</ele>
      </trkpt>
      <trkpt lat="39.85412" lon="3.11835">
        <ele>5.4</ele>
      </trkpt>
      <trkpt lat="39.85397" lon="3.11794">
        <ele>6.0</ele>
      </trkpt>
      <trkpt lat="39.85389" lon="3.11667">
        <ele>4.3</ele>
      </trkpt>
      <trkpt lat="39.85388" lon="3.11659">
        <ele>4.3</ele>
      </trkpt>
      <trkpt lat="39.85388" lon="3.11653">
        <ele>4.2</ele>
      </trkpt>
      <trkpt lat="39.85389" lon="3.1165">
        <ele>4.1</ele>
      </trkpt>
      <trkpt lat="39.85391" lon="3.11647">
        <ele>4.1</ele>
      </trkpt>
      <trkpt lat="39.85396" lon="3.11641">
        <ele>3.9</ele>
      </trkpt>
      <trkpt lat="39.85397" lon="3.1164">
        <ele>3.9</ele>
      </trkpt>
      <trkpt lat="39.85467" lon="3.11589">
        <ele>3.0</ele>
      </trkpt>
      <trkpt lat="39.85476" lon="3.11584">
        <ele>3.0</ele>
      </trkpt>
      <trkpt lat="39.85506" lon="3.11565">
        <ele>2.0</ele>
      </trkpt>
      <trkpt lat="39.85548" lon="3.11531">
        <ele>0.8</ele>
      </trkpt>
      <trkpt lat="39.85564" lon="3.11521">
        <ele>0.8</ele>
      </trkpt>
      <trkpt lat="39.85573" lon="3.11515">
        <ele>0.8</ele>
      </trkpt>
      <trkpt lat="39.85649" lon="3.11478">
        <ele>-0.1</ele>
      </trkpt>
      <trkpt lat="39.85659" lon="3.11473">
        <ele>-0.2</ele>
      </trkpt>
      <trkpt lat="39.85664" lon="3.1147">
        <ele>-0.3</ele>
      </trkpt>
      <trkpt lat="39.85666" lon="3.11469">
        <ele>-0.4</ele>
      </trkpt>
      <trkpt lat="39.85675" lon="3.11463">
        <ele>-0.3</ele>
      </trkpt>
      <trkpt lat="39.85679" lon="3.11458">
        <ele>-0.3</ele>
      </trkpt>
      <trkpt lat="39.85681" lon="3.11455">
        <ele>-0.3</ele>
      </trkpt>
      <trkpt lat="39.85684" lon="3.11449">
        <ele>-0.3</ele>
      </trkpt>
      <trkpt lat="39.85685" lon="3.11444">
        <ele>-0.4</ele>
      </trkpt>
      <trkpt lat="39.85685" lon="3.11436">
        <ele>-0.5</ele>
      </trkpt>
      <trkpt lat="39.85685" lon="3.11409">
        <ele>-0.6</ele>
      </trkpt>
      <trkpt lat="39.85687" lon="3.1138">
        <ele>0.0</ele>
      </trkpt>
      <trkpt lat="39.85688" lon="3.11373">
        <ele>0.2</ele>
      </trkpt>
      <trkpt lat="39.85692" lon="3.11357">
        <ele>0.5</ele>
      </trkpt>
      <trkpt lat="39.85696" lon="3.11344">
        <ele>0.8</ele>
      </trkpt>
      <trkpt lat="39.85696" lon="3.11341">
        <ele>0.8</ele>
      </trkpt>
      <trkpt lat="39.85696" lon="3.11338">
        <ele>0.9</ele>
      </trkpt>
      <trkpt lat="39.85696" lon="3.11335">
        <ele>1.0</ele>
      </trkpt>
      <trkpt lat="39.85671" lon="3.11276">
        <ele>1.7</ele>
      </trkpt>
      <trkpt lat="39.85671" lon="3.11276">
        <ele>1.7</ele>
      </trkpt>
      <trkpt lat="39.85669" lon="3.11267">
        <ele>1.8</ele>
      </trkpt>
      <trkpt lat="39.85668" lon="3.11262">
        <ele>1.9</ele>
      </trkpt>
      <trkpt lat="39.85667" lon="3.11255">
        <ele>1.9</ele>
      </trkpt>
      <trkpt lat="39.85666" lon="3.11246">
        <ele>2.0</ele>
      </trkpt>
      <trkpt lat="39.85667" lon="3.11236">
        <ele>1.8</ele>
      </trkpt>
      <trkpt lat="39.85666" lon="3.11222">
        <ele>1.7</ele>
      </trkpt>
      <trkpt lat="39.85666" lon="3.11212">
        <ele>1.6</ele>
      </trkpt>
      <trkpt lat="39.85665" lon="3.11204">
        <ele>1.5</ele>
      </trkpt>
      <trkpt lat="39.85664" lon="3.11194">
        <ele>1.4</ele>
      </trkpt>
      <trkpt lat="39.85662" lon="3.11183">
        <ele>1.3</ele>
      </trkpt>
      <trkpt lat="39.8566" lon="3.11172">
        <ele>1.2</ele>
      </trkpt>
      <trkpt lat="39.85659" lon="3.11159">
        <ele>1.1</ele>
      </trkpt>
      <trkpt lat="39.85659" lon="3.1114">
        <ele>1.1</ele>
      </trkpt>
      <trkpt lat="39.85659" lon="3.11023">
        <ele>-0.3</ele>
      </trkpt>
      <trkpt lat="39.85659" lon="3.11012">
        <ele>-0.6</ele>
      </trkpt>
      <trkpt lat="39.85658" lon="3.10999">
        <ele>-0.8</ele>
      </trkpt>
      <trkpt lat="39.85658" lon="3.10989">
        <ele>-0.8</ele>
      </trkpt>
      <trkpt lat="39.85658" lon="3.10959">
        <ele>-0.8</ele>
      </trkpt>
      <trkpt lat="39.85658" lon="3.10929">
        <ele>-0.9</ele>
      </trkpt>
      <trkpt lat="39.85657" lon="3.10922">
        <ele>-0.9</ele>
      </trkpt>
      <trkpt lat="39.85657" lon="3.10918">
        <ele>-0.9</ele>
      </trkpt>
      <trkpt lat="39.85657" lon="3.10916">
        <ele>-0.9</ele>
      </trkpt>
      <trkpt lat="39.85658" lon="3.1091">
        <ele>-0.9</ele>
      </trkpt>
      <trkpt lat="39.85659" lon="3.10901">
        <ele>-0.9</ele>
      </trkpt>
      <trkpt lat="39.85662" lon="3.10883">
        <ele>-0.9</ele>
      </trkpt>
      <trkpt lat="39.85667" lon="3.10848">
        <ele>-1.0</ele>
      </trkpt>
      <trkpt lat="39.85673" lon="3.10813">
        <ele>-0.3</ele>
      </trkpt>
      <trkpt lat="39.85677" lon="3.10785">
        <ele>0.6</ele>
      </trkpt>
      <trkpt lat="39.85677" lon="3.10783">
        <ele>0.6</ele>
      </trkpt>
      <trkpt lat="39.8568" lon="3.10769">
        <ele>1.1</ele>
      </trkpt>
      <trkpt lat="39.85683" lon="3.1075">
        <ele>1.8</ele>
      </trkpt>
      <trkpt lat="39.85694" lon="3.1068">
        <ele>2.3</ele>
      </trkpt>
      <trkpt lat="39.85703" lon="3.10621">
        <ele>1.4</ele>
      </trkpt>
      <trkpt lat="39.85719" lon="3.10523">
        <ele>0.6</ele>
      </trkpt>
      <trkpt lat="39.8572" lon="3.10516">
        <ele>0.7</ele>
      </trkpt>
      <trkpt lat="39.85719" lon="3.10512">
        <ele>0.7</ele>
      </trkpt>
      <trkpt lat="39.85717" lon="3.10503">
        <ele>0.8</ele>
      </trkpt>
      <trkpt lat="39.85717" lon="3.10503">
        <ele>0.8</ele>
      </trkpt>
      <trkpt lat="39.85727" lon="3.10483">
        <ele>0.6</ele>
      </trkpt>
      <trkpt lat="39.85758" lon="3.10412">
        <ele>0.5</ele>
      </trkpt>
      <trkpt lat="39.85779" lon="3.10363">
        <ele>0.0</ele>
      </trkpt>
      <trkpt lat="39.85785" lon="3.10342">
        <ele>0.0</ele>
      </trkpt>
      <trkpt lat="39.85794" lon="3.10313">
        <ele>0.1</ele>
      </trkpt>
      <trkpt lat="39.8583" lon="3.10191">
        <ele>0.7</ele>
      </trkpt>
      <trkpt lat="39.85833" lon="3.1018">
        <ele>0.8</ele>
      </trkpt>
      <trkpt lat="39.85834" lon="3.10177">
        <ele>0.9</ele>
      </trkpt>
      <trkpt lat="39.8584" lon="3.10155">
        <ele>1.0</ele>
      </trkpt>
      <trkpt lat="39.85854" lon="3.10087">
        <ele>1.5</ele>
      </trkpt>
      <trkpt lat="39.85858" lon="3.10052">
        <ele>1.7</ele>
      </trkpt>
      <trkpt lat="39.85862" lon="3.10024">
        <ele>1.8</ele>
      </trkpt>
      <trkpt lat="39.85866" lon="3.1">
        <ele>1.8</ele>
      </trkpt>
      <trkpt lat="39.85869" lon="3.09988">
        <ele>1.4</ele>
      </trkpt>
      <trkpt lat="39.8587" lon="3.09982">
        <ele>1.2</ele>
      </trkpt>
      <trkpt lat="39.85871" lon="3.09976">
        <ele>1.1</ele>
      </trkpt>
      <trkpt lat="39.85875" lon="3.09963">
        <ele>0.6</ele>
      </trkpt>
      <trkpt lat="39.85878" lon="3.09954">
        <ele>0.3</ele>
      </trkpt>
      <trkpt lat="39.85881" lon="3.09945">
        <ele>0.0</ele>
      </trkpt>
      <trkpt lat="39.85883" lon="3.09941">
        <ele>-0.2</ele>
      </trkpt>
      <trkpt lat="39.8589" lon="3.09928">
        <ele>-0.8</ele>
      </trkpt>
      <trkpt lat="39.85896" lon="3.09917">
        <ele>-1.2</ele>
      </trkpt>
      <trkpt lat="39.85901" lon="3.0991">
        <ele>-1.4</ele>
      </trkpt>
      <trkpt lat="39.85911" lon="3.09897">
        <ele>-1.6</ele>
      </trkpt>
      <trkpt lat="39.85917" lon="3.09892">
        <ele>-1.7</ele>
      </trkpt>
      <trkpt lat="39.85922" lon="3.09886">
        <ele>-1.6</ele>
      </trkpt>
      <trkpt lat="39.85933" lon="3.09877">
        <ele>-1.5</ele>
      </trkpt>
      <trkpt lat="39.85937" lon="3.09874">
        <ele>-1.5</ele>
      </trkpt>
      <trkpt lat="39.85948" lon="3.09865">
        <ele>-1.4</ele>
      </trkpt>
      <trkpt lat="39.86" lon="3.09825">
        <ele>-0.9</ele>
      </trkpt>
      <trkpt lat="39.86036" lon="3.09797">
        <ele>-0.6</ele>
      </trkpt>
      <trkpt lat="39.86063" lon="3.09776">
        <ele>-0.2</ele>
      </trkpt>
      <trkpt lat="39.86085" lon="3.09758">
        <ele>0.0</ele>
      </trkpt>
      <trkpt lat="39.86104" lon="3.09741">
        <ele>-0.1</ele>
      </trkpt>
      <trkpt lat="39.86108" lon="3.09737">
        <ele>-0.1</ele>
      </trkpt>
      <trkpt lat="39.86111" lon="3.09734">
        <ele>-0.1</ele>
      </trkpt>
      <trkpt lat="39.86114" lon="3.09731">
        <ele>-0.1</ele>
      </trkpt>
      <trkpt lat="39.86126" lon="3.09719">
        <ele>0.0</ele>
      </trkpt>
      <trkpt lat="39.86131" lon="3.09712">
        <ele>0.1</ele>
      </trkpt>
      <trkpt lat="39.86133" lon="3.09711">
        <ele>0.1</ele>
      </trkpt>
      <trkpt lat="39.86139" lon="3.09703">
        <ele>0.2</ele>
      </trkpt>
      <trkpt lat="39.86144" lon="3.09697">
        <ele>0.3</ele>
      </trkpt>
      <trkpt lat="39.86159" lon="3.09677">
        <ele>0.7</ele>
      </trkpt>
      <trkpt lat="39.86173" lon="3.0966">
        <ele>0.9</ele>
      </trkpt>
      <trkpt lat="39.86179" lon="3.09652">
        <ele>0.9</ele>
      </trkpt>
      <trkpt lat="39.86186" lon="3.09643">
        <ele>0.8</ele>
      </trkpt>
      <trkpt lat="39.86192" lon="3.09635">
        <ele>0.8</ele>
      </trkpt>
      <trkpt lat="39.86215" lon="3.09605">
        <ele>0.8</ele>
      </trkpt>
      <trkpt lat="39.86218" lon="3.09601">
        <ele>0.9</ele>
      </trkpt>
      <trkpt lat="39.86223" lon="3.09594">
        <ele>0.9</ele>
      </trkpt>
      <trkpt lat="39.86246" lon="3.09562">
        <ele>1.0</ele>
      </trkpt>
      <trkpt lat="39.86262" lon="3.09539">
        <ele>1.1</ele>
      </trkpt>
      <trkpt lat="39.8632" lon="3.09457">
        <ele>2.2</ele>
      </trkpt>
      <trkpt lat="39.86361" lon="3.09395">
        <ele>1.9</ele>
      </trkpt>
      <trkpt lat="39.86365" lon="3.09388">
        <ele>1.9</ele>
      </trkpt>
      <trkpt lat="39.8638" lon="3.09364">
        <ele>2.1</ele>
      </trkpt>
      <trkpt lat="39.86393" lon="3.0934">
        <ele>2.4</ele>
      </trkpt>
      <trkpt lat="39.86397" lon="3.09333">
        <ele>2.5</ele>
      </trkpt>
      <trkpt lat="39.86422" lon="3.09288">
        <ele>1.9</ele>
      </trkpt>
      <trkpt lat="39.86462" lon="3.09222">
        <ele>0.9</ele>
      </trkpt>
      <trkpt lat="39.86466" lon="3.09215">
        <ele>0.8</ele>
      </trkpt>
      <trkpt lat="39.86501" lon="3.09156">
        <ele>0.1</ele>
      </trkpt>
      <trkpt lat="39.86528" lon="3.09113">
        <ele>0.6</ele>
      </trkpt>
      <trkpt lat="39.86544" lon="3.09088">
        <ele>0.9</ele>
      </trkpt>
      <trkpt lat="39.86556" lon="3.09072">
        <ele>1.0</ele>
      </trkpt>
      <trkpt lat="39.86558" lon="3.09069">
        <ele>1.1</ele>
      </trkpt>
      <trkpt lat="39.86574" lon="3.09049">
        <ele>1.3</ele>
      </trkpt>
      <trkpt lat="39.86586" lon="3.09036">
        <ele>1.6</ele>
      </trkpt>
      <trkpt lat="39.86596" lon="3.09024">
        <ele>1.7</ele>
      </trkpt>
      <trkpt lat="39.86618" lon="3.09">
        <ele>2.0</ele>
      </trkpt>
      <trkpt lat="39.86639" lon="3.08981">
        <ele>1.8</ele>
      </trkpt>
      <trkpt lat="39.86655" lon="3.08967">
        <ele>1.6</ele>
      </trkpt>
      <trkpt lat="39.86667" lon="3.08957">
        <ele>1.5</ele>
      </trkpt>
      <trkpt lat="39.86679" lon="3.08947">
        <ele>1.3</ele>
      </trkpt>
      <trkpt lat="39.86703" lon="3.08926">
        <ele>1.0</ele>
      </trkpt>
      <trkpt lat="39.86722" lon="3.0891">
        <ele>0.9</ele>
      </trkpt>
      <trkpt lat="39.8676" lon="3.08879">
        <ele>0.9</ele>
      </trkpt>
      <trkpt lat="39.86782" lon="3.08861">
        <ele>0.9</ele>
      </trkpt>
      <trkpt lat="39.8683" lon="3.08822">
        <ele>0.7</ele>
      </trkpt>
      <trkpt lat="39.86856" lon="3.08801">
        <ele>0.2</ele>
      </trkpt>
      <trkpt lat="39.86873" lon="3.08786">
        <ele>-0.1</ele>
      </trkpt>
      <trkpt lat="39.86937" lon="3.08735">
        <ele>-0.1</ele>
      </trkpt>
      <trkpt lat="39.86949" lon="3.08727">
        <ele>-0.2</ele>
      </trkpt>
      <trkpt lat="39.86965" lon="3.08715">
        <ele>-0.5</ele>
      </trkpt>
      <trkpt lat="39.86974" lon="3.08707">
        <ele>-0.7</ele>
      </trkpt>
      <trkpt lat="39.86989" lon="3.08695">
        <ele>-1.1</ele>
      </trkpt>
      <trkpt lat="39.87009" lon="3.08679">
        <ele>-1.9</ele>
      </trkpt>
      <trkpt lat="39.87026" lon="3.08667">
        <ele>-2.6</ele>
      </trkpt>
      <trkpt lat="39.8704" lon="3.08657">
        <ele>-2.7</ele>
      </trkpt>
      <trkpt lat="39.87058" lon="3.08645">
        <ele>-2.3</ele>
      </trkpt>
      <trkpt lat="39.87066" lon="3.0864">
        <ele>-2.1</ele>
      </trkpt>
      <trkpt lat="39.87071" lon="3.08637">
        <ele>-2.0</ele>
      </trkpt>
      <trkpt lat="39.87079" lon="3.08632">
        <ele>-1.8</ele>
      </trkpt>
      <trkpt lat="39.87095" lon="3.08622">
        <ele>-1.5</ele>
      </trkpt>
      <trkpt lat="39.87103" lon="3.08617">
        <ele>-1.1</ele>
      </trkpt>
      <trkpt lat="39.87178" lon="3.08572">
        <ele>0.7</ele>
      </trkpt>
      <trkpt lat="39.87179" lon="3.08571">
        <ele>0.7</ele>
      </trkpt>
      <trkpt lat="39.87204" lon="3.08556">
        <ele>0.4</ele>
      </trkpt>
      <trkpt lat="39.87228" lon="3.08541">
        <ele>0.1</ele>
      </trkpt>
      <trkpt lat="39.87245" lon="3.08531">
        <ele>0.0</ele>
      </trkpt>
      <trkpt lat="39.87248" lon="3.08529">
        <ele>0.0</ele>
      </trkpt>
      <trkpt lat="39.87257" lon="3.08523">
        <ele>0.0</ele>
      </trkpt>
      <trkpt lat="39.87266" lon="3.08518">
        <ele>0.0</ele>
      </trkpt>
      <trkpt lat="39.87282" lon="3.08508">
        <ele>0.0</ele>
      </trkpt>
      <trkpt lat="39.87306" lon="3.08493">
        <ele>-0.1</ele>
      </trkpt>
      <trkpt lat="39.87354" lon="3.08462">
        <ele>-0.3</ele>
      </trkpt>
      <trkpt lat="39.87376" lon="3.08448">
        <ele>-0.3</ele>
      </trkpt>
      <trkpt lat="39.8743" lon="3.08416">
        <ele>0.0</ele>
      </trkpt>
      <trkpt lat="39.87463" lon="3.08396">
        <ele>-0.1</ele>
      </trkpt>
      <trkpt lat="39.87469" lon="3.08393">
        <ele>-0.1</ele>
      </trkpt>
      <trkpt lat="39.87476" lon="3.08388">
        <ele>-0.1</ele>
      </trkpt>
      <trkpt lat="39.87479" lon="3.08386">
        <ele>-0.1</ele>
      </trkpt>
      <trkpt lat="39.87485" lon="3.08383">
        <ele>-0.1</ele>
      </trkpt>
      <trkpt lat="39.87505" lon="3.08371">
        <ele>0.0</ele>
      </trkpt>
      <trkpt lat="39.87653" lon="3.08289">
        <ele>0.8</ele>
      </trkpt>
      <trkpt lat="39.87744" lon="3.08241">
        <ele>0.1</ele>
      </trkpt>
      <trkpt lat="39.87775" lon="3.08224">
        <ele>0.3</ele>
      </trkpt>
      <trkpt lat="39.87783" lon="3.0822">
        <ele>0.4</ele>
      </trkpt>
      <trkpt lat="39.87815" lon="3.08204">
        <ele>0.8</ele>
      </trkpt>
      <trkpt lat="39.87927" lon="3.08157">
        <ele>-1.9</ele>
      </trkpt>
      <trkpt lat="39.87946" lon="3.08149">
        <ele>-1.6</ele>
      </trkpt>
      <trkpt lat="39.87966" lon="3.08142">
        <ele>-1.4</ele>
      </trkpt>
      <trkpt lat="39.88001" lon="3.0813">
        <ele>-0.7</ele>
      </trkpt>
      <trkpt lat="39.88014" lon="3.08125">
        <ele>-0.6</ele>
      </trkpt>
      <trkpt lat="39.88075" lon="3.08104">
        <ele>-0.9</ele>
      </trkpt>
      <trkpt lat="39.88083" lon="3.081">
        <ele>-1.0</ele>
      </trkpt>
      <trkpt lat="39.88088" lon="3.08099">
        <ele>-1.1</ele>
      </trkpt>
      <trkpt lat="39.88131" lon="3.08083">
        <ele>-1.6</ele>
      </trkpt>
      <trkpt lat="39.88166" lon="3.0807">
        <ele>-1.2</ele>
      </trkpt>
      <trkpt lat="39.88176" lon="3.08065">
        <ele>-1.1</ele>
      </trkpt>
      <trkpt lat="39.88235" lon="3.08039">
        <ele>-0.5</ele>
      </trkpt>
      <trkpt lat="39.88245" lon="3.08035">
        <ele>-0.4</ele>
      </trkpt>
      <trkpt lat="39.88304" lon="3.0801">
        <ele>0.2</ele>
      </trkpt>
      <trkpt lat="39.88314" lon="3.08001">
        <ele>0.0</ele>
      </trkpt>
      <trkpt lat="39.88318" lon="3.07997">
        <ele>-0.1</ele>
      </trkpt>
      <trkpt lat="39.88323" lon="3.07992">
        <ele>-0.2</ele>
      </trkpt>
      <trkpt lat="39.88332" lon="3.07981">
        <ele>-0.4</ele>
      </trkpt>
      <trkpt lat="39.8834" lon="3.07976">
        <ele>-0.5</ele>
      </trkpt>
      <trkpt lat="39.88351" lon="3.07961">
        <ele>-0.7</ele>
      </trkpt>
      <trkpt lat="39.88351" lon="3.07961">
        <ele>-0.7</ele>
      </trkpt>
      <trkpt lat="39.88354" lon="3.07962">
        <ele>-0.7</ele>
      </trkpt>
      <trkpt lat="39.88355" lon="3.07962">
        <ele>-0.7</ele>
      </trkpt>
      <trkpt lat="39.88357" lon="3.07962">
        <ele>-0.6</ele>
      </trkpt>
      <trkpt lat="39.88358" lon="3.07962">
        <ele>-0.6</ele>
      </trkpt>
      <trkpt lat="39.8836" lon="3.07962">
        <ele>-0.6</ele>
      </trkpt>
      <trkpt lat="39.88361" lon="3.07961">
        <ele>-0.6</ele>
      </trkpt>
      <trkpt lat="39.88363" lon="3.07961">
        <ele>-0.6</ele>
      </trkpt>
      <trkpt lat="39.88364" lon="3.0796">
        <ele>-0.6</ele>
      </trkpt>
      <trkpt lat="39.88365" lon="3.07959">
        <ele>-0.6</ele>
      </trkpt>
      <trkpt lat="39.88367" lon="3.07958">
        <ele>-0.6</ele>
      </trkpt>
      <trkpt lat="39.88368" lon="3.07957">
        <ele>-0.6</ele>
      </trkpt>
      <trkpt lat="39.88369" lon="3.07956">
        <ele>-0.6</ele>
      </trkpt>
      <trkpt lat="39.8837" lon="3.07955">
        <ele>-0.6</ele>
      </trkpt>
      <trkpt lat="39.88377" lon="3.07958">
        <ele>-0.5</ele>
      </trkpt>
      <trkpt lat="39.88387" lon="3.07957">
        <ele>-0.4</ele>
      </trkpt>
      <trkpt lat="39.88395" lon="3.07961">
        <ele>-0.2</ele>
      </trkpt>
      <trkpt lat="39.88412" lon="3.07967">
        <ele>0.2</ele>
      </trkpt>
      <trkpt lat="39.88412" lon="3.07968">
        <ele>0.2</ele>
      </trkpt>
      <trkpt lat="39.88423" lon="3.0797">
        <ele>0.3</ele>
      </trkpt>
      <trkpt lat="39.88441" lon="3.0797">
        <ele>0.5</ele>
      </trkpt>
      <trkpt lat="39.88462" lon="3.07961">
        <ele>0.6</ele>
      </trkpt>
      <trkpt lat="39.88524" lon="3.07936">
        <ele>0.8</ele>
      </trkpt>
      <trkpt lat="39.88558" lon="3.07922">
        <ele>0.3</ele>
      </trkpt>
      <trkpt lat="39.8857" lon="3.07918">
        <ele>0.2</ele>
      </trkpt>
      <trkpt lat="39.8863" lon="3.07895">
        <ele>-0.3</ele>
      </trkpt>
      <trkpt lat="39.88693" lon="3.07872">
        <ele>0.4</ele>
      </trkpt>
      <trkpt lat="39.88741" lon="3.07855">
        <ele>1.8</ele>
      </trkpt>
      <trkpt lat="39.8876" lon="3.07849">
        <ele>2.4</ele>
      </trkpt>
      <trkpt lat="39.88771" lon="3.07845">
        <ele>2.7</ele>
      </trkpt>
      <trkpt lat="39.88793" lon="3.07838">
        <ele>3.3</ele>
      </trkpt>
      <trkpt lat="39.88826" lon="3.0783">
        <ele>3.9</ele>
      </trkpt>
      <trkpt lat="39.88831" lon="3.07829">
        <ele>4.0</ele>
      </trkpt>
      <trkpt lat="39.88846" lon="3.07826">
        <ele>4.1</ele>
      </trkpt>
      <trkpt lat="39.88868" lon="3.07824">
        <ele>4.3</ele>
      </trkpt>
      <trkpt lat="39.88869" lon="3.07824">
        <ele>4.3</ele>
      </trkpt>
      <trkpt lat="39.88898" lon="3.07822">
        <ele>4.6</ele>
      </trkpt>
      <trkpt lat="39.88924" lon="3.07823">
        <ele>4.6</ele>
      </trkpt>
      <trkpt lat="39.88946" lon="3.07823">
        <ele>4.2</ele>
      </trkpt>
      <trkpt lat="39.88971" lon="3.07823">
        <ele>3.7</ele>
      </trkpt>
      <trkpt lat="39.88985" lon="3.07823">
        <ele>3.4</ele>
      </trkpt>
      <trkpt lat="39.88996" lon="3.07823">
        <ele>3.2</ele>
      </trkpt>
      <trkpt lat="39.8901" lon="3.07823">
        <ele>3.5</ele>
      </trkpt>
      <trkpt lat="39.89023" lon="3.07823">
        <ele>3.9</ele>
      </trkpt>
      <trkpt lat="39.89057" lon="3.07824">
        <ele>5.1</ele>
      </trkpt>
      <trkpt lat="39.89084" lon="3.07824">
        <ele>6.0</ele>
      </trkpt>
      <trkpt lat="39.89208" lon="3.07824">
        <ele>4.4</ele>
      </trkpt>
      <trkpt lat="39.89218" lon="3.07824">
        <ele>4.3</ele>
      </trkpt>
      <trkpt lat="39.89238" lon="3.07824">
        <ele>4.0</ele>
      </trkpt>
      <trkpt lat="39.89271" lon="3.07824">
        <ele>3.6</ele>
      </trkpt>
      <trkpt lat="39.89291" lon="3.07824">
        <ele>3.4</ele>
      </trkpt>
      <trkpt lat="39.89294" lon="3.07824">
        <ele>3.4</ele>
      </trkpt>
      <trkpt lat="39.89331" lon="3.07824">
        <ele>2.9</ele>
      </trkpt>
      <trkpt lat="39.89357" lon="3.07824">
        <ele>2.6</ele>
      </trkpt>
      <trkpt lat="39.89361" lon="3.07824">
        <ele>2.6</ele>
      </trkpt>
      <trkpt lat="39.89361" lon="3.07821">
        <ele>2.5</ele>
      </trkpt>
      <trkpt lat="39.89361" lon="3.07821">
        <ele>2.5</ele>
      </trkpt>
      <trkpt lat="39.89396" lon="3.07822">
        <ele>2.1</ele>
      </trkpt>
      <trkpt lat="39.89396" lon="3.07827">
        <ele>2.2</ele>
      </trkpt>
      <trkpt lat="39.89449" lon="3.07828">
        <ele>3.4</ele>
      </trkpt>
      <trkpt lat="39.89503" lon="3.0783">
        <ele>5.8</ele>
      </trkpt>
      <trkpt lat="39.89538" lon="3.07835">
        <ele>5.4</ele>
      </trkpt>
      <trkpt lat="39.89566" lon="3.07841">
        <ele>4.7</ele>
      </trkpt>
      <trkpt lat="39.8964" lon="3.0786">
        <ele>3.9</ele>
      </trkpt>
      <trkpt lat="39.89714" lon="3.0788">
        <ele>2.4</ele>
      </trkpt>
      <trkpt lat="39.89788" lon="3.07899">
        <ele>2.3</ele>
      </trkpt>
      <trkpt lat="39.89862" lon="3.07919">
        <ele>4.6</ele>
      </trkpt>
      <trkpt lat="39.89913" lon="3.07929">
        <ele>5.0</ele>
      </trkpt>
      <trkpt lat="39.89965" lon="3.0794">
        <ele>3.9</ele>
      </trkpt>
      <trkpt lat="39.90043" lon="3.07951">
        <ele>2.6</ele>
      </trkpt>
      <trkpt lat="39.9012" lon="3.07962">
        <ele>2.8</ele>
      </trkpt>
      <trkpt lat="39.9016" lon="3.07973">
        <ele>3.8</ele>
      </trkpt>
      <trkpt lat="39.90193" lon="3.07985">
        <ele>3.6</ele>
      </trkpt>
      <trkpt lat="39.90224" lon="3.07997">
        <ele>3.1</ele>
      </trkpt>
      <trkpt lat="39.90241" lon="3.08004">
        <ele>2.9</ele>
      </trkpt>
      <trkpt lat="39.9026" lon="3.08014">
        <ele>2.7</ele>
      </trkpt>
      <trkpt lat="39.9028" lon="3.08027">
        <ele>3.1</ele>
      </trkpt>
      <trkpt lat="39.90317" lon="3.08053">
        <ele>5.0</ele>
      </trkpt>
      <trkpt lat="39.9036" lon="3.08088">
        <ele>6.6</ele>
      </trkpt>
      <trkpt lat="39.90404" lon="3.0812">
        <ele>3.9</ele>
      </trkpt>
      <trkpt lat="39.90448" lon="3.08152">
        <ele>2.6</ele>
      </trkpt>
      <trkpt lat="39.90467" lon="3.08161">
        <ele>3.2</ele>
      </trkpt>
      <trkpt lat="39.90506" lon="3.08189">
        <ele>4.0</ele>
      </trkpt>
      <trkpt lat="39.90547" lon="3.08216">
        <ele>3.6</ele>
      </trkpt>
      <trkpt lat="39.90587" lon="3.08244">
        <ele>4.2</ele>
      </trkpt>
      <trkpt lat="39.90595" lon="3.08251">
        <ele>4.4</ele>
      </trkpt>
      <trkpt lat="39.90618" lon="3.08279">
        <ele>4.0</ele>
      </trkpt>
      <trkpt lat="39.90624" lon="3.0828">
        <ele>4.2</ele>
      </trkpt>
      <trkpt lat="39.90625" lon="3.08283">
        <ele>4.1</ele>
      </trkpt>
      <trkpt lat="39.90627" lon="3.08289">
        <ele>3.9</ele>
      </trkpt>
      <trkpt lat="39.9063" lon="3.08291">
        <ele>4.0</ele>
      </trkpt>
      <trkpt lat="39.90635" lon="3.08291">
        <ele>4.2</ele>
      </trkpt>
      <trkpt lat="39.90638" lon="3.0829">
        <ele>4.4</ele>
      </trkpt>
      <trkpt lat="39.9064" lon="3.08287">
        <ele>4.6</ele>
      </trkpt>
      <trkpt lat="39.90641" lon="3.08284">
        <ele>4.7</ele>
      </trkpt>
      <trkpt lat="39.90642" lon="3.0828">
        <ele>4.9</ele>
      </trkpt>
      <trkpt lat="39.90641" lon="3.08276">
        <ele>5.0</ele>
      </trkpt>
      <trkpt lat="39.90638" lon="3.08271">
        <ele>5.1</ele>
      </trkpt>
      <trkpt lat="39.90653" lon="3.08262">
        <ele>6.1</ele>
      </trkpt>
      <trkpt lat="39.9069" lon="3.08233">
        <ele>7.1</ele>
      </trkpt>
      <trkpt lat="39.90747" lon="3.0829">
        <ele>9.3</ele>
      </trkpt>
      <trkpt lat="39.90804" lon="3.08346">
        <ele>9.1</ele>
      </trkpt>
      <trkpt lat="39.9086" lon="3.08403">
        <ele>7.8</ele>
      </trkpt>
      <trkpt lat="39.90917" lon="3.08459">
        <ele>6.5</ele>
      </trkpt>
      <trkpt lat="39.90974" lon="3.08519">
        <ele>6.1</ele>
      </trkpt>
      <trkpt lat="39.91007" lon="3.08566">
        <ele>6.3</ele>
      </trkpt>
      <trkpt lat="39.91039" lon="3.08613">
        <ele>4.7</ele>
      </trkpt>
      <trkpt lat="39.91054" lon="3.08636">
        <ele>4.1</ele>
      </trkpt>
      <trkpt lat="39.91087" lon="3.08694">
        <ele>4.3</ele>
      </trkpt>
      <trkpt lat="39.9112" lon="3.08753">
        <ele>5.0</ele>
      </trkpt>
      <trkpt lat="39.91126" lon="3.08769">
        <ele>4.8</ele>
      </trkpt>
      <trkpt lat="39.91143" lon="3.08828">
        <ele>4.1</ele>
      </trkpt>
      <trkpt lat="39.91159" lon="3.08887">
        <ele>4.7</ele>
      </trkpt>
      <trkpt lat="39.91163" lon="3.08905">
        <ele>4.9</ele>
      </trkpt>
      <trkpt lat="39.91165" lon="3.0899">
        <ele>5.8</ele>
      </trkpt>
      <trkpt lat="39.91168" lon="3.09075">
        <ele>6.1</ele>
      </trkpt>
      <trkpt lat="39.91171" lon="3.0916">
        <ele>8.7</ele>
      </trkpt>
      <trkpt lat="39.9117" lon="3.09173">
        <ele>8.7</ele>
      </trkpt>
      <trkpt lat="39.91155" lon="3.09247">
        <ele>6.0</ele>
      </trkpt>
      <trkpt lat="39.91131" lon="3.09358">
        <ele>5.5</ele>
      </trkpt>
      <trkpt lat="39.91108" lon="3.09469">
        <ele>6.5</ele>
      </trkpt>
      <trkpt lat="39.91084" lon="3.0958">
        <ele>6.0</ele>
      </trkpt>
      <trkpt lat="39.9106" lon="3.09691">
        <ele>6.3</ele>
      </trkpt>
      <trkpt lat="39.91051" lon="3.09751">
        <ele>6.6</ele>
      </trkpt>
      <trkpt lat="39.91041" lon="3.09834">
        <ele>6.5</ele>
      </trkpt>
      <trkpt lat="39.91041" lon="3.09841">
        <ele>6.6</ele>
      </trkpt>
      <trkpt lat="39.91041" lon="3.09848">
        <ele>6.7</ele>
      </trkpt>
      <trkpt lat="39.91042" lon="3.09853">
        <ele>6.7</ele>
      </trkpt>
      <trkpt lat="39.91048" lon="3.0986">
        <ele>6.9</ele>
      </trkpt>
      <trkpt lat="39.91051" lon="3.09862">
        <ele>7.0</ele>
      </trkpt>
      <trkpt lat="39.91116" lon="3.0989">
        <ele>8.9</ele>
      </trkpt>
      <trkpt lat="39.91181" lon="3.09918">
        <ele>10.7</ele>
      </trkpt>
      <trkpt lat="39.91246" lon="3.09947">
        <ele>10.1</ele>
      </trkpt>
      <trkpt lat="39.91268" lon="3.09964">
        <ele>10.6</ele>
      </trkpt>
      <trkpt lat="39.91271" lon="3.09969">
        <ele>10.7</ele>
      </trkpt>
      <trkpt lat="39.91271" lon="3.09976">
        <ele>10.8</ele>
      </trkpt>
      <trkpt lat="39.9127" lon="3.09984">
        <ele>11.1</ele>
      </trkpt>
      <trkpt lat="39.91265" lon="3.10008">
        <ele>11.7</ele>
      </trkpt>
      <trkpt lat="39.91249" lon="3.1008">
        <ele>12.9</ele>
      </trkpt>
      <trkpt lat="39.91232" lon="3.10152">
        <ele>12.9</ele>
      </trkpt>
      <trkpt lat="39.91228" lon="3.10174">
        <ele>13.0</ele>
      </trkpt>
      <trkpt lat="39.91226" lon="3.10193">
        <ele>12.9</ele>
      </trkpt>
      <trkpt lat="39.91226" lon="3.10212">
        <ele>12.8</ele>
      </trkpt>
      <trkpt lat="39.91231" lon="3.10231">
        <ele>12.8</ele>
      </trkpt>
      <trkpt lat="39.91237" lon="3.10247">
        <ele>12.8</ele>
      </trkpt>
      <trkpt lat="39.91249" lon="3.1026">
        <ele>13.9</ele>
      </trkpt>
      <trkpt lat="39.91258" lon="3.10268">
        <ele>14.8</ele>
      </trkpt>
      <trkpt lat="39.91333" lon="3.10321">
        <ele>18.4</ele>
      </trkpt>
      <trkpt lat="39.91408" lon="3.10374">
        <ele>26.1</ele>
      </trkpt>
      <trkpt lat="39.91483" lon="3.10426">
        <ele>30.2</ele>
      </trkpt>
      <trkpt lat="39.91488" lon="3.10433">
        <ele>31.1</ele>
      </trkpt>
      <trkpt lat="39.9149" lon="3.1044">
        <ele>32.1</ele>
      </trkpt>
      <trkpt lat="39.9149" lon="3.10448">
        <ele>33.4</ele>
      </trkpt>
      <trkpt lat="39.91488" lon="3.10456">
        <ele>34.8</ele>
      </trkpt>
      <trkpt lat="39.91485" lon="3.10462">
        <ele>36.1</ele>
      </trkpt>
      <trkpt lat="39.91479" lon="3.10466">
        <ele>37.5</ele>
      </trkpt>
      <trkpt lat="39.91471" lon="3.10467">
        <ele>38.6</ele>
      </trkpt>
      <trkpt lat="39.91417" lon="3.10452">
        <ele>40.7</ele>
      </trkpt>
      <trkpt lat="39.91362" lon="3.10437">
        <ele>42.5</ele>
      </trkpt>
      <trkpt lat="39.91306" lon="3.10423">
        <ele>42.3</ele>
      </trkpt>
      <trkpt lat="39.91251" lon="3.10409">
        <ele>42.7</ele>
      </trkpt>
      <trkpt lat="39.91224" lon="3.10406">
        <ele>42.7</ele>
      </trkpt>
      <trkpt lat="39.91161" lon="3.1041">
        <ele>45.7</ele>
      </trkpt>
      <trkpt lat="39.91155" lon="3.10413">
        <ele>46.6</ele>
      </trkpt>
      <trkpt lat="39.91152" lon="3.1042">
        <ele>49.1</ele>
      </trkpt>
      <trkpt lat="39.91152" lon="3.10427">
        <ele>51.6</ele>
      </trkpt>
      <trkpt lat="39.91155" lon="3.10433">
        <ele>53.9</ele>
      </trkpt>
      <trkpt lat="39.91161" lon="3.10436">
        <ele>55.0</ele>
      </trkpt>
      <trkpt lat="39.91202" lon="3.10437">
        <ele>54.5</ele>
      </trkpt>
      <trkpt lat="39.91228" lon="3.10439">
        <ele>54.6</ele>
      </trkpt>
      <trkpt lat="39.9125" lon="3.10446">
        <ele>57.0</ele>
      </trkpt>
      <trkpt lat="39.9127" lon="3.10457">
        <ele>59.7</ele>
      </trkpt>
      <trkpt lat="39.91302" lon="3.10484">
        <ele>68.0</ele>
      </trkpt>
      <trkpt lat="39.91315" lon="3.10489">
        <ele>69.0</ele>
      </trkpt>
      <trkpt lat="39.91336" lon="3.10494">
        <ele>68.9</ele>
      </trkpt>
      <trkpt lat="39.91358" lon="3.10501">
        <ele>67.0</ele>
      </trkpt>
      <trkpt lat="39.91376" lon="3.10513">
        <ele>67.1</ele>
      </trkpt>
      <trkpt lat="39.91423" lon="3.10553">
        <ele>70.9</ele>
      </trkpt>
      <trkpt lat="39.91454" lon="3.1058">
        <ele>71.3</ele>
      </trkpt>
      <trkpt lat="39.91461" lon="3.10589">
        <ele>72.3</ele>
      </trkpt>
      <trkpt lat="39.91496" lon="3.10638">
        <ele>78.7</ele>
      </trkpt>
      <trkpt lat="39.91541" lon="3.10688">
        <ele>83.6</ele>
      </trkpt>
      <trkpt lat="39.91586" lon="3.10739">
        <ele>89.4</ele>
      </trkpt>
      <trkpt lat="39.91621" lon="3.10787">
        <ele>95.8</ele>
      </trkpt>
      <trkpt lat="39.91629" lon="3.10792">
        <ele>96.2</ele>
      </trkpt>
      <trkpt lat="39.91634" lon="3.10795">
        <ele>96.4</ele>
      </trkpt>
      <trkpt lat="39.91641" lon="3.10794">
        <ele>96.0</ele>
      </trkpt>
      <trkpt lat="39.91648" lon="3.10792">
        <ele>95.6</ele>
      </trkpt>
      <trkpt lat="39.91655" lon="3.10786">
        <ele>94.7</ele>
      </trkpt>
      <trkpt lat="39.91688" lon="3.10744">
        <ele>97.9</ele>
      </trkpt>
      <trkpt lat="39.9172" lon="3.10703">
        <ele>105.7</ele>
      </trkpt>
      <trkpt lat="39.91724" lon="3.10695">
        <ele>106.4</ele>
      </trkpt>
      <trkpt lat="39.91725" lon="3.10685">
        <ele>105.5</ele>
      </trkpt>
      <trkpt lat="39.91725" lon="3.10675">
        <ele>104.3</ele>
      </trkpt>
      <trkpt lat="39.91715" lon="3.10632">
        <ele>95.8</ele>
      </trkpt>
      <trkpt lat="39.91711" lon="3.10602">
        <ele>91.6</ele>
      </trkpt>
      <trkpt lat="39.9171" lon="3.10591">
        <ele>90.3</ele>
      </trkpt>
      <trkpt lat="39.91712" lon="3.1058">
        <ele>89.4</ele>
      </trkpt>
      <trkpt lat="39.91716" lon="3.10572">
        <ele>88.5</ele>
      </trkpt>
      <trkpt lat="39.91723" lon="3.10566">
        <ele>88.9</ele>
      </trkpt>
      <trkpt lat="39.91731" lon="3.10563">
        <ele>90.4</ele>
      </trkpt>
      <trkpt lat="39.91738" lon="3.10563">
        <ele>92.5</ele>
      </trkpt>
      <trkpt lat="39.91749" lon="3.10566">
        <ele>97.0</ele>
      </trkpt>
      <trkpt lat="39.91785" lon="3.10583">
        <ele>100.1</ele>
      </trkpt>
      <trkpt lat="39.91849" lon="3.1063">
        <ele>114.7</ele>
      </trkpt>
      <trkpt lat="39.91881" lon="3.10647">
        <ele>117.3</ele>
      </trkpt>
      <trkpt lat="39.91945" lon="3.10689">
        <ele>128.5</ele>
      </trkpt>
      <trkpt lat="39.91963" lon="3.10697">
        <ele>131.1</ele>
      </trkpt>
      <trkpt lat="39.91977" lon="3.107">
        <ele>131.6</ele>
      </trkpt>
      <trkpt lat="39.92029" lon="3.10701">
        <ele>130.5</ele>
      </trkpt>
      <trkpt lat="39.92029" lon="3.10701">
        <ele>130.5</ele>
      </trkpt>
      <trkpt lat="39.92099" lon="3.10702">
        <ele>131.2</ele>
      </trkpt>
      <trkpt lat="39.92115" lon="3.10705">
        <ele>132.2</ele>
      </trkpt>
      <trkpt lat="39.92158" lon="3.10721">
        <ele>138.0</ele>
      </trkpt>
      <trkpt lat="39.92176" lon="3.10727">
        <ele>139.7</ele>
      </trkpt>
      <trkpt lat="39.92221" lon="3.10735">
        <ele>140.5</ele>
      </trkpt>
      <trkpt lat="39.92233" lon="3.10739">
        <ele>141.5</ele>
      </trkpt>
      <trkpt lat="39.92285" lon="3.10765">
        <ele>154.3</ele>
      </trkpt>
      <trkpt lat="39.92299" lon="3.1077">
        <ele>156.3</ele>
      </trkpt>
      <trkpt lat="39.92347" lon="3.10781">
        <ele>159.6</ele>
      </trkpt>
      <trkpt lat="39.92358" lon="3.10781">
        <ele>160.4</ele>
      </trkpt>
      <trkpt lat="39.92372" lon="3.10777">
        <ele>159.5</ele>
      </trkpt>
      <trkpt lat="39.92427" lon="3.10749">
        <ele>151.4</ele>
      </trkpt>
      <trkpt lat="39.92436" lon="3.10748">
        <ele>151.0</ele>
      </trkpt>
      <trkpt lat="39.92444" lon="3.10751">
        <ele>151.7</ele>
      </trkpt>
      <trkpt lat="39.9245" lon="3.10757">
        <ele>153.7</ele>
      </trkpt>
      <trkpt lat="39.92456" lon="3.10766">
        <ele>156.6</ele>
      </trkpt>
      <trkpt lat="39.92484" lon="3.10834">
        <ele>175.2</ele>
      </trkpt>
      <trkpt lat="39.9249" lon="3.10841">
        <ele>177.3</ele>
      </trkpt>
      <trkpt lat="39.92497" lon="3.10846">
        <ele>177.9</ele>
      </trkpt>
      <trkpt lat="39.92504" lon="3.10849">
        <ele>177.8</ele>
      </trkpt>
      <trkpt lat="39.92524" lon="3.10848">
        <ele>174.4</ele>
      </trkpt>
      <trkpt lat="39.92534" lon="3.10849">
        <ele>173.2</ele>
      </trkpt>
      <trkpt lat="39.92541" lon="3.10852">
        <ele>173.2</ele>
      </trkpt>
      <trkpt lat="39.92546" lon="3.10856">
        <ele>173.8</ele>
      </trkpt>
      <trkpt lat="39.92555" lon="3.10868">
        <ele>176.4</ele>
      </trkpt>
      <trkpt lat="39.92564" lon="3.10885">
        <ele>180.3</ele>
      </trkpt>
      <trkpt lat="39.9258" lon="3.10922">
        <ele>188.4</ele>
      </trkpt>
      <trkpt lat="39.92586" lon="3.10929">
        <ele>189.5</ele>
      </trkpt>
      <trkpt lat="39.92592" lon="3.10934">
        <ele>190.7</ele>
      </trkpt>
      <trkpt lat="39.926" lon="3.10936">
        <ele>190.7</ele>
      </trkpt>
      <trkpt lat="39.92617" lon="3.10934">
        <ele>189.1</ele>
      </trkpt>
      <trkpt lat="39.92633" lon="3.10935">
        <ele>188.3</ele>
      </trkpt>
      <trkpt lat="39.92643" lon="3.10937">
        <ele>188.2</ele>
      </trkpt>
      <trkpt lat="39.9265" lon="3.10941">
        <ele>188.7</ele>
      </trkpt>
      <trkpt lat="39.92658" lon="3.10948">
        <ele>189.8</ele>
      </trkpt>
      <trkpt lat="39.92677" lon="3.1097">
        <ele>194.4</ele>
      </trkpt>
      <trkpt lat="39.92682" lon="3.10974">
        <ele>195.3</ele>
      </trkpt>
      <trkpt lat="39.92687" lon="3.10976">
        <ele>195.7</ele>
      </trkpt>
      <trkpt lat="39.92693" lon="3.10974">
        <ele>195.4</ele>
      </trkpt>
      <trkpt lat="39.92709" lon="3.10965">
        <ele>194.1</ele>
      </trkpt>
      <trkpt lat="39.92717" lon="3.10963">
        <ele>194.0</ele>
      </trkpt>
      <trkpt lat="39.92729" lon="3.10966">
        <ele>194.8</ele>
      </trkpt>
      <trkpt lat="39.92771" lon="3.10986">
        <ele>199.2</ele>
      </trkpt>
      <trkpt lat="39.92804" lon="3.11">
        <ele>202.2</ele>
      </trkpt>
      <trkpt lat="39.9281" lon="3.11001">
        <ele>202.8</ele>
      </trkpt>
      <trkpt lat="39.92843" lon="3.11002">
        <ele>203.1</ele>
      </trkpt>
      <trkpt lat="39.92851" lon="3.11005">
        <ele>202.5</ele>
      </trkpt>
      <trkpt lat="39.92858" lon="3.1101">
        <ele>202.3</ele>
      </trkpt>
      <trkpt lat="39.9287" lon="3.11033">
        <ele>203.9</ele>
      </trkpt>
      <trkpt lat="39.92888" lon="3.11069">
        <ele>207.1</ele>
      </trkpt>
      <trkpt lat="39.92889" lon="3.11077">
        <ele>208.1</ele>
      </trkpt>
      <trkpt lat="39.92887" lon="3.11086">
        <ele>209.1</ele>
      </trkpt>
      <trkpt lat="39.92873" lon="3.11113">
        <ele>210.7</ele>
      </trkpt>
      <trkpt lat="39.9287" lon="3.1112">
        <ele>211.3</ele>
      </trkpt>
      <trkpt lat="39.92869" lon="3.11128">
        <ele>211.7</ele>
      </trkpt>
      <trkpt lat="39.9287" lon="3.11139">
        <ele>211.7</ele>
      </trkpt>
      <trkpt lat="39.92879" lon="3.11183">
        <ele>210.9</ele>
      </trkpt>
      <trkpt lat="39.92894" lon="3.11226">
        <ele>207.2</ele>
      </trkpt>
      <trkpt lat="39.9291" lon="3.11297">
        <ele>200.4</ele>
      </trkpt>
      <trkpt lat="39.92911" lon="3.11299">
        <ele>199.8</ele>
      </trkpt>
      <trkpt lat="39.92914" lon="3.11301">
        <ele>198.0</ele>
      </trkpt>
      <trkpt lat="39.92918" lon="3.11301">
        <ele>196.0</ele>
      </trkpt>
      <trkpt lat="39.92921" lon="3.11298">
        <ele>195.1</ele>
      </trkpt>
      <trkpt lat="39.92922" lon="3.11292">
        <ele>195.0</ele>
      </trkpt>
      <trkpt lat="39.92914" lon="3.11247">
        <ele>198.3</ele>
      </trkpt>
      <trkpt lat="39.92909" lon="3.11195">
        <ele>201.0</ele>
      </trkpt>
      <trkpt lat="39.9291" lon="3.11191">
        <ele>200.7</ele>
      </trkpt>
      <trkpt lat="39.92912" lon="3.11184">
        <ele>200.1</ele>
      </trkpt>
      <trkpt lat="39.92916" lon="3.11178">
        <ele>198.9</ele>
      </trkpt>
      <trkpt lat="39.9292" lon="3.11176">
        <ele>198.7</ele>
      </trkpt>
      <trkpt lat="39.92925" lon="3.11177">
        <ele>198.6</ele>
      </trkpt>
      <trkpt lat="39.92929" lon="3.11181">
        <ele>198.3</ele>
      </trkpt>
      <trkpt lat="39.92931" lon="3.11188">
        <ele>197.9</ele>
      </trkpt>
      <trkpt lat="39.92936" lon="3.11258">
        <ele>193.4</ele>
      </trkpt>
      <trkpt lat="39.92941" lon="3.11327">
        <ele>186.9</ele>
      </trkpt>
      <trkpt lat="39.9294" lon="3.11337">
        <ele>187.0</ele>
      </trkpt>
      <trkpt lat="39.92938" lon="3.11354">
        <ele>188.8</ele>
      </trkpt>
      <trkpt lat="39.92937" lon="3.11366">
        <ele>190.0</ele>
      </trkpt>
      <trkpt lat="39.92938" lon="3.11373">
        <ele>190.0</ele>
      </trkpt>
      <trkpt lat="39.92952" lon="3.11416">
        <ele>184.6</ele>
      </trkpt>
      <trkpt lat="39.92953" lon="3.11423">
        <ele>185.5</ele>
      </trkpt>
      <trkpt lat="39.92951" lon="3.11441">
        <ele>190.8</ele>
      </trkpt>
      <trkpt lat="39.92952" lon="3.11447">
        <ele>191.6</ele>
      </trkpt>
      <trkpt lat="39.92954" lon="3.11452">
        <ele>191.6</ele>
      </trkpt>
      <trkpt lat="39.9296" lon="3.11459">
        <ele>189.7</ele>
      </trkpt>
      <trkpt lat="39.92988" lon="3.1148">
        <ele>177.8</ele>
      </trkpt>
      <trkpt lat="39.93011" lon="3.11503">
        <ele>170.3</ele>
      </trkpt>
      <trkpt lat="39.93018" lon="3.11511">
        <ele>168.9</ele>
      </trkpt>
      <trkpt lat="39.9304" lon="3.11546">
        <ele>164.9</ele>
      </trkpt>
      <trkpt lat="39.93042" lon="3.11551">
        <ele>164.8</ele>
      </trkpt>
      <trkpt lat="39.93044" lon="3.11562">
        <ele>165.9</ele>
      </trkpt>
      <trkpt lat="39.93042" lon="3.11589">
        <ele>172.1</ele>
      </trkpt>
      <trkpt lat="39.93042" lon="3.11606">
        <ele>173.3</ele>
      </trkpt>
      <trkpt lat="39.93043" lon="3.11613">
        <ele>173.0</ele>
      </trkpt>
      <trkpt lat="39.93045" lon="3.11621">
        <ele>172.2</ele>
      </trkpt>
      <trkpt lat="39.93063" lon="3.11674">
        <ele>162.7</ele>
      </trkpt>
      <trkpt lat="39.93065" lon="3.11689">
        <ele>161.0</ele>
      </trkpt>
      <trkpt lat="39.93065" lon="3.11705">
        <ele>160.6</ele>
      </trkpt>
      <trkpt lat="39.93055" lon="3.11764">
        <ele>166.9</ele>
      </trkpt>
      <trkpt lat="39.93049" lon="3.11789">
        <ele>171.4</ele>
      </trkpt>
      <trkpt lat="39.93037" lon="3.11818">
        <ele>182.6</ele>
      </trkpt>
      <trkpt lat="39.93033" lon="3.11834">
        <ele>187.1</ele>
      </trkpt>
      <trkpt lat="39.93033" lon="3.11853">
        <ele>192.1</ele>
      </trkpt>
      <trkpt lat="39.93036" lon="3.119">
        <ele>200.0</ele>
      </trkpt>
      <trkpt lat="39.93037" lon="3.11936">
        <ele>201.0</ele>
      </trkpt>
      <trkpt lat="39.93036" lon="3.11961">
        <ele>200.8</ele>
      </trkpt>
      <trkpt lat="39.93037" lon="3.11967">
        <ele>198.6</ele>
      </trkpt>
      <trkpt lat="39.93048" lon="3.11998">
        <ele>174.9</ele>
      </trkpt>
      <trkpt lat="39.93052" lon="3.1203">
        <ele>163.2</ele>
      </trkpt>
      <trkpt lat="39.93065" lon="3.12067">
        <ele>143.1</ele>
      </trkpt>
      <trkpt lat="39.93067" lon="3.12083">
        <ele>141.4</ele>
      </trkpt>
      <trkpt lat="39.93067" lon="3.12094">
        <ele>142.5</ele>
      </trkpt>
      <trkpt lat="39.93066" lon="3.12103">
        <ele>144.4</ele>
      </trkpt>
      <trkpt lat="39.93064" lon="3.12108">
        <ele>146.6</ele>
      </trkpt>
      <trkpt lat="39.93059" lon="3.12118">
        <ele>151.7</ele>
      </trkpt>
      <trkpt lat="39.93056" lon="3.12126">
        <ele>154.7</ele>
      </trkpt>
      <trkpt lat="39.93057" lon="3.12136">
        <ele>154.4</ele>
      </trkpt>
      <trkpt lat="39.93059" lon="3.12152">
        <ele>153.9</ele>
      </trkpt>
      <trkpt lat="39.93061" lon="3.12156">
        <ele>152.9</ele>
      </trkpt>
      <trkpt lat="39.93069" lon="3.12166">
        <ele>148.7</ele>
      </trkpt>
      <trkpt lat="39.93076" lon="3.1217">
        <ele>144.4</ele>
      </trkpt>
      <trkpt lat="39.93091" lon="3.12176">
        <ele>132.5</ele>
      </trkpt>
      <trkpt lat="39.93106" lon="3.12189">
        <ele>119.7</ele>
      </trkpt>
      <trkpt lat="39.93108" lon="3.12191">
        <ele>118.2</ele>
      </trkpt>
      <trkpt lat="39.93111" lon="3.12199">
        <ele>116.9</ele>
      </trkpt>
      <trkpt lat="39.9311" lon="3.12208">
        <ele>119.1</ele>
      </trkpt>
      <trkpt lat="39.93109" lon="3.12211">
        <ele>120.3</ele>
      </trkpt>
      <trkpt lat="39.93105" lon="3.12217">
        <ele>124.0</ele>
      </trkpt>
      <trkpt lat="39.93077" lon="3.12231">
        <ele>141.8</ele>
      </trkpt>
      <trkpt lat="39.93071" lon="3.12237">
        <ele>143.9</ele>
      </trkpt>
      <trkpt lat="39.93035" lon="3.12277">
        <ele>150.6</ele>
      </trkpt>
      <trkpt lat="39.93032" lon="3.12283">
        <ele>150.6</ele>
      </trkpt>
      <trkpt lat="39.9303" lon="3.12288">
        <ele>150.5</ele>
      </trkpt>
      <trkpt lat="39.93027" lon="3.12301">
        <ele>149.2</ele>
      </trkpt>
      <trkpt lat="39.93027" lon="3.12309">
        <ele>147.8</ele>
      </trkpt>
      <trkpt lat="39.93029" lon="3.12355">
        <ele>141.6</ele>
      </trkpt>
      <trkpt lat="39.9303" lon="3.1238">
        <ele>140.1</ele>
      </trkpt>
      <trkpt lat="39.93028" lon="3.12399">
        <ele>140.5</ele>
      </trkpt>
      <trkpt lat="39.93023" lon="3.12445">
        <ele>141.7</ele>
      </trkpt>
      <trkpt lat="39.93023" lon="3.12459">
        <ele>141.1</ele>
      </trkpt>
      <trkpt lat="39.93025" lon="3.12468">
        <ele>139.5</ele>
      </trkpt>
      <trkpt lat="39.93028" lon="3.12474">
        <ele>137.3</ele>
      </trkpt>
      <trkpt lat="39.93032" lon="3.12475">
        <ele>134.8</ele>
      </trkpt>
      <trkpt lat="39.93036" lon="3.12473">
        <ele>132.3</ele>
      </trkpt>
      <trkpt lat="39.93039" lon="3.12467">
        <ele>130.7</ele>
      </trkpt>
      <trkpt lat="39.93039" lon="3.12462">
        <ele>131.0</ele>
      </trkpt>
      <trkpt lat="39.93038" lon="3.12425">
        <ele>133.3</ele>
      </trkpt>
      <trkpt lat="39.93039" lon="3.12417">
        <ele>133.1</ele>
      </trkpt>
      <trkpt lat="39.93054" lon="3.12355">
        <ele>129.7</ele>
      </trkpt>
      <trkpt lat="39.93062" lon="3.12325">
        <ele>130.0</ele>
      </trkpt>
      <trkpt lat="39.93064" lon="3.12321">
        <ele>130.1</ele>
      </trkpt>
      <trkpt lat="39.9307" lon="3.12313">
        <ele>129.4</ele>
      </trkpt>
      <trkpt lat="39.93075" lon="3.12309">
        <ele>128.2</ele>
      </trkpt>
      <trkpt lat="39.93081" lon="3.12308">
        <ele>126.0</ele>
      </trkpt>
      <trkpt lat="39.931" lon="3.12314">
        <ele>120.6</ele>
      </trkpt>
      <trkpt lat="39.93109" lon="3.12315">
        <ele>118.9</ele>
      </trkpt>
      <trkpt lat="39.93112" lon="3.12315">
        <ele>118.3</ele>
      </trkpt>
      <trkpt lat="39.93142" lon="3.12305">
        <ele>112.5</ele>
      </trkpt>
      <trkpt lat="39.93146" lon="3.12305">
        <ele>111.6</ele>
      </trkpt>
      <trkpt lat="39.93158" lon="3.12307">
        <ele>109.1</ele>
      </trkpt>
      <trkpt lat="39.93161" lon="3.12309">
        <ele>108.8</ele>
      </trkpt>
      <trkpt lat="39.93168" lon="3.12316">
        <ele>107.9</ele>
      </trkpt>
      <trkpt lat="39.93173" lon="3.12324">
        <ele>106.2</ele>
      </trkpt>
      <trkpt lat="39.93177" lon="3.12333">
        <ele>105.8</ele>
      </trkpt>
      <trkpt lat="39.93198" lon="3.12446">
        <ele>96.8</ele>
      </trkpt>
      <trkpt lat="39.93208" lon="3.1248">
        <ele>93.7</ele>
      </trkpt>
      <trkpt lat="39.93218" lon="3.125">
        <ele>93.2</ele>
      </trkpt>
      <trkpt lat="39.93222" lon="3.12504">
        <ele>93.0</ele>
      </trkpt>
      <trkpt lat="39.93227" lon="3.12509">
        <ele>92.6</ele>
      </trkpt>
      <trkpt lat="39.9324" lon="3.12516">
        <ele>92.9</ele>
      </trkpt>
      <trkpt lat="39.93247" lon="3.12519">
        <ele>93.3</ele>
      </trkpt>
      <trkpt lat="39.9327" lon="3.12523">
        <ele>88.0</ele>
      </trkpt>
      <trkpt lat="39.9333" lon="3.12525">
        <ele>74.2</ele>
      </trkpt>
      <trkpt lat="39.93339" lon="3.12526">
        <ele>70.9</ele>
      </trkpt>
      <trkpt lat="39.93348" lon="3.1253">
        <ele>67.5</ele>
      </trkpt>
      <trkpt lat="39.93357" lon="3.12537">
        <ele>65.1</ele>
      </trkpt>
      <trkpt lat="39.9336" lon="3.12543">
        <ele>65.5</ele>
      </trkpt>
      <trkpt lat="39.93363" lon="3.1255">
        <ele>66.3</ele>
      </trkpt>
      <trkpt lat="39.93363" lon="3.12554">
        <ele>67.5</ele>
      </trkpt>
      <trkpt lat="39.93363" lon="3.12563">
        <ele>70.2</ele>
      </trkpt>
      <trkpt lat="39.93361" lon="3.12573">
        <ele>73.7</ele>
      </trkpt>
      <trkpt lat="39.9335" lon="3.12598">
        <ele>82.9</ele>
      </trkpt>
      <trkpt lat="39.93309" lon="3.12673">
        <ele>87.6</ele>
      </trkpt>
      <trkpt lat="39.93299" lon="3.12688">
        <ele>86.6</ele>
      </trkpt>
      <trkpt lat="39.93266" lon="3.12725">
        <ele>79.2</ele>
      </trkpt>
      <trkpt lat="39.9326" lon="3.12733">
        <ele>77.6</ele>
      </trkpt>
      <trkpt lat="39.93239" lon="3.12766">
        <ele>72.7</ele>
      </trkpt>
      <trkpt lat="39.93232" lon="3.12781">
        <ele>71.3</ele>
      </trkpt>
      <trkpt lat="39.93229" lon="3.12793">
        <ele>70.9</ele>
      </trkpt>
      <trkpt lat="39.93215" lon="3.12873">
        <ele>64.7</ele>
      </trkpt>
      <trkpt lat="39.93214" lon="3.12878">
        <ele>64.1</ele>
      </trkpt>
      <trkpt lat="39.93215" lon="3.12886">
        <ele>63.8</ele>
      </trkpt>
      <trkpt lat="39.93218" lon="3.12895">
        <ele>64.0</ele>
      </trkpt>
      <trkpt lat="39.9325" lon="3.12952">
        <ele>63.1</ele>
      </trkpt>
      <trkpt lat="39.93277" lon="3.13018">
        <ele>58.3</ele>
      </trkpt>
      <trkpt lat="39.93285" lon="3.13036">
        <ele>58.6</ele>
      </trkpt>
      <trkpt lat="39.93292" lon="3.13046">
        <ele>59.1</ele>
      </trkpt>
      <trkpt lat="39.93297" lon="3.13052">
        <ele>59.3</ele>
      </trkpt>
      <trkpt lat="39.93311" lon="3.13064">
        <ele>59.9</ele>
      </trkpt>
      <trkpt lat="39.93312" lon="3.13067">
        <ele>59.5</ele>
      </trkpt>
      <trkpt lat="39.93312" lon="3.1307">
        <ele>59.0</ele>
      </trkpt>
      <trkpt lat="39.93312" lon="3.13073">
        <ele>58.5</ele>
      </trkpt>
      <trkpt lat="39.93309" lon="3.13078">
        <ele>57.3</ele>
      </trkpt>
      <trkpt lat="39.93305" lon="3.13081">
        <ele>56.3</ele>
      </trkpt>
      <trkpt lat="39.93303" lon="3.13081">
        <ele>56.1</ele>
      </trkpt>
      <trkpt lat="39.93298" lon="3.13079">
        <ele>55.8</ele>
      </trkpt>
      <trkpt lat="39.93295" lon="3.13077">
        <ele>55.7</ele>
      </trkpt>
      <trkpt lat="39.93287" lon="3.13067">
        <ele>55.8</ele>
      </trkpt>
      <trkpt lat="39.93248" lon="3.13012">
        <ele>50.5</ele>
      </trkpt>
      <trkpt lat="39.93227" lon="3.1299">
        <ele>49.0</ele>
      </trkpt>
      <trkpt lat="39.93195" lon="3.12958">
        <ele>48.4</ele>
      </trkpt>
      <trkpt lat="39.9319" lon="3.12953">
        <ele>48.0</ele>
      </trkpt>
      <trkpt lat="39.93148" lon="3.12928">
        <ele>44.2</ele>
      </trkpt>
      <trkpt lat="39.9314" lon="3.12926">
        <ele>43.9</ele>
      </trkpt>
      <trkpt lat="39.93132" lon="3.12926">
        <ele>43.3</ele>
      </trkpt>
      <trkpt lat="39.93104" lon="3.12946">
        <ele>38.9</ele>
      </trkpt>
      <trkpt lat="39.93054" lon="3.12984">
        <ele>32.8</ele>
      </trkpt>
      <trkpt lat="39.93005" lon="3.13023">
        <ele>28.8</ele>
      </trkpt>
      <trkpt lat="39.92995" lon="3.13032">
        <ele>28.0</ele>
      </trkpt>
      <trkpt lat="39.92989" lon="3.13041">
        <ele>27.3</ele>
      </trkpt>
      <trkpt lat="39.92985" lon="3.13053">
        <ele>26.5</ele>
      </trkpt>
      <trkpt lat="39.92961" lon="3.13154">
        <ele>21.6</ele>
      </trkpt>
      <trkpt lat="39.92937" lon="3.13255">
        <ele>17.2</ele>
      </trkpt>
      <trkpt lat="39.92914" lon="3.13346">
        <ele>12.6</ele>
      </trkpt>
      <trkpt lat="39.92913" lon="3.13353">
        <ele>12.3</ele>
      </trkpt>
      <trkpt lat="39.92915" lon="3.13364">
        <ele>11.9</ele>
      </trkpt>
      <trkpt lat="39.92918" lon="3.13371">
        <ele>11.7</ele>
      </trkpt>
      <trkpt lat="39.92922" lon="3.13377">
        <ele>11.5</ele>
      </trkpt>
      <trkpt lat="39.92928" lon="3.13382">
        <ele>11.4</ele>
      </trkpt>
      <trkpt lat="39.92936" lon="3.13386">
        <ele>11.3</ele>
      </trkpt>
      <trkpt lat="39.9297" lon="3.13392">
        <ele>11.3</ele>
      </trkpt>
      <trkpt lat="39.93029" lon="3.13408">
        <ele>12.6</ele>
      </trkpt>
      <trkpt lat="39.93045" lon="3.13414">
        <ele>13.4</ele>
      </trkpt>
      <trkpt lat="39.93062" lon="3.13424">
        <ele>14.3</ele>
      </trkpt>
      <trkpt lat="39.93127" lon="3.13466">
        <ele>17.8</ele>
      </trkpt>
      <trkpt lat="39.9316" lon="3.13487">
        <ele>18.9</ele>
      </trkpt>
      <trkpt lat="39.93215" lon="3.13512">
        <ele>20.7</ele>
      </trkpt>
      <trkpt lat="39.93256" lon="3.13534">
        <ele>22.8</ele>
      </trkpt>
      <trkpt lat="39.93298" lon="3.13555">
        <ele>26.1</ele>
      </trkpt>
      <trkpt lat="39.93312" lon="3.13564">
        <ele>26.8</ele>
      </trkpt>
      <trkpt lat="39.93318" lon="3.13569">
        <ele>26.9</ele>
      </trkpt>
      <trkpt lat="39.93329" lon="3.1358">
        <ele>27.0</ele>
      </trkpt>
      <trkpt lat="39.93336" lon="3.13592">
        <ele>27.2</ele>
      </trkpt>
      <trkpt lat="39.93339" lon="3.13599">
        <ele>27.4</ele>
      </trkpt>
      <trkpt lat="39.93341" lon="3.13606">
        <ele>27.6</ele>
      </trkpt>
      <trkpt lat="39.93343" lon="3.13623">
        <ele>27.6</ele>
      </trkpt>
      <trkpt lat="39.93346" lon="3.13727">
        <ele>27.7</ele>
      </trkpt>
      <trkpt lat="39.93348" lon="3.1374">
        <ele>27.8</ele>
      </trkpt>
      <trkpt lat="39.93351" lon="3.1375">
        <ele>28.1</ele>
      </trkpt>
      <trkpt lat="39.93363" lon="3.13772">
        <ele>29.5</ele>
      </trkpt>
      <trkpt lat="39.93387" lon="3.13811">
        <ele>31.9</ele>
      </trkpt>
      <trkpt lat="39.93431" lon="3.13887">
        <ele>38.1</ele>
      </trkpt>
      <trkpt lat="39.93476" lon="3.13962">
        <ele>43.8</ele>
      </trkpt>
      <trkpt lat="39.93486" lon="3.13984">
        <ele>44.2</ele>
      </trkpt>
      <trkpt lat="39.93491" lon="3.13997">
        <ele>44.2</ele>
      </trkpt>
      <trkpt lat="39.93499" lon="3.14023">
        <ele>43.8</ele>
      </trkpt>
      <trkpt lat="39.93516" lon="3.14069">
        <ele>43.5</ele>
      </trkpt>
      <trkpt lat="39.9352" lon="3.14076">
        <ele>43.5</ele>
      </trkpt>
      <trkpt lat="39.93529" lon="3.14089">
        <ele>44.0</ele>
      </trkpt>
      <trkpt lat="39.93554" lon="3.14112">
        <ele>45.6</ele>
      </trkpt>
      <trkpt lat="39.93623" lon="3.14181">
        <ele>48.2</ele>
      </trkpt>
      <trkpt lat="39.93692" lon="3.14251">
        <ele>50.3</ele>
      </trkpt>
      <trkpt lat="39.93762" lon="3.14321">
        <ele>53.6</ele>
      </trkpt>
      <trkpt lat="39.93831" lon="3.1439">
        <ele>58.5</ele>
      </trkpt>
      <trkpt lat="39.93841" lon="3.14402">
        <ele>59.5</ele>
      </trkpt>
      <trkpt lat="39.93858" lon="3.14425">
        <ele>60.6</ele>
      </trkpt>
      <trkpt lat="39.93893" lon="3.14485">
        <ele>61.1</ele>
      </trkpt>
      <trkpt lat="39.93938" lon="3.14565">
        <ele>61.7</ele>
      </trkpt>
      <trkpt lat="39.93984" lon="3.14644">
        <ele>63.2</ele>
      </trkpt>
      <trkpt lat="39.94036" lon="3.14737">
        <ele>62.8</ele>
      </trkpt>
      <trkpt lat="39.94088" lon="3.14829">
        <ele>64.4</ele>
      </trkpt>
      <trkpt lat="39.9414" lon="3.14921">
        <ele>68.4</ele>
      </trkpt>
      <trkpt lat="39.94192" lon="3.15014">
        <ele>70.7</ele>
      </trkpt>
      <trkpt lat="39.94244" lon="3.15106">
        <ele>72.1</ele>
      </trkpt>
      <trkpt lat="39.94297" lon="3.15198">
        <ele>71.2</ele>
      </trkpt>
      <trkpt lat="39.94349" lon="3.15291">
        <ele>71.2</ele>
      </trkpt>
      <trkpt lat="39.94401" lon="3.15383">
        <ele>75.7</ele>
      </trkpt>
      <trkpt lat="39.94453" lon="3.15475">
        <ele>78.0</ele>
      </trkpt>
      <trkpt lat="39.94505" lon="3.15568">
        <ele>81.8</ele>
      </trkpt>
      <trkpt lat="39.94555" lon="3.15657">
        <ele>83.3</ele>
      </trkpt>
      <trkpt lat="39.94605" lon="3.15746">
        <ele>84.4</ele>
      </trkpt>
      <trkpt lat="39.94655" lon="3.15835">
        <ele>86.7</ele>
      </trkpt>
      <trkpt lat="39.94705" lon="3.15924">
        <ele>90.6</ele>
      </trkpt>
      <trkpt lat="39.94755" lon="3.16013">
        <ele>94.1</ele>
      </trkpt>
      <trkpt lat="39.94761" lon="3.16025">
        <ele>95.1</ele>
      </trkpt>
      <trkpt lat="39.94768" lon="3.16046">
        <ele>96.7</ele>
      </trkpt>
      <trkpt lat="39.94769" lon="3.16058">
        <ele>97.6</ele>
      </trkpt>
      <trkpt lat="39.94769" lon="3.16072">
        <ele>98.7</ele>
      </trkpt>
      <trkpt lat="39.94767" lon="3.16097">
        <ele>99.2</ele>
      </trkpt>
      <trkpt lat="39.94754" lon="3.16182">
        <ele>98.5</ele>
      </trkpt>
      <trkpt lat="39.94752" lon="3.16198">
        <ele>99.4</ele>
      </trkpt>
      <trkpt lat="39.94752" lon="3.16214">
        <ele>100.1</ele>
      </trkpt>
      <trkpt lat="39.94755" lon="3.16224">
        <ele>100.4</ele>
      </trkpt>
      <trkpt lat="39.94759" lon="3.16232">
        <ele>100.5</ele>
      </trkpt>
      <trkpt lat="39.94766" lon="3.16241">
        <ele>100.4</ele>
      </trkpt>
      <trkpt lat="39.94828" lon="3.16309">
        <ele>101.9</ele>
      </trkpt>
      <trkpt lat="39.94834" lon="3.16318">
        <ele>102.3</ele>
      </trkpt>
      <trkpt lat="39.94836" lon="3.16322">
        <ele>101.9</ele>
      </trkpt>
      <trkpt lat="39.94847" lon="3.16387">
        <ele>103.3</ele>
      </trkpt>
      <trkpt lat="39.94865" lon="3.16474">
        <ele>97.6</ele>
      </trkpt>
      <trkpt lat="39.94879" lon="3.16538">
        <ele>92.1</ele>
      </trkpt>
      <trkpt lat="39.94893" lon="3.16602">
        <ele>88.3</ele>
      </trkpt>
      <trkpt lat="39.94903" lon="3.16678">
        <ele>86.6</ele>
      </trkpt>
      <trkpt lat="39.94909" lon="3.1674">
        <ele>85.4</ele>
      </trkpt>
      <trkpt lat="39.94926" lon="3.16835">
        <ele>83.3</ele>
      </trkpt>
      <trkpt lat="39.9493" lon="3.16864">
        <ele>81.7</ele>
      </trkpt>
      <trkpt lat="39.94931" lon="3.16883">
        <ele>81.3</ele>
      </trkpt>
      <trkpt lat="39.94929" lon="3.16901">
        <ele>82.0</ele>
      </trkpt>
      <trkpt lat="39.94916" lon="3.16978">
        <ele>89.6</ele>
      </trkpt>
      <trkpt lat="39.94915" lon="3.16989">
        <ele>90.1</ele>
      </trkpt>
      <trkpt lat="39.94917" lon="3.17018">
        <ele>91.3</ele>
      </trkpt>
      <trkpt lat="39.94923" lon="3.1706">
        <ele>91.0</ele>
      </trkpt>
      <trkpt lat="39.94922" lon="3.17075">
        <ele>91.7</ele>
      </trkpt>
      <trkpt lat="39.94921" lon="3.17083">
        <ele>92.2</ele>
      </trkpt>
      <trkpt lat="39.94919" lon="3.17093">
        <ele>93.4</ele>
      </trkpt>
      <trkpt lat="39.94912" lon="3.17115">
        <ele>95.6</ele>
      </trkpt>
      <trkpt lat="39.94907" lon="3.17123">
        <ele>96.2</ele>
      </trkpt>
      <trkpt lat="39.94899" lon="3.1713">
        <ele>97.0</ele>
      </trkpt>
      <trkpt lat="39.94895" lon="3.17131">
        <ele>97.1</ele>
      </trkpt>
      <trkpt lat="39.94844" lon="3.17133">
        <ele>97.7</ele>
      </trkpt>
      <trkpt lat="39.94839" lon="3.17134">
        <ele>97.9</ele>
      </trkpt>
      <trkpt lat="39.9483" lon="3.17137">
        <ele>98.4</ele>
      </trkpt>
      <trkpt lat="39.94826" lon="3.17141">
        <ele>99.1</ele>
      </trkpt>
      <trkpt lat="39.9482" lon="3.17151">
        <ele>101.0</ele>
      </trkpt>
      <trkpt lat="39.94817" lon="3.17163">
        <ele>103.6</ele>
      </trkpt>
      <trkpt lat="39.94816" lon="3.1717">
        <ele>105.1</ele>
      </trkpt>
      <trkpt lat="39.94817" lon="3.17176">
        <ele>106.3</ele>
      </trkpt>
      <trkpt lat="39.94821" lon="3.17188">
        <ele>108.8</ele>
      </trkpt>
      <trkpt lat="39.94827" lon="3.17196">
        <ele>110.3</ele>
      </trkpt>
      <trkpt lat="39.94831" lon="3.17199">
        <ele>110.9</ele>
      </trkpt>
      <trkpt lat="39.94884" lon="3.17224">
        <ele>109.8</ele>
      </trkpt>
      <trkpt lat="39.94892" lon="3.17233">
        <ele>110.1</ele>
      </trkpt>
      <trkpt lat="39.94894" lon="3.17238">
        <ele>110.5</ele>
      </trkpt>
      <trkpt lat="39.94895" lon="3.17247">
        <ele>111.5</ele>
      </trkpt>
      <trkpt lat="39.94895" lon="3.17256">
        <ele>112.3</ele>
      </trkpt>
      <trkpt lat="39.94886" lon="3.17309">
        <ele>119.1</ele>
      </trkpt>
      <trkpt lat="39.94884" lon="3.17326">
        <ele>121.6</ele>
      </trkpt>
      <trkpt lat="39.94883" lon="3.17343">
        <ele>124.5</ele>
      </trkpt>
      <trkpt lat="39.94886" lon="3.17361">
        <ele>126.8</ele>
      </trkpt>
      <trkpt lat="39.9491" lon="3.17437">
        <ele>131.8</ele>
      </trkpt>
      <trkpt lat="39.94917" lon="3.17454">
        <ele>131.6</ele>
      </trkpt>
      <trkpt lat="39.94937" lon="3.17493">
        <ele>128.5</ele>
      </trkpt>
      <trkpt lat="39.94941" lon="3.17505">
        <ele>128.6</ele>
      </trkpt>
      <trkpt lat="39.94954" lon="3.17562">
        <ele>133.0</ele>
      </trkpt>
      <trkpt lat="39.94967" lon="3.17619">
        <ele>136.1</ele>
      </trkpt>
      <trkpt lat="39.94969" lon="3.17632">
        <ele>136.9</ele>
      </trkpt>
      <trkpt lat="39.94969" lon="3.17639">
        <ele>138.5</ele>
      </trkpt>
      <trkpt lat="39.94968" lon="3.17646">
        <ele>141.3</ele>
      </trkpt>
      <trkpt lat="39.9495" lon="3.17706">
        <ele>181.6</ele>
      </trkpt>
      <trkpt lat="39.94938" lon="3.17756">
        <ele>216.2</ele>
      </trkpt>
      <trkpt lat="39.94936" lon="3.17771">
        <ele>213.3</ele>
      </trkpt>
      <trkpt lat="39.94935" lon="3.17779">
        <ele>211.8</ele>
      </trkpt>
      <trkpt lat="39.94936" lon="3.17786">
        <ele>210.5</ele>
      </trkpt>
      <trkpt lat="39.94937" lon="3.17793">
        <ele>209.1</ele>
      </trkpt>
      <trkpt lat="39.94947" lon="3.17831">
        <ele>201.6</ele>
      </trkpt>
      <trkpt lat="39.94973" lon="3.1792">
        <ele>183.9</ele>
      </trkpt>
      <trkpt lat="39.94998" lon="3.18008">
        <ele>166.4</ele>
      </trkpt>
      <trkpt lat="39.95017" lon="3.18071">
        <ele>153.8</ele>
      </trkpt>
      <trkpt lat="39.95025" lon="3.18111">
        <ele>155.2</ele>
      </trkpt>
      <trkpt lat="39.95036" lon="3.18162">
        <ele>161.1</ele>
      </trkpt>
      <trkpt lat="39.95056" lon="3.18236">
        <ele>164.4</ele>
      </trkpt>
      <trkpt lat="39.95069" lon="3.18286">
        <ele>171.7</ele>
      </trkpt>
      <trkpt lat="39.95077" lon="3.18313">
        <ele>173.8</ele>
      </trkpt>
      <trkpt lat="39.95123" lon="3.18404">
        <ele>177.7</ele>
      </trkpt>
      <trkpt lat="39.95138" lon="3.18427">
        <ele>177.4</ele>
      </trkpt>
      <trkpt lat="39.95177" lon="3.18479">
        <ele>172.2</ele>
      </trkpt>
      <trkpt lat="39.95182" lon="3.18487">
        <ele>172.4</ele>
      </trkpt>
      <trkpt lat="39.95184" lon="3.18496">
        <ele>174.7</ele>
      </trkpt>
      <trkpt lat="39.95191" lon="3.18547">
        <ele>187.4</ele>
      </trkpt>
      <trkpt lat="39.95194" lon="3.18556">
        <ele>188.7</ele>
      </trkpt>
      <trkpt lat="39.95199" lon="3.18565">
        <ele>188.9</ele>
      </trkpt>
      <trkpt lat="39.95217" lon="3.18588">
        <ele>186.2</ele>
      </trkpt>
      <trkpt lat="39.95229" lon="3.186">
        <ele>182.3</ele>
      </trkpt>
      <trkpt lat="39.95238" lon="3.18609">
        <ele>179.5</ele>
      </trkpt>
      <trkpt lat="39.95266" lon="3.18626">
        <ele>174.2</ele>
      </trkpt>
      <trkpt lat="39.95273" lon="3.18632">
        <ele>174.7</ele>
      </trkpt>
      <trkpt lat="39.95275" lon="3.18635">
        <ele>175.4</ele>
      </trkpt>
      <trkpt lat="39.95277" lon="3.18641">
        <ele>177.0</ele>
      </trkpt>
      <trkpt lat="39.9528" lon="3.18678">
        <ele>185.3</ele>
      </trkpt>
      <trkpt lat="39.95285" lon="3.18709">
        <ele>185.6</ele>
      </trkpt>
      <trkpt lat="39.95288" lon="3.18728">
        <ele>185.9</ele>
      </trkpt>
      <trkpt lat="39.95292" lon="3.1874">
        <ele>186.3</ele>
      </trkpt>
      <trkpt lat="39.95295" lon="3.18745">
        <ele>186.7</ele>
      </trkpt>
      <trkpt lat="39.95311" lon="3.18774">
        <ele>186.6</ele>
      </trkpt>
      <trkpt lat="39.95314" lon="3.18783">
        <ele>186.4</ele>
      </trkpt>
      <trkpt lat="39.95314" lon="3.18791">
        <ele>185.9</ele>
      </trkpt>
      <trkpt lat="39.95303" lon="3.18842">
        <ele>180.0</ele>
      </trkpt>
      <trkpt lat="39.95301" lon="3.18856">
        <ele>177.7</ele>
      </trkpt>
      <trkpt lat="39.95301" lon="3.18867">
        <ele>176.2</ele>
      </trkpt>
      <trkpt lat="39.95304" lon="3.18876">
        <ele>175.4</ele>
      </trkpt>
      <trkpt lat="39.95308" lon="3.18883">
        <ele>175.1</ele>
      </trkpt>
      <trkpt lat="39.95312" lon="3.18887">
        <ele>175.2</ele>
      </trkpt>
      <trkpt lat="39.9532" lon="3.18893">
        <ele>175.6</ele>
      </trkpt>
      <trkpt lat="39.95389" lon="3.18912">
        <ele>176.4</ele>
      </trkpt>
      <trkpt lat="39.95398" lon="3.18916">
        <ele>176.4</ele>
      </trkpt>
      <trkpt lat="39.95402" lon="3.1892">
        <ele>176.4</ele>
      </trkpt>
      <trkpt lat="39.95406" lon="3.18924">
        <ele>176.5</ele>
      </trkpt>
      <trkpt lat="39.9541" lon="3.18933">
        <ele>176.5</ele>
      </trkpt>
      <trkpt lat="39.95411" lon="3.1894">
        <ele>176.5</ele>
      </trkpt>
      <trkpt lat="39.95411" lon="3.18951">
        <ele>176.3</ele>
      </trkpt>
      <trkpt lat="39.95409" lon="3.18961">
        <ele>176.0</ele>
      </trkpt>
      <trkpt lat="39.95405" lon="3.18969">
        <ele>175.7</ele>
      </trkpt>
      <trkpt lat="39.95398" lon="3.18977">
        <ele>175.1</ele>
      </trkpt>
      <trkpt lat="39.95349" lon="3.19022">
        <ele>175.9</ele>
      </trkpt>
      <trkpt lat="39.9532" lon="3.19064">
        <ele>180.0</ele>
      </trkpt>
      <trkpt lat="39.95275" lon="3.19146">
        <ele>178.7</ele>
      </trkpt>
      <trkpt lat="39.95272" lon="3.19154">
        <ele>178.8</ele>
      </trkpt>
      <trkpt lat="39.95271" lon="3.19162">
        <ele>179.6</ele>
      </trkpt>
      <trkpt lat="39.95273" lon="3.19176">
        <ele>183.2</ele>
      </trkpt>
      <trkpt lat="39.95277" lon="3.19187">
        <ele>187.2</ele>
      </trkpt>
      <trkpt lat="39.95287" lon="3.19209">
        <ele>195.4</ele>
      </trkpt>
      <trkpt lat="39.9529" lon="3.19217">
        <ele>197.9</ele>
      </trkpt>
      <trkpt lat="39.9529" lon="3.19225">
        <ele>199.6</ele>
      </trkpt>
      <trkpt lat="39.95286" lon="3.19237">
        <ele>200.8</ele>
      </trkpt>
      <trkpt lat="39.95279" lon="3.19245">
        <ele>200.6</ele>
      </trkpt>
      <trkpt lat="39.95255" lon="3.19258">
        <ele>198.5</ele>
      </trkpt>
      <trkpt lat="39.95195" lon="3.19271">
        <ele>188.1</ele>
      </trkpt>
      <trkpt lat="39.95182" lon="3.19276">
        <ele>186.7</ele>
      </trkpt>
      <trkpt lat="39.95173" lon="3.19285">
        <ele>188.0</ele>
      </trkpt>
      <trkpt lat="39.95159" lon="3.19309">
        <ele>194.2</ele>
      </trkpt>
      <trkpt lat="39.95148" lon="3.19324">
        <ele>197.6</ele>
      </trkpt>
      <trkpt lat="39.95119" lon="3.19345">
        <ele>194.7</ele>
      </trkpt>
      <trkpt lat="39.95111" lon="3.19354">
        <ele>193.0</ele>
      </trkpt>
      <trkpt lat="39.95108" lon="3.19361">
        <ele>192.4</ele>
      </trkpt>
      <trkpt lat="39.95107" lon="3.19365">
        <ele>192.3</ele>
      </trkpt>
      <trkpt lat="39.95106" lon="3.19372">
        <ele>192.3</ele>
      </trkpt>
      <trkpt lat="39.95107" lon="3.1938">
        <ele>193.0</ele>
      </trkpt>
      <trkpt lat="39.95111" lon="3.19389">
        <ele>194.6</ele>
      </trkpt>
      <trkpt lat="39.95135" lon="3.19424">
        <ele>205.4</ele>
      </trkpt>
      <trkpt lat="39.95141" lon="3.19435">
        <ele>208.8</ele>
      </trkpt>
      <trkpt lat="39.95143" lon="3.19443">
        <ele>210.4</ele>
      </trkpt>
      <trkpt lat="39.95143" lon="3.19456">
        <ele>211.9</ele>
      </trkpt>
      <trkpt lat="39.9514" lon="3.19464">
        <ele>211.7</ele>
      </trkpt>
      <trkpt lat="39.95138" lon="3.19467">
        <ele>211.3</ele>
      </trkpt>
      <trkpt lat="39.95132" lon="3.19474">
        <ele>210.0</ele>
      </trkpt>
      <trkpt lat="39.95127" lon="3.19477">
        <ele>208.6</ele>
      </trkpt>
      <trkpt lat="39.95089" lon="3.19496">
        <ele>197.5</ele>
      </trkpt>
      <trkpt lat="39.95086" lon="3.19499">
        <ele>196.8</ele>
      </trkpt>
      <trkpt lat="39.95082" lon="3.19506">
        <ele>196.5</ele>
      </trkpt>
      <trkpt lat="39.95076" lon="3.19522">
        <ele>196.6</ele>
      </trkpt>
      <trkpt lat="39.95074" lon="3.19534">
        <ele>197.6</ele>
      </trkpt>
      <trkpt lat="39.95075" lon="3.19547">
        <ele>199.9</ele>
      </trkpt>
      <trkpt lat="39.95084" lon="3.19617">
        <ele>207.7</ele>
      </trkpt>
      <trkpt lat="39.95087" lon="3.1963">
        <ele>208.2</ele>
      </trkpt>
      <trkpt lat="39.95093" lon="3.19653">
        <ele>209.6</ele>
      </trkpt>
      <trkpt lat="39.95101" lon="3.19677">
        <ele>211.2</ele>
      </trkpt>
      <trkpt lat="39.95105" lon="3.19687">
        <ele>211.8</ele>
      </trkpt>
      <trkpt lat="39.95129" lon="3.19732">
        <ele>216.5</ele>
      </trkpt>
      <trkpt lat="39.95134" lon="3.19744">
        <ele>217.1</ele>
      </trkpt>
      <trkpt lat="39.9514" lon="3.19767">
        <ele>218.5</ele>
      </trkpt>
      <trkpt lat="39.95147" lon="3.19806">
        <ele>219.6</ele>
      </trkpt>
      <trkpt lat="39.95151" lon="3.19814">
        <ele>220.4</ele>
      </trkpt>
      <trkpt lat="39.95158" lon="3.19821">
        <ele>221.8</ele>
      </trkpt>
      <trkpt lat="39.9517" lon="3.19826">
        <ele>223.7</ele>
      </trkpt>
      <trkpt lat="39.95182" lon="3.19829">
        <ele>224.2</ele>
      </trkpt>
      <trkpt lat="39.95251" lon="3.19836">
        <ele>226.8</ele>
      </trkpt>
      <trkpt lat="39.95272" lon="3.19838">
        <ele>230.7</ele>
      </trkpt>
      <trkpt lat="39.95277" lon="3.19839">
        <ele>231.6</ele>
      </trkpt>
      <trkpt lat="39.9528" lon="3.19841">
        <ele>231.9</ele>
      </trkpt>
      <trkpt lat="39.95287" lon="3.19847">
        <ele>232.4</ele>
      </trkpt>
      <trkpt lat="39.95298" lon="3.19862">
        <ele>232.4</ele>
      </trkpt>
      <trkpt lat="39.95302" lon="3.19876">
        <ele>231.1</ele>
      </trkpt>
      <trkpt lat="39.95303" lon="3.19889">
        <ele>229.3</ele>
      </trkpt>
      <trkpt lat="39.95301" lon="3.19903">
        <ele>226.7</ele>
      </trkpt>
      <trkpt lat="39.95299" lon="3.19909">
        <ele>225.4</ele>
      </trkpt>
      <trkpt lat="39.95281" lon="3.19944">
        <ele>219.2</ele>
      </trkpt>
      <trkpt lat="39.95279" lon="3.19949">
        <ele>218.6</ele>
      </trkpt>
      <trkpt lat="39.95275" lon="3.19969">
        <ele>217.1</ele>
      </trkpt>
      <trkpt lat="39.95274" lon="3.19983">
        <ele>216.4</ele>
      </trkpt>
      <trkpt lat="39.95275" lon="3.2">
        <ele>216.1</ele>
      </trkpt>
      <trkpt lat="39.95277" lon="3.20012">
        <ele>216.5</ele>
      </trkpt>
      <trkpt lat="39.953" lon="3.20084">
        <ele>218.8</ele>
      </trkpt>
      <trkpt lat="39.95309" lon="3.20106">
        <ele>219.8</ele>
      </trkpt>
      <trkpt lat="39.95332" lon="3.2014">
        <ele>219.3</ele>
      </trkpt>
      <trkpt lat="39.95336" lon="3.20147">
        <ele>218.5</ele>
      </trkpt>
      <trkpt lat="39.95338" lon="3.20153">
        <ele>217.8</ele>
      </trkpt>
      <trkpt lat="39.9534" lon="3.20167">
        <ele>216.6</ele>
      </trkpt>
      <trkpt lat="39.95341" lon="3.20178">
        <ele>216.4</ele>
      </trkpt>
      <trkpt lat="39.95341" lon="3.20256">
        <ele>215.9</ele>
      </trkpt>
      <trkpt lat="39.95342" lon="3.20262">
        <ele>215.0</ele>
      </trkpt>
      <trkpt lat="39.95345" lon="3.2027">
        <ele>213.3</ele>
      </trkpt>
      <trkpt lat="39.95349" lon="3.20277">
        <ele>211.3</ele>
      </trkpt>
      <trkpt lat="39.95354" lon="3.20281">
        <ele>209.1</ele>
      </trkpt>
      <trkpt lat="39.9536" lon="3.20283">
        <ele>206.7</ele>
      </trkpt>
      <trkpt lat="39.95368" lon="3.20282">
        <ele>203.8</ele>
      </trkpt>
      <trkpt lat="39.95374" lon="3.20279">
        <ele>201.9</ele>
      </trkpt>
      <trkpt lat="39.95378" lon="3.20274">
        <ele>200.9</ele>
      </trkpt>
      <trkpt lat="39.95383" lon="3.20263">
        <ele>200.3</ele>
      </trkpt>
      <trkpt lat="39.95384" lon="3.20255">
        <ele>200.8</ele>
      </trkpt>
      <trkpt lat="39.95379" lon="3.20228">
        <ele>204.6</ele>
      </trkpt>
      <trkpt lat="39.95379" lon="3.20217">
        <ele>205.3</ele>
      </trkpt>
      <trkpt lat="39.9538" lon="3.20207">
        <ele>205.7</ele>
      </trkpt>
      <trkpt lat="39.95383" lon="3.20199">
        <ele>205.5</ele>
      </trkpt>
      <trkpt lat="39.95387" lon="3.20194">
        <ele>204.8</ele>
      </trkpt>
      <trkpt lat="39.9539" lon="3.20192">
        <ele>204.3</ele>
      </trkpt>
      <trkpt lat="39.95396" lon="3.20191">
        <ele>202.9</ele>
      </trkpt>
      <trkpt lat="39.95404" lon="3.20192">
        <ele>200.8</ele>
      </trkpt>
      <trkpt lat="39.95422" lon="3.202">
        <ele>195.6</ele>
      </trkpt>
      <trkpt lat="39.95429" lon="3.20199">
        <ele>194.5</ele>
      </trkpt>
      <trkpt lat="39.95433" lon="3.20197">
        <ele>194.0</ele>
      </trkpt>
      <trkpt lat="39.95438" lon="3.20192">
        <ele>193.7</ele>
      </trkpt>
      <trkpt lat="39.95442" lon="3.20185">
        <ele>193.7</ele>
      </trkpt>
      <trkpt lat="39.95455" lon="3.20144">
        <ele>196.3</ele>
      </trkpt>
      <trkpt lat="39.9546" lon="3.20136">
        <ele>196.4</ele>
      </trkpt>
      <trkpt lat="39.95465" lon="3.2013">
        <ele>196.1</ele>
      </trkpt>
      <trkpt lat="39.95508" lon="3.20093">
        <ele>187.9</ele>
      </trkpt>
      <trkpt lat="39.95512" lon="3.2009">
        <ele>185.5</ele>
      </trkpt>
      <trkpt lat="39.95516" lon="3.20088">
        <ele>183.0</ele>
      </trkpt>
      <trkpt lat="39.95524" lon="3.20087">
        <ele>177.7</ele>
      </trkpt>
      <trkpt lat="39.95532" lon="3.20089">
        <ele>172.6</ele>
      </trkpt>
      <trkpt lat="39.95536" lon="3.20092">
        <ele>170.4</ele>
      </trkpt>
      <trkpt lat="39.95541" lon="3.20098">
        <ele>168.3</ele>
      </trkpt>
      <trkpt lat="39.95543" lon="3.20103">
        <ele>167.9</ele>
      </trkpt>
      <trkpt lat="39.95545" lon="3.20111">
        <ele>168.3</ele>
      </trkpt>
      <trkpt lat="39.95545" lon="3.20124">
        <ele>170.7</ele>
      </trkpt>
      <trkpt lat="39.95539" lon="3.20159">
        <ele>178.2</ele>
      </trkpt>
      <trkpt lat="39.95538" lon="3.20167">
        <ele>179.5</ele>
      </trkpt>
      <trkpt lat="39.95539" lon="3.20177">
        <ele>180.1</ele>
      </trkpt>
      <trkpt lat="39.95548" lon="3.20242">
        <ele>186.9</ele>
      </trkpt>
      <trkpt lat="39.95549" lon="3.20256">
        <ele>189.2</ele>
      </trkpt>
      <trkpt lat="39.95546" lon="3.20268">
        <ele>190.9</ele>
      </trkpt>
      <trkpt lat="39.9554" lon="3.20278">
        <ele>191.5</ele>
      </trkpt>
      <trkpt lat="39.95536" lon="3.20283">
        <ele>191.5</ele>
      </trkpt>
      <trkpt lat="39.95485" lon="3.20327">
        <ele>187.4</ele>
      </trkpt>
      <trkpt lat="39.95477" lon="3.20335">
        <ele>187.3</ele>
      </trkpt>
      <trkpt lat="39.95469" lon="3.20344">
        <ele>187.8</ele>
      </trkpt>
      <trkpt lat="39.95463" lon="3.20354">
        <ele>188.3</ele>
      </trkpt>
      <trkpt lat="39.95435" lon="3.20407">
        <ele>184.9</ele>
      </trkpt>
      <trkpt lat="39.95408" lon="3.2046">
        <ele>183.8</ele>
      </trkpt>
      <trkpt lat="39.95403" lon="3.20472">
        <ele>184.6</ele>
      </trkpt>
      <trkpt lat="39.95382" lon="3.20555">
        <ele>183.6</ele>
      </trkpt>
      <trkpt lat="39.95379" lon="3.20562">
        <ele>182.6</ele>
      </trkpt>
      <trkpt lat="39.95365" lon="3.20592">
        <ele>176.9</ele>
      </trkpt>
      <trkpt lat="39.95363" lon="3.20598">
        <ele>176.2</ele>
      </trkpt>
      <trkpt lat="39.95359" lon="3.20613">
        <ele>175.2</ele>
      </trkpt>
      <trkpt lat="39.9536" lon="3.20626">
        <ele>176.6</ele>
      </trkpt>
      <trkpt lat="39.95374" lon="3.20719">
        <ele>177.8</ele>
      </trkpt>
      <trkpt lat="39.95376" lon="3.20725">
        <ele>177.9</ele>
      </trkpt>
      <trkpt lat="39.95378" lon="3.20731">
        <ele>178.0</ele>
      </trkpt>
      <trkpt lat="39.95381" lon="3.20736">
        <ele>178.8</ele>
      </trkpt>
      <trkpt lat="39.95404" lon="3.20765">
        <ele>182.5</ele>
      </trkpt>
      <trkpt lat="39.95415" lon="3.20773">
        <ele>185.2</ele>
      </trkpt>
      <trkpt lat="39.9546" lon="3.20796">
        <ele>188.6</ele>
      </trkpt>
      <trkpt lat="39.95505" lon="3.2082">
        <ele>189.8</ele>
      </trkpt>
      <trkpt lat="39.95516" lon="3.20825">
        <ele>188.2</ele>
      </trkpt>
      <trkpt lat="39.95528" lon="3.20826">
        <ele>187.9</ele>
      </trkpt>
      <trkpt lat="39.95542" lon="3.20825">
        <ele>188.4</ele>
      </trkpt>
      <trkpt lat="39.95549" lon="3.20823">
        <ele>189.2</ele>
      </trkpt>
      <trkpt lat="39.95604" lon="3.20802">
        <ele>196.1</ele>
      </trkpt>
      <trkpt lat="39.95613" lon="3.20802">
        <ele>195.8</ele>
      </trkpt>
      <trkpt lat="39.9562" lon="3.20803">
        <ele>195.2</ele>
      </trkpt>
      <trkpt lat="39.95629" lon="3.20807">
        <ele>193.8</ele>
      </trkpt>
      <trkpt lat="39.95684" lon="3.20831">
        <ele>188.0</ele>
      </trkpt>
      <trkpt lat="39.95696" lon="3.20832">
        <ele>188.2</ele>
      </trkpt>
      <trkpt lat="39.95703" lon="3.20829">
        <ele>188.8</ele>
      </trkpt>
      <trkpt lat="39.9571" lon="3.20824">
        <ele>189.4</ele>
      </trkpt>
      <trkpt lat="39.95715" lon="3.20818">
        <ele>189.9</ele>
      </trkpt>
      <trkpt lat="39.95717" lon="3.20814">
        <ele>190.2</ele>
      </trkpt>
      <trkpt lat="39.9572" lon="3.20806">
        <ele>190.6</ele>
      </trkpt>
      <trkpt lat="39.95721" lon="3.20794">
        <ele>191.3</ele>
      </trkpt>
      <trkpt lat="39.9572" lon="3.20759">
        <ele>193.6</ele>
      </trkpt>
      <trkpt lat="39.95721" lon="3.20755">
        <ele>193.6</ele>
      </trkpt>
      <trkpt lat="39.95723" lon="3.20745">
        <ele>193.6</ele>
      </trkpt>
      <trkpt lat="39.95726" lon="3.20741">
        <ele>193.1</ele>
      </trkpt>
      <trkpt lat="39.95732" lon="3.20734">
        <ele>191.8</ele>
      </trkpt>
      <trkpt lat="39.95737" lon="3.20731">
        <ele>190.5</ele>
      </trkpt>
      <trkpt lat="39.95744" lon="3.2073">
        <ele>188.8</ele>
      </trkpt>
      <trkpt lat="39.95748" lon="3.20731">
        <ele>187.8</ele>
      </trkpt>
      <trkpt lat="39.95754" lon="3.20733">
        <ele>184.6</ele>
      </trkpt>
      <trkpt lat="39.9576" lon="3.20739">
        <ele>181.5</ele>
      </trkpt>
      <trkpt lat="39.95763" lon="3.20743">
        <ele>180.4</ele>
      </trkpt>
      <trkpt lat="39.95766" lon="3.20747">
        <ele>179.8</ele>
      </trkpt>
      <trkpt lat="39.95786" lon="3.20803">
        <ele>185.9</ele>
      </trkpt>
      <trkpt lat="39.95788" lon="3.20821">
        <ele>191.0</ele>
      </trkpt>
      <trkpt lat="39.95788" lon="3.20838">
        <ele>195.3</ele>
      </trkpt>
      <trkpt lat="39.95784" lon="3.20856">
        <ele>197.4</ele>
      </trkpt>
      <trkpt lat="39.9578" lon="3.20866">
        <ele>198.2</ele>
      </trkpt>
      <trkpt lat="39.95776" lon="3.20875">
        <ele>198.9</ele>
      </trkpt>
      <trkpt lat="39.95752" lon="3.20911">
        <ele>199.7</ele>
      </trkpt>
      <trkpt lat="39.95748" lon="3.20916">
        <ele>199.4</ele>
      </trkpt>
      <trkpt lat="39.95727" lon="3.20935">
        <ele>196.6</ele>
      </trkpt>
      <trkpt lat="39.95719" lon="3.20943">
        <ele>195.9</ele>
      </trkpt>
      <trkpt lat="39.95682" lon="3.21">
        <ele>198.6</ele>
      </trkpt>
      <trkpt lat="39.95644" lon="3.21058">
        <ele>195.6</ele>
      </trkpt>
      <trkpt lat="39.95636" lon="3.2107">
        <ele>196.3</ele>
      </trkpt>
      <trkpt lat="39.95624" lon="3.21085">
        <ele>197.1</ele>
      </trkpt>
      <trkpt lat="39.95572" lon="3.21133">
        <ele>187.4</ele>
      </trkpt>
      <trkpt lat="39.95562" lon="3.21141">
        <ele>183.9</ele>
      </trkpt>
      <trkpt lat="39.95536" lon="3.21157">
        <ele>174.9</ele>
      </trkpt>
      <trkpt lat="39.95533" lon="3.2116">
        <ele>173.3</ele>
      </trkpt>
      <trkpt lat="39.95531" lon="3.21164">
        <ele>171.3</ele>
      </trkpt>
      <trkpt lat="39.9553" lon="3.21168">
        <ele>168.6</ele>
      </trkpt>
      <trkpt lat="39.9553" lon="3.21177">
        <ele>159.1</ele>
      </trkpt>
      <trkpt lat="39.95531" lon="3.21182">
        <ele>154.1</ele>
      </trkpt>
      <trkpt lat="39.95535" lon="3.21188">
        <ele>149.4</ele>
      </trkpt>
      <trkpt lat="39.95541" lon="3.21193">
        <ele>146.9</ele>
      </trkpt>
      <trkpt lat="39.95551" lon="3.21195">
        <ele>149.5</ele>
      </trkpt>
      <trkpt lat="39.95558" lon="3.21193">
        <ele>154.2</ele>
      </trkpt>
      <trkpt lat="39.95567" lon="3.21189">
        <ele>160.8</ele>
      </trkpt>
      <trkpt lat="39.95615" lon="3.21159">
        <ele>177.3</ele>
      </trkpt>
      <trkpt lat="39.95624" lon="3.21155">
        <ele>177.4</ele>
      </trkpt>
      <trkpt lat="39.95632" lon="3.21154">
        <ele>176.7</ele>
      </trkpt>
      <trkpt lat="39.95641" lon="3.21155">
        <ele>175.4</ele>
      </trkpt>
      <trkpt lat="39.95725" lon="3.21174">
        <ele>160.4</ele>
      </trkpt>
      <trkpt lat="39.95738" lon="3.21174">
        <ele>159.2</ele>
      </trkpt>
      <trkpt lat="39.95751" lon="3.21169">
        <ele>159.1</ele>
      </trkpt>
      <trkpt lat="39.95801" lon="3.21137">
        <ele>161.6</ele>
      </trkpt>
      <trkpt lat="39.95814" lon="3.2113">
        <ele>162.0</ele>
      </trkpt>
      <trkpt lat="39.95832" lon="3.21125">
        <ele>160.7</ele>
      </trkpt>
      <trkpt lat="39.95867" lon="3.2112">
        <ele>146.4</ele>
      </trkpt>
      <trkpt lat="39.95879" lon="3.21118">
        <ele>141.3</ele>
      </trkpt>
      <trkpt lat="39.95886" lon="3.21114">
        <ele>139.2</ele>
      </trkpt>
      <trkpt lat="39.9589" lon="3.21111">
        <ele>138.2</ele>
      </trkpt>
      <trkpt lat="39.95896" lon="3.21103">
        <ele>137.8</ele>
      </trkpt>
      <trkpt lat="39.95939" lon="3.2103">
        <ele>144.7</ele>
      </trkpt>
      <trkpt lat="39.95946" lon="3.21022">
        <ele>143.3</ele>
      </trkpt>
      <trkpt lat="39.95995" lon="3.20991">
        <ele>111.9</ele>
      </trkpt>
      <trkpt lat="39.96" lon="3.2099">
        <ele>107.8</ele>
      </trkpt>
      <trkpt lat="39.96006" lon="3.2099">
        <ele>102.3</ele>
      </trkpt>
      <trkpt lat="39.96016" lon="3.20995">
        <ele>95.5</ele>
      </trkpt>
      <trkpt lat="39.96031" lon="3.21017">
        <ele>90.6</ele>
      </trkpt>
      <trkpt lat="39.96034" lon="3.21025">
        <ele>91.8</ele>
      </trkpt>
      <trkpt lat="39.96035" lon="3.21034">
        <ele>95.1</ele>
      </trkpt>
      <trkpt lat="39.96033" lon="3.21058">
        <ele>106.1</ele>
      </trkpt>
      <trkpt lat="39.96034" lon="3.21062">
        <ele>107.6</ele>
      </trkpt>
      <trkpt lat="39.96037" lon="3.21071">
        <ele>111.1</ele>
      </trkpt>
      <trkpt lat="39.96043" lon="3.21082">
        <ele>116.4</ele>
      </trkpt>
      <trkpt lat="39.96058" lon="3.21104">
        <ele>123.2</ele>
      </trkpt>
      <trkpt lat="39.96061" lon="3.21109">
        <ele>125.0</ele>
      </trkpt>
      <trkpt lat="39.96063" lon="3.21118">
        <ele>127.9</ele>
      </trkpt>
      <trkpt lat="39.96064" lon="3.21128">
        <ele>131.0</ele>
      </trkpt>
      <trkpt lat="39.96063" lon="3.21134">
        <ele>132.4</ele>
      </trkpt>
      <trkpt lat="39.96041" lon="3.21185">
        <ele>131.7</ele>
      </trkpt>
      <trkpt lat="39.96035" lon="3.21199">
        <ele>128.0</ele>
      </trkpt>
      <trkpt lat="39.96034" lon="3.21203">
        <ele>127.2</ele>
      </trkpt>
      <trkpt lat="39.96035" lon="3.21206">
        <ele>127.5</ele>
      </trkpt>
      <trkpt lat="39.96036" lon="3.21209">
        <ele>127.8</ele>
      </trkpt>
      <trkpt lat="39.96039" lon="3.21213">
        <ele>129.1</ele>
      </trkpt>
      <trkpt lat="39.96043" lon="3.21214">
        <ele>131.2</ele>
      </trkpt>
      <trkpt lat="39.96047" lon="3.21213">
        <ele>133.3</ele>
      </trkpt>
      <trkpt lat="39.96052" lon="3.21207">
        <ele>136.1</ele>
      </trkpt>
      <trkpt lat="39.96054" lon="3.21202">
        <ele>137.2</ele>
      </trkpt>
      <trkpt lat="39.96085" lon="3.2113">
        <ele>134.3</ele>
      </trkpt>
      <trkpt lat="39.96089" lon="3.21125">
        <ele>127.5</ele>
      </trkpt>
      <trkpt lat="39.96093" lon="3.21123">
        <ele>121.8</ele>
      </trkpt>
      <trkpt lat="39.961" lon="3.21123">
        <ele>113.1</ele>
      </trkpt>
      <trkpt lat="39.96104" lon="3.21126">
        <ele>109.5</ele>
      </trkpt>
      <trkpt lat="39.96108" lon="3.21132">
        <ele>107.6</ele>
      </trkpt>
      <trkpt lat="39.96109" lon="3.21139">
        <ele>109.8</ele>
      </trkpt>
      <trkpt lat="39.96108" lon="3.21146">
        <ele>114.4</ele>
      </trkpt>
      <trkpt lat="39.96106" lon="3.2115">
        <ele>118.6</ele>
      </trkpt>
      <trkpt lat="39.96076" lon="3.21186">
        <ele>147.6</ele>
      </trkpt>
      <trkpt lat="39.96072" lon="3.21192">
        <ele>145.9</ele>
      </trkpt>
      <trkpt lat="39.9607" lon="3.21196">
        <ele>145.0</ele>
      </trkpt>
      <trkpt lat="39.96067" lon="3.21204">
        <ele>143.6</ele>
      </trkpt>
      <trkpt lat="39.96067" lon="3.21213">
        <ele>143.7</ele>
      </trkpt>
      <trkpt lat="39.9607" lon="3.21225">
        <ele>145.5</ele>
      </trkpt>
      <trkpt lat="39.96074" lon="3.21233">
        <ele>147.9</ele>
      </trkpt>
      <trkpt lat="39.96091" lon="3.21257">
        <ele>147.5</ele>
      </trkpt>
      <trkpt lat="39.96101" lon="3.21272">
        <ele>138.5</ele>
      </trkpt>
      <trkpt lat="39.96108" lon="3.21279">
        <ele>134.6</ele>
      </trkpt>
      <trkpt lat="39.96114" lon="3.2128">
        <ele>132.8</ele>
      </trkpt>
      <trkpt lat="39.9612" lon="3.21278">
        <ele>131.5</ele>
      </trkpt>
      <trkpt lat="39.96124" lon="3.21272">
        <ele>131.1</ele>
      </trkpt>
      <trkpt lat="39.96126" lon="3.21263">
        <ele>131.3</ele>
      </trkpt>
      <trkpt lat="39.96125" lon="3.21257">
        <ele>132.3</ele>
      </trkpt>
      <trkpt lat="39.96102" lon="3.21224">
        <ele>140.3</ele>
      </trkpt>
      <trkpt lat="39.96112" lon="3.21209">
        <ele>130.1</ele>
      </trkpt>
      <trkpt lat="39.96116" lon="3.21205">
        <ele>126.0</ele>
      </trkpt>
      <trkpt lat="39.96116" lon="3.21205">
        <ele>126.0</ele>
      </trkpt>
      <trkpt lat="39.96112" lon="3.21209">
        <ele>130.1</ele>
      </trkpt>
      <trkpt lat="39.96102" lon="3.21224">
        <ele>140.3</ele>
      </trkpt>
      <trkpt lat="39.96125" lon="3.21257">
        <ele>132.3</ele>
      </trkpt>
      <trkpt lat="39.96126" lon="3.21263">
        <ele>131.3</ele>
      </trkpt>
      <trkpt lat="39.96124" lon="3.21272">
        <ele>131.1</ele>
      </trkpt>
      <trkpt lat="39.9612" lon="3.21278">
        <ele>131.5</ele>
      </trkpt>
      <trkpt lat="39.96114" lon="3.2128">
        <ele>132.8</ele>
      </trkpt>
      <trkpt lat="39.96108" lon="3.21279">
        <ele>134.6</ele>
      </trkpt>
      <trkpt lat="39.96101" lon="3.21272">
        <ele>138.5</ele>
      </trkpt>
      <trkpt lat="39.96091" lon="3.21257">
        <ele>147.5</ele>
      </trkpt>
      <trkpt lat="39.96074" lon="3.21233">
        <ele>147.9</ele>
      </trkpt>
      <trkpt lat="39.9607" lon="3.21225">
        <ele>145.5</ele>
      </trkpt>
      <trkpt lat="39.96067" lon="3.21213">
        <ele>143.7</ele>
      </trkpt>
      <trkpt lat="39.96067" lon="3.21204">
        <ele>143.6</ele>
      </trkpt>
      <trkpt lat="39.9607" lon="3.21196">
        <ele>145.0</ele>
      </trkpt>
      <trkpt lat="39.96072" lon="3.21192">
        <ele>145.9</ele>
      </trkpt>
      <trkpt lat="39.96076" lon="3.21186">
        <ele>147.6</ele>
      </trkpt>
      <trkpt lat="39.96106" lon="3.2115">
        <ele>118.6</ele>
      </trkpt>
      <trkpt lat="39.96108" lon="3.21146">
        <ele>114.4</ele>
      </trkpt>
      <trkpt lat="39.96109" lon="3.21139">
        <ele>109.8</ele>
      </trkpt>
      <trkpt lat="39.96108" lon="3.21132">
        <ele>107.6</ele>
      </trkpt>
      <trkpt lat="39.96104" lon="3.21126">
        <ele>109.5</ele>
      </trkpt>
      <trkpt lat="39.961" lon="3.21123">
        <ele>113.1</ele>
      </trkpt>
      <trkpt lat="39.96093" lon="3.21123">
        <ele>121.8</ele>
      </trkpt>
      <trkpt lat="39.96089" lon="3.21125">
        <ele>127.5</ele>
      </trkpt>
      <trkpt lat="39.96085" lon="3.2113">
        <ele>134.3</ele>
      </trkpt>
      <trkpt lat="39.96054" lon="3.21202">
        <ele>137.2</ele>
      </trkpt>
      <trkpt lat="39.96052" lon="3.21207">
        <ele>136.1</ele>
      </trkpt>
      <trkpt lat="39.96047" lon="3.21213">
        <ele>133.3</ele>
      </trkpt>
      <trkpt lat="39.96043" lon="3.21214">
        <ele>131.2</ele>
      </trkpt>
      <trkpt lat="39.96039" lon="3.21213">
        <ele>129.1</ele>
      </trkpt>
      <trkpt lat="39.96036" lon="3.21209">
        <ele>127.8</ele>
      </trkpt>
      <trkpt lat="39.96035" lon="3.21206">
        <ele>127.5</ele>
      </trkpt>
      <trkpt lat="39.96034" lon="3.21203">
        <ele>127.2</ele>
      </trkpt>
      <trkpt lat="39.96035" lon="3.21199">
        <ele>128.0</ele>
      </trkpt>
      <trkpt lat="39.96041" lon="3.21185">
        <ele>131.7</ele>
      </trkpt>
      <trkpt lat="39.96063" lon="3.21134">
        <ele>132.4</ele>
      </trkpt>
      <trkpt lat="39.96064" lon="3.21128">
        <ele>131.0</ele>
      </trkpt>
      <trkpt lat="39.96063" lon="3.21118">
        <ele>127.9</ele>
      </trkpt>
      <trkpt lat="39.96061" lon="3.21109">
        <ele>125.0</ele>
      </trkpt>
      <trkpt lat="39.96058" lon="3.21104">
        <ele>123.2</ele>
      </trkpt>
      <trkpt lat="39.96043" lon="3.21082">
        <ele>116.4</ele>
      </trkpt>
      <trkpt lat="39.96037" lon="3.21071">
        <ele>111.1</ele>
      </trkpt>
      <trkpt lat="39.96034" lon="3.21062">
        <ele>107.6</ele>
      </trkpt>
      <trkpt lat="39.96033" lon="3.21058">
        <ele>106.1</ele>
      </trkpt>
      <trkpt lat="39.96035" lon="3.21034">
        <ele>95.1</ele>
      </trkpt>
      <trkpt lat="39.96034" lon="3.21025">
        <ele>91.8</ele>
      </trkpt>
      <trkpt lat="39.96031" lon="3.21017">
        <ele>90.6</ele>
      </trkpt>
      <trkpt lat="39.96016" lon="3.20995">
        <ele>95.5</ele>
      </trkpt>
      <trkpt lat="39.96006" lon="3.2099">
        <ele>102.3</ele>
      </trkpt>
      <trkpt lat="39.96" lon="3.2099">
        <ele>107.8</ele>
      </trkpt>
      <trkpt lat="39.95995" lon="3.20991">
        <ele>111.9</ele>
      </trkpt>
      <trkpt lat="39.95946" lon="3.21022">
        <ele>143.3</ele>
      </trkpt>
      <trkpt lat="39.95939" lon="3.2103">
        <ele>144.7</ele>
      </trkpt>
      <trkpt lat="39.95896" lon="3.21103">
        <ele>137.8</ele>
      </trkpt>
      <trkpt lat="39.9589" lon="3.21111">
        <ele>138.2</ele>
      </trkpt>
      <trkpt lat="39.95886" lon="3.21114">
        <ele>139.2</ele>
      </trkpt>
      <trkpt lat="39.95879" lon="3.21118">
        <ele>141.3</ele>
      </trkpt>
      <trkpt lat="39.95867" lon="3.2112">
        <ele>146.4</ele>
      </trkpt>
      <trkpt lat="39.95832" lon="3.21125">
        <ele>160.7</ele>
      </trkpt>
      <trkpt lat="39.95814" lon="3.2113">
        <ele>162.0</ele>
      </trkpt>
      <trkpt lat="39.95801" lon="3.21137">
        <ele>161.6</ele>
      </trkpt>
      <trkpt lat="39.95751" lon="3.21169">
        <ele>159.1</ele>
      </trkpt>
      <trkpt lat="39.95738" lon="3.21174">
        <ele>159.2</ele>
      </trkpt>
      <trkpt lat="39.95725" lon="3.21174">
        <ele>160.4</ele>
      </trkpt>
      <trkpt lat="39.95641" lon="3.21155">
        <ele>175.4</ele>
      </trkpt>
      <trkpt lat="39.95632" lon="3.21154">
        <ele>176.7</ele>
      </trkpt>
      <trkpt lat="39.95624" lon="3.21155">
        <ele>177.4</ele>
      </trkpt>
      <trkpt lat="39.95615" lon="3.21159">
        <ele>177.3</ele>
      </trkpt>
      <trkpt lat="39.95567" lon="3.21189">
        <ele>160.8</ele>
      </trkpt>
      <trkpt lat="39.95558" lon="3.21193">
        <ele>154.2</ele>
      </trkpt>
      <trkpt lat="39.95551" lon="3.21195">
        <ele>149.5</ele>
      </trkpt>
      <trkpt lat="39.95541" lon="3.21193">
        <ele>146.9</ele>
      </trkpt>
      <trkpt lat="39.95535" lon="3.21188">
        <ele>149.4</ele>
      </trkpt>
      <trkpt lat="39.95531" lon="3.21182">
        <ele>154.1</ele>
      </trkpt>
      <trkpt lat="39.9553" lon="3.21177">
        <ele>159.1</ele>
      </trkpt>
      <trkpt lat="39.9553" lon="3.21168">
        <ele>168.6</ele>
      </trkpt>
      <trkpt lat="39.95531" lon="3.21164">
        <ele>171.3</ele>
      </trkpt>
      <trkpt lat="39.95533" lon="3.2116">
        <ele>173.3</ele>
      </trkpt>
      <trkpt lat="39.95536" lon="3.21157">
        <ele>174.9</ele>
      </trkpt>
      <trkpt lat="39.95562" lon="3.21141">
        <ele>183.9</ele>
      </trkpt>
      <trkpt lat="39.95572" lon="3.21133">
        <ele>187.4</ele>
      </trkpt>
      <trkpt lat="39.95624" lon="3.21085">
        <ele>197.1</ele>
      </trkpt>
      <trkpt lat="39.95636" lon="3.2107">
        <ele>196.3</ele>
      </trkpt>
      <trkpt lat="39.95644" lon="3.21058">
        <ele>195.6</ele>
      </trkpt>
      <trkpt lat="39.95682" lon="3.21">
        <ele>198.6</ele>
      </trkpt>
      <trkpt lat="39.95719" lon="3.20943">
        <ele>195.9</ele>
      </trkpt>
      <trkpt lat="39.95727" lon="3.20935">
        <ele>196.6</ele>
      </trkpt>
      <trkpt lat="39.95748" lon="3.20916">
        <ele>199.4</ele>
      </trkpt>
      <trkpt lat="39.95752" lon="3.20911">
        <ele>199.7</ele>
      </trkpt>
      <trkpt lat="39.95776" lon="3.20875">
        <ele>198.9</ele>
      </trkpt>
      <trkpt lat="39.9578" lon="3.20866">
        <ele>198.2</ele>
      </trkpt>
      <trkpt lat="39.95784" lon="3.20856">
        <ele>197.4</ele>
      </trkpt>
      <trkpt lat="39.95788" lon="3.20838">
        <ele>195.3</ele>
      </trkpt>
      <trkpt lat="39.95788" lon="3.20821">
        <ele>191.0</ele>
      </trkpt>
      <trkpt lat="39.95786" lon="3.20803">
        <ele>185.9</ele>
      </trkpt>
      <trkpt lat="39.95766" lon="3.20747">
        <ele>179.8</ele>
      </trkpt>
      <trkpt lat="39.95763" lon="3.20743">
        <ele>180.4</ele>
      </trkpt>
      <trkpt lat="39.9576" lon="3.20739">
        <ele>181.5</ele>
      </trkpt>
      <trkpt lat="39.95754" lon="3.20733">
        <ele>184.6</ele>
      </trkpt>
      <trkpt lat="39.95748" lon="3.20731">
        <ele>187.8</ele>
      </trkpt>
      <trkpt lat="39.95744" lon="3.2073">
        <ele>188.8</ele>
      </trkpt>
      <trkpt lat="39.95737" lon="3.20731">
        <ele>190.5</ele>
      </trkpt>
      <trkpt lat="39.95732" lon="3.20734">
        <ele>191.8</ele>
      </trkpt>
      <trkpt lat="39.95726" lon="3.20741">
        <ele>193.1</ele>
      </trkpt>
      <trkpt lat="39.95723" lon="3.20745">
        <ele>193.6</ele>
      </trkpt>
      <trkpt lat="39.95721" lon="3.20755">
        <ele>193.6</ele>
      </trkpt>
      <trkpt lat="39.9572" lon="3.20759">
        <ele>193.6</ele>
      </trkpt>
      <trkpt lat="39.95721" lon="3.20794">
        <ele>191.3</ele>
      </trkpt>
      <trkpt lat="39.9572" lon="3.20806">
        <ele>190.6</ele>
      </trkpt>
      <trkpt lat="39.95717" lon="3.20814">
        <ele>190.2</ele>
      </trkpt>
      <trkpt lat="39.95715" lon="3.20818">
        <ele>189.9</ele>
      </trkpt>
      <trkpt lat="39.9571" lon="3.20824">
        <ele>189.4</ele>
      </trkpt>
      <trkpt lat="39.95703" lon="3.20829">
        <ele>188.8</ele>
      </trkpt>
      <trkpt lat="39.95696" lon="3.20832">
        <ele>188.2</ele>
      </trkpt>
      <trkpt lat="39.95684" lon="3.20831">
        <ele>188.0</ele>
      </trkpt>
      <trkpt lat="39.95629" lon="3.20807">
        <ele>193.8</ele>
      </trkpt>
      <trkpt lat="39.9562" lon="3.20803">
        <ele>195.2</ele>
      </trkpt>
      <trkpt lat="39.95613" lon="3.20802">
        <ele>195.8</ele>
      </trkpt>
      <trkpt lat="39.95604" lon="3.20802">
        <ele>196.1</ele>
      </trkpt>
      <trkpt lat="39.95549" lon="3.20823">
        <ele>189.2</ele>
      </trkpt>
      <trkpt lat="39.95542" lon="3.20825">
        <ele>188.4</ele>
      </trkpt>
      <trkpt lat="39.95528" lon="3.20826">
        <ele>187.9</ele>
      </trkpt>
      <trkpt lat="39.95516" lon="3.20825">
        <ele>188.2</ele>
      </trkpt>
      <trkpt lat="39.95505" lon="3.2082">
        <ele>189.8</ele>
      </trkpt>
      <trkpt lat="39.9546" lon="3.20796">
        <ele>188.6</ele>
      </trkpt>
      <trkpt lat="39.95415" lon="3.20773">
        <ele>185.2</ele>
      </trkpt>
      <trkpt lat="39.95404" lon="3.20765">
        <ele>182.5</ele>
      </trkpt>
      <trkpt lat="39.95381" lon="3.20736">
        <ele>178.8</ele>
      </trkpt>
      <trkpt lat="39.95378" lon="3.20731">
        <ele>178.0</ele>
      </trkpt>
      <trkpt lat="39.95376" lon="3.20725">
        <ele>177.9</ele>
      </trkpt>
      <trkpt lat="39.95374" lon="3.20719">
        <ele>177.8</ele>
      </trkpt>
      <trkpt lat="39.9536" lon="3.20626">
        <ele>176.6</ele>
      </trkpt>
      <trkpt lat="39.95359" lon="3.20613">
        <ele>175.2</ele>
      </trkpt>
      <trkpt lat="39.95363" lon="3.20598">
        <ele>176.2</ele>
      </trkpt>
      <trkpt lat="39.95365" lon="3.20592">
        <ele>176.9</ele>
      </trkpt>
      <trkpt lat="39.95379" lon="3.20562">
        <ele>182.6</ele>
      </trkpt>
      <trkpt lat="39.95382" lon="3.20555">
        <ele>183.6</ele>
      </trkpt>
      <trkpt lat="39.95403" lon="3.20472">
        <ele>184.6</ele>
      </trkpt>
      <trkpt lat="39.95408" lon="3.2046">
        <ele>183.8</ele>
      </trkpt>
      <trkpt lat="39.95435" lon="3.20407">
        <ele>184.9</ele>
      </trkpt>
      <trkpt lat="39.95463" lon="3.20354">
        <ele>188.3</ele>
      </trkpt>
      <trkpt lat="39.95469" lon="3.20344">
        <ele>187.8</ele>
      </trkpt>
      <trkpt lat="39.95477" lon="3.20335">
        <ele>187.3</ele>
      </trkpt>
      <trkpt lat="39.95485" lon="3.20327">
        <ele>187.4</ele>
      </trkpt>
      <trkpt lat="39.95536" lon="3.20283">
        <ele>191.5</ele>
      </trkpt>
      <trkpt lat="39.9554" lon="3.20278">
        <ele>191.5</ele>
      </trkpt>
      <trkpt lat="39.95546" lon="3.20268">
        <ele>190.9</ele>
      </trkpt>
      <trkpt lat="39.95549" lon="3.20256">
        <ele>189.2</ele>
      </trkpt>
      <trkpt lat="39.95548" lon="3.20242">
        <ele>186.9</ele>
      </trkpt>
      <trkpt lat="39.95539" lon="3.20177">
        <ele>180.1</ele>
      </trkpt>
      <trkpt lat="39.95538" lon="3.20167">
        <ele>179.5</ele>
      </trkpt>
      <trkpt lat="39.95539" lon="3.20159">
        <ele>178.2</ele>
      </trkpt>
      <trkpt lat="39.95545" lon="3.20124">
        <ele>170.7</ele>
      </trkpt>
      <trkpt lat="39.95545" lon="3.20111">
        <ele>168.3</ele>
      </trkpt>
      <trkpt lat="39.95543" lon="3.20103">
        <ele>167.9</ele>
      </trkpt>
      <trkpt lat="39.95541" lon="3.20098">
        <ele>168.3</ele>
      </trkpt>
      <trkpt lat="39.95536" lon="3.20092">
        <ele>170.4</ele>
      </trkpt>
      <trkpt lat="39.95532" lon="3.20089">
        <ele>172.6</ele>
      </trkpt>
      <trkpt lat="39.95524" lon="3.20087">
        <ele>177.7</ele>
      </trkpt>
      <trkpt lat="39.95516" lon="3.20088">
        <ele>183.0</ele>
      </trkpt>
      <trkpt lat="39.95512" lon="3.2009">
        <ele>185.5</ele>
      </trkpt>
      <trkpt lat="39.95508" lon="3.20093">
        <ele>187.9</ele>
      </trkpt>
      <trkpt lat="39.95465" lon="3.2013">
        <ele>196.1</ele>
      </trkpt>
      <trkpt lat="39.9546" lon="3.20136">
        <ele>196.4</ele>
      </trkpt>
      <trkpt lat="39.95455" lon="3.20144">
        <ele>196.3</ele>
      </trkpt>
      <trkpt lat="39.95442" lon="3.20185">
        <ele>193.7</ele>
      </trkpt>
      <trkpt lat="39.95438" lon="3.20192">
        <ele>193.7</ele>
      </trkpt>
      <trkpt lat="39.95433" lon="3.20197">
        <ele>194.0</ele>
      </trkpt>
      <trkpt lat="39.95429" lon="3.20199">
        <ele>194.5</ele>
      </trkpt>
      <trkpt lat="39.95422" lon="3.202">
        <ele>195.6</ele>
      </trkpt>
      <trkpt lat="39.95404" lon="3.20192">
        <ele>200.8</ele>
      </trkpt>
      <trkpt lat="39.95396" lon="3.20191">
        <ele>202.9</ele>
      </trkpt>
      <trkpt lat="39.9539" lon="3.20192">
        <ele>204.3</ele>
      </trkpt>
      <trkpt lat="39.95387" lon="3.20194">
        <ele>204.8</ele>
      </trkpt>
      <trkpt lat="39.95383" lon="3.20199">
        <ele>205.5</ele>
      </trkpt>
      <trkpt lat="39.9538" lon="3.20207">
        <ele>205.7</ele>
      </trkpt>
      <trkpt lat="39.95379" lon="3.20217">
        <ele>205.3</ele>
      </trkpt>
      <trkpt lat="39.95379" lon="3.20228">
        <ele>204.6</ele>
      </trkpt>
      <trkpt lat="39.95384" lon="3.20255">
        <ele>200.8</ele>
      </trkpt>
      <trkpt lat="39.95383" lon="3.20263">
        <ele>200.3</ele>
      </trkpt>
      <trkpt lat="39.95378" lon="3.20274">
        <ele>200.9</ele>
      </trkpt>
      <trkpt lat="39.95374" lon="3.20279">
        <ele>201.9</ele>
      </trkpt>
      <trkpt lat="39.95368" lon="3.20282">
        <ele>203.8</ele>
      </trkpt>
      <trkpt lat="39.9536" lon="3.20283">
        <ele>206.7</ele>
      </trkpt>
      <trkpt lat="39.95354" lon="3.20281">
        <ele>209.1</ele>
      </trkpt>
      <trkpt lat="39.95349" lon="3.20277">
        <ele>211.3</ele>
      </trkpt>
      <trkpt lat="39.95345" lon="3.2027">
        <ele>213.3</ele>
      </trkpt>
      <trkpt lat="39.95342" lon="3.20262">
        <ele>215.0</ele>
      </trkpt>
      <trkpt lat="39.95341" lon="3.20256">
        <ele>215.9</ele>
      </trkpt>
      <trkpt lat="39.95341" lon="3.20178">
        <ele>216.4</ele>
      </trkpt>
      <trkpt lat="39.9534" lon="3.20167">
        <ele>216.6</ele>
      </trkpt>
      <trkpt lat="39.95338" lon="3.20153">
        <ele>217.8</ele>
      </trkpt>
      <trkpt lat="39.95336" lon="3.20147">
        <ele>218.5</ele>
      </trkpt>
      <trkpt lat="39.95332" lon="3.2014">
        <ele>219.3</ele>
      </trkpt>
      <trkpt lat="39.95309" lon="3.20106">
        <ele>219.8</ele>
      </trkpt>
      <trkpt lat="39.953" lon="3.20084">
        <ele>218.8</ele>
      </trkpt>
      <trkpt lat="39.95277" lon="3.20012">
        <ele>216.5</ele>
      </trkpt>
      <trkpt lat="39.95275" lon="3.2">
        <ele>216.1</ele>
      </trkpt>
      <trkpt lat="39.95274" lon="3.19983">
        <ele>216.4</ele>
      </trkpt>
      <trkpt lat="39.95275" lon="3.19969">
        <ele>217.1</ele>
      </trkpt>
      <trkpt lat="39.95279" lon="3.19949">
        <ele>218.6</ele>
      </trkpt>
      <trkpt lat="39.95281" lon="3.19944">
        <ele>219.2</ele>
      </trkpt>
      <trkpt lat="39.95299" lon="3.19909">
        <ele>225.4</ele>
      </trkpt>
      <trkpt lat="39.95301" lon="3.19903">
        <ele>226.7</ele>
      </trkpt>
      <trkpt lat="39.95303" lon="3.19889">
        <ele>229.3</ele>
      </trkpt>
      <trkpt lat="39.95302" lon="3.19876">
        <ele>231.1</ele>
      </trkpt>
      <trkpt lat="39.95298" lon="3.19862">
        <ele>232.4</ele>
      </trkpt>
      <trkpt lat="39.95287" lon="3.19847">
        <ele>232.4</ele>
      </trkpt>
      <trkpt lat="39.9528" lon="3.19841">
        <ele>231.9</ele>
      </trkpt>
      <trkpt lat="39.95277" lon="3.19839">
        <ele>231.6</ele>
      </trkpt>
      <trkpt lat="39.95272" lon="3.19838">
        <ele>230.7</ele>
      </trkpt>
      <trkpt lat="39.95251" lon="3.19836">
        <ele>226.8</ele>
      </trkpt>
      <trkpt lat="39.95182" lon="3.19829">
        <ele>224.2</ele>
      </trkpt>
      <trkpt lat="39.9517" lon="3.19826">
        <ele>223.7</ele>
      </trkpt>
      <trkpt lat="39.95158" lon="3.19821">
        <ele>221.8</ele>
      </trkpt>
      <trkpt lat="39.95151" lon="3.19814">
        <ele>220.4</ele>
      </trkpt>
      <trkpt lat="39.95147" lon="3.19806">
        <ele>219.6</ele>
      </trkpt>
      <trkpt lat="39.9514" lon="3.19767">
        <ele>218.5</ele>
      </trkpt>
      <trkpt lat="39.95134" lon="3.19744">
        <ele>217.1</ele>
      </trkpt>
      <trkpt lat="39.95129" lon="3.19732">
        <ele>216.5</ele>
      </trkpt>
      <trkpt lat="39.95105" lon="3.19687">
        <ele>211.8</ele>
      </trkpt>
      <trkpt lat="39.95101" lon="3.19677">
        <ele>211.2</ele>
      </trkpt>
      <trkpt lat="39.95093" lon="3.19653">
        <ele>209.6</ele>
      </trkpt>
      <trkpt lat="39.95087" lon="3.1963">
        <ele>208.2</ele>
      </trkpt>
      <trkpt lat="39.95084" lon="3.19617">
        <ele>207.7</ele>
      </trkpt>
      <trkpt lat="39.95075" lon="3.19547">
        <ele>199.9</ele>
      </trkpt>
      <trkpt lat="39.95074" lon="3.19534">
        <ele>197.6</ele>
      </trkpt>
      <trkpt lat="39.95076" lon="3.19522">
        <ele>196.6</ele>
      </trkpt>
      <trkpt lat="39.95082" lon="3.19506">
        <ele>196.5</ele>
      </trkpt>
      <trkpt lat="39.95086" lon="3.19499">
        <ele>196.8</ele>
      </trkpt>
      <trkpt lat="39.95089" lon="3.19496">
        <ele>197.5</ele>
      </trkpt>
      <trkpt lat="39.95127" lon="3.19477">
        <ele>208.6</ele>
      </trkpt>
      <trkpt lat="39.95132" lon="3.19474">
        <ele>210.0</ele>
      </trkpt>
      <trkpt lat="39.95138" lon="3.19467">
        <ele>211.3</ele>
      </trkpt>
      <trkpt lat="39.9514" lon="3.19464">
        <ele>211.7</ele>
      </trkpt>
      <trkpt lat="39.95143" lon="3.19456">
        <ele>211.9</ele>
      </trkpt>
      <trkpt lat="39.95143" lon="3.19443">
        <ele>210.4</ele>
      </trkpt>
      <trkpt lat="39.95141" lon="3.19435">
        <ele>208.8</ele>
      </trkpt>
      <trkpt lat="39.95135" lon="3.19424">
        <ele>205.4</ele>
      </trkpt>
      <trkpt lat="39.95111" lon="3.19389">
        <ele>194.6</ele>
      </trkpt>
      <trkpt lat="39.95107" lon="3.1938">
        <ele>193.0</ele>
      </trkpt>
      <trkpt lat="39.95106" lon="3.19372">
        <ele>192.3</ele>
      </trkpt>
      <trkpt lat="39.95107" lon="3.19365">
        <ele>192.3</ele>
      </trkpt>
      <trkpt lat="39.95108" lon="3.19361">
        <ele>192.4</ele>
      </trkpt>
      <trkpt lat="39.95111" lon="3.19354">
        <ele>193.0</ele>
      </trkpt>
      <trkpt lat="39.95119" lon="3.19345">
        <ele>194.7</ele>
      </trkpt>
      <trkpt lat="39.95148" lon="3.19324">
        <ele>197.6</ele>
      </trkpt>
      <trkpt lat="39.95159" lon="3.19309">
        <ele>194.2</ele>
      </trkpt>
      <trkpt lat="39.95173" lon="3.19285">
        <ele>188.0</ele>
      </trkpt>
      <trkpt lat="39.95182" lon="3.19276">
        <ele>186.7</ele>
      </trkpt>
      <trkpt lat="39.95195" lon="3.19271">
        <ele>188.1</ele>
      </trkpt>
      <trkpt lat="39.95255" lon="3.19258">
        <ele>198.5</ele>
      </trkpt>
      <trkpt lat="39.95279" lon="3.19245">
        <ele>200.6</ele>
      </trkpt>
      <trkpt lat="39.95286" lon="3.19237">
        <ele>200.8</ele>
      </trkpt>
      <trkpt lat="39.9529" lon="3.19225">
        <ele>199.6</ele>
      </trkpt>
      <trkpt lat="39.9529" lon="3.19217">
        <ele>197.9</ele>
      </trkpt>
      <trkpt lat="39.95287" lon="3.19209">
        <ele>195.4</ele>
      </trkpt>
      <trkpt lat="39.95277" lon="3.19187">
        <ele>187.2</ele>
      </trkpt>
      <trkpt lat="39.95273" lon="3.19176">
        <ele>183.2</ele>
      </trkpt>
      <trkpt lat="39.95271" lon="3.19162">
        <ele>179.6</ele>
      </trkpt>
      <trkpt lat="39.95272" lon="3.19154">
        <ele>178.8</ele>
      </trkpt>
      <trkpt lat="39.95275" lon="3.19146">
        <ele>178.7</ele>
      </trkpt>
      <trkpt lat="39.9532" lon="3.19064">
        <ele>180.0</ele>
      </trkpt>
      <trkpt lat="39.95349" lon="3.19022">
        <ele>175.9</ele>
      </trkpt>
      <trkpt lat="39.95398" lon="3.18977">
        <ele>175.1</ele>
      </trkpt>
      <trkpt lat="39.95405" lon="3.18969">
        <ele>175.7</ele>
      </trkpt>
      <trkpt lat="39.95409" lon="3.18961">
        <ele>176.0</ele>
      </trkpt>
      <trkpt lat="39.95411" lon="3.18951">
        <ele>176.3</ele>
      </trkpt>
      <trkpt lat="39.95411" lon="3.1894">
        <ele>176.5</ele>
      </trkpt>
      <trkpt lat="39.9541" lon="3.18933">
        <ele>176.5</ele>
      </trkpt>
      <trkpt lat="39.95406" lon="3.18924">
        <ele>176.5</ele>
      </trkpt>
      <trkpt lat="39.95402" lon="3.1892">
        <ele>176.4</ele>
      </trkpt>
      <trkpt lat="39.95398" lon="3.18916">
        <ele>176.4</ele>
      </trkpt>
      <trkpt lat="39.95389" lon="3.18912">
        <ele>176.4</ele>
      </trkpt>
      <trkpt lat="39.9532" lon="3.18893">
        <ele>175.6</ele>
      </trkpt>
      <trkpt lat="39.95312" lon="3.18887">
        <ele>175.2</ele>
      </trkpt>
      <trkpt lat="39.95308" lon="3.18883">
        <ele>175.1</ele>
      </trkpt>
      <trkpt lat="39.95304" lon="3.18876">
        <ele>175.4</ele>
      </trkpt>
      <trkpt lat="39.95301" lon="3.18867">
        <ele>176.2</ele>
      </trkpt>
      <trkpt lat="39.95301" lon="3.18856">
        <ele>177.7</ele>
      </trkpt>
      <trkpt lat="39.95303" lon="3.18842">
        <ele>180.0</ele>
      </trkpt>
      <trkpt lat="39.95314" lon="3.18791">
        <ele>185.9</ele>
      </trkpt>
      <trkpt lat="39.95314" lon="3.18783">
        <ele>186.4</ele>
      </trkpt>
      <trkpt lat="39.95311" lon="3.18774">
        <ele>186.6</ele>
      </trkpt>
      <trkpt lat="39.95295" lon="3.18745">
        <ele>186.7</ele>
      </trkpt>
      <trkpt lat="39.95292" lon="3.1874">
        <ele>186.3</ele>
      </trkpt>
      <trkpt lat="39.95288" lon="3.18728">
        <ele>185.9</ele>
      </trkpt>
      <trkpt lat="39.95285" lon="3.18709">
        <ele>185.6</ele>
      </trkpt>
      <trkpt lat="39.9528" lon="3.18678">
        <ele>185.3</ele>
      </trkpt>
      <trkpt lat="39.95277" lon="3.18641">
        <ele>177.0</ele>
      </trkpt>
      <trkpt lat="39.95275" lon="3.18635">
        <ele>175.4</ele>
      </trkpt>
      <trkpt lat="39.95273" lon="3.18632">
        <ele>174.7</ele>
      </trkpt>
      <trkpt lat="39.95266" lon="3.18626">
        <ele>174.2</ele>
      </trkpt>
      <trkpt lat="39.95238" lon="3.18609">
        <ele>179.5</ele>
      </trkpt>
      <trkpt lat="39.95229" lon="3.186">
        <ele>182.3</ele>
      </trkpt>
      <trkpt lat="39.95217" lon="3.18588">
        <ele>186.2</ele>
      </trkpt>
      <trkpt lat="39.95199" lon="3.18565">
        <ele>188.9</ele>
      </trkpt>
      <trkpt lat="39.95194" lon="3.18556">
        <ele>188.7</ele>
      </trkpt>
      <trkpt lat="39.95191" lon="3.18547">
        <ele>187.4</ele>
      </trkpt>
      <trkpt lat="39.95184" lon="3.18496">
        <ele>174.7</ele>
      </trkpt>
      <trkpt lat="39.95182" lon="3.18487">
        <ele>172.4</ele>
      </trkpt>
      <trkpt lat="39.95177" lon="3.18479">
        <ele>172.2</ele>
      </trkpt>
      <trkpt lat="39.95138" lon="3.18427">
        <ele>177.4</ele>
      </trkpt>
      <trkpt lat="39.95123" lon="3.18404">
        <ele>177.7</ele>
      </trkpt>
      <trkpt lat="39.95077" lon="3.18313">
        <ele>173.8</ele>
      </trkpt>
      <trkpt lat="39.95069" lon="3.18286">
        <ele>171.7</ele>
      </trkpt>
      <trkpt lat="39.95056" lon="3.18236">
        <ele>164.4</ele>
      </trkpt>
      <trkpt lat="39.95036" lon="3.18162">
        <ele>161.1</ele>
      </trkpt>
      <trkpt lat="39.95025" lon="3.18111">
        <ele>155.2</ele>
      </trkpt>
      <trkpt lat="39.95017" lon="3.18071">
        <ele>153.8</ele>
      </trkpt>
      <trkpt lat="39.94998" lon="3.18008">
        <ele>166.4</ele>
      </trkpt>
      <trkpt lat="39.94973" lon="3.1792">
        <ele>183.9</ele>
      </trkpt>
      <trkpt lat="39.94947" lon="3.17831">
        <ele>201.6</ele>
      </trkpt>
      <trkpt lat="39.94937" lon="3.17793">
        <ele>209.1</ele>
      </trkpt>
      <trkpt lat="39.94936" lon="3.17786">
        <ele>210.5</ele>
      </trkpt>
      <trkpt lat="39.94935" lon="3.17779">
        <ele>211.8</ele>
      </trkpt>
      <trkpt lat="39.94936" lon="3.17771">
        <ele>213.3</ele>
      </trkpt>
      <trkpt lat="39.94938" lon="3.17756">
        <ele>216.2</ele>
      </trkpt>
      <trkpt lat="39.9495" lon="3.17706">
        <ele>181.6</ele>
      </trkpt>
      <trkpt lat="39.94968" lon="3.17646">
        <ele>141.3</ele>
      </trkpt>
      <trkpt lat="39.94969" lon="3.17639">
        <ele>138.5</ele>
      </trkpt>
      <trkpt lat="39.94969" lon="3.17632">
        <ele>136.9</ele>
      </trkpt>
      <trkpt lat="39.94967" lon="3.17619">
        <ele>136.1</ele>
      </trkpt>
      <trkpt lat="39.94954" lon="3.17562">
        <ele>133.0</ele>
      </trkpt>
      <trkpt lat="39.94941" lon="3.17505">
        <ele>128.6</ele>
      </trkpt>
      <trkpt lat="39.94937" lon="3.17493">
        <ele>128.5</ele>
      </trkpt>
      <trkpt lat="39.94917" lon="3.17454">
        <ele>131.6</ele>
      </trkpt>
      <trkpt lat="39.9491" lon="3.17437">
        <ele>131.8</ele>
      </trkpt>
      <trkpt lat="39.94886" lon="3.17361">
        <ele>126.8</ele>
      </trkpt>
      <trkpt lat="39.94883" lon="3.17343">
        <ele>124.5</ele>
      </trkpt>
      <trkpt lat="39.94884" lon="3.17326">
        <ele>121.6</ele>
      </trkpt>
      <trkpt lat="39.94886" lon="3.17309">
        <ele>119.1</ele>
      </trkpt>
      <trkpt lat="39.94895" lon="3.17256">
        <ele>112.3</ele>
      </trkpt>
      <trkpt lat="39.94895" lon="3.17247">
        <ele>111.5</ele>
      </trkpt>
      <trkpt lat="39.94894" lon="3.17238">
        <ele>110.5</ele>
      </trkpt>
      <trkpt lat="39.94892" lon="3.17233">
        <ele>110.1</ele>
      </trkpt>
      <trkpt lat="39.94884" lon="3.17224">
        <ele>109.8</ele>
      </trkpt>
      <trkpt lat="39.94831" lon="3.17199">
        <ele>110.9</ele>
      </trkpt>
      <trkpt lat="39.94827" lon="3.17196">
        <ele>110.3</ele>
      </trkpt>
      <trkpt lat="39.94821" lon="3.17188">
        <ele>108.8</ele>
      </trkpt>
      <trkpt lat="39.94817" lon="3.17176">
        <ele>106.3</ele>
      </trkpt>
      <trkpt lat="39.94816" lon="3.1717">
        <ele>105.1</ele>
      </trkpt>
      <trkpt lat="39.94817" lon="3.17163">
        <ele>103.6</ele>
      </trkpt>
      <trkpt lat="39.9482" lon="3.17151">
        <ele>101.0</ele>
      </trkpt>
      <trkpt lat="39.94826" lon="3.17141">
        <ele>99.1</ele>
      </trkpt>
      <trkpt lat="39.9483" lon="3.17137">
        <ele>98.4</ele>
      </trkpt>
      <trkpt lat="39.94839" lon="3.17134">
        <ele>97.9</ele>
      </trkpt>
      <trkpt lat="39.94844" lon="3.17133">
        <ele>97.7</ele>
      </trkpt>
      <trkpt lat="39.94895" lon="3.17131">
        <ele>97.1</ele>
      </trkpt>
      <trkpt lat="39.94899" lon="3.1713">
        <ele>97.0</ele>
      </trkpt>
      <trkpt lat="39.94907" lon="3.17123">
        <ele>96.2</ele>
      </trkpt>
      <trkpt lat="39.94912" lon="3.17115">
        <ele>95.6</ele>
      </trkpt>
      <trkpt lat="39.94919" lon="3.17093">
        <ele>93.4</ele>
      </trkpt>
      <trkpt lat="39.94921" lon="3.17083">
        <ele>92.2</ele>
      </trkpt>
      <trkpt lat="39.94922" lon="3.17075">
        <ele>91.7</ele>
      </trkpt>
      <trkpt lat="39.94923" lon="3.1706">
        <ele>91.0</ele>
      </trkpt>
      <trkpt lat="39.94917" lon="3.17018">
        <ele>91.3</ele>
      </trkpt>
      <trkpt lat="39.94915" lon="3.16989">
        <ele>90.1</ele>
      </trkpt>
      <trkpt lat="39.94916" lon="3.16978">
        <ele>89.6</ele>
      </trkpt>
      <trkpt lat="39.94929" lon="3.16901">
        <ele>82.0</ele>
      </trkpt>
      <trkpt lat="39.94931" lon="3.16883">
        <ele>81.3</ele>
      </trkpt>
      <trkpt lat="39.9493" lon="3.16864">
        <ele>81.7</ele>
      </trkpt>
      <trkpt lat="39.94926" lon="3.16835">
        <ele>83.3</ele>
      </trkpt>
      <trkpt lat="39.94909" lon="3.1674">
        <ele>85.4</ele>
      </trkpt>
      <trkpt lat="39.94903" lon="3.16678">
        <ele>86.6</ele>
      </trkpt>
      <trkpt lat="39.94893" lon="3.16602">
        <ele>88.3</ele>
      </trkpt>
      <trkpt lat="39.94879" lon="3.16538">
        <ele>92.1</ele>
      </trkpt>
      <trkpt lat="39.94865" lon="3.16474">
        <ele>97.6</ele>
      </trkpt>
      <trkpt lat="39.94847" lon="3.16387">
        <ele>103.3</ele>
      </trkpt>
      <trkpt lat="39.94836" lon="3.16322">
        <ele>101.9</ele>
      </trkpt>
      <trkpt lat="39.94834" lon="3.16318">
        <ele>102.3</ele>
      </trkpt>
      <trkpt lat="39.94828" lon="3.16309">
        <ele>101.9</ele>
      </trkpt>
      <trkpt lat="39.94766" lon="3.16241">
        <ele>100.4</ele>
      </trkpt>
      <trkpt lat="39.94759" lon="3.16232">
        <ele>100.5</ele>
      </trkpt>
      <trkpt lat="39.94755" lon="3.16224">
        <ele>100.4</ele>
      </trkpt>
      <trkpt lat="39.94752" lon="3.16214">
        <ele>100.1</ele>
      </trkpt>
      <trkpt lat="39.94752" lon="3.16198">
        <ele>99.4</ele>
      </trkpt>
      <trkpt lat="39.94754" lon="3.16182">
        <ele>98.5</ele>
      </trkpt>
      <trkpt lat="39.94767" lon="3.16097">
        <ele>99.2</ele>
      </trkpt>
      <trkpt lat="39.94769" lon="3.16072">
        <ele>98.7</ele>
      </trkpt>
      <trkpt lat="39.94769" lon="3.16058">
        <ele>97.6</ele>
      </trkpt>
      <trkpt lat="39.94768" lon="3.16046">
        <ele>96.7</ele>
      </trkpt>
      <trkpt lat="39.94761" lon="3.16025">
        <ele>95.1</ele>
      </trkpt>
      <trkpt lat="39.94755" lon="3.16013">
        <ele>94.1</ele>
      </trkpt>
      <trkpt lat="39.94705" lon="3.15924">
        <ele>90.6</ele>
      </trkpt>
      <trkpt lat="39.94655" lon="3.15835">
        <ele>86.7</ele>
      </trkpt>
      <trkpt lat="39.94605" lon="3.15746">
        <ele>84.4</ele>
      </trkpt>
      <trkpt lat="39.94555" lon="3.15657">
        <ele>83.3</ele>
      </trkpt>
      <trkpt lat="39.94505" lon="3.15568">
        <ele>81.8</ele>
      </trkpt>
      <trkpt lat="39.94453" lon="3.15475">
        <ele>78.0</ele>
      </trkpt>
      <trkpt lat="39.94401" lon="3.15383">
        <ele>75.7</ele>
      </trkpt>
      <trkpt lat="39.94349" lon="3.15291">
        <ele>71.2</ele>
      </trkpt>
      <trkpt lat="39.94297" lon="3.15198">
        <ele>71.2</ele>
      </trkpt>
      <trkpt lat="39.94244" lon="3.15106">
        <ele>72.1</ele>
      </trkpt>
      <trkpt lat="39.94192" lon="3.15014">
        <ele>70.7</ele>
      </trkpt>
      <trkpt lat="39.9414" lon="3.14921">
        <ele>68.4</ele>
      </trkpt>
      <trkpt lat="39.94088" lon="3.14829">
        <ele>64.4</ele>
      </trkpt>
      <trkpt lat="39.94036" lon="3.14737">
        <ele>62.8</ele>
      </trkpt>
      <trkpt lat="39.93984" lon="3.14644">
        <ele>63.2</ele>
      </trkpt>
      <trkpt lat="39.93938" lon="3.14565">
        <ele>61.7</ele>
      </trkpt>
      <trkpt lat="39.93893" lon="3.14485">
        <ele>61.1</ele>
      </trkpt>
      <trkpt lat="39.93858" lon="3.14425">
        <ele>60.6</ele>
      </trkpt>
      <trkpt lat="39.93841" lon="3.14402">
        <ele>59.5</ele>
      </trkpt>
      <trkpt lat="39.93831" lon="3.1439">
        <ele>58.5</ele>
      </trkpt>
      <trkpt lat="39.93762" lon="3.14321">
        <ele>53.6</ele>
      </trkpt>
      <trkpt lat="39.93692" lon="3.14251">
        <ele>50.3</ele>
      </trkpt>
      <trkpt lat="39.93623" lon="3.14181">
        <ele>48.2</ele>
      </trkpt>
      <trkpt lat="39.93554" lon="3.14112">
        <ele>45.6</ele>
      </trkpt>
      <trkpt lat="39.93529" lon="3.14089">
        <ele>44.0</ele>
      </trkpt>
      <trkpt lat="39.9352" lon="3.14076">
        <ele>43.5</ele>
      </trkpt>
      <trkpt lat="39.93516" lon="3.14069">
        <ele>43.5</ele>
      </trkpt>
      <trkpt lat="39.93499" lon="3.14023">
        <ele>43.8</ele>
      </trkpt>
      <trkpt lat="39.93491" lon="3.13997">
        <ele>44.2</ele>
      </trkpt>
      <trkpt lat="39.93486" lon="3.13984">
        <ele>44.2</ele>
      </trkpt>
      <trkpt lat="39.93476" lon="3.13962">
        <ele>43.8</ele>
      </trkpt>
      <trkpt lat="39.93431" lon="3.13887">
        <ele>38.1</ele>
      </trkpt>
      <trkpt lat="39.93387" lon="3.13811">
        <ele>31.9</ele>
      </trkpt>
      <trkpt lat="39.93363" lon="3.13772">
        <ele>29.5</ele>
      </trkpt>
      <trkpt lat="39.93351" lon="3.1375">
        <ele>28.1</ele>
      </trkpt>
      <trkpt lat="39.93348" lon="3.1374">
        <ele>27.8</ele>
      </trkpt>
      <trkpt lat="39.93346" lon="3.13727">
        <ele>27.7</ele>
      </trkpt>
      <trkpt lat="39.93343" lon="3.13623">
        <ele>27.6</ele>
      </trkpt>
      <trkpt lat="39.93341" lon="3.13606">
        <ele>27.6</ele>
      </trkpt>
      <trkpt lat="39.93339" lon="3.13599">
        <ele>27.4</ele>
      </trkpt>
      <trkpt lat="39.93336" lon="3.13592">
        <ele>27.2</ele>
      </trkpt>
      <trkpt lat="39.93329" lon="3.1358">
        <ele>27.0</ele>
      </trkpt>
      <trkpt lat="39.93318" lon="3.13569">
        <ele>26.9</ele>
      </trkpt>
      <trkpt lat="39.93312" lon="3.13564">
        <ele>26.8</ele>
      </trkpt>
      <trkpt lat="39.93298" lon="3.13555">
        <ele>26.1</ele>
      </trkpt>
      <trkpt lat="39.93256" lon="3.13534">
        <ele>22.8</ele>
      </trkpt>
      <trkpt lat="39.93215" lon="3.13512">
        <ele>20.7</ele>
      </trkpt>
      <trkpt lat="39.9316" lon="3.13487">
        <ele>18.9</ele>
      </trkpt>
      <trkpt lat="39.93127" lon="3.13466">
        <ele>17.8</ele>
      </trkpt>
      <trkpt lat="39.93062" lon="3.13424">
        <ele>14.3</ele>
      </trkpt>
      <trkpt lat="39.93045" lon="3.13414">
        <ele>13.4</ele>
      </trkpt>
      <trkpt lat="39.93029" lon="3.13408">
        <ele>12.6</ele>
      </trkpt>
      <trkpt lat="39.9297" lon="3.13392">
        <ele>11.3</ele>
      </trkpt>
      <trkpt lat="39.92936" lon="3.13386">
        <ele>11.3</ele>
      </trkpt>
      <trkpt lat="39.92928" lon="3.13382">
        <ele>11.4</ele>
      </trkpt>
      <trkpt lat="39.92922" lon="3.13377">
        <ele>11.5</ele>
      </trkpt>
      <trkpt lat="39.92918" lon="3.13371">
        <ele>11.7</ele>
      </trkpt>
      <trkpt lat="39.92915" lon="3.13364">
        <ele>11.9</ele>
      </trkpt>
      <trkpt lat="39.92913" lon="3.13353">
        <ele>12.3</ele>
      </trkpt>
      <trkpt lat="39.92914" lon="3.13346">
        <ele>12.6</ele>
      </trkpt>
      <trkpt lat="39.92937" lon="3.13255">
        <ele>17.2</ele>
      </trkpt>
      <trkpt lat="39.92961" lon="3.13154">
        <ele>21.6</ele>
      </trkpt>
      <trkpt lat="39.92985" lon="3.13053">
        <ele>26.5</ele>
      </trkpt>
      <trkpt lat="39.92989" lon="3.13041">
        <ele>27.3</ele>
      </trkpt>
      <trkpt lat="39.92995" lon="3.13032">
        <ele>28.0</ele>
      </trkpt>
      <trkpt lat="39.93005" lon="3.13023">
        <ele>28.8</ele>
      </trkpt>
      <trkpt lat="39.93054" lon="3.12984">
        <ele>32.8</ele>
      </trkpt>
      <trkpt lat="39.93104" lon="3.12946">
        <ele>38.9</ele>
      </trkpt>
      <trkpt lat="39.93132" lon="3.12926">
        <ele>43.3</ele>
      </trkpt>
      <trkpt lat="39.9314" lon="3.12926">
        <ele>43.9</ele>
      </trkpt>
      <trkpt lat="39.93148" lon="3.12928">
        <ele>44.2</ele>
      </trkpt>
      <trkpt lat="39.9319" lon="3.12953">
        <ele>48.0</ele>
      </trkpt>
      <trkpt lat="39.93195" lon="3.12958">
        <ele>48.4</ele>
      </trkpt>
      <trkpt lat="39.93227" lon="3.1299">
        <ele>49.0</ele>
      </trkpt>
      <trkpt lat="39.93248" lon="3.13012">
        <ele>50.5</ele>
      </trkpt>
      <trkpt lat="39.93287" lon="3.13067">
        <ele>55.8</ele>
      </trkpt>
      <trkpt lat="39.93295" lon="3.13077">
        <ele>55.7</ele>
      </trkpt>
      <trkpt lat="39.93298" lon="3.13079">
        <ele>55.8</ele>
      </trkpt>
      <trkpt lat="39.93303" lon="3.13081">
        <ele>56.1</ele>
      </trkpt>
      <trkpt lat="39.93305" lon="3.13081">
        <ele>56.3</ele>
      </trkpt>
      <trkpt lat="39.93309" lon="3.13078">
        <ele>57.3</ele>
      </trkpt>
      <trkpt lat="39.93312" lon="3.13073">
        <ele>58.5</ele>
      </trkpt>
      <trkpt lat="39.93312" lon="3.1307">
        <ele>59.0</ele>
      </trkpt>
      <trkpt lat="39.93312" lon="3.13067">
        <ele>59.5</ele>
      </trkpt>
      <trkpt lat="39.93311" lon="3.13064">
        <ele>59.9</ele>
      </trkpt>
      <trkpt lat="39.93297" lon="3.13052">
        <ele>59.3</ele>
      </trkpt>
      <trkpt lat="39.93292" lon="3.13046">
        <ele>59.1</ele>
      </trkpt>
      <trkpt lat="39.93285" lon="3.13036">
        <ele>58.6</ele>
      </trkpt>
      <trkpt lat="39.93277" lon="3.13018">
        <ele>58.3</ele>
      </trkpt>
      <trkpt lat="39.9325" lon="3.12952">
        <ele>63.1</ele>
      </trkpt>
      <trkpt lat="39.93218" lon="3.12895">
        <ele>64.0</ele>
      </trkpt>
      <trkpt lat="39.93215" lon="3.12886">
        <ele>63.8</ele>
      </trkpt>
      <trkpt lat="39.93214" lon="3.12878">
        <ele>64.1</ele>
      </trkpt>
      <trkpt lat="39.93215" lon="3.12873">
        <ele>64.7</ele>
      </trkpt>
      <trkpt lat="39.93229" lon="3.12793">
        <ele>70.9</ele>
      </trkpt>
      <trkpt lat="39.93232" lon="3.12781">
        <ele>71.3</ele>
      </trkpt>
      <trkpt lat="39.93239" lon="3.12766">
        <ele>72.7</ele>
      </trkpt>
      <trkpt lat="39.9326" lon="3.12733">
        <ele>77.6</ele>
      </trkpt>
      <trkpt lat="39.93266" lon="3.12725">
        <ele>79.2</ele>
      </trkpt>
      <trkpt lat="39.93299" lon="3.12688">
        <ele>86.6</ele>
      </trkpt>
      <trkpt lat="39.93309" lon="3.12673">
        <ele>87.6</ele>
      </trkpt>
      <trkpt lat="39.9335" lon="3.12598">
        <ele>82.9</ele>
      </trkpt>
      <trkpt lat="39.93361" lon="3.12573">
        <ele>73.7</ele>
      </trkpt>
      <trkpt lat="39.93363" lon="3.12563">
        <ele>70.2</ele>
      </trkpt>
      <trkpt lat="39.93363" lon="3.12554">
        <ele>67.5</ele>
      </trkpt>
      <trkpt lat="39.93363" lon="3.1255">
        <ele>66.3</ele>
      </trkpt>
      <trkpt lat="39.9336" lon="3.12543">
        <ele>65.5</ele>
      </trkpt>
      <trkpt lat="39.93357" lon="3.12537">
        <ele>65.1</ele>
      </trkpt>
      <trkpt lat="39.93348" lon="3.1253">
        <ele>67.5</ele>
      </trkpt>
      <trkpt lat="39.93339" lon="3.12526">
        <ele>70.9</ele>
      </trkpt>
      <trkpt lat="39.9333" lon="3.12525">
        <ele>74.2</ele>
      </trkpt>
      <trkpt lat="39.9327" lon="3.12523">
        <ele>88.0</ele>
      </trkpt>
      <trkpt lat="39.93247" lon="3.12519">
        <ele>93.3</ele>
      </trkpt>
      <trkpt lat="39.9324" lon="3.12516">
        <ele>92.9</ele>
      </trkpt>
      <trkpt lat="39.93227" lon="3.12509">
        <ele>92.6</ele>
      </trkpt>
      <trkpt lat="39.93222" lon="3.12504">
        <ele>93.0</ele>
      </trkpt>
      <trkpt lat="39.93218" lon="3.125">
        <ele>93.2</ele>
      </trkpt>
      <trkpt lat="39.93208" lon="3.1248">
        <ele>93.7</ele>
      </trkpt>
      <trkpt lat="39.93198" lon="3.12446">
        <ele>96.8</ele>
      </trkpt>
      <trkpt lat="39.93177" lon="3.12333">
        <ele>105.8</ele>
      </trkpt>
      <trkpt lat="39.93173" lon="3.12324">
        <ele>106.2</ele>
      </trkpt>
      <trkpt lat="39.93168" lon="3.12316">
        <ele>107.9</ele>
      </trkpt>
      <trkpt lat="39.93161" lon="3.12309">
        <ele>108.8</ele>
      </trkpt>
      <trkpt lat="39.93158" lon="3.12307">
        <ele>109.1</ele>
      </trkpt>
      <trkpt lat="39.93146" lon="3.12305">
        <ele>111.6</ele>
      </trkpt>
      <trkpt lat="39.93142" lon="3.12305">
        <ele>112.5</ele>
      </trkpt>
      <trkpt lat="39.93112" lon="3.12315">
        <ele>118.3</ele>
      </trkpt>
      <trkpt lat="39.93109" lon="3.12315">
        <ele>118.9</ele>
      </trkpt>
      <trkpt lat="39.931" lon="3.12314">
        <ele>120.6</ele>
      </trkpt>
      <trkpt lat="39.93081" lon="3.12308">
        <ele>126.0</ele>
      </trkpt>
      <trkpt lat="39.93075" lon="3.12309">
        <ele>128.2</ele>
      </trkpt>
      <trkpt lat="39.9307" lon="3.12313">
        <ele>129.4</ele>
      </trkpt>
      <trkpt lat="39.93064" lon="3.12321">
        <ele>130.1</ele>
      </trkpt>
      <trkpt lat="39.93062" lon="3.12325">
        <ele>130.0</ele>
      </trkpt>
      <trkpt lat="39.93054" lon="3.12355">
        <ele>129.7</ele>
      </trkpt>
      <trkpt lat="39.93039" lon="3.12417">
        <ele>133.1</ele>
      </trkpt>
      <trkpt lat="39.93038" lon="3.12425">
        <ele>133.3</ele>
      </trkpt>
      <trkpt lat="39.93039" lon="3.12462">
        <ele>131.0</ele>
      </trkpt>
      <trkpt lat="39.93039" lon="3.12467">
        <ele>130.7</ele>
      </trkpt>
      <trkpt lat="39.93036" lon="3.12473">
        <ele>132.3</ele>
      </trkpt>
      <trkpt lat="39.93032" lon="3.12475">
        <ele>134.8</ele>
      </trkpt>
      <trkpt lat="39.93028" lon="3.12474">
        <ele>137.3</ele>
      </trkpt>
      <trkpt lat="39.93025" lon="3.12468">
        <ele>139.5</ele>
      </trkpt>
      <trkpt lat="39.93023" lon="3.12459">
        <ele>141.1</ele>
      </trkpt>
      <trkpt lat="39.93023" lon="3.12445">
        <ele>141.7</ele>
      </trkpt>
      <trkpt lat="39.93028" lon="3.12399">
        <ele>140.5</ele>
      </trkpt>
      <trkpt lat="39.9303" lon="3.1238">
        <ele>140.1</ele>
      </trkpt>
      <trkpt lat="39.93029" lon="3.12355">
        <ele>141.6</ele>
      </trkpt>
      <trkpt lat="39.93027" lon="3.12309">
        <ele>147.8</ele>
      </trkpt>
      <trkpt lat="39.93027" lon="3.12301">
        <ele>149.2</ele>
      </trkpt>
      <trkpt lat="39.9303" lon="3.12288">
        <ele>150.5</ele>
      </trkpt>
      <trkpt lat="39.93032" lon="3.12283">
        <ele>150.6</ele>
      </trkpt>
      <trkpt lat="39.93035" lon="3.12277">
        <ele>150.6</ele>
      </trkpt>
      <trkpt lat="39.93071" lon="3.12237">
        <ele>143.9</ele>
      </trkpt>
      <trkpt lat="39.93077" lon="3.12231">
        <ele>141.8</ele>
      </trkpt>
      <trkpt lat="39.93105" lon="3.12217">
        <ele>124.0</ele>
      </trkpt>
      <trkpt lat="39.93109" lon="3.12211">
        <ele>120.3</ele>
      </trkpt>
      <trkpt lat="39.9311" lon="3.12208">
        <ele>119.1</ele>
      </trkpt>
      <trkpt lat="39.93111" lon="3.12199">
        <ele>116.9</ele>
      </trkpt>
      <trkpt lat="39.93108" lon="3.12191">
        <ele>118.2</ele>
      </trkpt>
      <trkpt lat="39.93106" lon="3.12189">
        <ele>119.7</ele>
      </trkpt>
      <trkpt lat="39.93091" lon="3.12176">
        <ele>132.5</ele>
      </trkpt>
      <trkpt lat="39.93076" lon="3.1217">
        <ele>144.4</ele>
      </trkpt>
      <trkpt lat="39.93069" lon="3.12166">
        <ele>148.7</ele>
      </trkpt>
      <trkpt lat="39.93061" lon="3.12156">
        <ele>152.9</ele>
      </trkpt>
      <trkpt lat="39.93059" lon="3.12152">
        <ele>153.9</ele>
      </trkpt>
      <trkpt lat="39.93057" lon="3.12136">
        <ele>154.4</ele>
      </trkpt>
      <trkpt lat="39.93056" lon="3.12126">
        <ele>154.7</ele>
      </trkpt>
      <trkpt lat="39.93059" lon="3.12118">
        <ele>151.7</ele>
      </trkpt>
      <trkpt lat="39.93064" lon="3.12108">
        <ele>146.6</ele>
      </trkpt>
      <trkpt lat="39.93066" lon="3.12103">
        <ele>144.4</ele>
      </trkpt>
      <trkpt lat="39.93067" lon="3.12094">
        <ele>142.5</ele>
      </trkpt>
      <trkpt lat="39.93067" lon="3.12083">
        <ele>141.4</ele>
      </trkpt>
      <trkpt lat="39.93065" lon="3.12067">
        <ele>143.1</ele>
      </trkpt>
      <trkpt lat="39.93052" lon="3.1203">
        <ele>163.2</ele>
      </trkpt>
      <trkpt lat="39.93048" lon="3.11998">
        <ele>174.9</ele>
      </trkpt>
      <trkpt lat="39.93037" lon="3.11967">
        <ele>198.6</ele>
      </trkpt>
      <trkpt lat="39.93036" lon="3.11961">
        <ele>200.8</ele>
      </trkpt>
      <trkpt lat="39.93037" lon="3.11936">
        <ele>201.0</ele>
      </trkpt>
      <trkpt lat="39.93036" lon="3.119">
        <ele>200.0</ele>
      </trkpt>
      <trkpt lat="39.93033" lon="3.11853">
        <ele>192.1</ele>
      </trkpt>
      <trkpt lat="39.93033" lon="3.11834">
        <ele>187.1</ele>
      </trkpt>
      <trkpt lat="39.93037" lon="3.11818">
        <ele>182.6</ele>
      </trkpt>
      <trkpt lat="39.93049" lon="3.11789">
        <ele>171.4</ele>
      </trkpt>
      <trkpt lat="39.93055" lon="3.11764">
        <ele>166.9</ele>
      </trkpt>
      <trkpt lat="39.93065" lon="3.11705">
        <ele>160.6</ele>
      </trkpt>
      <trkpt lat="39.93065" lon="3.11689">
        <ele>161.0</ele>
      </trkpt>
      <trkpt lat="39.93063" lon="3.11674">
        <ele>162.7</ele>
      </trkpt>
      <trkpt lat="39.93045" lon="3.11621">
        <ele>172.2</ele>
      </trkpt>
      <trkpt lat="39.93043" lon="3.11613">
        <ele>173.0</ele>
      </trkpt>
      <trkpt lat="39.93042" lon="3.11606">
        <ele>173.3</ele>
      </trkpt>
      <trkpt lat="39.93042" lon="3.11589">
        <ele>172.1</ele>
      </trkpt>
      <trkpt lat="39.93044" lon="3.11562">
        <ele>165.9</ele>
      </trkpt>
      <trkpt lat="39.93042" lon="3.11551">
        <ele>164.8</ele>
      </trkpt>
      <trkpt lat="39.9304" lon="3.11546">
        <ele>164.9</ele>
      </trkpt>
      <trkpt lat="39.93018" lon="3.11511">
        <ele>168.9</ele>
      </trkpt>
      <trkpt lat="39.93011" lon="3.11503">
        <ele>170.3</ele>
      </trkpt>
      <trkpt lat="39.92988" lon="3.1148">
        <ele>177.8</ele>
      </trkpt>
      <trkpt lat="39.9296" lon="3.11459">
        <ele>189.7</ele>
      </trkpt>
      <trkpt lat="39.92954" lon="3.11452">
        <ele>191.6</ele>
      </trkpt>
      <trkpt lat="39.92952" lon="3.11447">
        <ele>191.6</ele>
      </trkpt>
      <trkpt lat="39.92951" lon="3.11441">
        <ele>190.8</ele>
      </trkpt>
      <trkpt lat="39.92953" lon="3.11423">
        <ele>185.5</ele>
      </trkpt>
      <trkpt lat="39.92952" lon="3.11416">
        <ele>184.6</ele>
      </trkpt>
      <trkpt lat="39.92938" lon="3.11373">
        <ele>190.0</ele>
      </trkpt>
      <trkpt lat="39.92937" lon="3.11366">
        <ele>190.0</ele>
      </trkpt>
      <trkpt lat="39.92938" lon="3.11354">
        <ele>188.8</ele>
      </trkpt>
      <trkpt lat="39.9294" lon="3.11337">
        <ele>187.0</ele>
      </trkpt>
      <trkpt lat="39.92941" lon="3.11327">
        <ele>186.9</ele>
      </trkpt>
      <trkpt lat="39.92936" lon="3.11258">
        <ele>193.4</ele>
      </trkpt>
      <trkpt lat="39.92931" lon="3.11188">
        <ele>197.9</ele>
      </trkpt>
      <trkpt lat="39.92929" lon="3.11181">
        <ele>198.3</ele>
      </trkpt>
      <trkpt lat="39.92925" lon="3.11177">
        <ele>198.6</ele>
      </trkpt>
      <trkpt lat="39.9292" lon="3.11176">
        <ele>198.7</ele>
      </trkpt>
      <trkpt lat="39.92916" lon="3.11178">
        <ele>198.9</ele>
      </trkpt>
      <trkpt lat="39.92912" lon="3.11184">
        <ele>200.1</ele>
      </trkpt>
      <trkpt lat="39.9291" lon="3.11191">
        <ele>200.7</ele>
      </trkpt>
      <trkpt lat="39.92909" lon="3.11195">
        <ele>201.0</ele>
      </trkpt>
      <trkpt lat="39.92914" lon="3.11247">
        <ele>198.3</ele>
      </trkpt>
      <trkpt lat="39.92922" lon="3.11292">
        <ele>195.0</ele>
      </trkpt>
      <trkpt lat="39.92921" lon="3.11298">
        <ele>195.1</ele>
      </trkpt>
      <trkpt lat="39.92918" lon="3.11301">
        <ele>196.0</ele>
      </trkpt>
      <trkpt lat="39.92914" lon="3.11301">
        <ele>198.0</ele>
      </trkpt>
      <trkpt lat="39.92911" lon="3.11299">
        <ele>199.8</ele>
      </trkpt>
      <trkpt lat="39.9291" lon="3.11297">
        <ele>200.4</ele>
      </trkpt>
      <trkpt lat="39.92894" lon="3.11226">
        <ele>207.2</ele>
      </trkpt>
      <trkpt lat="39.92879" lon="3.11183">
        <ele>210.9</ele>
      </trkpt>
      <trkpt lat="39.9287" lon="3.11139">
        <ele>211.7</ele>
      </trkpt>
      <trkpt lat="39.92869" lon="3.11128">
        <ele>211.7</ele>
      </trkpt>
      <trkpt lat="39.9287" lon="3.1112">
        <ele>211.3</ele>
      </trkpt>
      <trkpt lat="39.92873" lon="3.11113">
        <ele>210.7</ele>
      </trkpt>
      <trkpt lat="39.92887" lon="3.11086">
        <ele>209.1</ele>
      </trkpt>
      <trkpt lat="39.92889" lon="3.11077">
        <ele>208.1</ele>
      </trkpt>
      <trkpt lat="39.92888" lon="3.11069">
        <ele>207.1</ele>
      </trkpt>
      <trkpt lat="39.92878" lon="3.11048">
        <ele>205.1</ele>
      </trkpt>
      <trkpt lat="39.92845" lon="3.1106">
        <ele>209.5</ele>
      </trkpt>
      <trkpt lat="39.92775" lon="3.11066">
        <ele>215.4</ele>
      </trkpt>
      <trkpt lat="39.92704" lon="3.11073">
        <ele>225.1</ele>
      </trkpt>
      <trkpt lat="39.92693" lon="3.11072">
        <ele>226.2</ele>
      </trkpt>
      <trkpt lat="39.9266" lon="3.11058">
        <ele>225.3</ele>
      </trkpt>
      <trkpt lat="39.92611" lon="3.11041">
        <ele>227.2</ele>
      </trkpt>
      <trkpt lat="39.92609" lon="3.11041">
        <ele>227.6</ele>
      </trkpt>
      <trkpt lat="39.92607" lon="3.11042">
        <ele>228.4</ele>
      </trkpt>
      <trkpt lat="39.92604" lon="3.11046">
        <ele>230.9</ele>
      </trkpt>
      <trkpt lat="39.92604" lon="3.11053">
        <ele>234.3</ele>
      </trkpt>
      <trkpt lat="39.92605" lon="3.11056">
        <ele>235.6</ele>
      </trkpt>
      <trkpt lat="39.92607" lon="3.11058">
        <ele>236.1</ele>
      </trkpt>
      <trkpt lat="39.92609" lon="3.1106">
        <ele>236.7</ele>
      </trkpt>
      <trkpt lat="39.92633" lon="3.11067">
        <ele>234.8</ele>
      </trkpt>
      <trkpt lat="39.92649" lon="3.11076">
        <ele>235.2</ele>
      </trkpt>
      <trkpt lat="39.92677" lon="3.11094">
        <ele>238.2</ele>
      </trkpt>
      <trkpt lat="39.92725" lon="3.11125">
        <ele>242.8</ele>
      </trkpt>
      <trkpt lat="39.92788" lon="3.11184">
        <ele>244.2</ele>
      </trkpt>
      <trkpt lat="39.92794" lon="3.11194">
        <ele>245.0</ele>
      </trkpt>
      <trkpt lat="39.928" lon="3.11206">
        <ele>245.9</ele>
      </trkpt>
      <trkpt lat="39.92811" lon="3.11243">
        <ele>249.9</ele>
      </trkpt>
      <trkpt lat="39.92816" lon="3.11266">
        <ele>252.2</ele>
      </trkpt>
      <trkpt lat="39.92817" lon="3.11271">
        <ele>252.6</ele>
      </trkpt>
      <trkpt lat="39.92816" lon="3.11277">
        <ele>254.8</ele>
      </trkpt>
      <trkpt lat="39.92814" lon="3.1128">
        <ele>256.9</ele>
      </trkpt>
      <trkpt lat="39.9281" lon="3.11282">
        <ele>260.4</ele>
      </trkpt>
      <trkpt lat="39.92806" lon="3.11282">
        <ele>263.3</ele>
      </trkpt>
      <trkpt lat="39.92802" lon="3.11279">
        <ele>265.5</ele>
      </trkpt>
      <trkpt lat="39.928" lon="3.11275">
        <ele>265.8</ele>
      </trkpt>
      <trkpt lat="39.92784" lon="3.11226">
        <ele>260.9</ele>
      </trkpt>
      <trkpt lat="39.9278" lon="3.1122">
        <ele>260.9</ele>
      </trkpt>
      <trkpt lat="39.92776" lon="3.11215">
        <ele>261.2</ele>
      </trkpt>
      <trkpt lat="39.92767" lon="3.11207">
        <ele>262.5</ele>
      </trkpt>
      <trkpt lat="39.92733" lon="3.11185">
        <ele>266.0</ele>
      </trkpt>
      <trkpt lat="39.92711" lon="3.11169">
        <ele>266.1</ele>
      </trkpt>
      <trkpt lat="39.92702" lon="3.11159">
        <ele>264.7</ele>
      </trkpt>
      <trkpt lat="39.92696" lon="3.11156">
        <ele>265.2</ele>
      </trkpt>
      <trkpt lat="39.92672" lon="3.11146">
        <ele>267.7</ele>
      </trkpt>
      <trkpt lat="39.92647" lon="3.11138">
        <ele>268.6</ele>
      </trkpt>
      <trkpt lat="39.92616" lon="3.11117">
        <ele>263.7</ele>
      </trkpt>
      <trkpt lat="39.92611" lon="3.11117">
        <ele>264.7</ele>
      </trkpt>
      <trkpt lat="39.92604" lon="3.1112">
        <ele>267.7</ele>
      </trkpt>
      <trkpt lat="39.92595" lon="3.11121">
        <ele>270.1</ele>
      </trkpt>
      <trkpt lat="39.92545" lon="3.1111">
        <ele>275.6</ele>
      </trkpt>
      <trkpt lat="39.92541" lon="3.11108">
        <ele>275.8</ele>
      </trkpt>
      <trkpt lat="39.92534" lon="3.11101">
        <ele>275.5</ele>
      </trkpt>
      <trkpt lat="39.92524" lon="3.11084">
        <ele>274.1</ele>
      </trkpt>
      <trkpt lat="39.92517" lon="3.11076">
        <ele>273.0</ele>
      </trkpt>
      <trkpt lat="39.92464" lon="3.1103">
        <ele>269.8</ele>
      </trkpt>
      <trkpt lat="39.92452" lon="3.11023">
        <ele>272.0</ele>
      </trkpt>
      <trkpt lat="39.92434" lon="3.11012">
        <ele>276.7</ele>
      </trkpt>
      <trkpt lat="39.92427" lon="3.11011">
        <ele>279.3</ele>
      </trkpt>
      <trkpt lat="39.9242" lon="3.11012">
        <ele>282.1</ele>
      </trkpt>
      <trkpt lat="39.92414" lon="3.11017">
        <ele>283.4</ele>
      </trkpt>
      <trkpt lat="39.92411" lon="3.1102">
        <ele>283.2</ele>
      </trkpt>
      <trkpt lat="39.92409" lon="3.11026">
        <ele>283.1</ele>
      </trkpt>
      <trkpt lat="39.92408" lon="3.11032">
        <ele>283.1</ele>
      </trkpt>
      <trkpt lat="39.92408" lon="3.11045">
        <ele>283.3</ele>
      </trkpt>
      <trkpt lat="39.92412" lon="3.11074">
        <ele>284.7</ele>
      </trkpt>
      <trkpt lat="39.92415" lon="3.11084">
        <ele>285.6</ele>
      </trkpt>
      <trkpt lat="39.92418" lon="3.11093">
        <ele>285.3</ele>
      </trkpt>
      <trkpt lat="39.92432" lon="3.11125">
        <ele>283.8</ele>
      </trkpt>
      <trkpt lat="39.92435" lon="3.11132">
        <ele>283.8</ele>
      </trkpt>
      <trkpt lat="39.92442" lon="3.11142">
        <ele>284.2</ele>
      </trkpt>
      <trkpt lat="39.9245" lon="3.11148">
        <ele>285.0</ele>
      </trkpt>
      <trkpt lat="39.92456" lon="3.11151">
        <ele>285.8</ele>
      </trkpt>
      <trkpt lat="39.92501" lon="3.11159">
        <ele>292.0</ele>
      </trkpt>
      <trkpt lat="39.92535" lon="3.11172">
        <ele>293.7</ele>
      </trkpt>
      <trkpt lat="39.92549" lon="3.11181">
        <ele>294.3</ele>
      </trkpt>
      <trkpt lat="39.9256" lon="3.11192">
        <ele>295.3</ele>
      </trkpt>
      <trkpt lat="39.92568" lon="3.11205">
        <ele>296.8</ele>
      </trkpt>
      <trkpt lat="39.92605" lon="3.1128">
        <ele>306.7</ele>
      </trkpt>
      <trkpt lat="39.92612" lon="3.11296">
        <ele>308.4</ele>
      </trkpt>
      <trkpt lat="39.92619" lon="3.1132">
        <ele>310.7</ele>
      </trkpt>
      <trkpt lat="39.92626" lon="3.1135">
        <ele>313.6</ele>
      </trkpt>
      <trkpt lat="39.92632" lon="3.11381">
        <ele>316.2</ele>
      </trkpt>
      <trkpt lat="39.92641" lon="3.11461">
        <ele>320.8</ele>
      </trkpt>
      <trkpt lat="39.92656" lon="3.11552">
        <ele>324.3</ele>
      </trkpt>
      <trkpt lat="39.92658" lon="3.1156">
        <ele>324.6</ele>
      </trkpt>
      <trkpt lat="39.92663" lon="3.11572">
        <ele>325.5</ele>
      </trkpt>
      <trkpt lat="39.92669" lon="3.11581">
        <ele>326.5</ele>
      </trkpt>
      <trkpt lat="39.92674" lon="3.11585">
        <ele>327.0</ele>
      </trkpt>
      <trkpt lat="39.92714" lon="3.11606">
        <ele>331.7</ele>
      </trkpt>
      <trkpt lat="39.92722" lon="3.11612">
        <ele>332.7</ele>
      </trkpt>
      <trkpt lat="39.92733" lon="3.11622">
        <ele>334.2</ele>
      </trkpt>
      <trkpt lat="39.92737" lon="3.11628">
        <ele>334.6</ele>
      </trkpt>
      <trkpt lat="39.92743" lon="3.11637">
        <ele>335.3</ele>
      </trkpt>
      <trkpt lat="39.92749" lon="3.11653">
        <ele>335.7</ele>
      </trkpt>
      <trkpt lat="39.92756" lon="3.11679">
        <ele>335.3</ele>
      </trkpt>
      <trkpt lat="39.92766" lon="3.11724">
        <ele>335.3</ele>
      </trkpt>
      <trkpt lat="39.92778" lon="3.11751">
        <ele>338.2</ele>
      </trkpt>
      <trkpt lat="39.92781" lon="3.11757">
        <ele>337.7</ele>
      </trkpt>
      <trkpt lat="39.92785" lon="3.11762">
        <ele>337.9</ele>
      </trkpt>
      <trkpt lat="39.9282" lon="3.11795">
        <ele>343.4</ele>
      </trkpt>
      <trkpt lat="39.92848" lon="3.11821">
        <ele>343.9</ele>
      </trkpt>
      <trkpt lat="39.92885" lon="3.11851">
        <ele>342.7</ele>
      </trkpt>
      <trkpt lat="39.92914" lon="3.1187">
        <ele>343.8</ele>
      </trkpt>
      <trkpt lat="39.92919" lon="3.1187">
        <ele>341.3</ele>
      </trkpt>
      <trkpt lat="39.92922" lon="3.11868">
        <ele>337.7</ele>
      </trkpt>
      <trkpt lat="39.92923" lon="3.11866">
        <ele>336.7</ele>
      </trkpt>
      <trkpt lat="39.92924" lon="3.11861">
        <ele>335.9</ele>
      </trkpt>
      <trkpt lat="39.92922" lon="3.11854">
        <ele>339.3</ele>
      </trkpt>
      <trkpt lat="39.929" lon="3.11836">
        <ele>347.5</ele>
      </trkpt>
      <trkpt lat="39.92893" lon="3.11828">
        <ele>347.3</ele>
      </trkpt>
      <trkpt lat="39.92877" lon="3.11806">
        <ele>347.3</ele>
      </trkpt>
      <trkpt lat="39.92846" lon="3.11754">
        <ele>356.1</ele>
      </trkpt>
      <trkpt lat="39.92849" lon="3.11748">
        <ele>356.1</ele>
      </trkpt>
      <trkpt lat="39.92851" lon="3.11746">
        <ele>355.4</ele>
      </trkpt>
      <trkpt lat="39.92858" lon="3.11747">
        <ele>354.3</ele>
      </trkpt>
      <trkpt lat="39.92862" lon="3.11745">
        <ele>353.2</ele>
      </trkpt>
      <trkpt lat="39.92862" lon="3.11742">
        <ele>352.7</ele>
      </trkpt>
      <trkpt lat="39.92866" lon="3.11739">
        <ele>351.2</ele>
      </trkpt>
      <trkpt lat="39.92864" lon="3.11735">
        <ele>350.9</ele>
      </trkpt>
      <trkpt lat="39.92863" lon="3.11731">
        <ele>350.3</ele>
      </trkpt>
      <trkpt lat="39.92865" lon="3.11729">
        <ele>349.4</ele>
      </trkpt>
      <trkpt lat="39.92868" lon="3.1173">
        <ele>348.9</ele>
      </trkpt>
      <trkpt lat="39.92868" lon="3.1173">
        <ele>348.9</ele>
      </trkpt>
      <trkpt lat="39.92865" lon="3.11729">
        <ele>349.4</ele>
      </trkpt>
      <trkpt lat="39.92863" lon="3.11731">
        <ele>350.3</ele>
      </trkpt>
      <trkpt lat="39.92864" lon="3.11735">
        <ele>350.9</ele>
      </trkpt>
      <trkpt lat="39.92866" lon="3.11739">
        <ele>351.2</ele>
      </trkpt>
      <trkpt lat="39.92862" lon="3.11742">
        <ele>352.7</ele>
      </trkpt>
      <trkpt lat="39.92862" lon="3.11745">
        <ele>353.2</ele>
      </trkpt>
      <trkpt lat="39.92858" lon="3.11747">
        <ele>354.3</ele>
      </trkpt>
      <trkpt lat="39.92851" lon="3.11746">
        <ele>355.4</ele>
      </trkpt>
      <trkpt lat="39.92849" lon="3.11748">
        <ele>356.1</ele>
      </trkpt>
      <trkpt lat="39.92846" lon="3.11754">
        <ele>356.1</ele>
      </trkpt>
      <trkpt lat="39.92877" lon="3.11806">
        <ele>347.3</ele>
      </trkpt>
      <trkpt lat="39.92893" lon="3.11828">
        <ele>347.3</ele>
      </trkpt>
      <trkpt lat="39.929" lon="3.11836">
        <ele>347.5</ele>
      </trkpt>
      <trkpt lat="39.92922" lon="3.11854">
        <ele>339.3</ele>
      </trkpt>
      <trkpt lat="39.92924" lon="3.11861">
        <ele>335.9</ele>
      </trkpt>
      <trkpt lat="39.92923" lon="3.11866">
        <ele>336.7</ele>
      </trkpt>
      <trkpt lat="39.92922" lon="3.11868">
        <ele>337.7</ele>
      </trkpt>
      <trkpt lat="39.92919" lon="3.1187">
        <ele>341.3</ele>
      </trkpt>
      <trkpt lat="39.92914" lon="3.1187">
        <ele>343.8</ele>
      </trkpt>
      <trkpt lat="39.92885" lon="3.11851">
        <ele>342.7</ele>
      </trkpt>
      <trkpt lat="39.92848" lon="3.11821">
        <ele>343.9</ele>
      </trkpt>
      <trkpt lat="39.9282" lon="3.11795">
        <ele>343.4</ele>
      </trkpt>
      <trkpt lat="39.92785" lon="3.11762">
        <ele>337.9</ele>
      </trkpt>
      <trkpt lat="39.92781" lon="3.11757">
        <ele>337.7</ele>
      </trkpt>
      <trkpt lat="39.92778" lon="3.11751">
        <ele>338.2</ele>
      </trkpt>
      <trkpt lat="39.92766" lon="3.11724">
        <ele>335.3</ele>
      </trkpt>
      <trkpt lat="39.92756" lon="3.11679">
        <ele>335.3</ele>
      </trkpt>
      <trkpt lat="39.92749" lon="3.11653">
        <ele>335.7</ele>
      </trkpt>
      <trkpt lat="39.92743" lon="3.11637">
        <ele>335.3</ele>
      </trkpt>
      <trkpt lat="39.92737" lon="3.11628">
        <ele>334.6</ele>
      </trkpt>
      <trkpt lat="39.92733" lon="3.11622">
        <ele>334.2</ele>
      </trkpt>
      <trkpt lat="39.92722" lon="3.11612">
        <ele>332.7</ele>
      </trkpt>
      <trkpt lat="39.92714" lon="3.11606">
        <ele>331.7</ele>
      </trkpt>
      <trkpt lat="39.92674" lon="3.11585">
        <ele>327.0</ele>
      </trkpt>
      <trkpt lat="39.92669" lon="3.11581">
        <ele>326.5</ele>
      </trkpt>
      <trkpt lat="39.92663" lon="3.11572">
        <ele>325.5</ele>
      </trkpt>
      <trkpt lat="39.92658" lon="3.1156">
        <ele>324.6</ele>
      </trkpt>
      <trkpt lat="39.92656" lon="3.11552">
        <ele>324.3</ele>
      </trkpt>
      <trkpt lat="39.92641" lon="3.11461">
        <ele>320.8</ele>
      </trkpt>
      <trkpt lat="39.92632" lon="3.11381">
        <ele>316.2</ele>
      </trkpt>
      <trkpt lat="39.92626" lon="3.1135">
        <ele>313.6</ele>
      </trkpt>
      <trkpt lat="39.92619" lon="3.1132">
        <ele>310.7</ele>
      </trkpt>
      <trkpt lat="39.92612" lon="3.11296">
        <ele>308.4</ele>
      </trkpt>
      <trkpt lat="39.92605" lon="3.1128">
        <ele>306.7</ele>
      </trkpt>
      <trkpt lat="39.92568" lon="3.11205">
        <ele>296.8</ele>
      </trkpt>
      <trkpt lat="39.9256" lon="3.11192">
        <ele>295.3</ele>
      </trkpt>
      <trkpt lat="39.92549" lon="3.11181">
        <ele>294.3</ele>
      </trkpt>
      <trkpt lat="39.92535" lon="3.11172">
        <ele>293.7</ele>
      </trkpt>
      <trkpt lat="39.92501" lon="3.11159">
        <ele>292.0</ele>
      </trkpt>
      <trkpt lat="39.92456" lon="3.11151">
        <ele>285.8</ele>
      </trkpt>
      <trkpt lat="39.9245" lon="3.11148">
        <ele>285.0</ele>
      </trkpt>
      <trkpt lat="39.92442" lon="3.11142">
        <ele>284.2</ele>
      </trkpt>
      <trkpt lat="39.92435" lon="3.11132">
        <ele>283.8</ele>
      </trkpt>
      <trkpt lat="39.92432" lon="3.11125">
        <ele>283.8</ele>
      </trkpt>
      <trkpt lat="39.92418" lon="3.11093">
        <ele>285.3</ele>
      </trkpt>
      <trkpt lat="39.92415" lon="3.11084">
        <ele>285.6</ele>
      </trkpt>
      <trkpt lat="39.92412" lon="3.11074">
        <ele>284.7</ele>
      </trkpt>
      <trkpt lat="39.92408" lon="3.11045">
        <ele>283.3</ele>
      </trkpt>
      <trkpt lat="39.92408" lon="3.11032">
        <ele>283.1</ele>
      </trkpt>
      <trkpt lat="39.92409" lon="3.11026">
        <ele>283.1</ele>
      </trkpt>
      <trkpt lat="39.92411" lon="3.1102">
        <ele>283.2</ele>
      </trkpt>
      <trkpt lat="39.92414" lon="3.11017">
        <ele>283.4</ele>
      </trkpt>
      <trkpt lat="39.9242" lon="3.11012">
        <ele>282.1</ele>
      </trkpt>
      <trkpt lat="39.92427" lon="3.11011">
        <ele>279.3</ele>
      </trkpt>
      <trkpt lat="39.92434" lon="3.11012">
        <ele>276.7</ele>
      </trkpt>
      <trkpt lat="39.92452" lon="3.11023">
        <ele>272.0</ele>
      </trkpt>
      <trkpt lat="39.92464" lon="3.1103">
        <ele>269.8</ele>
      </trkpt>
      <trkpt lat="39.92517" lon="3.11076">
        <ele>273.0</ele>
      </trkpt>
      <trkpt lat="39.92524" lon="3.11084">
        <ele>274.1</ele>
      </trkpt>
      <trkpt lat="39.92534" lon="3.11101">
        <ele>275.5</ele>
      </trkpt>
      <trkpt lat="39.92541" lon="3.11108">
        <ele>275.8</ele>
      </trkpt>
      <trkpt lat="39.92545" lon="3.1111">
        <ele>275.6</ele>
      </trkpt>
      <trkpt lat="39.92595" lon="3.11121">
        <ele>270.1</ele>
      </trkpt>
      <trkpt lat="39.92604" lon="3.1112">
        <ele>267.7</ele>
      </trkpt>
      <trkpt lat="39.92611" lon="3.11117">
        <ele>264.7</ele>
      </trkpt>
      <trkpt lat="39.92616" lon="3.11117">
        <ele>263.7</ele>
      </trkpt>
      <trkpt lat="39.92647" lon="3.11138">
        <ele>268.6</ele>
      </trkpt>
      <trkpt lat="39.92672" lon="3.11146">
        <ele>267.7</ele>
      </trkpt>
      <trkpt lat="39.92696" lon="3.11156">
        <ele>265.2</ele>
      </trkpt>
      <trkpt lat="39.92702" lon="3.11159">
        <ele>264.7</ele>
      </trkpt>
      <trkpt lat="39.92711" lon="3.11169">
        <ele>266.1</ele>
      </trkpt>
      <trkpt lat="39.92733" lon="3.11185">
        <ele>266.0</ele>
      </trkpt>
      <trkpt lat="39.92767" lon="3.11207">
        <ele>262.5</ele>
      </trkpt>
      <trkpt lat="39.92776" lon="3.11215">
        <ele>261.2</ele>
      </trkpt>
      <trkpt lat="39.9278" lon="3.1122">
        <ele>260.9</ele>
      </trkpt>
      <trkpt lat="39.92784" lon="3.11226">
        <ele>260.9</ele>
      </trkpt>
      <trkpt lat="39.928" lon="3.11275">
        <ele>265.8</ele>
      </trkpt>
      <trkpt lat="39.92802" lon="3.11279">
        <ele>265.5</ele>
      </trkpt>
      <trkpt lat="39.92806" lon="3.11282">
        <ele>263.3</ele>
      </trkpt>
      <trkpt lat="39.9281" lon="3.11282">
        <ele>260.4</ele>
      </trkpt>
      <trkpt lat="39.92814" lon="3.1128">
        <ele>256.9</ele>
      </trkpt>
      <trkpt lat="39.92816" lon="3.11277">
        <ele>254.8</ele>
      </trkpt>
      <trkpt lat="39.92817" lon="3.11271">
        <ele>252.6</ele>
      </trkpt>
      <trkpt lat="39.92816" lon="3.11266">
        <ele>252.2</ele>
      </trkpt>
      <trkpt lat="39.92811" lon="3.11243">
        <ele>249.9</ele>
      </trkpt>
      <trkpt lat="39.928" lon="3.11206">
        <ele>245.9</ele>
      </trkpt>
      <trkpt lat="39.92794" lon="3.11194">
        <ele>245.0</ele>
      </trkpt>
      <trkpt lat="39.92788" lon="3.11184">
        <ele>244.2</ele>
      </trkpt>
      <trkpt lat="39.92725" lon="3.11125">
        <ele>242.8</ele>
      </trkpt>
      <trkpt lat="39.92677" lon="3.11094">
        <ele>238.2</ele>
      </trkpt>
      <trkpt lat="39.92649" lon="3.11076">
        <ele>235.2</ele>
      </trkpt>
      <trkpt lat="39.92633" lon="3.11067">
        <ele>234.8</ele>
      </trkpt>
      <trkpt lat="39.92609" lon="3.1106">
        <ele>236.7</ele>
      </trkpt>
      <trkpt lat="39.92607" lon="3.11058">
        <ele>236.1</ele>
      </trkpt>
      <trkpt lat="39.92605" lon="3.11056">
        <ele>235.6</ele>
      </trkpt>
      <trkpt lat="39.92604" lon="3.11053">
        <ele>234.3</ele>
      </trkpt>
      <trkpt lat="39.92604" lon="3.11046">
        <ele>230.9</ele>
      </trkpt>
      <trkpt lat="39.92607" lon="3.11042">
        <ele>228.4</ele>
      </trkpt>
      <trkpt lat="39.92609" lon="3.11041">
        <ele>227.6</ele>
      </trkpt>
      <trkpt lat="39.92611" lon="3.11041">
        <ele>227.2</ele>
      </trkpt>
      <trkpt lat="39.9266" lon="3.11058">
        <ele>225.3</ele>
      </trkpt>
      <trkpt lat="39.92693" lon="3.11072">
        <ele>226.2</ele>
      </trkpt>
      <trkpt lat="39.92704" lon="3.11073">
        <ele>225.1</ele>
      </trkpt>
      <trkpt lat="39.92775" lon="3.11066">
        <ele>215.4</ele>
      </trkpt>
      <trkpt lat="39.92845" lon="3.1106">
        <ele>209.5</ele>
      </trkpt>
      <trkpt lat="39.92878" lon="3.11048">
        <ele>205.1</ele>
      </trkpt>
      <trkpt lat="39.92858" lon="3.1101">
        <ele>202.3</ele>
      </trkpt>
      <trkpt lat="39.92851" lon="3.11005">
        <ele>202.5</ele>
      </trkpt>
      <trkpt lat="39.92843" lon="3.11002">
        <ele>203.1</ele>
      </trkpt>
      <trkpt lat="39.9281" lon="3.11001">
        <ele>202.8</ele>
      </trkpt>
      <trkpt lat="39.92804" lon="3.11">
        <ele>202.2</ele>
      </trkpt>
      <trkpt lat="39.92771" lon="3.10986">
        <ele>199.2</ele>
      </trkpt>
      <trkpt lat="39.92729" lon="3.10966">
        <ele>194.8</ele>
      </trkpt>
      <trkpt lat="39.92717" lon="3.10963">
        <ele>194.0</ele>
      </trkpt>
      <trkpt lat="39.92709" lon="3.10965">
        <ele>194.1</ele>
      </trkpt>
      <trkpt lat="39.92693" lon="3.10974">
        <ele>195.4</ele>
      </trkpt>
      <trkpt lat="39.92687" lon="3.10976">
        <ele>195.7</ele>
      </trkpt>
      <trkpt lat="39.92682" lon="3.10974">
        <ele>195.3</ele>
      </trkpt>
      <trkpt lat="39.92677" lon="3.1097">
        <ele>194.4</ele>
      </trkpt>
      <trkpt lat="39.92658" lon="3.10948">
        <ele>189.8</ele>
      </trkpt>
      <trkpt lat="39.9265" lon="3.10941">
        <ele>188.7</ele>
      </trkpt>
      <trkpt lat="39.92643" lon="3.10937">
        <ele>188.2</ele>
      </trkpt>
      <trkpt lat="39.92633" lon="3.10935">
        <ele>188.3</ele>
      </trkpt>
      <trkpt lat="39.92617" lon="3.10934">
        <ele>189.1</ele>
      </trkpt>
      <trkpt lat="39.926" lon="3.10936">
        <ele>190.7</ele>
      </trkpt>
      <trkpt lat="39.92592" lon="3.10934">
        <ele>190.7</ele>
      </trkpt>
      <trkpt lat="39.92586" lon="3.10929">
        <ele>189.5</ele>
      </trkpt>
      <trkpt lat="39.9258" lon="3.10922">
        <ele>188.4</ele>
      </trkpt>
      <trkpt lat="39.92564" lon="3.10885">
        <ele>180.3</ele>
      </trkpt>
      <trkpt lat="39.92555" lon="3.10868">
        <ele>176.4</ele>
      </trkpt>
      <trkpt lat="39.92546" lon="3.10856">
        <ele>173.8</ele>
      </trkpt>
      <trkpt lat="39.92541" lon="3.10852">
        <ele>173.2</ele>
      </trkpt>
      <trkpt lat="39.92534" lon="3.10849">
        <ele>173.2</ele>
      </trkpt>
      <trkpt lat="39.92524" lon="3.10848">
        <ele>174.4</ele>
      </trkpt>
      <trkpt lat="39.92504" lon="3.10849">
        <ele>177.8</ele>
      </trkpt>
      <trkpt lat="39.92497" lon="3.10846">
        <ele>177.9</ele>
      </trkpt>
      <trkpt lat="39.9249" lon="3.10841">
        <ele>177.3</ele>
      </trkpt>
      <trkpt lat="39.92484" lon="3.10834">
        <ele>175.2</ele>
      </trkpt>
      <trkpt lat="39.92456" lon="3.10766">
        <ele>156.6</ele>
      </trkpt>
      <trkpt lat="39.9245" lon="3.10757">
        <ele>153.7</ele>
      </trkpt>
      <trkpt lat="39.92444" lon="3.10751">
        <ele>151.7</ele>
      </trkpt>
      <trkpt lat="39.92436" lon="3.10748">
        <ele>151.0</ele>
      </trkpt>
      <trkpt lat="39.92427" lon="3.10749">
        <ele>151.4</ele>
      </trkpt>
      <trkpt lat="39.92372" lon="3.10777">
        <ele>159.5</ele>
      </trkpt>
      <trkpt lat="39.92358" lon="3.10781">
        <ele>160.4</ele>
      </trkpt>
      <trkpt lat="39.92347" lon="3.10781">
        <ele>159.6</ele>
      </trkpt>
      <trkpt lat="39.92299" lon="3.1077">
        <ele>156.3</ele>
      </trkpt>
      <trkpt lat="39.92285" lon="3.10765">
        <ele>154.3</ele>
      </trkpt>
      <trkpt lat="39.92233" lon="3.10739">
        <ele>141.5</ele>
      </trkpt>
      <trkpt lat="39.92221" lon="3.10735">
        <ele>140.5</ele>
      </trkpt>
      <trkpt lat="39.92176" lon="3.10727">
        <ele>139.7</ele>
      </trkpt>
      <trkpt lat="39.92158" lon="3.10721">
        <ele>138.0</ele>
      </trkpt>
      <trkpt lat="39.92115" lon="3.10705">
        <ele>132.2</ele>
      </trkpt>
      <trkpt lat="39.92099" lon="3.10702">
        <ele>131.2</ele>
      </trkpt>
      <trkpt lat="39.92038" lon="3.10701">
        <ele>130.7</ele>
      </trkpt>
      <trkpt lat="39.91977" lon="3.107">
        <ele>131.6</ele>
      </trkpt>
      <trkpt lat="39.91963" lon="3.10697">
        <ele>131.1</ele>
      </trkpt>
      <trkpt lat="39.91945" lon="3.10689">
        <ele>128.5</ele>
      </trkpt>
      <trkpt lat="39.91881" lon="3.10647">
        <ele>117.3</ele>
      </trkpt>
      <trkpt lat="39.91849" lon="3.1063">
        <ele>114.7</ele>
      </trkpt>
      <trkpt lat="39.91785" lon="3.10583">
        <ele>100.1</ele>
      </trkpt>
      <trkpt lat="39.91749" lon="3.10566">
        <ele>97.0</ele>
      </trkpt>
      <trkpt lat="39.91738" lon="3.10563">
        <ele>92.5</ele>
      </trkpt>
      <trkpt lat="39.91731" lon="3.10563">
        <ele>90.4</ele>
      </trkpt>
      <trkpt lat="39.91723" lon="3.10566">
        <ele>88.9</ele>
      </trkpt>
      <trkpt lat="39.91716" lon="3.10572">
        <ele>88.5</ele>
      </trkpt>
      <trkpt lat="39.91712" lon="3.1058">
        <ele>89.4</ele>
      </trkpt>
      <trkpt lat="39.9171" lon="3.10591">
        <ele>90.3</ele>
      </trkpt>
      <trkpt lat="39.91711" lon="3.10602">
        <ele>91.6</ele>
      </trkpt>
      <trkpt lat="39.91715" lon="3.10632">
        <ele>95.8</ele>
      </trkpt>
      <trkpt lat="39.91725" lon="3.10675">
        <ele>104.3</ele>
      </trkpt>
      <trkpt lat="39.91725" lon="3.10685">
        <ele>105.5</ele>
      </trkpt>
      <trkpt lat="39.91724" lon="3.10695">
        <ele>106.4</ele>
      </trkpt>
      <trkpt lat="39.9172" lon="3.10703">
        <ele>105.7</ele>
      </trkpt>
      <trkpt lat="39.91688" lon="3.10744">
        <ele>97.9</ele>
      </trkpt>
      <trkpt lat="39.91655" lon="3.10786">
        <ele>94.7</ele>
      </trkpt>
      <trkpt lat="39.91648" lon="3.10792">
        <ele>95.6</ele>
      </trkpt>
      <trkpt lat="39.91641" lon="3.10794">
        <ele>96.0</ele>
      </trkpt>
      <trkpt lat="39.91634" lon="3.10795">
        <ele>96.4</ele>
      </trkpt>
      <trkpt lat="39.91629" lon="3.10792">
        <ele>96.2</ele>
      </trkpt>
      <trkpt lat="39.91621" lon="3.10787">
        <ele>95.8</ele>
      </trkpt>
      <trkpt lat="39.91586" lon="3.10739">
        <ele>89.4</ele>
      </trkpt>
      <trkpt lat="39.91541" lon="3.10688">
        <ele>83.6</ele>
      </trkpt>
      <trkpt lat="39.91496" lon="3.10638">
        <ele>78.7</ele>
      </trkpt>
      <trkpt lat="39.91461" lon="3.10589">
        <ele>72.3</ele>
      </trkpt>
      <trkpt lat="39.91454" lon="3.1058">
        <ele>71.3</ele>
      </trkpt>
      <trkpt lat="39.91423" lon="3.10553">
        <ele>70.9</ele>
      </trkpt>
      <trkpt lat="39.91376" lon="3.10513">
        <ele>67.1</ele>
      </trkpt>
      <trkpt lat="39.91358" lon="3.10501">
        <ele>67.0</ele>
      </trkpt>
      <trkpt lat="39.91336" lon="3.10494">
        <ele>68.9</ele>
      </trkpt>
      <trkpt lat="39.91315" lon="3.10489">
        <ele>69.0</ele>
      </trkpt>
      <trkpt lat="39.91302" lon="3.10484">
        <ele>68.0</ele>
      </trkpt>
      <trkpt lat="39.9127" lon="3.10457">
        <ele>59.7</ele>
      </trkpt>
      <trkpt lat="39.9125" lon="3.10446">
        <ele>57.0</ele>
      </trkpt>
      <trkpt lat="39.91228" lon="3.10439">
        <ele>54.6</ele>
      </trkpt>
      <trkpt lat="39.91202" lon="3.10437">
        <ele>54.5</ele>
      </trkpt>
      <trkpt lat="39.91161" lon="3.10436">
        <ele>55.0</ele>
      </trkpt>
      <trkpt lat="39.91155" lon="3.10433">
        <ele>53.9</ele>
      </trkpt>
      <trkpt lat="39.91152" lon="3.10427">
        <ele>51.6</ele>
      </trkpt>
      <trkpt lat="39.91152" lon="3.1042">
        <ele>49.1</ele>
      </trkpt>
      <trkpt lat="39.91155" lon="3.10413">
        <ele>46.6</ele>
      </trkpt>
      <trkpt lat="39.91161" lon="3.1041">
        <ele>45.7</ele>
      </trkpt>
      <trkpt lat="39.91224" lon="3.10406">
        <ele>42.7</ele>
      </trkpt>
      <trkpt lat="39.91251" lon="3.10409">
        <ele>42.7</ele>
      </trkpt>
      <trkpt lat="39.91306" lon="3.10423">
        <ele>42.3</ele>
      </trkpt>
      <trkpt lat="39.91362" lon="3.10437">
        <ele>42.5</ele>
      </trkpt>
      <trkpt lat="39.91417" lon="3.10452">
        <ele>40.7</ele>
      </trkpt>
      <trkpt lat="39.91471" lon="3.10467">
        <ele>38.6</ele>
      </trkpt>
      <trkpt lat="39.91479" lon="3.10466">
        <ele>37.5</ele>
      </trkpt>
      <trkpt lat="39.91485" lon="3.10462">
        <ele>36.1</ele>
      </trkpt>
      <trkpt lat="39.91488" lon="3.10456">
        <ele>34.8</ele>
      </trkpt>
      <trkpt lat="39.9149" lon="3.10448">
        <ele>33.4</ele>
      </trkpt>
      <trkpt lat="39.9149" lon="3.1044">
        <ele>32.1</ele>
      </trkpt>
      <trkpt lat="39.91488" lon="3.10433">
        <ele>31.1</ele>
      </trkpt>
      <trkpt lat="39.91483" lon="3.10426">
        <ele>30.2</ele>
      </trkpt>
      <trkpt lat="39.91408" lon="3.10374">
        <ele>26.1</ele>
      </trkpt>
      <trkpt lat="39.91333" lon="3.10321">
        <ele>18.4</ele>
      </trkpt>
      <trkpt lat="39.91258" lon="3.10268">
        <ele>14.8</ele>
      </trkpt>
      <trkpt lat="39.91249" lon="3.1026">
        <ele>13.9</ele>
      </trkpt>
      <trkpt lat="39.91237" lon="3.10247">
        <ele>12.8</ele>
      </trkpt>
      <trkpt lat="39.91231" lon="3.10231">
        <ele>12.8</ele>
      </trkpt>
      <trkpt lat="39.91226" lon="3.10212">
        <ele>12.8</ele>
      </trkpt>
      <trkpt lat="39.91226" lon="3.10193">
        <ele>12.9</ele>
      </trkpt>
      <trkpt lat="39.91228" lon="3.10174">
        <ele>13.0</ele>
      </trkpt>
      <trkpt lat="39.91232" lon="3.10152">
        <ele>12.9</ele>
      </trkpt>
      <trkpt lat="39.91249" lon="3.1008">
        <ele>12.9</ele>
      </trkpt>
      <trkpt lat="39.91265" lon="3.10008">
        <ele>11.7</ele>
      </trkpt>
      <trkpt lat="39.91278" lon="3.09985">
        <ele>11.0</ele>
      </trkpt>
      <trkpt lat="39.91282" lon="3.0998">
        <ele>10.8</ele>
      </trkpt>
      <trkpt lat="39.91289" lon="3.09974">
        <ele>10.6</ele>
      </trkpt>
      <trkpt lat="39.91295" lon="3.09968">
        <ele>10.4</ele>
      </trkpt>
      <trkpt lat="39.91297" lon="3.09959">
        <ele>10.2</ele>
      </trkpt>
      <trkpt lat="39.91297" lon="3.09952">
        <ele>10.1</ele>
      </trkpt>
      <trkpt lat="39.91295" lon="3.09946">
        <ele>10.0</ele>
      </trkpt>
      <trkpt lat="39.9129" lon="3.09939">
        <ele>9.9</ele>
      </trkpt>
      <trkpt lat="39.91283" lon="3.09937">
        <ele>9.8</ele>
      </trkpt>
      <trkpt lat="39.91278" lon="3.09938">
        <ele>9.8</ele>
      </trkpt>
      <trkpt lat="39.91273" lon="3.09941">
        <ele>9.9</ele>
      </trkpt>
      <trkpt lat="39.91263" lon="3.09946">
        <ele>10.0</ele>
      </trkpt>
      <trkpt lat="39.91246" lon="3.09947">
        <ele>10.1</ele>
      </trkpt>
      <trkpt lat="39.91181" lon="3.09918">
        <ele>10.7</ele>
      </trkpt>
      <trkpt lat="39.91116" lon="3.0989">
        <ele>8.9</ele>
      </trkpt>
      <trkpt lat="39.91051" lon="3.09862">
        <ele>7.0</ele>
      </trkpt>
      <trkpt lat="39.91048" lon="3.0986">
        <ele>6.9</ele>
      </trkpt>
      <trkpt lat="39.91042" lon="3.09853">
        <ele>6.7</ele>
      </trkpt>
      <trkpt lat="39.91041" lon="3.09848">
        <ele>6.7</ele>
      </trkpt>
      <trkpt lat="39.91041" lon="3.09841">
        <ele>6.6</ele>
      </trkpt>
      <trkpt lat="39.91041" lon="3.09834">
        <ele>6.5</ele>
      </trkpt>
      <trkpt lat="39.91051" lon="3.09751">
        <ele>6.6</ele>
      </trkpt>
      <trkpt lat="39.9106" lon="3.09691">
        <ele>6.3</ele>
      </trkpt>
      <trkpt lat="39.91084" lon="3.0958">
        <ele>6.0</ele>
      </trkpt>
      <trkpt lat="39.91108" lon="3.09469">
        <ele>6.5</ele>
      </trkpt>
      <trkpt lat="39.91131" lon="3.09358">
        <ele>5.5</ele>
      </trkpt>
      <trkpt lat="39.91155" lon="3.09247">
        <ele>6.0</ele>
      </trkpt>
      <trkpt lat="39.9117" lon="3.09173">
        <ele>8.7</ele>
      </trkpt>
      <trkpt lat="39.91171" lon="3.0916">
        <ele>8.7</ele>
      </trkpt>
      <trkpt lat="39.91168" lon="3.09078">
        <ele>6.0</ele>
      </trkpt>
      <trkpt lat="39.91165" lon="3.08995">
        <ele>5.9</ele>
      </trkpt>
      <trkpt lat="39.91163" lon="3.08913">
        <ele>5.0</ele>
      </trkpt>
      <trkpt lat="39.9115" lon="3.08919">
        <ele>5.2</ele>
      </trkpt>
      <trkpt lat="39.91138" lon="3.08886">
        <ele>4.8</ele>
      </trkpt>
      <trkpt lat="39.91112" lon="3.08808">
        <ele>4.3</ele>
      </trkpt>
      <trkpt lat="39.91102" lon="3.0878">
        <ele>4.6</ele>
      </trkpt>
      <trkpt lat="39.91076" lon="3.08727">
        <ele>4.6</ele>
      </trkpt>
      <trkpt lat="39.9105" lon="3.08674">
        <ele>4.0</ele>
      </trkpt>
      <trkpt lat="39.91045" lon="3.08666">
        <ele>4.0</ele>
      </trkpt>
      <trkpt lat="39.91019" lon="3.08636">
        <ele>4.8</ele>
      </trkpt>
      <trkpt lat="39.91039" lon="3.08613">
        <ele>4.7</ele>
      </trkpt>
      <trkpt lat="39.91007" lon="3.08566">
        <ele>6.3</ele>
      </trkpt>
      <trkpt lat="39.90974" lon="3.08519">
        <ele>6.1</ele>
      </trkpt>
      <trkpt lat="39.91023" lon="3.08432">
        <ele>4.4</ele>
      </trkpt>
      <trkpt lat="39.91072" lon="3.08352">
        <ele>5.7</ele>
      </trkpt>
      <trkpt lat="39.9112" lon="3.08272">
        <ele>6.5</ele>
      </trkpt>
      <trkpt lat="39.91122" lon="3.08268">
        <ele>6.5</ele>
      </trkpt>
      <trkpt lat="39.91122" lon="3.08264">
        <ele>6.5</ele>
      </trkpt>
      <trkpt lat="39.91121" lon="3.08261">
        <ele>6.5</ele>
      </trkpt>
      <trkpt lat="39.91119" lon="3.08258">
        <ele>6.6</ele>
      </trkpt>
      <trkpt lat="39.91065" lon="3.08202">
        <ele>7.1</ele>
      </trkpt>
      <trkpt lat="39.91012" lon="3.08146">
        <ele>7.1</ele>
      </trkpt>
      <trkpt lat="39.90958" lon="3.0809">
        <ele>7.9</ele>
      </trkpt>
      <trkpt lat="39.90903" lon="3.08032">
        <ele>7.1</ele>
      </trkpt>
      <trkpt lat="39.90848" lon="3.07974">
        <ele>6.5</ele>
      </trkpt>
      <trkpt lat="39.90823" lon="3.07949">
        <ele>6.4</ele>
      </trkpt>
      <trkpt lat="39.90811" lon="3.07939">
        <ele>6.4</ele>
      </trkpt>
      <trkpt lat="39.90798" lon="3.07931">
        <ele>6.5</ele>
      </trkpt>
      <trkpt lat="39.9078" lon="3.0792">
        <ele>6.6</ele>
      </trkpt>
      <trkpt lat="39.90763" lon="3.07912">
        <ele>6.8</ele>
      </trkpt>
      <trkpt lat="39.90735" lon="3.07902">
        <ele>6.7</ele>
      </trkpt>
      <trkpt lat="39.90717" lon="3.07898">
        <ele>6.3</ele>
      </trkpt>
      <trkpt lat="39.90674" lon="3.07895">
        <ele>5.4</ele>
      </trkpt>
      <trkpt lat="39.90646" lon="3.07896">
        <ele>5.5</ele>
      </trkpt>
      <trkpt lat="39.90629" lon="3.07898">
        <ele>5.7</ele>
      </trkpt>
      <trkpt lat="39.90614" lon="3.07902">
        <ele>5.8</ele>
      </trkpt>
      <trkpt lat="39.90599" lon="3.07909">
        <ele>5.9</ele>
      </trkpt>
      <trkpt lat="39.90566" lon="3.07925">
        <ele>5.7</ele>
      </trkpt>
      <trkpt lat="39.90535" lon="3.0782">
        <ele>6.4</ele>
      </trkpt>
      <trkpt lat="39.90503" lon="3.07715">
        <ele>5.2</ele>
      </trkpt>
      <trkpt lat="39.90498" lon="3.07717">
        <ele>5.1</ele>
      </trkpt>
      <trkpt lat="39.90494" lon="3.077">
        <ele>4.6</ele>
      </trkpt>
      <trkpt lat="39.90477" lon="3.07644">
        <ele>3.0</ele>
      </trkpt>
      <trkpt lat="39.90459" lon="3.07588">
        <ele>2.0</ele>
      </trkpt>
      <trkpt lat="39.90453" lon="3.07575">
        <ele>1.9</ele>
      </trkpt>
      <trkpt lat="39.90444" lon="3.07568">
        <ele>1.8</ele>
      </trkpt>
      <trkpt lat="39.90439" lon="3.07566">
        <ele>1.7</ele>
      </trkpt>
      <trkpt lat="39.90429" lon="3.07559">
        <ele>1.5</ele>
      </trkpt>
      <trkpt lat="39.90421" lon="3.07542">
        <ele>1.6</ele>
      </trkpt>
      <trkpt lat="39.90411" lon="3.07537">
        <ele>1.7</ele>
      </trkpt>
      <trkpt lat="39.90416" lon="3.07524">
        <ele>1.7</ele>
      </trkpt>
      <trkpt lat="39.90416" lon="3.07507">
        <ele>1.9</ele>
      </trkpt>
      <trkpt lat="39.90422" lon="3.07488">
        <ele>2.2</ele>
      </trkpt>
      <trkpt lat="39.90424" lon="3.07482">
        <ele>2.3</ele>
      </trkpt>
      <trkpt lat="39.90424" lon="3.07475">
        <ele>2.3</ele>
      </trkpt>
      <trkpt lat="39.9042" lon="3.07457">
        <ele>2.5</ele>
      </trkpt>
      <trkpt lat="39.90396" lon="3.07375">
        <ele>2.7</ele>
      </trkpt>
      <trkpt lat="39.90372" lon="3.07292">
        <ele>3.1</ele>
      </trkpt>
      <trkpt lat="39.90347" lon="3.07211">
        <ele>4.3</ele>
      </trkpt>
      <trkpt lat="39.90322" lon="3.0713">
        <ele>5.5</ele>
      </trkpt>
      <trkpt lat="39.90297" lon="3.07048">
        <ele>5.8</ele>
      </trkpt>
      <trkpt lat="39.90283" lon="3.07">
        <ele>5.4</ele>
      </trkpt>
      <trkpt lat="39.90277" lon="3.06984">
        <ele>5.5</ele>
      </trkpt>
      <trkpt lat="39.90269" lon="3.06968">
        <ele>5.5</ele>
      </trkpt>
      <trkpt lat="39.90255" lon="3.06944">
        <ele>5.7</ele>
      </trkpt>
      <trkpt lat="39.90251" lon="3.06935">
        <ele>5.8</ele>
      </trkpt>
      <trkpt lat="39.90249" lon="3.06924">
        <ele>5.9</ele>
      </trkpt>
      <trkpt lat="39.90247" lon="3.06922">
        <ele>6.0</ele>
      </trkpt>
      <trkpt lat="39.90229" lon="3.06864">
        <ele>7.3</ele>
      </trkpt>
      <trkpt lat="39.90222" lon="3.06841">
        <ele>7.6</ele>
      </trkpt>
      <trkpt lat="39.90204" lon="3.0678">
        <ele>7.4</ele>
      </trkpt>
      <trkpt lat="39.90187" lon="3.0672">
        <ele>7.2</ele>
      </trkpt>
      <trkpt lat="39.9019" lon="3.06706">
        <ele>7.1</ele>
      </trkpt>
      <trkpt lat="39.90191" lon="3.06705">
        <ele>7.1</ele>
      </trkpt>
      <trkpt lat="39.90197" lon="3.06698">
        <ele>7.1</ele>
      </trkpt>
      <trkpt lat="39.90196" lon="3.06694">
        <ele>7.1</ele>
      </trkpt>
      <trkpt lat="39.90199" lon="3.0669">
        <ele>7.1</ele>
      </trkpt>
      <trkpt lat="39.90171" lon="3.06596">
        <ele>6.1</ele>
      </trkpt>
      <trkpt lat="39.90143" lon="3.06502">
        <ele>7.5</ele>
      </trkpt>
      <trkpt lat="39.90115" lon="3.06409">
        <ele>7.4</ele>
      </trkpt>
      <trkpt lat="39.90087" lon="3.06315">
        <ele>9.0</ele>
      </trkpt>
      <trkpt lat="39.90059" lon="3.06221">
        <ele>9.6</ele>
      </trkpt>
      <trkpt lat="39.90026" lon="3.06112">
        <ele>10.5</ele>
      </trkpt>
      <trkpt lat="39.89993" lon="3.06003">
        <ele>10.1</ele>
      </trkpt>
      <trkpt lat="39.8996" lon="3.05894">
        <ele>11.2</ele>
      </trkpt>
      <trkpt lat="39.89941" lon="3.05826">
        <ele>13.5</ele>
      </trkpt>
      <trkpt lat="39.89921" lon="3.05759">
        <ele>14.0</ele>
      </trkpt>
      <trkpt lat="39.89904" lon="3.05707">
        <ele>14.2</ele>
      </trkpt>
      <trkpt lat="39.89875" lon="3.05611">
        <ele>15.2</ele>
      </trkpt>
      <trkpt lat="39.89847" lon="3.05514">
        <ele>15.0</ele>
      </trkpt>
      <trkpt lat="39.89818" lon="3.05418">
        <ele>17.2</ele>
      </trkpt>
      <trkpt lat="39.89789" lon="3.05321">
        <ele>18.8</ele>
      </trkpt>
      <trkpt lat="39.89761" lon="3.05224">
        <ele>17.8</ele>
      </trkpt>
      <trkpt lat="39.89733" lon="3.05133">
        <ele>18.9</ele>
      </trkpt>
      <trkpt lat="39.89706" lon="3.05042">
        <ele>19.3</ele>
      </trkpt>
      <trkpt lat="39.89678" lon="3.04951">
        <ele>19.5</ele>
      </trkpt>
      <trkpt lat="39.89656" lon="3.04874">
        <ele>20.2</ele>
      </trkpt>
      <trkpt lat="39.89633" lon="3.04798">
        <ele>21.1</ele>
      </trkpt>
      <trkpt lat="39.8961" lon="3.04725">
        <ele>21.8</ele>
      </trkpt>
      <trkpt lat="39.89586" lon="3.04653">
        <ele>22.3</ele>
      </trkpt>
      <trkpt lat="39.89563" lon="3.0458">
        <ele>24.0</ele>
      </trkpt>
      <trkpt lat="39.89529" lon="3.04483">
        <ele>29.7</ele>
      </trkpt>
      <trkpt lat="39.89495" lon="3.04386">
        <ele>35.0</ele>
      </trkpt>
      <trkpt lat="39.89461" lon="3.04289">
        <ele>39.3</ele>
      </trkpt>
      <trkpt lat="39.89427" lon="3.04192">
        <ele>36.9</ele>
      </trkpt>
      <trkpt lat="39.89393" lon="3.04095">
        <ele>36.1</ele>
      </trkpt>
      <trkpt lat="39.89359" lon="3.03998">
        <ele>36.9</ele>
      </trkpt>
      <trkpt lat="39.89325" lon="3.03901">
        <ele>35.0</ele>
      </trkpt>
      <trkpt lat="39.89298" lon="3.03814">
        <ele>36.9</ele>
      </trkpt>
      <trkpt lat="39.89271" lon="3.03728">
        <ele>32.6</ele>
      </trkpt>
      <trkpt lat="39.89271" lon="3.03723">
        <ele>32.4</ele>
      </trkpt>
      <trkpt lat="39.89272" lon="3.03712">
        <ele>32.0</ele>
      </trkpt>
      <trkpt lat="39.89278" lon="3.03696">
        <ele>31.5</ele>
      </trkpt>
      <trkpt lat="39.89291" lon="3.03685">
        <ele>31.3</ele>
      </trkpt>
      <trkpt lat="39.8932" lon="3.03656">
        <ele>30.0</ele>
      </trkpt>
      <trkpt lat="39.89367" lon="3.03616">
        <ele>29.9</ele>
      </trkpt>
      <trkpt lat="39.89414" lon="3.03577">
        <ele>29.0</ele>
      </trkpt>
      <trkpt lat="39.8946" lon="3.03533">
        <ele>28.4</ele>
      </trkpt>
      <trkpt lat="39.89506" lon="3.0349">
        <ele>28.4</ele>
      </trkpt>
      <trkpt lat="39.8953" lon="3.03468">
        <ele>29.3</ele>
      </trkpt>
      <trkpt lat="39.89552" lon="3.03449">
        <ele>30.1</ele>
      </trkpt>
      <trkpt lat="39.89624" lon="3.03393">
        <ele>31.2</ele>
      </trkpt>
      <trkpt lat="39.89637" lon="3.03385">
        <ele>31.2</ele>
      </trkpt>
      <trkpt lat="39.89656" lon="3.03377">
        <ele>31.0</ele>
      </trkpt>
      <trkpt lat="39.89672" lon="3.03373">
        <ele>30.7</ele>
      </trkpt>
      <trkpt lat="39.89697" lon="3.03374">
        <ele>29.7</ele>
      </trkpt>
      <trkpt lat="39.89765" lon="3.034">
        <ele>28.0</ele>
      </trkpt>
      <trkpt lat="39.89823" lon="3.03425">
        <ele>27.3</ele>
      </trkpt>
      <trkpt lat="39.8988" lon="3.03449">
        <ele>31.2</ele>
      </trkpt>
      <trkpt lat="39.89906" lon="3.03456">
        <ele>32.9</ele>
      </trkpt>
      <trkpt lat="39.89935" lon="3.03456">
        <ele>32.8</ele>
      </trkpt>
      <trkpt lat="39.8995" lon="3.03459">
        <ele>32.8</ele>
      </trkpt>
      <trkpt lat="39.89963" lon="3.03466">
        <ele>33.4</ele>
      </trkpt>
      <trkpt lat="39.8998" lon="3.0348">
        <ele>34.8</ele>
      </trkpt>
      <trkpt lat="39.90005" lon="3.03507">
        <ele>37.3</ele>
      </trkpt>
      <trkpt lat="39.90049" lon="3.03564">
        <ele>37.2</ele>
      </trkpt>
      <trkpt lat="39.90081" lon="3.03608">
        <ele>36.3</ele>
      </trkpt>
      <trkpt lat="39.90112" lon="3.03651">
        <ele>39.3</ele>
      </trkpt>
      <trkpt lat="39.90121" lon="3.0366">
        <ele>39.5</ele>
      </trkpt>
      <trkpt lat="39.90137" lon="3.03672">
        <ele>39.3</ele>
      </trkpt>
      <trkpt lat="39.90151" lon="3.03677">
        <ele>38.5</ele>
      </trkpt>
      <trkpt lat="39.90166" lon="3.0368">
        <ele>37.3</ele>
      </trkpt>
      <trkpt lat="39.90179" lon="3.03679">
        <ele>37.5</ele>
      </trkpt>
      <trkpt lat="39.90224" lon="3.03663">
        <ele>35.2</ele>
      </trkpt>
      <trkpt lat="39.90237" lon="3.0366">
        <ele>35.0</ele>
      </trkpt>
      <trkpt lat="39.90257" lon="3.0366">
        <ele>34.7</ele>
      </trkpt>
      <trkpt lat="39.90266" lon="3.03662">
        <ele>34.5</ele>
      </trkpt>
      <trkpt lat="39.90341" lon="3.03683">
        <ele>34.1</ele>
      </trkpt>
      <trkpt lat="39.90364" lon="3.03692">
        <ele>33.3</ele>
      </trkpt>
      <trkpt lat="39.90383" lon="3.03702">
        <ele>32.5</ele>
      </trkpt>
      <trkpt lat="39.904" lon="3.03713">
        <ele>31.6</ele>
      </trkpt>
      <trkpt lat="39.9042" lon="3.0373">
        <ele>30.6</ele>
      </trkpt>
      <trkpt lat="39.90448" lon="3.0376">
        <ele>31.0</ele>
      </trkpt>
      <trkpt lat="39.90461" lon="3.0377">
        <ele>30.6</ele>
      </trkpt>
      <trkpt lat="39.90483" lon="3.0378">
        <ele>29.5</ele>
      </trkpt>
      <trkpt lat="39.90493" lon="3.03783">
        <ele>28.9</ele>
      </trkpt>
      <trkpt lat="39.90524" lon="3.03783">
        <ele>26.8</ele>
      </trkpt>
      <trkpt lat="39.90538" lon="3.0378">
        <ele>25.7</ele>
      </trkpt>
      <trkpt lat="39.9059" lon="3.03759">
        <ele>22.0</ele>
      </trkpt>
      <trkpt lat="39.90601" lon="3.03757">
        <ele>21.7</ele>
      </trkpt>
      <trkpt lat="39.90617" lon="3.03758">
        <ele>21.3</ele>
      </trkpt>
      <trkpt lat="39.90631" lon="3.03767">
        <ele>21.0</ele>
      </trkpt>
      <trkpt lat="39.90655" lon="3.03787">
        <ele>20.4</ele>
      </trkpt>
      <trkpt lat="39.9067" lon="3.03796">
        <ele>20.0</ele>
      </trkpt>
      <trkpt lat="39.90694" lon="3.03806">
        <ele>19.7</ele>
      </trkpt>
      <trkpt lat="39.90762" lon="3.03829">
        <ele>19.0</ele>
      </trkpt>
      <trkpt lat="39.9082" lon="3.03857">
        <ele>18.7</ele>
      </trkpt>
      <trkpt lat="39.90862" lon="3.03883">
        <ele>19.3</ele>
      </trkpt>
      <trkpt lat="39.90907" lon="3.03921">
        <ele>20.6</ele>
      </trkpt>
      <trkpt lat="39.90945" lon="3.0395">
        <ele>20.7</ele>
      </trkpt>
      <trkpt lat="39.91017" lon="3.03978">
        <ele>20.0</ele>
      </trkpt>
      <trkpt lat="39.91057" lon="3.03999">
        <ele>19.4</ele>
      </trkpt>
      <trkpt lat="39.91123" lon="3.04041">
        <ele>18.3</ele>
      </trkpt>
      <trkpt lat="39.91172" lon="3.04062">
        <ele>18.1</ele>
      </trkpt>
      <trkpt lat="39.91196" lon="3.04076">
        <ele>17.8</ele>
      </trkpt>
      <trkpt lat="39.91202" lon="3.04081">
        <ele>17.7</ele>
      </trkpt>
      <trkpt lat="39.9121" lon="3.0409">
        <ele>17.6</ele>
      </trkpt>
      <trkpt lat="39.91225" lon="3.04113">
        <ele>17.4</ele>
      </trkpt>
      <trkpt lat="39.91235" lon="3.04131">
        <ele>17.0</ele>
      </trkpt>
      <trkpt lat="39.91262" lon="3.04178">
        <ele>16.9</ele>
      </trkpt>
      <trkpt lat="39.9129" lon="3.04225">
        <ele>19.1</ele>
      </trkpt>
      <trkpt lat="39.91318" lon="3.0428">
        <ele>21.2</ele>
      </trkpt>
      <trkpt lat="39.91347" lon="3.04335">
        <ele>21.8</ele>
      </trkpt>
      <trkpt lat="39.9137" lon="3.04376">
        <ele>23.7</ele>
      </trkpt>
      <trkpt lat="39.91402" lon="3.04417">
        <ele>25.4</ele>
      </trkpt>
      <trkpt lat="39.91451" lon="3.04472">
        <ele>29.0</ele>
      </trkpt>
      <trkpt lat="39.91499" lon="3.04526">
        <ele>27.8</ele>
      </trkpt>
      <trkpt lat="39.91521" lon="3.04556">
        <ele>26.6</ele>
      </trkpt>
      <trkpt lat="39.91534" lon="3.0458">
        <ele>25.7</ele>
      </trkpt>
      <trkpt lat="39.91542" lon="3.04605">
        <ele>25.6</ele>
      </trkpt>
      <trkpt lat="39.91563" lon="3.04684">
        <ele>26.7</ele>
      </trkpt>
      <trkpt lat="39.91574" lon="3.04719">
        <ele>29.0</ele>
      </trkpt>
      <trkpt lat="39.91601" lon="3.04779">
        <ele>33.0</ele>
      </trkpt>
      <trkpt lat="39.91641" lon="3.04861">
        <ele>37.7</ele>
      </trkpt>
      <trkpt lat="39.91681" lon="3.04942">
        <ele>39.2</ele>
      </trkpt>
      <trkpt lat="39.91697" lon="3.04977">
        <ele>39.1</ele>
      </trkpt>
      <trkpt lat="39.91724" lon="3.05043">
        <ele>38.5</ele>
      </trkpt>
      <trkpt lat="39.91741" lon="3.0507">
        <ele>38.6</ele>
      </trkpt>
      <trkpt lat="39.91763" lon="3.051">
        <ele>38.1</ele>
      </trkpt>
      <trkpt lat="39.91788" lon="3.05126">
        <ele>37.4</ele>
      </trkpt>
      <trkpt lat="39.91816" lon="3.05152">
        <ele>38.0</ele>
      </trkpt>
      <trkpt lat="39.91876" lon="3.05216">
        <ele>38.2</ele>
      </trkpt>
      <trkpt lat="39.91937" lon="3.0528">
        <ele>34.8</ele>
      </trkpt>
      <trkpt lat="39.92001" lon="3.05343">
        <ele>27.0</ele>
      </trkpt>
      <trkpt lat="39.92066" lon="3.05407">
        <ele>16.4</ele>
      </trkpt>
      <trkpt lat="39.92074" lon="3.05413">
        <ele>15.1</ele>
      </trkpt>
      <trkpt lat="39.9207" lon="3.0543">
        <ele>14.5</ele>
      </trkpt>
      <trkpt lat="39.92053" lon="3.05494">
        <ele>14.1</ele>
      </trkpt>
      <trkpt lat="39.92036" lon="3.05553">
        <ele>16.2</ele>
      </trkpt>
      <trkpt lat="39.9199" lon="3.05584">
        <ele>19.1</ele>
      </trkpt>
      <trkpt lat="39.91982" lon="3.05589">
        <ele>18.2</ele>
      </trkpt>
      <trkpt lat="39.92015" lon="3.05641">
        <ele>15.7</ele>
      </trkpt>
      <trkpt lat="39.92039" lon="3.05671">
        <ele>13.5</ele>
      </trkpt>
      <trkpt lat="39.9207" lon="3.05701">
        <ele>12.2</ele>
      </trkpt>
      <trkpt lat="39.92079" lon="3.05719">
        <ele>12.0</ele>
      </trkpt>
      <trkpt lat="39.9209" lon="3.05745">
        <ele>11.0</ele>
      </trkpt>
      <trkpt lat="39.92104" lon="3.05765">
        <ele>8.5</ele>
      </trkpt>
      <trkpt lat="39.92135" lon="3.05807">
        <ele>6.6</ele>
      </trkpt>
      <trkpt lat="39.92139" lon="3.05811">
        <ele>6.7</ele>
      </trkpt>
      <trkpt lat="39.92148" lon="3.05819">
        <ele>7.2</ele>
      </trkpt>
      <trkpt lat="39.92151" lon="3.0582">
        <ele>7.3</ele>
      </trkpt>
      <trkpt lat="39.92156" lon="3.05821">
        <ele>7.5</ele>
      </trkpt>
      <trkpt lat="39.92166" lon="3.05823">
        <ele>7.9</ele>
      </trkpt>
      <trkpt lat="39.92168" lon="3.05824">
        <ele>7.9</ele>
      </trkpt>
      <trkpt lat="39.92171" lon="3.05827">
        <ele>7.9</ele>
      </trkpt>
      <trkpt lat="39.92172" lon="3.05829">
        <ele>8.0</ele>
      </trkpt>
      <trkpt lat="39.92173" lon="3.05831">
        <ele>8.1</ele>
      </trkpt>
      <trkpt lat="39.92173" lon="3.05835">
        <ele>8.2</ele>
      </trkpt>
      <trkpt lat="39.92172" lon="3.05839">
        <ele>8.0</ele>
      </trkpt>
      <trkpt lat="39.92171" lon="3.05842">
        <ele>7.9</ele>
      </trkpt>
      <trkpt lat="39.92168" lon="3.05844">
        <ele>8.1</ele>
      </trkpt>
      <trkpt lat="39.92168" lon="3.05844">
        <ele>8.1</ele>
      </trkpt>
      <trkpt lat="39.9216" lon="3.05849">
        <ele>7.6</ele>
      </trkpt>
      <trkpt lat="39.92153" lon="3.05853">
        <ele>7.0</ele>
      </trkpt>
      <trkpt lat="39.92145" lon="3.05854">
        <ele>6.5</ele>
      </trkpt>
      <trkpt lat="39.92135" lon="3.05852">
        <ele>6.2</ele>
      </trkpt>
      <trkpt lat="39.92133" lon="3.05852">
        <ele>6.1</ele>
      </trkpt>
      <trkpt lat="39.92121" lon="3.05848">
        <ele>5.8</ele>
      </trkpt>
      <trkpt lat="39.92116" lon="3.05846">
        <ele>5.7</ele>
      </trkpt>
      <trkpt lat="39.92113" lon="3.05845">
        <ele>5.7</ele>
      </trkpt>
      <trkpt lat="39.92107" lon="3.05842">
        <ele>5.6</ele>
      </trkpt>
      <trkpt lat="39.921" lon="3.05835">
        <ele>5.7</ele>
      </trkpt>
      <trkpt lat="39.9209" lon="3.05825">
        <ele>5.9</ele>
      </trkpt>
      <trkpt lat="39.92086" lon="3.0582">
        <ele>6.2</ele>
      </trkpt>
      <trkpt lat="39.92073" lon="3.05805">
        <ele>6.9</ele>
      </trkpt>
      <trkpt lat="39.9206" lon="3.05789">
        <ele>7.8</ele>
      </trkpt>
      <trkpt lat="39.92042" lon="3.05766">
        <ele>9.4</ele>
      </trkpt>
      <trkpt lat="39.92003" lon="3.05718">
        <ele>11.9</ele>
      </trkpt>
      <trkpt lat="39.91987" lon="3.05697">
        <ele>12.9</ele>
      </trkpt>
      <trkpt lat="39.91981" lon="3.0569">
        <ele>13.0</ele>
      </trkpt>
      <trkpt lat="39.91976" lon="3.05682">
        <ele>13.1</ele>
      </trkpt>
      <trkpt lat="39.91962" lon="3.05662">
        <ele>12.9</ele>
      </trkpt>
      <trkpt lat="39.91957" lon="3.05655">
        <ele>13.0</ele>
      </trkpt>
      <trkpt lat="39.9195" lon="3.05647">
        <ele>12.9</ele>
      </trkpt>
      <trkpt lat="39.9195" lon="3.05646">
        <ele>12.9</ele>
      </trkpt>
      <trkpt lat="39.91944" lon="3.05639">
        <ele>12.9</ele>
      </trkpt>
      <trkpt lat="39.91937" lon="3.0563">
        <ele>12.8</ele>
      </trkpt>
      <trkpt lat="39.91919" lon="3.05604">
        <ele>12.4</ele>
      </trkpt>
      <trkpt lat="39.91858" lon="3.05519">
        <ele>15.8</ele>
      </trkpt>
      <trkpt lat="39.91855" lon="3.05516">
        <ele>15.6</ele>
      </trkpt>
      <trkpt lat="39.91801" lon="3.05447">
        <ele>19.2</ele>
      </trkpt>
      <trkpt lat="39.91794" lon="3.05437">
        <ele>19.7</ele>
      </trkpt>
      <trkpt lat="39.91781" lon="3.05421">
        <ele>20.0</ele>
      </trkpt>
      <trkpt lat="39.91768" lon="3.05404">
        <ele>20.6</ele>
      </trkpt>
      <trkpt lat="39.91755" lon="3.05388">
        <ele>21.1</ele>
      </trkpt>
      <trkpt lat="39.91743" lon="3.05371">
        <ele>21.9</ele>
      </trkpt>
      <trkpt lat="39.91714" lon="3.05334">
        <ele>22.2</ele>
      </trkpt>
      <trkpt lat="39.91712" lon="3.05332">
        <ele>22.1</ele>
      </trkpt>
      <trkpt lat="39.91705" lon="3.05324">
        <ele>22.3</ele>
      </trkpt>
      <trkpt lat="39.91705" lon="3.05324">
        <ele>22.3</ele>
      </trkpt>
      <trkpt lat="39.91695" lon="3.05309">
        <ele>22.6</ele>
      </trkpt>
      <trkpt lat="39.9169" lon="3.053">
        <ele>22.7</ele>
      </trkpt>
      <trkpt lat="39.91689" lon="3.05294">
        <ele>22.9</ele>
      </trkpt>
      <trkpt lat="39.91688" lon="3.05289">
        <ele>23.0</ele>
      </trkpt>
      <trkpt lat="39.91688" lon="3.05285">
        <ele>23.1</ele>
      </trkpt>
      <trkpt lat="39.91688" lon="3.05276">
        <ele>23.4</ele>
      </trkpt>
      <trkpt lat="39.91688" lon="3.05276">
        <ele>23.4</ele>
      </trkpt>
      <trkpt lat="39.91689" lon="3.05277">
        <ele>23.4</ele>
      </trkpt>
      <trkpt lat="39.9169" lon="3.05277">
        <ele>23.5</ele>
      </trkpt>
      <trkpt lat="39.91691" lon="3.05277">
        <ele>23.5</ele>
      </trkpt>
      <trkpt lat="39.91692" lon="3.05277">
        <ele>23.6</ele>
      </trkpt>
      <trkpt lat="39.91692" lon="3.05276">
        <ele>23.6</ele>
      </trkpt>
      <trkpt lat="39.91693" lon="3.05276">
        <ele>23.7</ele>
      </trkpt>
      <trkpt lat="39.91694" lon="3.05276">
        <ele>23.7</ele>
      </trkpt>
      <trkpt lat="39.91695" lon="3.05275">
        <ele>23.8</ele>
      </trkpt>
      <trkpt lat="39.91696" lon="3.05275">
        <ele>23.8</ele>
      </trkpt>
      <trkpt lat="39.91696" lon="3.05274">
        <ele>23.9</ele>
      </trkpt>
      <trkpt lat="39.91697" lon="3.05273">
        <ele>24.0</ele>
      </trkpt>
      <trkpt lat="39.91698" lon="3.05272">
        <ele>24.1</ele>
      </trkpt>
      <trkpt lat="39.91698" lon="3.05271">
        <ele>24.1</ele>
      </trkpt>
      <trkpt lat="39.91699" lon="3.0527">
        <ele>24.2</ele>
      </trkpt>
      <trkpt lat="39.91699" lon="3.05269">
        <ele>24.2</ele>
      </trkpt>
      <trkpt lat="39.91699" lon="3.05268">
        <ele>24.3</ele>
      </trkpt>
      <trkpt lat="39.91699" lon="3.05267">
        <ele>24.3</ele>
      </trkpt>
      <trkpt lat="39.917" lon="3.05266">
        <ele>24.4</ele>
      </trkpt>
      <trkpt lat="39.917" lon="3.05265">
        <ele>24.4</ele>
      </trkpt>
      <trkpt lat="39.917" lon="3.05264">
        <ele>24.5</ele>
      </trkpt>
      <trkpt lat="39.917" lon="3.05263">
        <ele>24.5</ele>
      </trkpt>
      <trkpt lat="39.91699" lon="3.05262">
        <ele>24.5</ele>
      </trkpt>
      <trkpt lat="39.91699" lon="3.05261">
        <ele>24.5</ele>
      </trkpt>
      <trkpt lat="39.91699" lon="3.0526">
        <ele>24.6</ele>
      </trkpt>
      <trkpt lat="39.91699" lon="3.05259">
        <ele>24.6</ele>
      </trkpt>
      <trkpt lat="39.91698" lon="3.05258">
        <ele>24.6</ele>
      </trkpt>
      <trkpt lat="39.91698" lon="3.05257">
        <ele>24.6</ele>
      </trkpt>
      <trkpt lat="39.91697" lon="3.05257">
        <ele>24.6</ele>
      </trkpt>
      <trkpt lat="39.91697" lon="3.05256">
        <ele>24.6</ele>
      </trkpt>
      <trkpt lat="39.91696" lon="3.05255">
        <ele>24.6</ele>
      </trkpt>
      <trkpt lat="39.91695" lon="3.05254">
        <ele>24.6</ele>
      </trkpt>
      <trkpt lat="39.91694" lon="3.05254">
        <ele>24.5</ele>
      </trkpt>
      <trkpt lat="39.91694" lon="3.05253">
        <ele>24.5</ele>
      </trkpt>
      <trkpt lat="39.91693" lon="3.05253">
        <ele>24.5</ele>
      </trkpt>
      <trkpt lat="39.91692" lon="3.05253">
        <ele>24.4</ele>
      </trkpt>
      <trkpt lat="39.91691" lon="3.05252">
        <ele>24.4</ele>
      </trkpt>
      <trkpt lat="39.9169" lon="3.05252">
        <ele>24.3</ele>
      </trkpt>
      <trkpt lat="39.91689" lon="3.05252">
        <ele>24.3</ele>
      </trkpt>
      <trkpt lat="39.91689" lon="3.05253">
        <ele>24.2</ele>
      </trkpt>
      <trkpt lat="39.91688" lon="3.05253">
        <ele>24.2</ele>
      </trkpt>
      <trkpt lat="39.91687" lon="3.05253">
        <ele>24.1</ele>
      </trkpt>
      <trkpt lat="39.91686" lon="3.05253">
        <ele>24.1</ele>
      </trkpt>
      <trkpt lat="39.91686" lon="3.05254">
        <ele>24.0</ele>
      </trkpt>
      <trkpt lat="39.91685" lon="3.05254">
        <ele>24.0</ele>
      </trkpt>
      <trkpt lat="39.91685" lon="3.05255">
        <ele>23.9</ele>
      </trkpt>
      <trkpt lat="39.91684" lon="3.05255">
        <ele>23.9</ele>
      </trkpt>
      <trkpt lat="39.91684" lon="3.05256">
        <ele>23.9</ele>
      </trkpt>
      <trkpt lat="39.91676" lon="3.05248">
        <ele>23.7</ele>
      </trkpt>
      <trkpt lat="39.9167" lon="3.05241">
        <ele>23.9</ele>
      </trkpt>
      <trkpt lat="39.91663" lon="3.05233">
        <ele>24.2</ele>
      </trkpt>
      <trkpt lat="39.91644" lon="3.05211">
        <ele>24.9</ele>
      </trkpt>
      <trkpt lat="39.91617" lon="3.05177">
        <ele>24.6</ele>
      </trkpt>
      <trkpt lat="39.91614" lon="3.05173">
        <ele>24.5</ele>
      </trkpt>
      <trkpt lat="39.91578" lon="3.0511">
        <ele>28.5</ele>
      </trkpt>
      <trkpt lat="39.91569" lon="3.05094">
        <ele>29.6</ele>
      </trkpt>
      <trkpt lat="39.91559" lon="3.05074">
        <ele>30.4</ele>
      </trkpt>
      <trkpt lat="39.9153" lon="3.05019">
        <ele>31.3</ele>
      </trkpt>
      <trkpt lat="39.91529" lon="3.05016">
        <ele>31.4</ele>
      </trkpt>
      <trkpt lat="39.91522" lon="3.05002">
        <ele>31.5</ele>
      </trkpt>
      <trkpt lat="39.9152" lon="3.04995">
        <ele>31.4</ele>
      </trkpt>
      <trkpt lat="39.91519" lon="3.04992">
        <ele>31.4</ele>
      </trkpt>
      <trkpt lat="39.91516" lon="3.0498">
        <ele>31.1</ele>
      </trkpt>
      <trkpt lat="39.91514" lon="3.04967">
        <ele>31.0</ele>
      </trkpt>
      <trkpt lat="39.91514" lon="3.04958">
        <ele>31.1</ele>
      </trkpt>
      <trkpt lat="39.91514" lon="3.04946">
        <ele>31.2</ele>
      </trkpt>
      <trkpt lat="39.91517" lon="3.04927">
        <ele>31.7</ele>
      </trkpt>
      <trkpt lat="39.91516" lon="3.0491">
        <ele>31.6</ele>
      </trkpt>
      <trkpt lat="39.91515" lon="3.04895">
        <ele>31.1</ele>
      </trkpt>
      <trkpt lat="39.91512" lon="3.04884">
        <ele>30.5</ele>
      </trkpt>
      <trkpt lat="39.91507" lon="3.04867">
        <ele>29.5</ele>
      </trkpt>
      <trkpt lat="39.91503" lon="3.04858">
        <ele>28.9</ele>
      </trkpt>
      <trkpt lat="39.91495" lon="3.04843">
        <ele>27.8</ele>
      </trkpt>
      <trkpt lat="39.91487" lon="3.04829">
        <ele>26.9</ele>
      </trkpt>
      <trkpt lat="39.91487" lon="3.04829">
        <ele>26.9</ele>
      </trkpt>
      <trkpt lat="39.9149" lon="3.04811">
        <ele>27.0</ele>
      </trkpt>
      <trkpt lat="39.91493" lon="3.04793">
        <ele>27.0</ele>
      </trkpt>
      <trkpt lat="39.91495" lon="3.04779">
        <ele>27.0</ele>
      </trkpt>
      <trkpt lat="39.91497" lon="3.04768">
        <ele>27.0</ele>
      </trkpt>
      <trkpt lat="39.91499" lon="3.04763">
        <ele>27.1</ele>
      </trkpt>
      <trkpt lat="39.91502" lon="3.04759">
        <ele>27.2</ele>
      </trkpt>
      <trkpt lat="39.91512" lon="3.04746">
        <ele>27.3</ele>
      </trkpt>
      <trkpt lat="39.91522" lon="3.04733">
        <ele>27.1</ele>
      </trkpt>
      <trkpt lat="39.91548" lon="3.04705">
        <ele>26.9</ele>
      </trkpt>
      <trkpt lat="39.9156" lon="3.04695">
        <ele>27.1</ele>
      </trkpt>
      <trkpt lat="39.91565" lon="3.04691">
        <ele>27.1</ele>
      </trkpt>
      <trkpt lat="39.91565" lon="3.04691">
        <ele>27.1</ele>
      </trkpt>
      <trkpt lat="39.9156" lon="3.04672">
        <ele>25.9</ele>
      </trkpt>
      <trkpt lat="39.91555" lon="3.04653">
        <ele>25.6</ele>
      </trkpt>
      <trkpt lat="39.91548" lon="3.04625">
        <ele>25.7</ele>
      </trkpt>
      <trkpt lat="39.91537" lon="3.04591">
        <ele>25.5</ele>
      </trkpt>
      <trkpt lat="39.91533" lon="3.04582">
        <ele>25.5</ele>
      </trkpt>
      <trkpt lat="39.91529" lon="3.04574">
        <ele>25.8</ele>
      </trkpt>
      <trkpt lat="39.91524" lon="3.04561">
        <ele>26.4</ele>
      </trkpt>
      <trkpt lat="39.91514" lon="3.04546">
        <ele>26.9</ele>
      </trkpt>
      <trkpt lat="39.91494" lon="3.0452">
        <ele>28.4</ele>
      </trkpt>
      <trkpt lat="39.91474" lon="3.04498">
        <ele>30.0</ele>
      </trkpt>
      <trkpt lat="39.91443" lon="3.04467">
        <ele>28.6</ele>
      </trkpt>
      <trkpt lat="39.91439" lon="3.04462">
        <ele>28.3</ele>
      </trkpt>
      <trkpt lat="39.91418" lon="3.04439">
        <ele>26.4</ele>
      </trkpt>
      <trkpt lat="39.91412" lon="3.04432">
        <ele>26.0</ele>
      </trkpt>
      <trkpt lat="39.91411" lon="3.0443">
        <ele>25.9</ele>
      </trkpt>
      <trkpt lat="39.914" lon="3.04418">
        <ele>25.5</ele>
      </trkpt>
      <trkpt lat="39.91388" lon="3.04403">
        <ele>24.9</ele>
      </trkpt>
      <trkpt lat="39.91374" lon="3.04383">
        <ele>24.0</ele>
      </trkpt>
      <trkpt lat="39.91352" lon="3.04345">
        <ele>22.3</ele>
      </trkpt>
      <trkpt lat="39.9135" lon="3.04342">
        <ele>22.1</ele>
      </trkpt>
      <trkpt lat="39.91304" lon="3.04254">
        <ele>20.3</ele>
      </trkpt>
      <trkpt lat="39.91285" lon="3.04219">
        <ele>18.7</ele>
      </trkpt>
      <trkpt lat="39.9128" lon="3.0421">
        <ele>18.3</ele>
      </trkpt>
      <trkpt lat="39.91269" lon="3.04192">
        <ele>17.4</ele>
      </trkpt>
      <trkpt lat="39.91258" lon="3.04173">
        <ele>16.6</ele>
      </trkpt>
      <trkpt lat="39.91247" lon="3.04155">
        <ele>16.3</ele>
      </trkpt>
      <trkpt lat="39.91235" lon="3.04136">
        <ele>16.8</ele>
      </trkpt>
      <trkpt lat="39.91224" lon="3.04118">
        <ele>17.3</ele>
      </trkpt>
      <trkpt lat="39.91221" lon="3.04113">
        <ele>17.4</ele>
      </trkpt>
      <trkpt lat="39.91213" lon="3.04099">
        <ele>17.5</ele>
      </trkpt>
      <trkpt lat="39.91206" lon="3.04089">
        <ele>17.6</ele>
      </trkpt>
      <trkpt lat="39.91201" lon="3.04083">
        <ele>17.6</ele>
      </trkpt>
      <trkpt lat="39.912" lon="3.04083">
        <ele>17.6</ele>
      </trkpt>
      <trkpt lat="39.91191" lon="3.04074">
        <ele>17.7</ele>
      </trkpt>
      <trkpt lat="39.91182" lon="3.04069">
        <ele>17.8</ele>
      </trkpt>
      <trkpt lat="39.91167" lon="3.04064">
        <ele>18.0</ele>
      </trkpt>
      <trkpt lat="39.91158" lon="3.04061">
        <ele>18.0</ele>
      </trkpt>
      <trkpt lat="39.9115" lon="3.04059">
        <ele>18.0</ele>
      </trkpt>
      <trkpt lat="39.91145" lon="3.04057">
        <ele>18.0</ele>
      </trkpt>
      <trkpt lat="39.91137" lon="3.04053">
        <ele>18.0</ele>
      </trkpt>
      <trkpt lat="39.91127" lon="3.04048">
        <ele>18.1</ele>
      </trkpt>
      <trkpt lat="39.91094" lon="3.04026">
        <ele>18.9</ele>
      </trkpt>
      <trkpt lat="39.91073" lon="3.04014">
        <ele>19.2</ele>
      </trkpt>
      <trkpt lat="39.91052" lon="3.04">
        <ele>19.2</ele>
      </trkpt>
      <trkpt lat="39.91029" lon="3.03987">
        <ele>19.7</ele>
      </trkpt>
      <trkpt lat="39.9102" lon="3.03983">
        <ele>19.8</ele>
      </trkpt>
      <trkpt lat="39.91014" lon="3.0398">
        <ele>19.8</ele>
      </trkpt>
      <trkpt lat="39.91" lon="3.03976">
        <ele>19.7</ele>
      </trkpt>
      <trkpt lat="39.90985" lon="3.03971">
        <ele>20.0</ele>
      </trkpt>
      <trkpt lat="39.90975" lon="3.03968">
        <ele>20.1</ele>
      </trkpt>
      <trkpt lat="39.90964" lon="3.03964">
        <ele>20.3</ele>
      </trkpt>
      <trkpt lat="39.90955" lon="3.03961">
        <ele>20.3</ele>
      </trkpt>
      <trkpt lat="39.90947" lon="3.03957">
        <ele>20.4</ele>
      </trkpt>
      <trkpt lat="39.90936" lon="3.03948">
        <ele>20.6</ele>
      </trkpt>
      <trkpt lat="39.90931" lon="3.03944">
        <ele>20.6</ele>
      </trkpt>
      <trkpt lat="39.9092" lon="3.03933">
        <ele>20.7</ele>
      </trkpt>
      <trkpt lat="39.90898" lon="3.03916">
        <ele>20.3</ele>
      </trkpt>
      <trkpt lat="39.90872" lon="3.03893">
        <ele>19.5</ele>
      </trkpt>
      <trkpt lat="39.90854" lon="3.03881">
        <ele>19.1</ele>
      </trkpt>
      <trkpt lat="39.90849" lon="3.03877">
        <ele>19.0</ele>
      </trkpt>
      <trkpt lat="39.90837" lon="3.0387">
        <ele>18.7</ele>
      </trkpt>
      <trkpt lat="39.90833" lon="3.03867">
        <ele>18.6</ele>
      </trkpt>
      <trkpt lat="39.9082" lon="3.0386">
        <ele>18.7</ele>
      </trkpt>
      <trkpt lat="39.90816" lon="3.03858">
        <ele>18.7</ele>
      </trkpt>
      <trkpt lat="39.90803" lon="3.03851">
        <ele>18.8</ele>
      </trkpt>
      <trkpt lat="39.90799" lon="3.0385">
        <ele>18.8</ele>
      </trkpt>
      <trkpt lat="39.90783" lon="3.03841">
        <ele>18.9</ele>
      </trkpt>
      <trkpt lat="39.90781" lon="3.0384">
        <ele>18.9</ele>
      </trkpt>
      <trkpt lat="39.90766" lon="3.03834">
        <ele>19.0</ele>
      </trkpt>
      <trkpt lat="39.90763" lon="3.03832">
        <ele>19.0</ele>
      </trkpt>
      <trkpt lat="39.90745" lon="3.03826">
        <ele>19.1</ele>
      </trkpt>
      <trkpt lat="39.90716" lon="3.03818">
        <ele>19.4</ele>
      </trkpt>
      <trkpt lat="39.90702" lon="3.03814">
        <ele>19.6</ele>
      </trkpt>
      <trkpt lat="39.90694" lon="3.0381">
        <ele>19.7</ele>
      </trkpt>
      <trkpt lat="39.90686" lon="3.03806">
        <ele>19.8</ele>
      </trkpt>
      <trkpt lat="39.90675" lon="3.03802">
        <ele>19.9</ele>
      </trkpt>
      <trkpt lat="39.90662" lon="3.03796">
        <ele>20.2</ele>
      </trkpt>
      <trkpt lat="39.90652" lon="3.03789">
        <ele>20.5</ele>
      </trkpt>
      <trkpt lat="39.90643" lon="3.03781">
        <ele>20.8</ele>
      </trkpt>
      <trkpt lat="39.90639" lon="3.03777">
        <ele>20.9</ele>
      </trkpt>
      <trkpt lat="39.90632" lon="3.03768">
        <ele>21.0</ele>
      </trkpt>
      <trkpt lat="39.90627" lon="3.03764">
        <ele>21.1</ele>
      </trkpt>
      <trkpt lat="39.90622" lon="3.03762">
        <ele>21.2</ele>
      </trkpt>
      <trkpt lat="39.90617" lon="3.03759">
        <ele>21.3</ele>
      </trkpt>
      <trkpt lat="39.90611" lon="3.03759">
        <ele>21.5</ele>
      </trkpt>
      <trkpt lat="39.90608" lon="3.03759">
        <ele>21.6</ele>
      </trkpt>
      <trkpt lat="39.90596" lon="3.03761">
        <ele>21.9</ele>
      </trkpt>
      <trkpt lat="39.90584" lon="3.03765">
        <ele>22.3</ele>
      </trkpt>
      <trkpt lat="39.90577" lon="3.03768">
        <ele>22.8</ele>
      </trkpt>
      <trkpt lat="39.90566" lon="3.03773">
        <ele>23.6</ele>
      </trkpt>
      <trkpt lat="39.9056" lon="3.03775">
        <ele>24.1</ele>
      </trkpt>
      <trkpt lat="39.90554" lon="3.03778">
        <ele>24.6</ele>
      </trkpt>
      <trkpt lat="39.90539" lon="3.03782">
        <ele>25.7</ele>
      </trkpt>
      <trkpt lat="39.90531" lon="3.03783">
        <ele>26.3</ele>
      </trkpt>
      <trkpt lat="39.90519" lon="3.03785">
        <ele>27.2</ele>
      </trkpt>
      <trkpt lat="39.9051" lon="3.03785">
        <ele>27.8</ele>
      </trkpt>
      <trkpt lat="39.90507" lon="3.03785">
        <ele>28.0</ele>
      </trkpt>
      <trkpt lat="39.90504" lon="3.03784">
        <ele>28.2</ele>
      </trkpt>
      <trkpt lat="39.90494" lon="3.03783">
        <ele>28.9</ele>
      </trkpt>
      <trkpt lat="39.90489" lon="3.03782">
        <ele>29.2</ele>
      </trkpt>
      <trkpt lat="39.90484" lon="3.03781">
        <ele>29.5</ele>
      </trkpt>
      <trkpt lat="39.90476" lon="3.03778">
        <ele>29.9</ele>
      </trkpt>
      <trkpt lat="39.90472" lon="3.03775">
        <ele>30.1</ele>
      </trkpt>
      <trkpt lat="39.90471" lon="3.03775">
        <ele>30.1</ele>
      </trkpt>
      <trkpt lat="39.90464" lon="3.0377">
        <ele>30.4</ele>
      </trkpt>
      <trkpt lat="39.9045" lon="3.03759">
        <ele>30.8</ele>
      </trkpt>
      <trkpt lat="39.90439" lon="3.03747">
        <ele>30.9</ele>
      </trkpt>
      <trkpt lat="39.90431" lon="3.03738">
        <ele>30.7</ele>
      </trkpt>
      <trkpt lat="39.90429" lon="3.03737">
        <ele>30.7</ele>
      </trkpt>
      <trkpt lat="39.90415" lon="3.03722">
        <ele>30.3</ele>
      </trkpt>
      <trkpt lat="39.90406" lon="3.03715">
        <ele>30.9</ele>
      </trkpt>
      <trkpt lat="39.904" lon="3.0371">
        <ele>31.2</ele>
      </trkpt>
      <trkpt lat="39.90399" lon="3.03709">
        <ele>31.2</ele>
      </trkpt>
      <trkpt lat="39.9039" lon="3.03702">
        <ele>31.5</ele>
      </trkpt>
      <trkpt lat="39.90384" lon="3.03699">
        <ele>31.9</ele>
      </trkpt>
      <trkpt lat="39.90381" lon="3.03698">
        <ele>32.1</ele>
      </trkpt>
      <trkpt lat="39.90367" lon="3.03693">
        <ele>33.1</ele>
      </trkpt>
      <trkpt lat="39.90349" lon="3.03686">
        <ele>33.8</ele>
      </trkpt>
      <trkpt lat="39.90344" lon="3.03685">
        <ele>34.2</ele>
      </trkpt>
      <trkpt lat="39.90332" lon="3.03681">
        <ele>34.5</ele>
      </trkpt>
      <trkpt lat="39.90314" lon="3.03677">
        <ele>34.8</ele>
      </trkpt>
      <trkpt lat="39.90297" lon="3.03672">
        <ele>34.6</ele>
      </trkpt>
      <trkpt lat="39.90279" lon="3.03668">
        <ele>34.6</ele>
      </trkpt>
      <trkpt lat="39.90257" lon="3.03662">
        <ele>35.0</ele>
      </trkpt>
      <trkpt lat="39.90252" lon="3.03662">
        <ele>35.3</ele>
      </trkpt>
      <trkpt lat="39.90244" lon="3.03662">
        <ele>35.3</ele>
      </trkpt>
      <trkpt lat="39.90236" lon="3.03663">
        <ele>35.4</ele>
      </trkpt>
      <trkpt lat="39.9023" lon="3.03665">
        <ele>35.5</ele>
      </trkpt>
      <trkpt lat="39.90222" lon="3.03668">
        <ele>36.0</ele>
      </trkpt>
      <trkpt lat="39.90213" lon="3.03671">
        <ele>36.6</ele>
      </trkpt>
      <trkpt lat="39.90199" lon="3.03678">
        <ele>37.9</ele>
      </trkpt>
      <trkpt lat="39.90192" lon="3.03681">
        <ele>38.3</ele>
      </trkpt>
      <trkpt lat="39.90191" lon="3.03681">
        <ele>38.3</ele>
      </trkpt>
      <trkpt lat="39.90183" lon="3.03683">
        <ele>38.4</ele>
      </trkpt>
      <trkpt lat="39.90178" lon="3.03684">
        <ele>38.4</ele>
      </trkpt>
      <trkpt lat="39.90174" lon="3.03684">
        <ele>38.2</ele>
      </trkpt>
      <trkpt lat="39.90167" lon="3.03685">
        <ele>38.1</ele>
      </trkpt>
      <trkpt lat="39.90158" lon="3.03684">
        <ele>38.8</ele>
      </trkpt>
      <trkpt lat="39.90156" lon="3.03684">
        <ele>39.0</ele>
      </trkpt>
      <trkpt lat="39.90149" lon="3.03682">
        <ele>39.4</ele>
      </trkpt>
      <trkpt lat="39.90141" lon="3.03679">
        <ele>39.8</ele>
      </trkpt>
      <trkpt lat="39.90133" lon="3.03676">
        <ele>40.3</ele>
      </trkpt>
      <trkpt lat="39.90122" lon="3.03667">
        <ele>40.4</ele>
      </trkpt>
      <trkpt lat="39.90112" lon="3.03655">
        <ele>39.9</ele>
      </trkpt>
      <trkpt lat="39.90105" lon="3.03646">
        <ele>39.4</ele>
      </trkpt>
      <trkpt lat="39.901" lon="3.03638">
        <ele>38.7</ele>
      </trkpt>
      <trkpt lat="39.90094" lon="3.03627">
        <ele>37.7</ele>
      </trkpt>
      <trkpt lat="39.90087" lon="3.03614">
        <ele>36.4</ele>
      </trkpt>
      <trkpt lat="39.90082" lon="3.03609">
        <ele>36.3</ele>
      </trkpt>
      <trkpt lat="39.90076" lon="3.03601">
        <ele>36.2</ele>
      </trkpt>
      <trkpt lat="39.90074" lon="3.03598">
        <ele>36.2</ele>
      </trkpt>
      <trkpt lat="39.9001" lon="3.03519">
        <ele>38.4</ele>
      </trkpt>
      <trkpt lat="39.90007" lon="3.03516">
        <ele>38.4</ele>
      </trkpt>
      <trkpt lat="39.8998" lon="3.03485">
        <ele>35.5</ele>
      </trkpt>
      <trkpt lat="39.89969" lon="3.03472">
        <ele>34.0</ele>
      </trkpt>
      <trkpt lat="39.89966" lon="3.0347">
        <ele>33.9</ele>
      </trkpt>
      <trkpt lat="39.89963" lon="3.03467">
        <ele>33.5</ele>
      </trkpt>
      <trkpt lat="39.89956" lon="3.03464">
        <ele>33.3</ele>
      </trkpt>
      <trkpt lat="39.89948" lon="3.0346">
        <ele>33.0</ele>
      </trkpt>
      <trkpt lat="39.89937" lon="3.0346">
        <ele>33.2</ele>
      </trkpt>
      <trkpt lat="39.89922" lon="3.03459">
        <ele>33.5</ele>
      </trkpt>
      <trkpt lat="39.8991" lon="3.0346">
        <ele>33.5</ele>
      </trkpt>
      <trkpt lat="39.89901" lon="3.0346">
        <ele>33.2</ele>
      </trkpt>
      <trkpt lat="39.89896" lon="3.03459">
        <ele>33.0</ele>
      </trkpt>
      <trkpt lat="39.89893" lon="3.03459">
        <ele>32.9</ele>
      </trkpt>
      <trkpt lat="39.89885" lon="3.03456">
        <ele>32.3</ele>
      </trkpt>
      <trkpt lat="39.89879" lon="3.03453">
        <ele>31.7</ele>
      </trkpt>
      <trkpt lat="39.89861" lon="3.03446">
        <ele>30.3</ele>
      </trkpt>
      <trkpt lat="39.89849" lon="3.0344">
        <ele>29.2</ele>
      </trkpt>
      <trkpt lat="39.89844" lon="3.03438">
        <ele>28.9</ele>
      </trkpt>
      <trkpt lat="39.89785" lon="3.03412">
        <ele>27.6</ele>
      </trkpt>
      <trkpt lat="39.89768" lon="3.03405">
        <ele>28.0</ele>
      </trkpt>
      <trkpt lat="39.89752" lon="3.03397">
        <ele>28.2</ele>
      </trkpt>
      <trkpt lat="39.89736" lon="3.03391">
        <ele>28.6</ele>
      </trkpt>
      <trkpt lat="39.89708" lon="3.0338">
        <ele>29.4</ele>
      </trkpt>
      <trkpt lat="39.89698" lon="3.03378">
        <ele>29.8</ele>
      </trkpt>
      <trkpt lat="39.89698" lon="3.03378">
        <ele>29.8</ele>
      </trkpt>
      <trkpt lat="39.89687" lon="3.03366">
        <ele>29.9</ele>
      </trkpt>
      <trkpt lat="39.89681" lon="3.03361">
        <ele>30.0</ele>
      </trkpt>
      <trkpt lat="39.89676" lon="3.03355">
        <ele>30.1</ele>
      </trkpt>
      <trkpt lat="39.89671" lon="3.03351">
        <ele>30.2</ele>
      </trkpt>
      <trkpt lat="39.89669" lon="3.03342">
        <ele>30.1</ele>
      </trkpt>
      <trkpt lat="39.89668" lon="3.03338">
        <ele>30.0</ele>
      </trkpt>
      <trkpt lat="39.89665" lon="3.03332">
        <ele>30.0</ele>
      </trkpt>
      <trkpt lat="39.89646" lon="3.0331">
        <ele>29.9</ele>
      </trkpt>
      <trkpt lat="39.89631" lon="3.03292">
        <ele>29.7</ele>
      </trkpt>
      <trkpt lat="39.89613" lon="3.03274">
        <ele>29.5</ele>
      </trkpt>
      <trkpt lat="39.89607" lon="3.03266">
        <ele>29.3</ele>
      </trkpt>
      <trkpt lat="39.89598" lon="3.03254">
        <ele>29.1</ele>
      </trkpt>
      <trkpt lat="39.89593" lon="3.03247">
        <ele>29.1</ele>
      </trkpt>
      <trkpt lat="39.89581" lon="3.03229">
        <ele>29.6</ele>
      </trkpt>
      <trkpt lat="39.89575" lon="3.0322">
        <ele>29.9</ele>
      </trkpt>
      <trkpt lat="39.89554" lon="3.03194">
        <ele>30.7</ele>
      </trkpt>
      <trkpt lat="39.89546" lon="3.03184">
        <ele>30.9</ele>
      </trkpt>
      <trkpt lat="39.8954" lon="3.03178">
        <ele>30.9</ele>
      </trkpt>
      <trkpt lat="39.89518" lon="3.03155">
        <ele>31.1</ele>
      </trkpt>
      <trkpt lat="39.89514" lon="3.03151">
        <ele>31.2</ele>
      </trkpt>
      <trkpt lat="39.89509" lon="3.03145">
        <ele>31.3</ele>
      </trkpt>
      <trkpt lat="39.89471" lon="3.03103">
        <ele>31.8</ele>
      </trkpt>
      <trkpt lat="39.89457" lon="3.03087">
        <ele>32.0</ele>
      </trkpt>
      <trkpt lat="39.89443" lon="3.03072">
        <ele>32.3</ele>
      </trkpt>
      <trkpt lat="39.89382" lon="3.03016">
        <ele>33.6</ele>
      </trkpt>
      <trkpt lat="39.89355" lon="3.02991">
        <ele>34.2</ele>
      </trkpt>
      <trkpt lat="39.89341" lon="3.02977">
        <ele>34.5</ele>
      </trkpt>
      <trkpt lat="39.89326" lon="3.02963">
        <ele>34.8</ele>
      </trkpt>
      <trkpt lat="39.89312" lon="3.02949">
        <ele>34.9</ele>
      </trkpt>
      <trkpt lat="39.89279" lon="3.02919">
        <ele>35.3</ele>
      </trkpt>
      <trkpt lat="39.89268" lon="3.0291">
        <ele>35.3</ele>
      </trkpt>
      <trkpt lat="39.89256" lon="3.02902">
        <ele>35.2</ele>
      </trkpt>
      <trkpt lat="39.89221" lon="3.02879">
        <ele>35.6</ele>
      </trkpt>
      <trkpt lat="39.89219" lon="3.02878">
        <ele>35.7</ele>
      </trkpt>
      <trkpt lat="39.89213" lon="3.02874">
        <ele>35.7</ele>
      </trkpt>
      <trkpt lat="39.89209" lon="3.02869">
        <ele>35.8</ele>
      </trkpt>
      <trkpt lat="39.89205" lon="3.02866">
        <ele>35.8</ele>
      </trkpt>
      <trkpt lat="39.89204" lon="3.02864">
        <ele>35.8</ele>
      </trkpt>
      <trkpt lat="39.89171" lon="3.02821">
        <ele>36.3</ele>
      </trkpt>
      <trkpt lat="39.89168" lon="3.02818">
        <ele>36.4</ele>
      </trkpt>
      <trkpt lat="39.89121" lon="3.02755">
        <ele>37.9</ele>
      </trkpt>
      <trkpt lat="39.89059" lon="3.02674">
        <ele>38.0</ele>
      </trkpt>
      <trkpt lat="39.89055" lon="3.02668">
        <ele>38.0</ele>
      </trkpt>
      <trkpt lat="39.89021" lon="3.02616">
        <ele>38.6</ele>
      </trkpt>
      <trkpt lat="39.89002" lon="3.02581">
        <ele>39.1</ele>
      </trkpt>
      <trkpt lat="39.88983" lon="3.02544">
        <ele>40.1</ele>
      </trkpt>
      <trkpt lat="39.88952" lon="3.02486">
        <ele>41.7</ele>
      </trkpt>
      <trkpt lat="39.88952" lon="3.02485">
        <ele>41.8</ele>
      </trkpt>
      <trkpt lat="39.88947" lon="3.02475">
        <ele>41.9</ele>
      </trkpt>
      <trkpt lat="39.88945" lon="3.0247">
        <ele>42.0</ele>
      </trkpt>
      <trkpt lat="39.88943" lon="3.02465">
        <ele>42.1</ele>
      </trkpt>
      <trkpt lat="39.8894" lon="3.02462">
        <ele>42.2</ele>
      </trkpt>
      <trkpt lat="39.88938" lon="3.0246">
        <ele>42.2</ele>
      </trkpt>
      <trkpt lat="39.88935" lon="3.02458">
        <ele>42.3</ele>
      </trkpt>
      <trkpt lat="39.88933" lon="3.02457">
        <ele>42.3</ele>
      </trkpt>
      <trkpt lat="39.88931" lon="3.02456">
        <ele>42.4</ele>
      </trkpt>
      <trkpt lat="39.88927" lon="3.02455">
        <ele>42.4</ele>
      </trkpt>
      <trkpt lat="39.88901" lon="3.02451">
        <ele>42.3</ele>
      </trkpt>
      <trkpt lat="39.88898" lon="3.0245">
        <ele>42.3</ele>
      </trkpt>
      <trkpt lat="39.88896" lon="3.02449">
        <ele>42.3</ele>
      </trkpt>
      <trkpt lat="39.88894" lon="3.02448">
        <ele>42.2</ele>
      </trkpt>
      <trkpt lat="39.88892" lon="3.02446">
        <ele>42.2</ele>
      </trkpt>
      <trkpt lat="39.8889" lon="3.02444">
        <ele>42.2</ele>
      </trkpt>
      <trkpt lat="39.88881" lon="3.02435">
        <ele>42.3</ele>
      </trkpt>
      <trkpt lat="39.88863" lon="3.02414">
        <ele>42.4</ele>
      </trkpt>
      <trkpt lat="39.88793" lon="3.02327">
        <ele>43.1</ele>
      </trkpt>
      <trkpt lat="39.88768" lon="3.02294">
        <ele>43.5</ele>
      </trkpt>
      <trkpt lat="39.88766" lon="3.02292">
        <ele>43.5</ele>
      </trkpt>
      <trkpt lat="39.88762" lon="3.02288">
        <ele>43.5</ele>
      </trkpt>
      <trkpt lat="39.8876" lon="3.02286">
        <ele>43.6</ele>
      </trkpt>
      <trkpt lat="39.88758" lon="3.02286">
        <ele>43.6</ele>
      </trkpt>
      <trkpt lat="39.88755" lon="3.02286">
        <ele>43.6</ele>
      </trkpt>
      <trkpt lat="39.88752" lon="3.02286">
        <ele>43.6</ele>
      </trkpt>
      <trkpt lat="39.8875" lon="3.02286">
        <ele>43.6</ele>
      </trkpt>
      <trkpt lat="39.88748" lon="3.02285">
        <ele>43.6</ele>
      </trkpt>
      <trkpt lat="39.88747" lon="3.02284">
        <ele>43.6</ele>
      </trkpt>
      <trkpt lat="39.88744" lon="3.02282">
        <ele>43.7</ele>
      </trkpt>
      <trkpt lat="39.88707" lon="3.02247">
        <ele>44.6</ele>
      </trkpt>
      <trkpt lat="39.88619" lon="3.02164">
        <ele>46.5</ele>
      </trkpt>
      <trkpt lat="39.88589" lon="3.02135">
        <ele>46.8</ele>
      </trkpt>
      <trkpt lat="39.88542" lon="3.0209">
        <ele>47.4</ele>
      </trkpt>
      <trkpt lat="39.88542" lon="3.0209">
        <ele>47.4</ele>
      </trkpt>
      <trkpt lat="39.88448" lon="3.02167">
        <ele>46.6</ele>
      </trkpt>
      <trkpt lat="39.88448" lon="3.02167">
        <ele>46.6</ele>
      </trkpt>
      <trkpt lat="39.88443" lon="3.02152">
        <ele>46.9</ele>
      </trkpt>
      <trkpt lat="39.88437" lon="3.02133">
        <ele>47.2</ele>
      </trkpt>
      <trkpt lat="39.8843" lon="3.02113">
        <ele>47.5</ele>
      </trkpt>
      <trkpt lat="39.88427" lon="3.021">
        <ele>47.7</ele>
      </trkpt>
      <trkpt lat="39.88422" lon="3.02078">
        <ele>47.9</ele>
      </trkpt>
      <trkpt lat="39.88422" lon="3.02078">
        <ele>47.9</ele>
      </trkpt>
      <trkpt lat="39.88417" lon="3.0207">
        <ele>48.0</ele>
      </trkpt>
      <trkpt lat="39.88414" lon="3.02068">
        <ele>48.0</ele>
      </trkpt>
      <trkpt lat="39.88411" lon="3.02067">
        <ele>48.0</ele>
      </trkpt>
      <trkpt lat="39.88408" lon="3.02067">
        <ele>48.0</ele>
      </trkpt>
      <trkpt lat="39.88403" lon="3.02067">
        <ele>48.0</ele>
      </trkpt>
      <trkpt lat="39.88401" lon="3.02068">
        <ele>48.0</ele>
      </trkpt>
      <trkpt lat="39.88399" lon="3.0207">
        <ele>48.0</ele>
      </trkpt>
      <trkpt lat="39.88396" lon="3.02073">
        <ele>48.0</ele>
      </trkpt>
      <trkpt lat="39.88394" lon="3.02075">
        <ele>48.0</ele>
      </trkpt>
      <trkpt lat="39.88394" lon="3.02075">
        <ele>48.0</ele>
      </trkpt>
      <trkpt lat="39.88388" lon="3.02074">
        <ele>48.0</ele>
      </trkpt>
      <trkpt lat="39.88384" lon="3.02073">
        <ele>48.0</ele>
      </trkpt>
      <trkpt lat="39.8838" lon="3.02071">
        <ele>48.1</ele>
      </trkpt>
      <trkpt lat="39.88374" lon="3.02066">
        <ele>48.1</ele>
      </trkpt>
      <trkpt lat="39.88367" lon="3.02055">
        <ele>48.2</ele>
      </trkpt>
      <trkpt lat="39.88364" lon="3.0205">
        <ele>48.3</ele>
      </trkpt>
      <trkpt lat="39.88351" lon="3.02024">
        <ele>48.6</ele>
      </trkpt>
      <trkpt lat="39.88346" lon="3.02017">
        <ele>48.7</ele>
      </trkpt>
      <trkpt lat="39.88344" lon="3.02014">
        <ele>48.7</ele>
      </trkpt>
      <trkpt lat="39.88339" lon="3.02008">
        <ele>48.8</ele>
      </trkpt>
      <trkpt lat="39.88337" lon="3.02006">
        <ele>48.9</ele>
      </trkpt>
      <trkpt lat="39.88328" lon="3.01998">
        <ele>49.0</ele>
      </trkpt>
      <trkpt lat="39.88311" lon="3.01984">
        <ele>49.1</ele>
      </trkpt>
      <trkpt lat="39.88305" lon="3.0198">
        <ele>49.1</ele>
      </trkpt>
      <trkpt lat="39.88295" lon="3.01973">
        <ele>49.1</ele>
      </trkpt>
      <trkpt lat="39.88294" lon="3.01972">
        <ele>49.1</ele>
      </trkpt>
      <trkpt lat="39.88279" lon="3.01963">
        <ele>49.2</ele>
      </trkpt>
      <trkpt lat="39.88275" lon="3.0196">
        <ele>49.2</ele>
      </trkpt>
      <trkpt lat="39.88262" lon="3.01952">
        <ele>49.3</ele>
      </trkpt>
      <trkpt lat="39.88256" lon="3.01949">
        <ele>49.3</ele>
      </trkpt>
      <trkpt lat="39.88252" lon="3.01947">
        <ele>49.3</ele>
      </trkpt>
      <trkpt lat="39.88248" lon="3.01946">
        <ele>49.5</ele>
      </trkpt>
      <trkpt lat="39.88242" lon="3.01945">
        <ele>49.9</ele>
      </trkpt>
      <trkpt lat="39.88238" lon="3.01945">
        <ele>50.1</ele>
      </trkpt>
      <trkpt lat="39.88236" lon="3.01945">
        <ele>50.2</ele>
      </trkpt>
      <trkpt lat="39.88233" lon="3.01946">
        <ele>50.3</ele>
      </trkpt>
      <trkpt lat="39.88229" lon="3.01947">
        <ele>50.5</ele>
      </trkpt>
      <trkpt lat="39.88226" lon="3.01948">
        <ele>50.6</ele>
      </trkpt>
      <trkpt lat="39.88216" lon="3.01953">
        <ele>51.0</ele>
      </trkpt>
      <trkpt lat="39.88208" lon="3.01955">
        <ele>51.4</ele>
      </trkpt>
      <trkpt lat="39.88207" lon="3.01955">
        <ele>51.4</ele>
      </trkpt>
      <trkpt lat="39.88198" lon="3.01954">
        <ele>51.8</ele>
      </trkpt>
      <trkpt lat="39.88198" lon="3.01954">
        <ele>51.8</ele>
      </trkpt>
      <trkpt lat="39.88152" lon="3.01928">
        <ele>54.0</ele>
      </trkpt>
      <trkpt lat="39.88152" lon="3.01928">
        <ele>54.0</ele>
      </trkpt>
      <trkpt lat="39.88119" lon="3.01808">
        <ele>53.1</ele>
      </trkpt>
      <trkpt lat="39.88106" lon="3.01761">
        <ele>53.5</ele>
      </trkpt>
      <trkpt lat="39.88093" lon="3.01711">
        <ele>53.8</ele>
      </trkpt>
      <trkpt lat="39.88088" lon="3.01687">
        <ele>53.9</ele>
      </trkpt>
      <trkpt lat="39.88062" lon="3.01604">
        <ele>55.3</ele>
      </trkpt>
      <trkpt lat="39.88044" lon="3.0155">
        <ele>57.7</ele>
      </trkpt>
      <trkpt lat="39.88044" lon="3.0155">
        <ele>57.7</ele>
      </trkpt>
      <trkpt lat="39.87996" lon="3.01585">
        <ele>57.1</ele>
      </trkpt>
      <trkpt lat="39.87992" lon="3.01588">
        <ele>57.2</ele>
      </trkpt>
      <trkpt lat="39.87988" lon="3.01592">
        <ele>57.3</ele>
      </trkpt>
      <trkpt lat="39.87986" lon="3.01593">
        <ele>57.3</ele>
      </trkpt>
      <trkpt lat="39.87981" lon="3.01598">
        <ele>57.3</ele>
      </trkpt>
      <trkpt lat="39.87976" lon="3.01603">
        <ele>57.3</ele>
      </trkpt>
      <trkpt lat="39.8796" lon="3.0161">
        <ele>57.4</ele>
      </trkpt>
      <trkpt lat="39.87956" lon="3.01612">
        <ele>57.3</ele>
      </trkpt>
      <trkpt lat="39.87948" lon="3.01614">
        <ele>57.4</ele>
      </trkpt>
      <trkpt lat="39.87941" lon="3.01615">
        <ele>57.4</ele>
      </trkpt>
      <trkpt lat="39.87937" lon="3.01615">
        <ele>57.5</ele>
      </trkpt>
      <trkpt lat="39.87932" lon="3.01614">
        <ele>57.6</ele>
      </trkpt>
      <trkpt lat="39.87923" lon="3.01611">
        <ele>57.9</ele>
      </trkpt>
      <trkpt lat="39.87918" lon="3.01608">
        <ele>58.2</ele>
      </trkpt>
      <trkpt lat="39.87915" lon="3.01607">
        <ele>58.2</ele>
      </trkpt>
      <trkpt lat="39.87912" lon="3.01606">
        <ele>58.2</ele>
      </trkpt>
      <trkpt lat="39.87904" lon="3.01603">
        <ele>58.1</ele>
      </trkpt>
      <trkpt lat="39.87893" lon="3.01603">
        <ele>57.6</ele>
      </trkpt>
      <trkpt lat="39.87878" lon="3.01605">
        <ele>56.9</ele>
      </trkpt>
      <trkpt lat="39.87878" lon="3.01605">
        <ele>56.9</ele>
      </trkpt>
      <trkpt lat="39.8787" lon="3.01611">
        <ele>56.3</ele>
      </trkpt>
      <trkpt lat="39.87862" lon="3.01617">
        <ele>55.7</ele>
      </trkpt>
      <trkpt lat="39.87855" lon="3.01623">
        <ele>55.2</ele>
      </trkpt>
      <trkpt lat="39.8785" lon="3.01627">
        <ele>54.9</ele>
      </trkpt>
      <trkpt lat="39.87827" lon="3.01649">
        <ele>53.4</ele>
      </trkpt>
      <trkpt lat="39.87826" lon="3.0165">
        <ele>53.4</ele>
      </trkpt>
      <trkpt lat="39.87826" lon="3.0165">
        <ele>53.4</ele>
      </trkpt>
      <trkpt lat="39.87835" lon="3.01663">
        <ele>53.2</ele>
      </trkpt>
      <trkpt lat="39.87835" lon="3.01663">
        <ele>53.2</ele>
      </trkpt>
      <trkpt lat="39.87821" lon="3.01696">
        <ele>51.9</ele>
      </trkpt>
      <trkpt lat="39.87819" lon="3.01697">
        <ele>51.8</ele>
      </trkpt>
      <trkpt lat="39.87812" lon="3.017">
        <ele>51.4</ele>
      </trkpt>
      <trkpt lat="39.87802" lon="3.01707">
        <ele>50.9</ele>
      </trkpt>
      <trkpt lat="39.87791" lon="3.01713">
        <ele>50.4</ele>
      </trkpt>
      <trkpt lat="39.87788" lon="3.01715">
        <ele>50.2</ele>
      </trkpt>
      <trkpt lat="39.8778" lon="3.01719">
        <ele>49.8</ele>
      </trkpt>
      <trkpt lat="39.87774" lon="3.01721">
        <ele>49.6</ele>
      </trkpt>
      <trkpt lat="39.87739" lon="3.01742">
        <ele>47.9</ele>
      </trkpt>
      <trkpt lat="39.8771" lon="3.01763">
        <ele>46.8</ele>
      </trkpt>
      <trkpt lat="39.87676" lon="3.01788">
        <ele>45.4</ele>
      </trkpt>
      <trkpt lat="39.87674" lon="3.0179">
        <ele>45.3</ele>
      </trkpt>
      <trkpt lat="39.87658" lon="3.01801">
        <ele>44.8</ele>
      </trkpt>
      <trkpt lat="39.87642" lon="3.01813">
        <ele>44.7</ele>
      </trkpt>
      <trkpt lat="39.87637" lon="3.01817">
        <ele>44.7</ele>
      </trkpt>
      <trkpt lat="39.87634" lon="3.01819">
        <ele>44.7</ele>
      </trkpt>
      <trkpt lat="39.87596" lon="3.01845">
        <ele>45.0</ele>
      </trkpt>
      <trkpt lat="39.87596" lon="3.01845">
        <ele>45.0</ele>
      </trkpt>
      <trkpt lat="39.87598" lon="3.01849">
        <ele>45.0</ele>
      </trkpt>
      <trkpt lat="39.87647" lon="3.01948">
        <ele>45.6</ele>
      </trkpt>
      <trkpt lat="39.87647" lon="3.01948">
        <ele>45.6</ele>
      </trkpt>
      <trkpt lat="39.87597" lon="3.01988">
        <ele>45.1</ele>
      </trkpt>
      <trkpt lat="39.87573" lon="3.02007">
        <ele>44.4</ele>
      </trkpt>
      <trkpt lat="39.87564" lon="3.02015">
        <ele>43.7</ele>
      </trkpt>
      <trkpt lat="39.87562" lon="3.02018">
        <ele>43.5</ele>
      </trkpt>
      <trkpt lat="39.8756" lon="3.0202">
        <ele>43.4</ele>
      </trkpt>
      <trkpt lat="39.8756" lon="3.02022">
        <ele>43.3</ele>
      </trkpt>
      <trkpt lat="39.87559" lon="3.02023">
        <ele>43.2</ele>
      </trkpt>
      <trkpt lat="39.87559" lon="3.02027">
        <ele>43.0</ele>
      </trkpt>
      <trkpt lat="39.87559" lon="3.02032">
        <ele>42.7</ele>
      </trkpt>
      <trkpt lat="39.87559" lon="3.02041">
        <ele>42.2</ele>
      </trkpt>
      <trkpt lat="39.87561" lon="3.02051">
        <ele>41.7</ele>
      </trkpt>
      <trkpt lat="39.87561" lon="3.02057">
        <ele>41.4</ele>
      </trkpt>
      <trkpt lat="39.87567" lon="3.02089">
        <ele>39.9</ele>
      </trkpt>
      <trkpt lat="39.87568" lon="3.02096">
        <ele>39.7</ele>
      </trkpt>
      <trkpt lat="39.87569" lon="3.02119">
        <ele>39.1</ele>
      </trkpt>
      <trkpt lat="39.87569" lon="3.02119">
        <ele>39.1</ele>
      </trkpt>
      <trkpt lat="39.87568" lon="3.0212">
        <ele>39.1</ele>
      </trkpt>
      <trkpt lat="39.87566" lon="3.02121">
        <ele>39.1</ele>
      </trkpt>
      <trkpt lat="39.87566" lon="3.02122">
        <ele>39.1</ele>
      </trkpt>
      <trkpt lat="39.87564" lon="3.02124">
        <ele>39.0</ele>
      </trkpt>
      <trkpt lat="39.87562" lon="3.02127">
        <ele>39.0</ele>
      </trkpt>
      <trkpt lat="39.8756" lon="3.0213">
        <ele>38.9</ele>
      </trkpt>
      <trkpt lat="39.87559" lon="3.02133">
        <ele>38.8</ele>
      </trkpt>
      <trkpt lat="39.87558" lon="3.02136">
        <ele>38.7</ele>
      </trkpt>
      <trkpt lat="39.87557" lon="3.0214">
        <ele>38.6</ele>
      </trkpt>
      <trkpt lat="39.87557" lon="3.02143">
        <ele>38.6</ele>
      </trkpt>
      <trkpt lat="39.87557" lon="3.02146">
        <ele>38.5</ele>
      </trkpt>
      <trkpt lat="39.87557" lon="3.02147">
        <ele>38.5</ele>
      </trkpt>
      <trkpt lat="39.87557" lon="3.0215">
        <ele>38.4</ele>
      </trkpt>
      <trkpt lat="39.87558" lon="3.02154">
        <ele>38.3</ele>
      </trkpt>
      <trkpt lat="39.87551" lon="3.02167">
        <ele>38.0</ele>
      </trkpt>
      <trkpt lat="39.87543" lon="3.02182">
        <ele>37.9</ele>
      </trkpt>
      <trkpt lat="39.87529" lon="3.02195">
        <ele>37.8</ele>
      </trkpt>
      <trkpt lat="39.8752" lon="3.02203">
        <ele>37.7</ele>
      </trkpt>
      <trkpt lat="39.87513" lon="3.02209">
        <ele>37.6</ele>
      </trkpt>
      <trkpt lat="39.87498" lon="3.02221">
        <ele>37.4</ele>
      </trkpt>
      <trkpt lat="39.87482" lon="3.02233">
        <ele>37.4</ele>
      </trkpt>
      <trkpt lat="39.87448" lon="3.02262">
        <ele>37.5</ele>
      </trkpt>
      <trkpt lat="39.87441" lon="3.02267">
        <ele>37.5</ele>
      </trkpt>
      <trkpt lat="39.87437" lon="3.02272">
        <ele>37.5</ele>
      </trkpt>
      <trkpt lat="39.87435" lon="3.02274">
        <ele>37.5</ele>
      </trkpt>
      <trkpt lat="39.87432" lon="3.02277">
        <ele>37.5</ele>
      </trkpt>
      <trkpt lat="39.87429" lon="3.0228">
        <ele>37.5</ele>
      </trkpt>
      <trkpt lat="39.87427" lon="3.02283">
        <ele>37.5</ele>
      </trkpt>
      <trkpt lat="39.87425" lon="3.02286">
        <ele>37.5</ele>
      </trkpt>
      <trkpt lat="39.87424" lon="3.02289">
        <ele>37.4</ele>
      </trkpt>
      <trkpt lat="39.87423" lon="3.02291">
        <ele>37.4</ele>
      </trkpt>
      <trkpt lat="39.87421" lon="3.02295">
        <ele>37.4</ele>
      </trkpt>
      <trkpt lat="39.87414" lon="3.02316">
        <ele>37.4</ele>
      </trkpt>
      <trkpt lat="39.87407" lon="3.02342">
        <ele>37.5</ele>
      </trkpt>
      <trkpt lat="39.87403" lon="3.02355">
        <ele>37.4</ele>
      </trkpt>
      <trkpt lat="39.87401" lon="3.02358">
        <ele>37.4</ele>
      </trkpt>
      <trkpt lat="39.87398" lon="3.02365">
        <ele>37.4</ele>
      </trkpt>
      <trkpt lat="39.87394" lon="3.02373">
        <ele>37.4</ele>
      </trkpt>
      <trkpt lat="39.87389" lon="3.02383">
        <ele>37.4</ele>
      </trkpt>
      <trkpt lat="39.87382" lon="3.02395">
        <ele>37.4</ele>
      </trkpt>
      <trkpt lat="39.87372" lon="3.02416">
        <ele>37.2</ele>
      </trkpt>
      <trkpt lat="39.87356" lon="3.0246">
        <ele>36.6</ele>
      </trkpt>
      <trkpt lat="39.87353" lon="3.02467">
        <ele>36.5</ele>
      </trkpt>
      <trkpt lat="39.87329" lon="3.02537">
        <ele>36.3</ele>
      </trkpt>
      <trkpt lat="39.87326" lon="3.02548">
        <ele>36.7</ele>
      </trkpt>
      <trkpt lat="39.87305" lon="3.02598">
        <ele>39.4</ele>
      </trkpt>
      <trkpt lat="39.87296" lon="3.02625">
        <ele>40.4</ele>
      </trkpt>
      <trkpt lat="39.87294" lon="3.02634">
        <ele>40.6</ele>
      </trkpt>
      <trkpt lat="39.87293" lon="3.02637">
        <ele>40.6</ele>
      </trkpt>
      <trkpt lat="39.87292" lon="3.02637">
        <ele>40.8</ele>
      </trkpt>
      <trkpt lat="39.87292" lon="3.0264">
        <ele>40.7</ele>
      </trkpt>
      <trkpt lat="39.87291" lon="3.02646">
        <ele>40.7</ele>
      </trkpt>
      <trkpt lat="39.8729" lon="3.02655">
        <ele>40.6</ele>
      </trkpt>
      <trkpt lat="39.87286" lon="3.02693">
        <ele>39.8</ele>
      </trkpt>
      <trkpt lat="39.87283" lon="3.02716">
        <ele>39.2</ele>
      </trkpt>
      <trkpt lat="39.87283" lon="3.02724">
        <ele>38.8</ele>
      </trkpt>
      <trkpt lat="39.87283" lon="3.0273">
        <ele>38.6</ele>
      </trkpt>
      <trkpt lat="39.87283" lon="3.02735">
        <ele>38.3</ele>
      </trkpt>
      <trkpt lat="39.87283" lon="3.02741">
        <ele>38.1</ele>
      </trkpt>
      <trkpt lat="39.87283" lon="3.02746">
        <ele>37.8</ele>
      </trkpt>
      <trkpt lat="39.87283" lon="3.02751">
        <ele>37.6</ele>
      </trkpt>
      <trkpt lat="39.87283" lon="3.02758">
        <ele>37.2</ele>
      </trkpt>
      <trkpt lat="39.87282" lon="3.02767">
        <ele>36.9</ele>
      </trkpt>
      <trkpt lat="39.87278" lon="3.02784">
        <ele>36.4</ele>
      </trkpt>
      <trkpt lat="39.87274" lon="3.02799">
        <ele>36.0</ele>
      </trkpt>
      <trkpt lat="39.87268" lon="3.0282">
        <ele>35.3</ele>
      </trkpt>
      <trkpt lat="39.87268" lon="3.02821">
        <ele>35.2</ele>
      </trkpt>
      <trkpt lat="39.8726" lon="3.02842">
        <ele>34.8</ele>
      </trkpt>
      <trkpt lat="39.87252" lon="3.02862">
        <ele>34.5</ele>
      </trkpt>
      <trkpt lat="39.87247" lon="3.02874">
        <ele>34.8</ele>
      </trkpt>
      <trkpt lat="39.87235" lon="3.02904">
        <ele>36.1</ele>
      </trkpt>
      <trkpt lat="39.87227" lon="3.02925">
        <ele>36.7</ele>
      </trkpt>
      <trkpt lat="39.87219" lon="3.02946">
        <ele>37.0</ele>
      </trkpt>
      <trkpt lat="39.87214" lon="3.02959">
        <ele>37.1</ele>
      </trkpt>
      <trkpt lat="39.87211" lon="3.02967">
        <ele>37.1</ele>
      </trkpt>
      <trkpt lat="39.87207" lon="3.02975">
        <ele>37.2</ele>
      </trkpt>
      <trkpt lat="39.87182" lon="3.03037">
        <ele>35.7</ele>
      </trkpt>
      <trkpt lat="39.87176" lon="3.03052">
        <ele>34.8</ele>
      </trkpt>
      <trkpt lat="39.87174" lon="3.03058">
        <ele>34.4</ele>
      </trkpt>
      <trkpt lat="39.87172" lon="3.03064">
        <ele>33.9</ele>
      </trkpt>
      <trkpt lat="39.87169" lon="3.03071">
        <ele>33.3</ele>
      </trkpt>
      <trkpt lat="39.87166" lon="3.03077">
        <ele>32.9</ele>
      </trkpt>
      <trkpt lat="39.87165" lon="3.03083">
        <ele>32.5</ele>
      </trkpt>
      <trkpt lat="39.87165" lon="3.0309">
        <ele>32.0</ele>
      </trkpt>
      <trkpt lat="39.87164" lon="3.03099">
        <ele>31.7</ele>
      </trkpt>
      <trkpt lat="39.87165" lon="3.03108">
        <ele>30.9</ele>
      </trkpt>
      <trkpt lat="39.87167" lon="3.03118">
        <ele>29.9</ele>
      </trkpt>
      <trkpt lat="39.87169" lon="3.03128">
        <ele>29.3</ele>
      </trkpt>
      <trkpt lat="39.8717" lon="3.0314">
        <ele>28.5</ele>
      </trkpt>
      <trkpt lat="39.8717" lon="3.03149">
        <ele>28.0</ele>
      </trkpt>
      <trkpt lat="39.8717" lon="3.03156">
        <ele>27.6</ele>
      </trkpt>
      <trkpt lat="39.8717" lon="3.03163">
        <ele>27.2</ele>
      </trkpt>
      <trkpt lat="39.87169" lon="3.03172">
        <ele>27.0</ele>
      </trkpt>
      <trkpt lat="39.87168" lon="3.03172">
        <ele>27.0</ele>
      </trkpt>
      <trkpt lat="39.87161" lon="3.03193">
        <ele>27.2</ele>
      </trkpt>
      <trkpt lat="39.87156" lon="3.03209">
        <ele>27.2</ele>
      </trkpt>
      <trkpt lat="39.87147" lon="3.03236">
        <ele>27.0</ele>
      </trkpt>
      <trkpt lat="39.87146" lon="3.03237">
        <ele>27.0</ele>
      </trkpt>
      <trkpt lat="39.8714" lon="3.03253">
        <ele>26.6</ele>
      </trkpt>
      <trkpt lat="39.87139" lon="3.03259">
        <ele>26.5</ele>
      </trkpt>
      <trkpt lat="39.87126" lon="3.03294">
        <ele>26.0</ele>
      </trkpt>
      <trkpt lat="39.87089" lon="3.034">
        <ele>25.1</ele>
      </trkpt>
      <trkpt lat="39.87085" lon="3.03412">
        <ele>25.0</ele>
      </trkpt>
      <trkpt lat="39.87056" lon="3.0349">
        <ele>25.3</ele>
      </trkpt>
      <trkpt lat="39.8705" lon="3.03506">
        <ele>25.2</ele>
      </trkpt>
      <trkpt lat="39.87048" lon="3.03511">
        <ele>25.1</ele>
      </trkpt>
      <trkpt lat="39.87034" lon="3.0355">
        <ele>23.6</ele>
      </trkpt>
      <trkpt lat="39.87026" lon="3.03572">
        <ele>22.4</ele>
      </trkpt>
      <trkpt lat="39.87025" lon="3.03574">
        <ele>22.3</ele>
      </trkpt>
      <trkpt lat="39.8702" lon="3.03594">
        <ele>22.5</ele>
      </trkpt>
      <trkpt lat="39.87017" lon="3.03607">
        <ele>22.6</ele>
      </trkpt>
      <trkpt lat="39.87015" lon="3.03614">
        <ele>22.7</ele>
      </trkpt>
      <trkpt lat="39.87003" lon="3.03668">
        <ele>23.3</ele>
      </trkpt>
      <trkpt lat="39.87001" lon="3.03674">
        <ele>23.4</ele>
      </trkpt>
      <trkpt lat="39.86998" lon="3.03688">
        <ele>23.5</ele>
      </trkpt>
      <trkpt lat="39.86996" lon="3.03697">
        <ele>23.7</ele>
      </trkpt>
      <trkpt lat="39.86991" lon="3.03719">
        <ele>23.5</ele>
      </trkpt>
      <trkpt lat="39.86986" lon="3.03743">
        <ele>23.4</ele>
      </trkpt>
      <trkpt lat="39.86983" lon="3.03757">
        <ele>23.5</ele>
      </trkpt>
      <trkpt lat="39.86982" lon="3.03764">
        <ele>23.6</ele>
      </trkpt>
      <trkpt lat="39.8698" lon="3.0377">
        <ele>23.7</ele>
      </trkpt>
      <trkpt lat="39.86979" lon="3.03775">
        <ele>23.7</ele>
      </trkpt>
      <trkpt lat="39.86978" lon="3.03779">
        <ele>23.8</ele>
      </trkpt>
      <trkpt lat="39.86976" lon="3.03788">
        <ele>23.9</ele>
      </trkpt>
      <trkpt lat="39.86972" lon="3.03798">
        <ele>24.1</ele>
      </trkpt>
      <trkpt lat="39.86968" lon="3.03808">
        <ele>24.2</ele>
      </trkpt>
      <trkpt lat="39.86965" lon="3.03816">
        <ele>24.3</ele>
      </trkpt>
      <trkpt lat="39.8696" lon="3.03823">
        <ele>24.4</ele>
      </trkpt>
      <trkpt lat="39.86949" lon="3.03836">
        <ele>24.6</ele>
      </trkpt>
      <trkpt lat="39.8694" lon="3.03847">
        <ele>24.5</ele>
      </trkpt>
      <trkpt lat="39.86935" lon="3.03853">
        <ele>24.4</ele>
      </trkpt>
      <trkpt lat="39.86929" lon="3.03859">
        <ele>24.3</ele>
      </trkpt>
      <trkpt lat="39.86923" lon="3.03866">
        <ele>24.2</ele>
      </trkpt>
      <trkpt lat="39.86919" lon="3.03871">
        <ele>24.1</ele>
      </trkpt>
      <trkpt lat="39.86912" lon="3.03882">
        <ele>24.1</ele>
      </trkpt>
      <trkpt lat="39.86907" lon="3.03889">
        <ele>24.3</ele>
      </trkpt>
      <trkpt lat="39.86901" lon="3.039">
        <ele>24.5</ele>
      </trkpt>
      <trkpt lat="39.86891" lon="3.03917">
        <ele>24.9</ele>
      </trkpt>
      <trkpt lat="39.8689" lon="3.03918">
        <ele>25.0</ele>
      </trkpt>
      <trkpt lat="39.86866" lon="3.03956">
        <ele>28.3</ele>
      </trkpt>
      <trkpt lat="39.86863" lon="3.03962">
        <ele>28.8</ele>
      </trkpt>
      <trkpt lat="39.86861" lon="3.03966">
        <ele>29.2</ele>
      </trkpt>
      <trkpt lat="39.8686" lon="3.03968">
        <ele>29.3</ele>
      </trkpt>
      <trkpt lat="39.86857" lon="3.03971">
        <ele>29.7</ele>
      </trkpt>
      <trkpt lat="39.86854" lon="3.03976">
        <ele>30.2</ele>
      </trkpt>
      <trkpt lat="39.8685" lon="3.0398">
        <ele>30.7</ele>
      </trkpt>
      <trkpt lat="39.86849" lon="3.03981">
        <ele>30.8</ele>
      </trkpt>
      <trkpt lat="39.86847" lon="3.03982">
        <ele>31.0</ele>
      </trkpt>
      <trkpt lat="39.86805" lon="3.03996">
        <ele>33.5</ele>
      </trkpt>
      <trkpt lat="39.8679" lon="3.04001">
        <ele>34.0</ele>
      </trkpt>
      <trkpt lat="39.86778" lon="3.04006">
        <ele>34.4</ele>
      </trkpt>
      <trkpt lat="39.86772" lon="3.0401">
        <ele>34.5</ele>
      </trkpt>
      <trkpt lat="39.86764" lon="3.04017">
        <ele>34.8</ele>
      </trkpt>
      <trkpt lat="39.86761" lon="3.0402">
        <ele>34.9</ele>
      </trkpt>
      <trkpt lat="39.86749" lon="3.04031">
        <ele>35.4</ele>
      </trkpt>
      <trkpt lat="39.86717" lon="3.04064">
        <ele>36.8</ele>
      </trkpt>
      <trkpt lat="39.86665" lon="3.04118">
        <ele>39.0</ele>
      </trkpt>
      <trkpt lat="39.86653" lon="3.0413">
        <ele>39.2</ele>
      </trkpt>
      <trkpt lat="39.86651" lon="3.04133">
        <ele>39.2</ele>
      </trkpt>
      <trkpt lat="39.86637" lon="3.04147">
        <ele>39.4</ele>
      </trkpt>
      <trkpt lat="39.86622" lon="3.04162">
        <ele>39.5</ele>
      </trkpt>
      <trkpt lat="39.86611" lon="3.04174">
        <ele>39.2</ele>
      </trkpt>
      <trkpt lat="39.86593" lon="3.04193">
        <ele>38.3</ele>
      </trkpt>
      <trkpt lat="39.8658" lon="3.04206">
        <ele>37.8</ele>
      </trkpt>
      <trkpt lat="39.86568" lon="3.04219">
        <ele>37.5</ele>
      </trkpt>
      <trkpt lat="39.86551" lon="3.04236">
        <ele>37.3</ele>
      </trkpt>
      <trkpt lat="39.86546" lon="3.04242">
        <ele>37.2</ele>
      </trkpt>
      <trkpt lat="39.86519" lon="3.04273">
        <ele>38.0</ele>
      </trkpt>
      <trkpt lat="39.86513" lon="3.04279">
        <ele>38.3</ele>
      </trkpt>
      <trkpt lat="39.86469" lon="3.04331">
        <ele>40.1</ele>
      </trkpt>
      <trkpt lat="39.86464" lon="3.04337">
        <ele>40.4</ele>
      </trkpt>
      <trkpt lat="39.86461" lon="3.04341">
        <ele>40.6</ele>
      </trkpt>
      <trkpt lat="39.86457" lon="3.04345">
        <ele>40.8</ele>
      </trkpt>
      <trkpt lat="39.86445" lon="3.0436">
        <ele>41.5</ele>
      </trkpt>
      <trkpt lat="39.86423" lon="3.04383">
        <ele>42.5</ele>
      </trkpt>
      <trkpt lat="39.86416" lon="3.04391">
        <ele>42.7</ele>
      </trkpt>
      <trkpt lat="39.86409" lon="3.04398">
        <ele>42.4</ele>
      </trkpt>
      <trkpt lat="39.86402" lon="3.04405">
        <ele>42.1</ele>
      </trkpt>
      <trkpt lat="39.864" lon="3.04408">
        <ele>42.0</ele>
      </trkpt>
      <trkpt lat="39.86396" lon="3.04413">
        <ele>41.7</ele>
      </trkpt>
      <trkpt lat="39.86383" lon="3.0443">
        <ele>41.4</ele>
      </trkpt>
      <trkpt lat="39.86376" lon="3.04438">
        <ele>41.1</ele>
      </trkpt>
      <trkpt lat="39.8637" lon="3.04446">
        <ele>40.8</ele>
      </trkpt>
      <trkpt lat="39.86357" lon="3.04462">
        <ele>40.0</ele>
      </trkpt>
      <trkpt lat="39.86356" lon="3.04463">
        <ele>40.0</ele>
      </trkpt>
      <trkpt lat="39.86317" lon="3.04517">
        <ele>37.2</ele>
      </trkpt>
      <trkpt lat="39.86299" lon="3.04546">
        <ele>36.4</ele>
      </trkpt>
      <trkpt lat="39.86286" lon="3.04568">
        <ele>35.8</ele>
      </trkpt>
      <trkpt lat="39.8628" lon="3.04577">
        <ele>35.4</ele>
      </trkpt>
      <trkpt lat="39.86276" lon="3.04584">
        <ele>35.2</ele>
      </trkpt>
      <trkpt lat="39.86253" lon="3.04624">
        <ele>33.3</ele>
      </trkpt>
      <trkpt lat="39.86243" lon="3.04639">
        <ele>32.6</ele>
      </trkpt>
      <trkpt lat="39.86242" lon="3.04642">
        <ele>32.5</ele>
      </trkpt>
      <trkpt lat="39.86237" lon="3.0465">
        <ele>32.1</ele>
      </trkpt>
      <trkpt lat="39.86228" lon="3.04658">
        <ele>31.5</ele>
      </trkpt>
      <trkpt lat="39.86221" lon="3.04663">
        <ele>30.9</ele>
      </trkpt>
      <trkpt lat="39.86212" lon="3.04669">
        <ele>30.2</ele>
      </trkpt>
      <trkpt lat="39.86205" lon="3.04674">
        <ele>29.6</ele>
      </trkpt>
      <trkpt lat="39.86197" lon="3.04684">
        <ele>28.9</ele>
      </trkpt>
      <trkpt lat="39.86196" lon="3.04684">
        <ele>28.8</ele>
      </trkpt>
      <trkpt lat="39.86184" lon="3.04702">
        <ele>27.7</ele>
      </trkpt>
      <trkpt lat="39.8618" lon="3.04707">
        <ele>27.4</ele>
      </trkpt>
      <trkpt lat="39.86172" lon="3.04719">
        <ele>26.7</ele>
      </trkpt>
      <trkpt lat="39.86144" lon="3.04758">
        <ele>25.5</ele>
      </trkpt>
      <trkpt lat="39.86141" lon="3.04761">
        <ele>25.4</ele>
      </trkpt>
      <trkpt lat="39.86141" lon="3.04763">
        <ele>25.4</ele>
      </trkpt>
      <trkpt lat="39.8613" lon="3.04779">
        <ele>25.0</ele>
      </trkpt>
      <trkpt lat="39.86115" lon="3.04802">
        <ele>24.2</ele>
      </trkpt>
      <trkpt lat="39.86078" lon="3.04854">
        <ele>22.0</ele>
      </trkpt>
      <trkpt lat="39.86078" lon="3.04855">
        <ele>22.1</ele>
      </trkpt>
      <trkpt lat="39.86042" lon="3.04902">
        <ele>20.9</ele>
      </trkpt>
      <trkpt lat="39.86012" lon="3.04941">
        <ele>19.1</ele>
      </trkpt>
      <trkpt lat="39.85986" lon="3.04975">
        <ele>17.5</ele>
      </trkpt>
      <trkpt lat="39.85968" lon="3.05">
        <ele>17.0</ele>
      </trkpt>
      <trkpt lat="39.85963" lon="3.05006">
        <ele>17.0</ele>
      </trkpt>
      <trkpt lat="39.85928" lon="3.0505">
        <ele>17.5</ele>
      </trkpt>
      <trkpt lat="39.85924" lon="3.05055">
        <ele>17.6</ele>
      </trkpt>
      <trkpt lat="39.85911" lon="3.05072">
        <ele>18.0</ele>
      </trkpt>
      <trkpt lat="39.85908" lon="3.05076">
        <ele>18.1</ele>
      </trkpt>
      <trkpt lat="39.85893" lon="3.05096">
        <ele>18.4</ele>
      </trkpt>
      <trkpt lat="39.85881" lon="3.05111">
        <ele>18.5</ele>
      </trkpt>
      <trkpt lat="39.85873" lon="3.05122">
        <ele>18.6</ele>
      </trkpt>
      <trkpt lat="39.85863" lon="3.05136">
        <ele>18.7</ele>
      </trkpt>
      <trkpt lat="39.85861" lon="3.05139">
        <ele>18.7</ele>
      </trkpt>
      <trkpt lat="39.85857" lon="3.05144">
        <ele>18.7</ele>
      </trkpt>
      <trkpt lat="39.85848" lon="3.05155">
        <ele>18.8</ele>
      </trkpt>
      <trkpt lat="39.85841" lon="3.05164">
        <ele>18.8</ele>
      </trkpt>
      <trkpt lat="39.85817" lon="3.05195">
        <ele>18.6</ele>
      </trkpt>
      <trkpt lat="39.85813" lon="3.052">
        <ele>18.6</ele>
      </trkpt>
      <trkpt lat="39.8581" lon="3.05203">
        <ele>18.7</ele>
      </trkpt>
      <trkpt lat="39.85809" lon="3.05204">
        <ele>18.7</ele>
      </trkpt>
      <trkpt lat="39.85807" lon="3.05207">
        <ele>18.7</ele>
      </trkpt>
      <trkpt lat="39.858" lon="3.05216">
        <ele>18.7</ele>
      </trkpt>
      <trkpt lat="39.85796" lon="3.0522">
        <ele>18.7</ele>
      </trkpt>
      <trkpt lat="39.85793" lon="3.05225">
        <ele>18.8</ele>
      </trkpt>
      <trkpt lat="39.85792" lon="3.05225">
        <ele>18.8</ele>
      </trkpt>
      <trkpt lat="39.85786" lon="3.05233">
        <ele>18.9</ele>
      </trkpt>
      <trkpt lat="39.85783" lon="3.05237">
        <ele>18.9</ele>
      </trkpt>
      <trkpt lat="39.8578" lon="3.05241">
        <ele>19.0</ele>
      </trkpt>
      <trkpt lat="39.85779" lon="3.05241">
        <ele>19.0</ele>
      </trkpt>
      <trkpt lat="39.8577" lon="3.05253">
        <ele>19.3</ele>
      </trkpt>
      <trkpt lat="39.85767" lon="3.05258">
        <ele>19.3</ele>
      </trkpt>
      <trkpt lat="39.85766" lon="3.05258">
        <ele>19.4</ele>
      </trkpt>
      <trkpt lat="39.85759" lon="3.05268">
        <ele>19.6</ele>
      </trkpt>
      <trkpt lat="39.85758" lon="3.0527">
        <ele>19.7</ele>
      </trkpt>
      <trkpt lat="39.85751" lon="3.0528">
        <ele>20.0</ele>
      </trkpt>
      <trkpt lat="39.85746" lon="3.05287">
        <ele>20.3</ele>
      </trkpt>
      <trkpt lat="39.85734" lon="3.05301">
        <ele>21.0</ele>
      </trkpt>
      <trkpt lat="39.85733" lon="3.05303">
        <ele>21.1</ele>
      </trkpt>
      <trkpt lat="39.85726" lon="3.05313">
        <ele>21.5</ele>
      </trkpt>
      <trkpt lat="39.85724" lon="3.05317">
        <ele>21.6</ele>
      </trkpt>
      <trkpt lat="39.85723" lon="3.05321">
        <ele>21.7</ele>
      </trkpt>
      <trkpt lat="39.85722" lon="3.05322">
        <ele>21.7</ele>
      </trkpt>
      <trkpt lat="39.8572" lon="3.05327">
        <ele>21.8</ele>
      </trkpt>
      <trkpt lat="39.85717" lon="3.05336">
        <ele>21.9</ele>
      </trkpt>
      <trkpt lat="39.85715" lon="3.05343">
        <ele>21.8</ele>
      </trkpt>
      <trkpt lat="39.85715" lon="3.05345">
        <ele>21.8</ele>
      </trkpt>
      <trkpt lat="39.85713" lon="3.05356">
        <ele>21.6</ele>
      </trkpt>
      <trkpt lat="39.85711" lon="3.05366">
        <ele>21.4</ele>
      </trkpt>
      <trkpt lat="39.85711" lon="3.05367">
        <ele>21.4</ele>
      </trkpt>
      <trkpt lat="39.85711" lon="3.05373">
        <ele>21.2</ele>
      </trkpt>
      <trkpt lat="39.8571" lon="3.0538">
        <ele>21.0</ele>
      </trkpt>
      <trkpt lat="39.85709" lon="3.0539">
        <ele>20.8</ele>
      </trkpt>
      <trkpt lat="39.85709" lon="3.05393">
        <ele>20.7</ele>
      </trkpt>
      <trkpt lat="39.85707" lon="3.05405">
        <ele>20.4</ele>
      </trkpt>
      <trkpt lat="39.85706" lon="3.05412">
        <ele>20.2</ele>
      </trkpt>
      <trkpt lat="39.85705" lon="3.05414">
        <ele>20.2</ele>
      </trkpt>
      <trkpt lat="39.85704" lon="3.05421">
        <ele>19.9</ele>
      </trkpt>
      <trkpt lat="39.85702" lon="3.05428">
        <ele>19.7</ele>
      </trkpt>
      <trkpt lat="39.85699" lon="3.05438">
        <ele>19.5</ele>
      </trkpt>
      <trkpt lat="39.85695" lon="3.05448">
        <ele>19.2</ele>
      </trkpt>
      <trkpt lat="39.85692" lon="3.05456">
        <ele>19.0</ele>
      </trkpt>
      <trkpt lat="39.8569" lon="3.05459">
        <ele>18.9</ele>
      </trkpt>
      <trkpt lat="39.85682" lon="3.05475">
        <ele>18.5</ele>
      </trkpt>
      <trkpt lat="39.85678" lon="3.05481">
        <ele>18.4</ele>
      </trkpt>
      <trkpt lat="39.8567" lon="3.05493">
        <ele>18.2</ele>
      </trkpt>
      <trkpt lat="39.85662" lon="3.05506">
        <ele>18.1</ele>
      </trkpt>
      <trkpt lat="39.85644" lon="3.05535">
        <ele>18.5</ele>
      </trkpt>
      <trkpt lat="39.85639" lon="3.05543">
        <ele>18.5</ele>
      </trkpt>
      <trkpt lat="39.85619" lon="3.05574">
        <ele>18.4</ele>
      </trkpt>
      <trkpt lat="39.85616" lon="3.05579">
        <ele>18.4</ele>
      </trkpt>
      <trkpt lat="39.85572" lon="3.05648">
        <ele>17.1</ele>
      </trkpt>
      <trkpt lat="39.8557" lon="3.0565">
        <ele>17.0</ele>
      </trkpt>
      <trkpt lat="39.85483" lon="3.05785">
        <ele>15.7</ele>
      </trkpt>
      <trkpt lat="39.85474" lon="3.05799">
        <ele>15.8</ele>
      </trkpt>
      <trkpt lat="39.85461" lon="3.0582">
        <ele>16.0</ele>
      </trkpt>
      <trkpt lat="39.85455" lon="3.0583">
        <ele>16.0</ele>
      </trkpt>
      <trkpt lat="39.85454" lon="3.05831">
        <ele>16.0</ele>
      </trkpt>
      <trkpt lat="39.85397" lon="3.05919">
        <ele>16.7</ele>
      </trkpt>
      <trkpt lat="39.85389" lon="3.05931">
        <ele>16.4</ele>
      </trkpt>
      <trkpt lat="39.85373" lon="3.05957">
        <ele>15.8</ele>
      </trkpt>
      <trkpt lat="39.85359" lon="3.05978">
        <ele>15.3</ele>
      </trkpt>
      <trkpt lat="39.85353" lon="3.05987">
        <ele>15.2</ele>
      </trkpt>
      <trkpt lat="39.85347" lon="3.05997">
        <ele>15.0</ele>
      </trkpt>
      <trkpt lat="39.85345" lon="3.05999">
        <ele>15.0</ele>
      </trkpt>
      <trkpt lat="39.85342" lon="3.06002">
        <ele>14.9</ele>
      </trkpt>
      <trkpt lat="39.85339" lon="3.06005">
        <ele>14.8</ele>
      </trkpt>
      <trkpt lat="39.85335" lon="3.06008">
        <ele>14.7</ele>
      </trkpt>
      <trkpt lat="39.85316" lon="3.06016">
        <ele>14.4</ele>
      </trkpt>
      <trkpt lat="39.85315" lon="3.06017">
        <ele>14.3</ele>
      </trkpt>
      <trkpt lat="39.85311" lon="3.06019">
        <ele>14.3</ele>
      </trkpt>
      <trkpt lat="39.85309" lon="3.0602">
        <ele>14.2</ele>
      </trkpt>
      <trkpt lat="39.85307" lon="3.06021">
        <ele>14.2</ele>
      </trkpt>
      <trkpt lat="39.85304" lon="3.06024">
        <ele>14.2</ele>
      </trkpt>
      <trkpt lat="39.85302" lon="3.06026">
        <ele>14.1</ele>
      </trkpt>
      <trkpt lat="39.85301" lon="3.06049">
        <ele>13.9</ele>
      </trkpt>
      <trkpt lat="39.85299" lon="3.06066">
        <ele>13.4</ele>
      </trkpt>
      <trkpt lat="39.85298" lon="3.06074">
        <ele>13.1</ele>
      </trkpt>
      <trkpt lat="39.85295" lon="3.06085">
        <ele>12.9</ele>
      </trkpt>
      <trkpt lat="39.85289" lon="3.0611">
        <ele>13.2</ele>
      </trkpt>
      <trkpt lat="39.85288" lon="3.06116">
        <ele>13.3</ele>
      </trkpt>
      <trkpt lat="39.85284" lon="3.0613">
        <ele>13.4</ele>
      </trkpt>
      <trkpt lat="39.85283" lon="3.06135">
        <ele>13.5</ele>
      </trkpt>
      <trkpt lat="39.85278" lon="3.06153">
        <ele>13.6</ele>
      </trkpt>
      <trkpt lat="39.85277" lon="3.06159">
        <ele>13.6</ele>
      </trkpt>
      <trkpt lat="39.85267" lon="3.06204">
        <ele>13.1</ele>
      </trkpt>
      <trkpt lat="39.85254" lon="3.0626">
        <ele>11.9</ele>
      </trkpt>
      <trkpt lat="39.85238" lon="3.06323">
        <ele>11.2</ele>
      </trkpt>
      <trkpt lat="39.85223" lon="3.06386">
        <ele>11.8</ele>
      </trkpt>
      <trkpt lat="39.85205" lon="3.06459">
        <ele>11.5</ele>
      </trkpt>
      <trkpt lat="39.85189" lon="3.06527">
        <ele>10.8</ele>
      </trkpt>
      <trkpt lat="39.85186" lon="3.06536">
        <ele>10.8</ele>
      </trkpt>
      <trkpt lat="39.85182" lon="3.06554">
        <ele>10.6</ele>
      </trkpt>
      <trkpt lat="39.85177" lon="3.06576">
        <ele>10.3</ele>
      </trkpt>
      <trkpt lat="39.85171" lon="3.06599">
        <ele>10.3</ele>
      </trkpt>
      <trkpt lat="39.85168" lon="3.06611">
        <ele>10.4</ele>
      </trkpt>
      <trkpt lat="39.85166" lon="3.06621">
        <ele>10.5</ele>
      </trkpt>
      <trkpt lat="39.85154" lon="3.06665">
        <ele>11.0</ele>
      </trkpt>
      <trkpt lat="39.85149" lon="3.06688">
        <ele>11.1</ele>
      </trkpt>
      <trkpt lat="39.85148" lon="3.0669">
        <ele>11.1</ele>
      </trkpt>
      <trkpt lat="39.85143" lon="3.0671">
        <ele>11.1</ele>
      </trkpt>
      <trkpt lat="39.85127" lon="3.06778">
        <ele>12.0</ele>
      </trkpt>
      <trkpt lat="39.85127" lon="3.06779">
        <ele>12.0</ele>
      </trkpt>
      <trkpt lat="39.85122" lon="3.068">
        <ele>12.5</ele>
      </trkpt>
      <trkpt lat="39.85116" lon="3.06822">
        <ele>13.0</ele>
      </trkpt>
      <trkpt lat="39.85108" lon="3.06856">
        <ele>13.2</ele>
      </trkpt>
      <trkpt lat="39.85106" lon="3.06863">
        <ele>13.2</ele>
      </trkpt>
      <trkpt lat="39.85104" lon="3.06871">
        <ele>13.2</ele>
      </trkpt>
      <trkpt lat="39.85102" lon="3.06881">
        <ele>13.1</ele>
      </trkpt>
      <trkpt lat="39.85098" lon="3.06891">
        <ele>13.1</ele>
      </trkpt>
      <trkpt lat="39.85093" lon="3.06902">
        <ele>13.0</ele>
      </trkpt>
      <trkpt lat="39.85088" lon="3.06912">
        <ele>13.0</ele>
      </trkpt>
      <trkpt lat="39.8507" lon="3.06948">
        <ele>12.7</ele>
      </trkpt>
      <trkpt lat="39.85048" lon="3.06992">
        <ele>12.5</ele>
      </trkpt>
      <trkpt lat="39.85042" lon="3.07006">
        <ele>12.4</ele>
      </trkpt>
      <trkpt lat="39.85019" lon="3.07057">
        <ele>12.1</ele>
      </trkpt>
      <trkpt lat="39.84992" lon="3.07113">
        <ele>11.5</ele>
      </trkpt>
      <trkpt lat="39.84987" lon="3.07122">
        <ele>11.4</ele>
      </trkpt>
      <trkpt lat="39.84984" lon="3.07127">
        <ele>11.3</ele>
      </trkpt>
      <trkpt lat="39.84982" lon="3.07131">
        <ele>11.2</ele>
      </trkpt>
      <trkpt lat="39.84972" lon="3.07145">
        <ele>10.9</ele>
      </trkpt>
      <trkpt lat="39.84959" lon="3.07161">
        <ele>10.6</ele>
      </trkpt>
      <trkpt lat="39.84947" lon="3.07179">
        <ele>10.1</ele>
      </trkpt>
      <trkpt lat="39.84945" lon="3.07182">
        <ele>10.0</ele>
      </trkpt>
      <trkpt lat="39.84935" lon="3.07196">
        <ele>9.6</ele>
      </trkpt>
      <trkpt lat="39.84934" lon="3.07196">
        <ele>9.6</ele>
      </trkpt>
      <trkpt lat="39.84892" lon="3.07256">
        <ele>8.4</ele>
      </trkpt>
      <trkpt lat="39.84886" lon="3.07264">
        <ele>8.5</ele>
      </trkpt>
      <trkpt lat="39.84838" lon="3.07331">
        <ele>9.9</ele>
      </trkpt>
      <trkpt lat="39.84793" lon="3.07392">
        <ele>10.5</ele>
      </trkpt>
      <trkpt lat="39.84768" lon="3.07426">
        <ele>10.8</ele>
      </trkpt>
      <trkpt lat="39.84764" lon="3.07432">
        <ele>10.8</ele>
      </trkpt>
      <trkpt lat="39.8474" lon="3.07464">
        <ele>11.1</ele>
      </trkpt>
      <trkpt lat="39.84728" lon="3.07481">
        <ele>11.3</ele>
      </trkpt>
      <trkpt lat="39.84714" lon="3.07501">
        <ele>11.4</ele>
      </trkpt>
      <trkpt lat="39.84678" lon="3.07549">
        <ele>11.4</ele>
      </trkpt>
      <trkpt lat="39.84653" lon="3.07583">
        <ele>11.0</ele>
      </trkpt>
      <trkpt lat="39.84618" lon="3.07635">
        <ele>11.0</ele>
      </trkpt>
      <trkpt lat="39.8461" lon="3.07646">
        <ele>11.0</ele>
      </trkpt>
      <trkpt lat="39.84607" lon="3.07651">
        <ele>11.0</ele>
      </trkpt>
      <trkpt lat="39.84556" lon="3.0772">
        <ele>11.4</ele>
      </trkpt>
      <trkpt lat="39.84544" lon="3.07738">
        <ele>11.5</ele>
      </trkpt>
      <trkpt lat="39.84541" lon="3.07742">
        <ele>11.6</ele>
      </trkpt>
      <trkpt lat="39.84532" lon="3.07755">
        <ele>11.6</ele>
      </trkpt>
      <trkpt lat="39.84529" lon="3.07759">
        <ele>11.7</ele>
      </trkpt>
      <trkpt lat="39.84524" lon="3.07765">
        <ele>11.7</ele>
      </trkpt>
      <trkpt lat="39.84486" lon="3.07818">
        <ele>12.1</ele>
      </trkpt>
      <trkpt lat="39.84463" lon="3.07848">
        <ele>12.8</ele>
      </trkpt>
      <trkpt lat="39.84454" lon="3.0786">
        <ele>13.2</ele>
      </trkpt>
      <trkpt lat="39.8445" lon="3.07864">
        <ele>13.3</ele>
      </trkpt>
      <trkpt lat="39.8444" lon="3.07874">
        <ele>13.7</ele>
      </trkpt>
      <trkpt lat="39.84432" lon="3.07882">
        <ele>14.0</ele>
      </trkpt>
      <trkpt lat="39.84415" lon="3.07902">
        <ele>14.7</ele>
      </trkpt>
      <trkpt lat="39.84412" lon="3.07905">
        <ele>14.7</ele>
      </trkpt>
      <trkpt lat="39.84386" lon="3.07936">
        <ele>15.3</ele>
      </trkpt>
      <trkpt lat="39.84365" lon="3.07959">
        <ele>15.8</ele>
      </trkpt>
      <trkpt lat="39.84346" lon="3.07981">
        <ele>16.4</ele>
      </trkpt>
      <trkpt lat="39.84345" lon="3.07982">
        <ele>16.5</ele>
      </trkpt>
      <trkpt lat="39.84328" lon="3.08">
        <ele>17.1</ele>
      </trkpt>
      <trkpt lat="39.84313" lon="3.08018">
        <ele>17.7</ele>
      </trkpt>
      <trkpt lat="39.84307" lon="3.08025">
        <ele>17.9</ele>
      </trkpt>
      <trkpt lat="39.84292" lon="3.08041">
        <ele>18.5</ele>
      </trkpt>
      <trkpt lat="39.8427" lon="3.08066">
        <ele>19.3</ele>
      </trkpt>
      <trkpt lat="39.84266" lon="3.0807">
        <ele>19.5</ele>
      </trkpt>
      <trkpt lat="39.84243" lon="3.08097">
        <ele>20.5</ele>
      </trkpt>
      <trkpt lat="39.84232" lon="3.0811">
        <ele>21.1</ele>
      </trkpt>
      <trkpt lat="39.84222" lon="3.0812">
        <ele>21.6</ele>
      </trkpt>
      <trkpt lat="39.84217" lon="3.08127">
        <ele>21.9</ele>
      </trkpt>
      <trkpt lat="39.84216" lon="3.08128">
        <ele>21.9</ele>
      </trkpt>
      <trkpt lat="39.84213" lon="3.08129">
        <ele>22.1</ele>
      </trkpt>
      <trkpt lat="39.84212" lon="3.0813">
        <ele>22.1</ele>
      </trkpt>
      <trkpt lat="39.8421" lon="3.08131">
        <ele>22.2</ele>
      </trkpt>
      <trkpt lat="39.84206" lon="3.08132">
        <ele>22.4</ele>
      </trkpt>
      <trkpt lat="39.84203" lon="3.08133">
        <ele>22.5</ele>
      </trkpt>
      <trkpt lat="39.84193" lon="3.08136">
        <ele>22.9</ele>
      </trkpt>
      <trkpt lat="39.84191" lon="3.08136">
        <ele>23.0</ele>
      </trkpt>
      <trkpt lat="39.84177" lon="3.08135">
        <ele>23.6</ele>
      </trkpt>
      <trkpt lat="39.8417" lon="3.0813">
        <ele>23.9</ele>
      </trkpt>
      <trkpt lat="39.84154" lon="3.08129">
        <ele>24.3</ele>
      </trkpt>
      <trkpt lat="39.84154" lon="3.08129">
        <ele>24.3</ele>
      </trkpt>
      <trkpt lat="39.84152" lon="3.08126">
        <ele>24.4</ele>
      </trkpt>
      <trkpt lat="39.8415" lon="3.08123">
        <ele>24.4</ele>
      </trkpt>
      <trkpt lat="39.84149" lon="3.08121">
        <ele>24.4</ele>
      </trkpt>
      <trkpt lat="39.84147" lon="3.08119">
        <ele>24.5</ele>
      </trkpt>
      <trkpt lat="39.84145" lon="3.08118">
        <ele>24.5</ele>
      </trkpt>
      <trkpt lat="39.84143" lon="3.08116">
        <ele>24.6</ele>
      </trkpt>
      <trkpt lat="39.84141" lon="3.08115">
        <ele>24.6</ele>
      </trkpt>
      <trkpt lat="39.84139" lon="3.08114">
        <ele>24.7</ele>
      </trkpt>
      <trkpt lat="39.84137" lon="3.08114">
        <ele>24.7</ele>
      </trkpt>
      <trkpt lat="39.84135" lon="3.08113">
        <ele>24.8</ele>
      </trkpt>
      <trkpt lat="39.84132" lon="3.08113">
        <ele>24.8</ele>
      </trkpt>
      <trkpt lat="39.84131" lon="3.08113">
        <ele>24.9</ele>
      </trkpt>
      <trkpt lat="39.8413" lon="3.08114">
        <ele>24.9</ele>
      </trkpt>
      <trkpt lat="39.84128" lon="3.08114">
        <ele>24.9</ele>
      </trkpt>
      <trkpt lat="39.84127" lon="3.08114">
        <ele>25.0</ele>
      </trkpt>
      <trkpt lat="39.84126" lon="3.08115">
        <ele>25.0</ele>
      </trkpt>
      <trkpt lat="39.84124" lon="3.08116">
        <ele>25.0</ele>
      </trkpt>
      <trkpt lat="39.84123" lon="3.08116">
        <ele>25.0</ele>
      </trkpt>
      <trkpt lat="39.84122" lon="3.08117">
        <ele>25.1</ele>
      </trkpt>
      <trkpt lat="39.84119" lon="3.0812">
        <ele>25.1</ele>
      </trkpt>
      <trkpt lat="39.84117" lon="3.08122">
        <ele>25.2</ele>
      </trkpt>
      <trkpt lat="39.84116" lon="3.08124">
        <ele>25.2</ele>
      </trkpt>
      <trkpt lat="39.84114" lon="3.08126">
        <ele>25.3</ele>
      </trkpt>
      <trkpt lat="39.84113" lon="3.08129">
        <ele>25.3</ele>
      </trkpt>
      <trkpt lat="39.84112" lon="3.08132">
        <ele>25.3</ele>
      </trkpt>
      <trkpt lat="39.84112" lon="3.08134">
        <ele>25.3</ele>
      </trkpt>
      <trkpt lat="39.84111" lon="3.08137">
        <ele>25.3</ele>
      </trkpt>
      <trkpt lat="39.84111" lon="3.0814">
        <ele>25.3</ele>
      </trkpt>
      <trkpt lat="39.84111" lon="3.08143">
        <ele>25.3</ele>
      </trkpt>
      <trkpt lat="39.84111" lon="3.08146">
        <ele>25.3</ele>
      </trkpt>
      <trkpt lat="39.84111" lon="3.08149">
        <ele>25.3</ele>
      </trkpt>
      <trkpt lat="39.84112" lon="3.08152">
        <ele>25.3</ele>
      </trkpt>
      <trkpt lat="39.84113" lon="3.08155">
        <ele>25.3</ele>
      </trkpt>
      <trkpt lat="39.84119" lon="3.08165">
        <ele>25.1</ele>
      </trkpt>
      <trkpt lat="39.84121" lon="3.08167">
        <ele>25.1</ele>
      </trkpt>
      <trkpt lat="39.84123" lon="3.08169">
        <ele>25.0</ele>
      </trkpt>
      <trkpt lat="39.84125" lon="3.0817">
        <ele>25.0</ele>
      </trkpt>
      <trkpt lat="39.84127" lon="3.08171">
        <ele>24.9</ele>
      </trkpt>
      <trkpt lat="39.8413" lon="3.08172">
        <ele>24.8</ele>
      </trkpt>
      <trkpt lat="39.84132" lon="3.08172">
        <ele>24.8</ele>
      </trkpt>
      <trkpt lat="39.84134" lon="3.08172">
        <ele>24.7</ele>
      </trkpt>
      <trkpt lat="39.84136" lon="3.08172">
        <ele>24.7</ele>
      </trkpt>
      <trkpt lat="39.84139" lon="3.08171">
        <ele>24.6</ele>
      </trkpt>
      <trkpt lat="39.84154" lon="3.08205">
        <ele>23.8</ele>
      </trkpt>
      <trkpt lat="39.8416" lon="3.08216">
        <ele>23.6</ele>
      </trkpt>
      <trkpt lat="39.84169" lon="3.08239">
        <ele>23.1</ele>
      </trkpt>
      <trkpt lat="39.84197" lon="3.08313">
        <ele>22.2</ele>
      </trkpt>
      <trkpt lat="39.84214" lon="3.0836">
        <ele>23.4</ele>
      </trkpt>
      <trkpt lat="39.84234" lon="3.0842">
        <ele>25.7</ele>
      </trkpt>
      <trkpt lat="39.84235" lon="3.08425">
        <ele>26.0</ele>
      </trkpt>
      <trkpt lat="39.84247" lon="3.08463">
        <ele>27.4</ele>
      </trkpt>
      <trkpt lat="39.84254" lon="3.08485">
        <ele>28.5</ele>
      </trkpt>
      <trkpt lat="39.84255" lon="3.08488">
        <ele>28.8</ele>
      </trkpt>
      <trkpt lat="39.8426" lon="3.08505">
        <ele>29.7</ele>
      </trkpt>
      <trkpt lat="39.84269" lon="3.08535">
        <ele>30.7</ele>
      </trkpt>
      <trkpt lat="39.84275" lon="3.08556">
        <ele>31.1</ele>
      </trkpt>
      <trkpt lat="39.84277" lon="3.0856">
        <ele>31.1</ele>
      </trkpt>
      <trkpt lat="39.84298" lon="3.0863">
        <ele>29.5</ele>
      </trkpt>
      <trkpt lat="39.84322" lon="3.08708">
        <ele>27.9</ele>
      </trkpt>
      <trkpt lat="39.84367" lon="3.08857">
        <ele>27.9</ele>
      </trkpt>
      <trkpt lat="39.84388" lon="3.08928">
        <ele>28.3</ele>
      </trkpt>
      <trkpt lat="39.84389" lon="3.08933">
        <ele>28.3</ele>
      </trkpt>
      <trkpt lat="39.84399" lon="3.08966">
        <ele>27.9</ele>
      </trkpt>
      <trkpt lat="39.84401" lon="3.08972">
        <ele>27.8</ele>
      </trkpt>
      <trkpt lat="39.84418" lon="3.09021">
        <ele>27.9</ele>
      </trkpt>
      <trkpt lat="39.8442" lon="3.09028">
        <ele>28.1</ele>
      </trkpt>
      <trkpt lat="39.84429" lon="3.09067">
        <ele>28.9</ele>
      </trkpt>
      <trkpt lat="39.84434" lon="3.09085">
        <ele>28.9</ele>
      </trkpt>
      <trkpt lat="39.84436" lon="3.09093">
        <ele>28.7</ele>
      </trkpt>
      <trkpt lat="39.84443" lon="3.09123">
        <ele>28.1</ele>
      </trkpt>
      <trkpt lat="39.84447" lon="3.09146">
        <ele>27.9</ele>
      </trkpt>
      <trkpt lat="39.84451" lon="3.09188">
        <ele>27.1</ele>
      </trkpt>
      <trkpt lat="39.84448" lon="3.09205">
        <ele>26.8</ele>
      </trkpt>
      <trkpt lat="39.84449" lon="3.09225">
        <ele>26.2</ele>
      </trkpt>
      <trkpt lat="39.84445" lon="3.09273">
        <ele>24.4</ele>
      </trkpt>
      <trkpt lat="39.84439" lon="3.09327">
        <ele>21.6</ele>
      </trkpt>
      <trkpt lat="39.84439" lon="3.09327">
        <ele>21.6</ele>
      </trkpt>
      <trkpt lat="39.84437" lon="3.09329">
        <ele>21.5</ele>
      </trkpt>
      <trkpt lat="39.84434" lon="3.0933">
        <ele>21.6</ele>
      </trkpt>
      <trkpt lat="39.84431" lon="3.09333">
        <ele>21.5</ele>
      </trkpt>
      <trkpt lat="39.84429" lon="3.09335">
        <ele>21.5</ele>
      </trkpt>
      <trkpt lat="39.84427" lon="3.09338">
        <ele>21.5</ele>
      </trkpt>
      <trkpt lat="39.84426" lon="3.09341">
        <ele>21.4</ele>
      </trkpt>
      <trkpt lat="39.84424" lon="3.09345">
        <ele>21.3</ele>
      </trkpt>
      <trkpt lat="39.84423" lon="3.09349">
        <ele>21.2</ele>
      </trkpt>
      <trkpt lat="39.84422" lon="3.09352">
        <ele>21.2</ele>
      </trkpt>
      <trkpt lat="39.84422" lon="3.09356">
        <ele>21.0</ele>
      </trkpt>
      <trkpt lat="39.84422" lon="3.0936">
        <ele>20.9</ele>
      </trkpt>
      <trkpt lat="39.84422" lon="3.09364">
        <ele>20.8</ele>
      </trkpt>
      <trkpt lat="39.84423" lon="3.09368">
        <ele>20.6</ele>
      </trkpt>
      <trkpt lat="39.84424" lon="3.09372">
        <ele>20.4</ele>
      </trkpt>
      <trkpt lat="39.84425" lon="3.09375">
        <ele>20.3</ele>
      </trkpt>
      <trkpt lat="39.84426" lon="3.09378">
        <ele>20.2</ele>
      </trkpt>
      <trkpt lat="39.84429" lon="3.09382">
        <ele>20.0</ele>
      </trkpt>
      <trkpt lat="39.84429" lon="3.0939">
        <ele>19.7</ele>
      </trkpt>
      <trkpt lat="39.84428" lon="3.09405">
        <ele>19.2</ele>
      </trkpt>
      <trkpt lat="39.84426" lon="3.09422">
        <ele>18.9</ele>
      </trkpt>
      <trkpt lat="39.84423" lon="3.09435">
        <ele>19.1</ele>
      </trkpt>
      <trkpt lat="39.84415" lon="3.09456">
        <ele>19.6</ele>
      </trkpt>
      <trkpt lat="39.84415" lon="3.09466">
        <ele>19.7</ele>
      </trkpt>
      <trkpt lat="39.84399" lon="3.09504">
        <ele>20.9</ele>
      </trkpt>
      <trkpt lat="39.84374" lon="3.09568">
        <ele>22.4</ele>
      </trkpt>
      <trkpt lat="39.84368" lon="3.09582">
        <ele>22.6</ele>
      </trkpt>
      <trkpt lat="39.84366" lon="3.09587">
        <ele>22.4</ele>
      </trkpt>
      <trkpt lat="39.84365" lon="3.09588">
        <ele>22.4</ele>
      </trkpt>
      <trkpt lat="39.84342" lon="3.09637">
        <ele>20.4</ele>
      </trkpt>
      <trkpt lat="39.84341" lon="3.0964">
        <ele>20.2</ele>
      </trkpt>
      <trkpt lat="39.84339" lon="3.09644">
        <ele>20.1</ele>
      </trkpt>
      <trkpt lat="39.8433" lon="3.09664">
        <ele>19.1</ele>
      </trkpt>
      <trkpt lat="39.84321" lon="3.09687">
        <ele>18.4</ele>
      </trkpt>
      <trkpt lat="39.84306" lon="3.09724">
        <ele>17.5</ele>
      </trkpt>
      <trkpt lat="39.84298" lon="3.09731">
        <ele>17.4</ele>
      </trkpt>
      <trkpt lat="39.84296" lon="3.09734">
        <ele>17.3</ele>
      </trkpt>
      <trkpt lat="39.84292" lon="3.09739">
        <ele>17.2</ele>
      </trkpt>
      <trkpt lat="39.84284" lon="3.09747">
        <ele>17.1</ele>
      </trkpt>
      <trkpt lat="39.84275" lon="3.09757">
        <ele>16.8</ele>
      </trkpt>
      <trkpt lat="39.84266" lon="3.09765">
        <ele>16.6</ele>
      </trkpt>
      <trkpt lat="39.84261" lon="3.09769">
        <ele>16.5</ele>
      </trkpt>
      <trkpt lat="39.84261" lon="3.09769">
        <ele>16.5</ele>
      </trkpt>
      <trkpt lat="39.84259" lon="3.09769">
        <ele>16.5</ele>
      </trkpt>
      <trkpt lat="39.84257" lon="3.0977">
        <ele>16.5</ele>
      </trkpt>
      <trkpt lat="39.84255" lon="3.09771">
        <ele>16.5</ele>
      </trkpt>
      <trkpt lat="39.84254" lon="3.09772">
        <ele>16.4</ele>
      </trkpt>
      <trkpt lat="39.84252" lon="3.09774">
        <ele>16.4</ele>
      </trkpt>
      <trkpt lat="39.84241" lon="3.09777">
        <ele>16.8</ele>
      </trkpt>
      <trkpt lat="39.84235" lon="3.09778">
        <ele>17.1</ele>
      </trkpt>
      <trkpt lat="39.84229" lon="3.0978">
        <ele>17.4</ele>
      </trkpt>
      <trkpt lat="39.8422" lon="3.09783">
        <ele>17.7</ele>
      </trkpt>
      <trkpt lat="39.84212" lon="3.09784">
        <ele>18.1</ele>
      </trkpt>
      <trkpt lat="39.84208" lon="3.09787">
        <ele>18.2</ele>
      </trkpt>
      <trkpt lat="39.84191" lon="3.09789">
        <ele>18.9</ele>
      </trkpt>
      <trkpt lat="39.84183" lon="3.09791">
        <ele>19.2</ele>
      </trkpt>
      <trkpt lat="39.84176" lon="3.09792">
        <ele>19.5</ele>
      </trkpt>
      <trkpt lat="39.84168" lon="3.09794">
        <ele>19.8</ele>
      </trkpt>
      <trkpt lat="39.84158" lon="3.09797">
        <ele>20.3</ele>
      </trkpt>
      <trkpt lat="39.84148" lon="3.098">
        <ele>20.8</ele>
      </trkpt>
      <trkpt lat="39.84135" lon="3.09806">
        <ele>21.3</ele>
      </trkpt>
      <trkpt lat="39.84124" lon="3.09812">
        <ele>21.7</ele>
      </trkpt>
      <trkpt lat="39.84118" lon="3.09816">
        <ele>21.9</ele>
      </trkpt>
      <trkpt lat="39.84112" lon="3.0982">
        <ele>22.0</ele>
      </trkpt>
      <trkpt lat="39.84102" lon="3.09827">
        <ele>22.2</ele>
      </trkpt>
      <trkpt lat="39.84092" lon="3.09835">
        <ele>22.4</ele>
      </trkpt>
      <trkpt lat="39.84079" lon="3.09845">
        <ele>22.5</ele>
      </trkpt>
      <trkpt lat="39.84067" lon="3.09855">
        <ele>22.4</ele>
      </trkpt>
      <trkpt lat="39.84062" lon="3.0986">
        <ele>22.3</ele>
      </trkpt>
      <trkpt lat="39.84045" lon="3.09875">
        <ele>21.9</ele>
      </trkpt>
      <trkpt lat="39.84031" lon="3.09888">
        <ele>21.4</ele>
      </trkpt>
      <trkpt lat="39.84015" lon="3.09903">
        <ele>20.7</ele>
      </trkpt>
      <trkpt lat="39.83985" lon="3.0993">
        <ele>19.0</ele>
      </trkpt>
      <trkpt lat="39.83955" lon="3.09956">
        <ele>17.7</ele>
      </trkpt>
      <trkpt lat="39.8394" lon="3.0997">
        <ele>17.4</ele>
      </trkpt>
      <trkpt lat="39.83907" lon="3.1">
        <ele>17.1</ele>
      </trkpt>
      <trkpt lat="39.83849" lon="3.10053">
        <ele>15.0</ele>
      </trkpt>
      <trkpt lat="39.83837" lon="3.10063">
        <ele>14.9</ele>
      </trkpt>
      <trkpt lat="39.83832" lon="3.10068">
        <ele>14.7</ele>
      </trkpt>
      <trkpt lat="39.83821" lon="3.10078">
        <ele>14.0</ele>
      </trkpt>
      <trkpt lat="39.83812" lon="3.10084">
        <ele>13.5</ele>
      </trkpt>
      <trkpt lat="39.83803" lon="3.10092">
        <ele>13.0</ele>
      </trkpt>
      <trkpt lat="39.83796" lon="3.10098">
        <ele>12.7</ele>
      </trkpt>
      <trkpt lat="39.83792" lon="3.10102">
        <ele>12.4</ele>
      </trkpt>
      <trkpt lat="39.83778" lon="3.10116">
        <ele>11.6</ele>
      </trkpt>
      <trkpt lat="39.83757" lon="3.10134">
        <ele>10.4</ele>
      </trkpt>
      <trkpt lat="39.83738" lon="3.10152">
        <ele>10.0</ele>
      </trkpt>
      <trkpt lat="39.83734" lon="3.10155">
        <ele>10.0</ele>
      </trkpt>
      <trkpt lat="39.83723" lon="3.10164">
        <ele>10.1</ele>
      </trkpt>
      <trkpt lat="39.83679" lon="3.102">
        <ele>10.6</ele>
      </trkpt>
      <trkpt lat="39.83662" lon="3.10212">
        <ele>10.5</ele>
      </trkpt>
      <trkpt lat="39.83657" lon="3.10216">
        <ele>10.5</ele>
      </trkpt>
      <trkpt lat="39.83657" lon="3.10216">
        <ele>10.5</ele>
      </trkpt>
      <trkpt lat="39.83651" lon="3.10227">
        <ele>10.3</ele>
      </trkpt>
      <trkpt lat="39.8365" lon="3.10231">
        <ele>10.2</ele>
      </trkpt>
      <trkpt lat="39.83648" lon="3.10237">
        <ele>10.0</ele>
      </trkpt>
      <trkpt lat="39.83648" lon="3.10242">
        <ele>9.8</ele>
      </trkpt>
      <trkpt lat="39.83647" lon="3.10249">
        <ele>9.5</ele>
      </trkpt>
      <trkpt lat="39.83648" lon="3.10254">
        <ele>9.3</ele>
      </trkpt>
      <trkpt lat="39.83648" lon="3.10259">
        <ele>9.0</ele>
      </trkpt>
      <trkpt lat="39.8365" lon="3.10263">
        <ele>8.8</ele>
      </trkpt>
      <trkpt lat="39.83652" lon="3.10267">
        <ele>8.6</ele>
      </trkpt>
      <trkpt lat="39.83653" lon="3.1027">
        <ele>8.4</ele>
      </trkpt>
      <trkpt lat="39.83654" lon="3.10271">
        <ele>8.4</ele>
      </trkpt>
      <trkpt lat="39.83656" lon="3.10275">
        <ele>8.2</ele>
      </trkpt>
      <trkpt lat="39.83658" lon="3.10277">
        <ele>8.1</ele>
      </trkpt>
      <trkpt lat="39.83667" lon="3.10284">
        <ele>7.8</ele>
      </trkpt>
      <trkpt lat="39.83672" lon="3.10289">
        <ele>7.6</ele>
      </trkpt>
      <trkpt lat="39.83676" lon="3.10294">
        <ele>7.5</ele>
      </trkpt>
      <trkpt lat="39.8368" lon="3.103">
        <ele>7.3</ele>
      </trkpt>
      <trkpt lat="39.83682" lon="3.10304">
        <ele>7.1</ele>
      </trkpt>
      <trkpt lat="39.83686" lon="3.10307">
        <ele>7.0</ele>
      </trkpt>
      <trkpt lat="39.83692" lon="3.10317">
        <ele>6.6</ele>
      </trkpt>
      <trkpt lat="39.83701" lon="3.10337">
        <ele>5.9</ele>
      </trkpt>
      <trkpt lat="39.83705" lon="3.10347">
        <ele>5.5</ele>
      </trkpt>
      <trkpt lat="39.83706" lon="3.1035">
        <ele>5.4</ele>
      </trkpt>
      <trkpt lat="39.83716" lon="3.10372">
        <ele>4.5</ele>
      </trkpt>
      <trkpt lat="39.83717" lon="3.10376">
        <ele>4.4</ele>
      </trkpt>
      <trkpt lat="39.83726" lon="3.10401">
        <ele>3.2</ele>
      </trkpt>
      <trkpt lat="39.83726" lon="3.10406">
        <ele>3.0</ele>
      </trkpt>
      <trkpt lat="39.83728" lon="3.10413">
        <ele>2.7</ele>
      </trkpt>
      <trkpt lat="39.83728" lon="3.10417">
        <ele>2.5</ele>
      </trkpt>
      <trkpt lat="39.83729" lon="3.10421">
        <ele>2.4</ele>
      </trkpt>
      <trkpt lat="39.83728" lon="3.10427">
        <ele>2.3</ele>
      </trkpt>
      <trkpt lat="39.83728" lon="3.10428">
        <ele>2.3</ele>
      </trkpt>
      <trkpt lat="39.83727" lon="3.1043">
        <ele>2.3</ele>
      </trkpt>
      <trkpt lat="39.83726" lon="3.10432">
        <ele>2.3</ele>
      </trkpt>
      <trkpt lat="39.83726" lon="3.10435">
        <ele>2.2</ele>
      </trkpt>
      <trkpt lat="39.83726" lon="3.10436">
        <ele>2.2</ele>
      </trkpt>
      <trkpt lat="39.83726" lon="3.10439">
        <ele>2.2</ele>
      </trkpt>
      <trkpt lat="39.83727" lon="3.10441">
        <ele>2.1</ele>
      </trkpt>
      <trkpt lat="39.83727" lon="3.10444">
        <ele>2.0</ele>
      </trkpt>
      <trkpt lat="39.83729" lon="3.10446">
        <ele>2.0</ele>
      </trkpt>
      <trkpt lat="39.8373" lon="3.10448">
        <ele>1.9</ele>
      </trkpt>
      <trkpt lat="39.8373" lon="3.10449">
        <ele>1.9</ele>
      </trkpt>
      <trkpt lat="39.8373" lon="3.10449">
        <ele>1.9</ele>
      </trkpt>
      <trkpt lat="39.83731" lon="3.1045">
        <ele>1.9</ele>
      </trkpt>
      <trkpt lat="39.83732" lon="3.10451">
        <ele>1.8</ele>
      </trkpt>
      <trkpt lat="39.83734" lon="3.10452">
        <ele>1.8</ele>
      </trkpt>
      <trkpt lat="39.83735" lon="3.10453">
        <ele>1.8</ele>
      </trkpt>
      <trkpt lat="39.83737" lon="3.10453">
        <ele>1.7</ele>
      </trkpt>
      <trkpt lat="39.83744" lon="3.10466">
        <ele>1.5</ele>
      </trkpt>
      <trkpt lat="39.83747" lon="3.10469">
        <ele>1.4</ele>
      </trkpt>
      <trkpt lat="39.83755" lon="3.10496">
        <ele>1.0</ele>
      </trkpt>
      <trkpt lat="39.83764" lon="3.10547">
        <ele>0.9</ele>
      </trkpt>
      <trkpt lat="39.83766" lon="3.10561">
        <ele>0.9</ele>
      </trkpt>
      <trkpt lat="39.83767" lon="3.10565">
        <ele>0.8</ele>
      </trkpt>
      <trkpt lat="39.83775" lon="3.1063">
        <ele>-0.1</ele>
      </trkpt>
      <trkpt lat="39.83778" lon="3.10654">
        <ele>-0.5</ele>
      </trkpt>
      <trkpt lat="39.8378" lon="3.10663">
        <ele>-0.6</ele>
      </trkpt>
      <trkpt lat="39.83791" lon="3.10746">
        <ele>-1.0</ele>
      </trkpt>
      <trkpt lat="39.83791" lon="3.10746">
        <ele>-1.0</ele>
      </trkpt>
      <trkpt lat="39.83697" lon="3.10771">
        <ele>2.9</ele>
      </trkpt>
      <trkpt lat="39.83623" lon="3.1079">
        <ele>3.9</ele>
      </trkpt>
      <trkpt lat="39.83619" lon="3.10792">
        <ele>3.9</ele>
      </trkpt>
      <trkpt lat="39.83616" lon="3.10794">
        <ele>3.8</ele>
      </trkpt>
      <trkpt lat="39.83592" lon="3.10816">
        <ele>3.8</ele>
      </trkpt>
      <trkpt lat="39.83592" lon="3.10816">
        <ele>3.8</ele>
      </trkpt>
      <trkpt lat="39.83593" lon="3.10819">
        <ele>3.9</ele>
      </trkpt>
      <trkpt lat="39.83628" lon="3.10872">
        <ele>3.9</ele>
      </trkpt>
      <trkpt lat="39.83646" lon="3.10898">
        <ele>3.4</ele>
      </trkpt>
      <trkpt lat="39.83648" lon="3.10902">
        <ele>3.3</ele>
      </trkpt>
      <trkpt lat="39.83649" lon="3.10906">
        <ele>3.1</ele>
      </trkpt>
      <trkpt lat="39.83649" lon="3.10909">
        <ele>3.0</ele>
      </trkpt>
      <trkpt lat="39.8365" lon="3.10914">
        <ele>2.9</ele>
      </trkpt>
      <trkpt lat="39.83649" lon="3.10924">
        <ele>2.7</ele>
      </trkpt>
      <trkpt lat="39.83646" lon="3.10936">
        <ele>2.6</ele>
      </trkpt>
      <trkpt lat="39.83627" lon="3.10997">
        <ele>2.5</ele>
      </trkpt>
      <trkpt lat="39.83627" lon="3.10997">
        <ele>2.5</ele>
      </trkpt>
      <trkpt lat="39.83627" lon="3.11">
        <ele>2.5</ele>
      </trkpt>
      <trkpt lat="39.83627" lon="3.11002">
        <ele>2.5</ele>
      </trkpt>
      <trkpt lat="39.83628" lon="3.11003">
        <ele>2.5</ele>
      </trkpt>
      <trkpt lat="39.83629" lon="3.11005">
        <ele>2.5</ele>
      </trkpt>
      <trkpt lat="39.83631" lon="3.11007">
        <ele>2.5</ele>
      </trkpt>
      <trkpt lat="39.83636" lon="3.11011">
        <ele>2.5</ele>
      </trkpt>
      <trkpt lat="39.83636" lon="3.11011">
        <ele>2.5</ele>
      </trkpt>
      <trkpt lat="39.83615" lon="3.11077">
        <ele>2.7</ele>
      </trkpt>
      <trkpt lat="39.83588" lon="3.1114">
        <ele>2.8</ele>
      </trkpt>
      <trkpt lat="39.83553" lon="3.11231">
        <ele>2.8</ele>
      </trkpt>
      <trkpt lat="39.83552" lon="3.11236">
        <ele>2.9</ele>
      </trkpt>
      <trkpt lat="39.83552" lon="3.11238">
        <ele>2.9</ele>
      </trkpt>
      <trkpt lat="39.83551" lon="3.1124">
        <ele>2.9</ele>
      </trkpt>
      <trkpt lat="39.8355" lon="3.11247">
        <ele>3.0</ele>
      </trkpt>
      <trkpt lat="39.83548" lon="3.11268">
        <ele>3.1</ele>
      </trkpt>
      <trkpt lat="39.83548" lon="3.11268">
        <ele>3.1</ele>
      </trkpt>
      <trkpt lat="39.83549" lon="3.11272">
        <ele>3.2</ele>
      </trkpt>
      <trkpt lat="39.8355" lon="3.11276">
        <ele>3.2</ele>
      </trkpt>
      <trkpt lat="39.83552" lon="3.11279">
        <ele>3.2</ele>
      </trkpt>
      <trkpt lat="39.83553" lon="3.11281">
        <ele>3.2</ele>
      </trkpt>
      <trkpt lat="39.83555" lon="3.11282">
        <ele>3.3</ele>
      </trkpt>
      <trkpt lat="39.83564" lon="3.11287">
        <ele>3.3</ele>
      </trkpt>
      <trkpt lat="39.83566" lon="3.11289">
        <ele>3.4</ele>
      </trkpt>
      <trkpt lat="39.83566" lon="3.11289">
        <ele>3.4</ele>
      </trkpt>
      <trkpt lat="39.83565" lon="3.11305">
        <ele>3.5</ele>
      </trkpt>
      <trkpt lat="39.83561" lon="3.11375">
        <ele>3.2</ele>
      </trkpt>
      <trkpt lat="39.83554" lon="3.11463">
        <ele>2.1</ele>
      </trkpt>
      <trkpt lat="39.8355" lon="3.11531">
        <ele>1.4</ele>
      </trkpt>
      <trkpt lat="39.83549" lon="3.11551">
        <ele>1.2</ele>
      </trkpt>
      <trkpt lat="39.83547" lon="3.11597">
        <ele>1.1</ele>
      </trkpt>
      <trkpt lat="39.83544" lon="3.11627">
        <ele>1.3</ele>
      </trkpt>
      <trkpt lat="39.83543" lon="3.11641">
        <ele>1.4</ele>
      </trkpt>
      <trkpt lat="39.8354" lon="3.11686">
        <ele>2.1</ele>
      </trkpt>
      <trkpt lat="39.83534" lon="3.11775">
        <ele>3.7</ele>
      </trkpt>
      <trkpt lat="39.83534" lon="3.1178">
        <ele>3.7</ele>
      </trkpt>
      <trkpt lat="39.83534" lon="3.11781">
        <ele>3.7</ele>
      </trkpt>
      <trkpt lat="39.83535" lon="3.11784">
        <ele>3.7</ele>
      </trkpt>
      <trkpt lat="39.83536" lon="3.11786">
        <ele>3.7</ele>
      </trkpt>
      <trkpt lat="39.83539" lon="3.11791">
        <ele>3.7</ele>
      </trkpt>
      <trkpt lat="39.83535" lon="3.11819">
        <ele>3.5</ele>
      </trkpt>
      <trkpt lat="39.83534" lon="3.11827">
        <ele>3.4</ele>
      </trkpt>
      <trkpt lat="39.83532" lon="3.11834">
        <ele>3.4</ele>
      </trkpt>
      <trkpt lat="39.83532" lon="3.11834">
        <ele>3.4</ele>
      </trkpt>
      <trkpt lat="39.83529" lon="3.11845">
        <ele>3.4</ele>
      </trkpt>
      <trkpt lat="39.83516" lon="3.11865">
        <ele>3.5</ele>
      </trkpt>
      <trkpt lat="39.83482" lon="3.11932">
        <ele>4.0</ele>
      </trkpt>
      <trkpt lat="39.83482" lon="3.11932">
        <ele>4.0</ele>
      </trkpt>
      <trkpt lat="39.83485" lon="3.11934">
        <ele>4.0</ele>
      </trkpt>
      <trkpt lat="39.83497" lon="3.1194">
        <ele>4.2</ele>
      </trkpt>
      <trkpt lat="39.83535" lon="3.11949">
        <ele>4.2</ele>
      </trkpt>
      <trkpt lat="39.83555" lon="3.11953">
        <ele>4.1</ele>
      </trkpt>
      <trkpt lat="39.83578" lon="3.11959">
        <ele>4.0</ele>
      </trkpt>
      <trkpt lat="39.83596" lon="3.11965">
        <ele>4.6</ele>
      </trkpt>
      <trkpt lat="39.83616" lon="3.11973">
        <ele>5.3</ele>
      </trkpt>
      <trkpt lat="39.83632" lon="3.11985">
        <ele>5.6</ele>
      </trkpt>
      <trkpt lat="39.83637" lon="3.11989">
        <ele>5.6</ele>
      </trkpt>
      <trkpt lat="39.83653" lon="3.12003">
        <ele>5.7</ele>
      </trkpt>
      <trkpt lat="39.83669" lon="3.12023">
        <ele>6.1</ele>
      </trkpt>
      <trkpt lat="39.83675" lon="3.1203">
        <ele>6.2</ele>
      </trkpt>
      <trkpt lat="39.83689" lon="3.12052">
        <ele>6.5</ele>
      </trkpt>
      <trkpt lat="39.83693" lon="3.12057">
        <ele>6.6</ele>
      </trkpt>
      <trkpt lat="39.83721" lon="3.12087">
        <ele>7.3</ele>
      </trkpt>
      <trkpt lat="39.83745" lon="3.12108">
        <ele>7.6</ele>
      </trkpt>
      <trkpt lat="39.83762" lon="3.1212">
        <ele>7.1</ele>
      </trkpt>
      <trkpt lat="39.83762" lon="3.1212">
        <ele>7.1</ele>
      </trkpt>
      <trkpt lat="39.83693" lon="3.12237">
        <ele>9.1</ele>
      </trkpt>
      <trkpt lat="39.83693" lon="3.12237">
        <ele>9.1</ele>
      </trkpt>
      <trkpt lat="39.83689" lon="3.12235">
        <ele>9.1</ele>
      </trkpt>
      <trkpt lat="39.83681" lon="3.12226">
        <ele>8.9</ele>
      </trkpt>
      <trkpt lat="39.83666" lon="3.12209">
        <ele>8.0</ele>
      </trkpt>
      <trkpt lat="39.83664" lon="3.12208">
        <ele>7.9</ele>
      </trkpt>
      <trkpt lat="39.83648" lon="3.12189">
        <ele>6.4</ele>
      </trkpt>
      <trkpt lat="39.8364" lon="3.12176">
        <ele>6.1</ele>
      </trkpt>
      <trkpt lat="39.83637" lon="3.12169">
        <ele>6.1</ele>
      </trkpt>
    </trkseg>
  </trk>
</gpx>
