<?xml version="1.0" encoding="UTF-8"?>
<gpx xmlns:gpxdata="http://www.cluetrust.com/XML/GPXDATA/1/0" xmlns:xsi="http://www.w3.org/2001/XMLSchema-instance" xmlns="http://www.topografix.com/GPX/1/1" version="1.1" creator="http://ridewithgps.com/" xsi:schemaLocation="http://www.topografix.com/GPX/1/1 http://www.topografix.com/GPX/1/1/gpx.xsd http://www.cluetrust.com/XML/GPXDATA/1/0 http://www.cluetrust.com/Schemas/gpxdata10.xsd">
  <metadata>
    <name>Palma to Port de Soller</name>
    <link href="https://ridewithgps.com/routes/53085133">
      <text>Palma to Port de Soller</text>
    </link>
    <time>2025-10-20T18:15:27Z</time>
  </metadata>
  <wpt lat="39.574776" lon="2.420282">
    <name>Andratx</name>
    <cmt>generic</cmt>
    <sym>Dot</sym>
    <type>generic</type>
  </wpt>
  <wpt lat="39.65338" lon="2.481624">
    <name>Estellencs</name>
    <cmt>generic</cmt>
    <sym>Dot</sym>
    <type>generic</type>
  </wpt>
  <wpt lat="39.79620887308914" lon="2.69778335847473">
    <name>Port de Sóller</name>
    <cmt>generic</cmt>
    <sym>Dot</sym>
    <type>generic</type>
  </wpt>
  <trk>
    <name>Palma to Port de Soller</name>
    <trkseg>
      <trkpt lat="39.55542" lon="2.6214">
        <ele>49.8</ele>
      </trkpt>
      <trkpt lat="39.55551" lon="2.62136">
        <ele>49.8</ele>
      </trkpt>
      <trkpt lat="39.55554" lon="2.62133">
        <ele>49.8</ele>
      </trkpt>
      <trkpt lat="39.55558" lon="2.6213">
        <ele>49.8</ele>
      </trkpt>
      <trkpt lat="39.55564" lon="2.62124">
        <ele>49.9</ele>
      </trkpt>
      <trkpt lat="39.5557" lon="2.62118">
        <ele>49.9</ele>
      </trkpt>
      <trkpt lat="39.5557" lon="2.62118">
        <ele>49.9</ele>
      </trkpt>
      <trkpt lat="39.55569" lon="2.62115">
        <ele>49.9</ele>
      </trkpt>
      <trkpt lat="39.55568" lon="2.62112">
        <ele>50.0</ele>
      </trkpt>
      <trkpt lat="39.55567" lon="2.62108">
        <ele>50.1</ele>
      </trkpt>
      <trkpt lat="39.55567" lon="2.62099">
        <ele>50.3</ele>
      </trkpt>
      <trkpt lat="39.55569" lon="2.62067">
        <ele>52.1</ele>
      </trkpt>
      <trkpt lat="39.5557" lon="2.62037">
        <ele>55.1</ele>
      </trkpt>
      <trkpt lat="39.55572" lon="2.62017">
        <ele>57.0</ele>
      </trkpt>
      <trkpt lat="39.55573" lon="2.61998">
        <ele>58.8</ele>
      </trkpt>
      <trkpt lat="39.55573" lon="2.61997">
        <ele>59.0</ele>
      </trkpt>
      <trkpt lat="39.55574" lon="2.61988">
        <ele>59.9</ele>
      </trkpt>
      <trkpt lat="39.55575" lon="2.61984">
        <ele>60.3</ele>
      </trkpt>
      <trkpt lat="39.55577" lon="2.61979">
        <ele>60.7</ele>
      </trkpt>
      <trkpt lat="39.5558" lon="2.61976">
        <ele>60.8</ele>
      </trkpt>
      <trkpt lat="39.55581" lon="2.61974">
        <ele>61.0</ele>
      </trkpt>
      <trkpt lat="39.55585" lon="2.61971">
        <ele>61.1</ele>
      </trkpt>
      <trkpt lat="39.55592" lon="2.6197">
        <ele>60.9</ele>
      </trkpt>
      <trkpt lat="39.55595" lon="2.61969">
        <ele>60.9</ele>
      </trkpt>
      <trkpt lat="39.55598" lon="2.61969">
        <ele>60.8</ele>
      </trkpt>
      <trkpt lat="39.55604" lon="2.6197">
        <ele>60.5</ele>
      </trkpt>
      <trkpt lat="39.5561" lon="2.6197">
        <ele>60.3</ele>
      </trkpt>
      <trkpt lat="39.55616" lon="2.6197">
        <ele>60.1</ele>
      </trkpt>
      <trkpt lat="39.55621" lon="2.61969">
        <ele>60.0</ele>
      </trkpt>
      <trkpt lat="39.55627" lon="2.61966">
        <ele>60.2</ele>
      </trkpt>
      <trkpt lat="39.55632" lon="2.61963">
        <ele>60.4</ele>
      </trkpt>
      <trkpt lat="39.55634" lon="2.6196">
        <ele>60.8</ele>
      </trkpt>
      <trkpt lat="39.55638" lon="2.61954">
        <ele>61.4</ele>
      </trkpt>
      <trkpt lat="39.55639" lon="2.6195">
        <ele>61.9</ele>
      </trkpt>
      <trkpt lat="39.55641" lon="2.61943">
        <ele>62.8</ele>
      </trkpt>
      <trkpt lat="39.5564" lon="2.61938">
        <ele>63.5</ele>
      </trkpt>
      <trkpt lat="39.55638" lon="2.61932">
        <ele>64.3</ele>
      </trkpt>
      <trkpt lat="39.55636" lon="2.61929">
        <ele>64.8</ele>
      </trkpt>
      <trkpt lat="39.55634" lon="2.61926">
        <ele>65.2</ele>
      </trkpt>
      <trkpt lat="39.55632" lon="2.61924">
        <ele>65.5</ele>
      </trkpt>
      <trkpt lat="39.5563" lon="2.61922">
        <ele>65.8</ele>
      </trkpt>
      <trkpt lat="39.55625" lon="2.61921">
        <ele>66.0</ele>
      </trkpt>
      <trkpt lat="39.5562" lon="2.6192">
        <ele>66.1</ele>
      </trkpt>
      <trkpt lat="39.55615" lon="2.6192">
        <ele>66.2</ele>
      </trkpt>
      <trkpt lat="39.55607" lon="2.61922">
        <ele>66.1</ele>
      </trkpt>
      <trkpt lat="39.55599" lon="2.61925">
        <ele>65.9</ele>
      </trkpt>
      <trkpt lat="39.55591" lon="2.61927">
        <ele>65.8</ele>
      </trkpt>
      <trkpt lat="39.55587" lon="2.61927">
        <ele>65.8</ele>
      </trkpt>
      <trkpt lat="39.55584" lon="2.61927">
        <ele>65.9</ele>
      </trkpt>
      <trkpt lat="39.55582" lon="2.61926">
        <ele>66.1</ele>
      </trkpt>
      <trkpt lat="39.55579" lon="2.61925">
        <ele>66.5</ele>
      </trkpt>
      <trkpt lat="39.55576" lon="2.61923">
        <ele>66.9</ele>
      </trkpt>
      <trkpt lat="39.55574" lon="2.61921">
        <ele>67.3</ele>
      </trkpt>
      <trkpt lat="39.5557" lon="2.61916">
        <ele>68.1</ele>
      </trkpt>
      <trkpt lat="39.55561" lon="2.61904">
        <ele>68.7</ele>
      </trkpt>
      <trkpt lat="39.55561" lon="2.61904">
        <ele>68.7</ele>
      </trkpt>
      <trkpt lat="39.55591" lon="2.61864">
        <ele>68.3</ele>
      </trkpt>
      <trkpt lat="39.55603" lon="2.61847">
        <ele>69.0</ele>
      </trkpt>
      <trkpt lat="39.5564" lon="2.61796">
        <ele>70.7</ele>
      </trkpt>
      <trkpt lat="39.55678" lon="2.61749">
        <ele>71.8</ele>
      </trkpt>
      <trkpt lat="39.55735" lon="2.61675">
        <ele>70.7</ele>
      </trkpt>
      <trkpt lat="39.55776" lon="2.61626">
        <ele>68.2</ele>
      </trkpt>
      <trkpt lat="39.55783" lon="2.61617">
        <ele>68.2</ele>
      </trkpt>
      <trkpt lat="39.55786" lon="2.61603">
        <ele>68.3</ele>
      </trkpt>
      <trkpt lat="39.55791" lon="2.61572">
        <ele>69.7</ele>
      </trkpt>
      <trkpt lat="39.55798" lon="2.61523">
        <ele>74.1</ele>
      </trkpt>
      <trkpt lat="39.558" lon="2.61497">
        <ele>76.3</ele>
      </trkpt>
      <trkpt lat="39.55801" lon="2.61474">
        <ele>77.5</ele>
      </trkpt>
      <trkpt lat="39.55801" lon="2.61392">
        <ele>81.1</ele>
      </trkpt>
      <trkpt lat="39.55801" lon="2.61322">
        <ele>83.9</ele>
      </trkpt>
      <trkpt lat="39.55801" lon="2.61319">
        <ele>83.8</ele>
      </trkpt>
      <trkpt lat="39.55801" lon="2.61317">
        <ele>83.8</ele>
      </trkpt>
      <trkpt lat="39.55801" lon="2.61313">
        <ele>83.7</ele>
      </trkpt>
      <trkpt lat="39.55801" lon="2.61309">
        <ele>83.7</ele>
      </trkpt>
      <trkpt lat="39.55802" lon="2.61306">
        <ele>83.7</ele>
      </trkpt>
      <trkpt lat="39.55802" lon="2.61304">
        <ele>83.7</ele>
      </trkpt>
      <trkpt lat="39.55802" lon="2.61301">
        <ele>83.6</ele>
      </trkpt>
      <trkpt lat="39.55803" lon="2.61299">
        <ele>83.7</ele>
      </trkpt>
      <trkpt lat="39.55803" lon="2.61296">
        <ele>83.6</ele>
      </trkpt>
      <trkpt lat="39.55804" lon="2.61294">
        <ele>83.7</ele>
      </trkpt>
      <trkpt lat="39.55805" lon="2.61291">
        <ele>83.8</ele>
      </trkpt>
      <trkpt lat="39.55805" lon="2.61289">
        <ele>83.7</ele>
      </trkpt>
      <trkpt lat="39.55806" lon="2.61287">
        <ele>83.8</ele>
      </trkpt>
      <trkpt lat="39.55816" lon="2.61269">
        <ele>84.5</ele>
      </trkpt>
      <trkpt lat="39.55829" lon="2.61244">
        <ele>85.0</ele>
      </trkpt>
      <trkpt lat="39.55856" lon="2.61196">
        <ele>82.7</ele>
      </trkpt>
      <trkpt lat="39.55886" lon="2.61141">
        <ele>81.8</ele>
      </trkpt>
      <trkpt lat="39.55924" lon="2.61084">
        <ele>81.8</ele>
      </trkpt>
      <trkpt lat="39.55964" lon="2.61025">
        <ele>80.6</ele>
      </trkpt>
      <trkpt lat="39.5597" lon="2.61015">
        <ele>80.8</ele>
      </trkpt>
      <trkpt lat="39.55979" lon="2.61001">
        <ele>81.2</ele>
      </trkpt>
      <trkpt lat="39.55988" lon="2.60985">
        <ele>81.3</ele>
      </trkpt>
      <trkpt lat="39.55991" lon="2.6098">
        <ele>81.3</ele>
      </trkpt>
      <trkpt lat="39.55995" lon="2.60977">
        <ele>81.5</ele>
      </trkpt>
      <trkpt lat="39.55997" lon="2.60974">
        <ele>81.5</ele>
      </trkpt>
      <trkpt lat="39.56001" lon="2.60967">
        <ele>81.5</ele>
      </trkpt>
      <trkpt lat="39.56015" lon="2.6094">
        <ele>80.1</ele>
      </trkpt>
      <trkpt lat="39.56041" lon="2.60853">
        <ele>79.5</ele>
      </trkpt>
      <trkpt lat="39.56052" lon="2.60816">
        <ele>80.8</ele>
      </trkpt>
      <trkpt lat="39.56057" lon="2.60793">
        <ele>81.8</ele>
      </trkpt>
      <trkpt lat="39.56057" lon="2.60792">
        <ele>81.8</ele>
      </trkpt>
      <trkpt lat="39.56057" lon="2.60791">
        <ele>81.9</ele>
      </trkpt>
      <trkpt lat="39.56057" lon="2.60788">
        <ele>82.0</ele>
      </trkpt>
      <trkpt lat="39.56058" lon="2.60786">
        <ele>82.1</ele>
      </trkpt>
      <trkpt lat="39.56063" lon="2.60746">
        <ele>83.7</ele>
      </trkpt>
      <trkpt lat="39.56066" lon="2.60723">
        <ele>83.6</ele>
      </trkpt>
      <trkpt lat="39.5607" lon="2.607">
        <ele>83.4</ele>
      </trkpt>
      <trkpt lat="39.56072" lon="2.60678">
        <ele>83.2</ele>
      </trkpt>
      <trkpt lat="39.56072" lon="2.60678">
        <ele>83.2</ele>
      </trkpt>
      <trkpt lat="39.5608" lon="2.60665">
        <ele>82.8</ele>
      </trkpt>
      <trkpt lat="39.56085" lon="2.60659">
        <ele>82.0</ele>
      </trkpt>
      <trkpt lat="39.56093" lon="2.60658">
        <ele>81.7</ele>
      </trkpt>
      <trkpt lat="39.56144" lon="2.60663">
        <ele>81.0</ele>
      </trkpt>
      <trkpt lat="39.56162" lon="2.60665">
        <ele>80.9</ele>
      </trkpt>
      <trkpt lat="39.56177" lon="2.60669">
        <ele>82.0</ele>
      </trkpt>
      <trkpt lat="39.56198" lon="2.60677">
        <ele>83.7</ele>
      </trkpt>
      <trkpt lat="39.56219" lon="2.60686">
        <ele>84.9</ele>
      </trkpt>
      <trkpt lat="39.56222" lon="2.60686">
        <ele>85.1</ele>
      </trkpt>
      <trkpt lat="39.56225" lon="2.60686">
        <ele>85.4</ele>
      </trkpt>
      <trkpt lat="39.56233" lon="2.60684">
        <ele>86.3</ele>
      </trkpt>
      <trkpt lat="39.56242" lon="2.60681">
        <ele>87.4</ele>
      </trkpt>
      <trkpt lat="39.56247" lon="2.6068">
        <ele>88.0</ele>
      </trkpt>
      <trkpt lat="39.56248" lon="2.6068">
        <ele>88.1</ele>
      </trkpt>
      <trkpt lat="39.56251" lon="2.60679">
        <ele>88.4</ele>
      </trkpt>
      <trkpt lat="39.56254" lon="2.60679">
        <ele>88.5</ele>
      </trkpt>
      <trkpt lat="39.56263" lon="2.60678">
        <ele>88.9</ele>
      </trkpt>
      <trkpt lat="39.56263" lon="2.60678">
        <ele>88.9</ele>
      </trkpt>
      <trkpt lat="39.56287" lon="2.60688">
        <ele>88.1</ele>
      </trkpt>
      <trkpt lat="39.56303" lon="2.60693">
        <ele>87.6</ele>
      </trkpt>
      <trkpt lat="39.56315" lon="2.60696">
        <ele>87.4</ele>
      </trkpt>
      <trkpt lat="39.5632" lon="2.60696">
        <ele>87.5</ele>
      </trkpt>
      <trkpt lat="39.56325" lon="2.60695">
        <ele>87.7</ele>
      </trkpt>
      <trkpt lat="39.56332" lon="2.60692">
        <ele>88.4</ele>
      </trkpt>
      <trkpt lat="39.56341" lon="2.60688">
        <ele>88.1</ele>
      </trkpt>
      <trkpt lat="39.56347" lon="2.60684">
        <ele>87.9</ele>
      </trkpt>
      <trkpt lat="39.56352" lon="2.60678">
        <ele>88.2</ele>
      </trkpt>
      <trkpt lat="39.56358" lon="2.60669">
        <ele>88.8</ele>
      </trkpt>
      <trkpt lat="39.5636" lon="2.60661">
        <ele>89.3</ele>
      </trkpt>
      <trkpt lat="39.5636" lon="2.60648">
        <ele>90.3</ele>
      </trkpt>
      <trkpt lat="39.56359" lon="2.60633">
        <ele>91.7</ele>
      </trkpt>
      <trkpt lat="39.56358" lon="2.60624">
        <ele>92.5</ele>
      </trkpt>
      <trkpt lat="39.56358" lon="2.60621">
        <ele>92.8</ele>
      </trkpt>
      <trkpt lat="39.56358" lon="2.60617">
        <ele>93.1</ele>
      </trkpt>
      <trkpt lat="39.56359" lon="2.60615">
        <ele>93.1</ele>
      </trkpt>
      <trkpt lat="39.5636" lon="2.60612">
        <ele>93.2</ele>
      </trkpt>
      <trkpt lat="39.56361" lon="2.6061">
        <ele>93.2</ele>
      </trkpt>
      <trkpt lat="39.56365" lon="2.60604">
        <ele>93.1</ele>
      </trkpt>
      <trkpt lat="39.56367" lon="2.60602">
        <ele>93.0</ele>
      </trkpt>
      <trkpt lat="39.5637" lon="2.60599">
        <ele>92.9</ele>
      </trkpt>
      <trkpt lat="39.56375" lon="2.60595">
        <ele>92.5</ele>
      </trkpt>
      <trkpt lat="39.56381" lon="2.60592">
        <ele>92.0</ele>
      </trkpt>
      <trkpt lat="39.56386" lon="2.6059">
        <ele>91.5</ele>
      </trkpt>
      <trkpt lat="39.56391" lon="2.60586">
        <ele>91.1</ele>
      </trkpt>
      <trkpt lat="39.56395" lon="2.6058">
        <ele>91.0</ele>
      </trkpt>
      <trkpt lat="39.56396" lon="2.60576">
        <ele>91.1</ele>
      </trkpt>
      <trkpt lat="39.56398" lon="2.6057">
        <ele>91.1</ele>
      </trkpt>
      <trkpt lat="39.56399" lon="2.60564">
        <ele>91.3</ele>
      </trkpt>
      <trkpt lat="39.56399" lon="2.60557">
        <ele>91.7</ele>
      </trkpt>
      <trkpt lat="39.56398" lon="2.60544">
        <ele>92.4</ele>
      </trkpt>
      <trkpt lat="39.56396" lon="2.60526">
        <ele>93.5</ele>
      </trkpt>
      <trkpt lat="39.56397" lon="2.60518">
        <ele>93.8</ele>
      </trkpt>
      <trkpt lat="39.564" lon="2.60507">
        <ele>94.2</ele>
      </trkpt>
      <trkpt lat="39.56405" lon="2.60495">
        <ele>94.9</ele>
      </trkpt>
      <trkpt lat="39.56407" lon="2.60491">
        <ele>95.3</ele>
      </trkpt>
      <trkpt lat="39.56409" lon="2.60488">
        <ele>95.5</ele>
      </trkpt>
      <trkpt lat="39.56411" lon="2.60485">
        <ele>95.8</ele>
      </trkpt>
      <trkpt lat="39.56423" lon="2.60476">
        <ele>96.2</ele>
      </trkpt>
      <trkpt lat="39.56424" lon="2.60476">
        <ele>96.1</ele>
      </trkpt>
      <trkpt lat="39.56435" lon="2.60471">
        <ele>95.7</ele>
      </trkpt>
      <trkpt lat="39.56441" lon="2.60468">
        <ele>95.5</ele>
      </trkpt>
      <trkpt lat="39.56449" lon="2.60465">
        <ele>95.2</ele>
      </trkpt>
      <trkpt lat="39.56457" lon="2.60459">
        <ele>95.5</ele>
      </trkpt>
      <trkpt lat="39.56464" lon="2.60454">
        <ele>95.8</ele>
      </trkpt>
      <trkpt lat="39.56475" lon="2.6044">
        <ele>97.5</ele>
      </trkpt>
      <trkpt lat="39.56483" lon="2.60432">
        <ele>98.6</ele>
      </trkpt>
      <trkpt lat="39.56493" lon="2.60424">
        <ele>99.7</ele>
      </trkpt>
      <trkpt lat="39.56495" lon="2.60422">
        <ele>100.1</ele>
      </trkpt>
      <trkpt lat="39.5652" lon="2.60398">
        <ele>101.5</ele>
      </trkpt>
      <trkpt lat="39.56527" lon="2.60393">
        <ele>101.5</ele>
      </trkpt>
      <trkpt lat="39.56532" lon="2.6039">
        <ele>101.4</ele>
      </trkpt>
      <trkpt lat="39.56538" lon="2.60388">
        <ele>101.2</ele>
      </trkpt>
      <trkpt lat="39.56544" lon="2.60388">
        <ele>100.9</ele>
      </trkpt>
      <trkpt lat="39.56549" lon="2.60388">
        <ele>100.7</ele>
      </trkpt>
      <trkpt lat="39.56556" lon="2.60392">
        <ele>100.2</ele>
      </trkpt>
      <trkpt lat="39.56556" lon="2.60393">
        <ele>100.1</ele>
      </trkpt>
      <trkpt lat="39.56561" lon="2.60398">
        <ele>99.7</ele>
      </trkpt>
      <trkpt lat="39.56569" lon="2.60409">
        <ele>98.8</ele>
      </trkpt>
      <trkpt lat="39.56575" lon="2.60418">
        <ele>98.1</ele>
      </trkpt>
      <trkpt lat="39.56581" lon="2.60424">
        <ele>97.1</ele>
      </trkpt>
      <trkpt lat="39.56587" lon="2.60427">
        <ele>96.2</ele>
      </trkpt>
      <trkpt lat="39.56592" lon="2.60429">
        <ele>95.3</ele>
      </trkpt>
      <trkpt lat="39.56597" lon="2.60429">
        <ele>94.6</ele>
      </trkpt>
      <trkpt lat="39.56599" lon="2.60429">
        <ele>94.4</ele>
      </trkpt>
      <trkpt lat="39.56602" lon="2.60428">
        <ele>94.1</ele>
      </trkpt>
      <trkpt lat="39.56606" lon="2.60426">
        <ele>93.9</ele>
      </trkpt>
      <trkpt lat="39.56611" lon="2.60421">
        <ele>93.8</ele>
      </trkpt>
      <trkpt lat="39.56615" lon="2.60416">
        <ele>93.8</ele>
      </trkpt>
      <trkpt lat="39.56618" lon="2.60412">
        <ele>93.5</ele>
      </trkpt>
      <trkpt lat="39.56621" lon="2.60405">
        <ele>93.2</ele>
      </trkpt>
      <trkpt lat="39.56621" lon="2.60399">
        <ele>93.3</ele>
      </trkpt>
      <trkpt lat="39.56622" lon="2.60394">
        <ele>93.2</ele>
      </trkpt>
      <trkpt lat="39.56622" lon="2.60387">
        <ele>93.3</ele>
      </trkpt>
      <trkpt lat="39.5662" lon="2.60379">
        <ele>93.7</ele>
      </trkpt>
      <trkpt lat="39.56616" lon="2.60365">
        <ele>94.6</ele>
      </trkpt>
      <trkpt lat="39.56612" lon="2.60355">
        <ele>95.4</ele>
      </trkpt>
      <trkpt lat="39.56605" lon="2.60342">
        <ele>96.9</ele>
      </trkpt>
      <trkpt lat="39.56598" lon="2.60334">
        <ele>98.3</ele>
      </trkpt>
      <trkpt lat="39.56594" lon="2.60329">
        <ele>98.8</ele>
      </trkpt>
      <trkpt lat="39.56582" lon="2.60309">
        <ele>98.8</ele>
      </trkpt>
      <trkpt lat="39.56566" lon="2.60276">
        <ele>97.3</ele>
      </trkpt>
      <trkpt lat="39.56553" lon="2.6025">
        <ele>96.6</ele>
      </trkpt>
      <trkpt lat="39.56547" lon="2.60236">
        <ele>97.4</ele>
      </trkpt>
      <trkpt lat="39.56547" lon="2.6022">
        <ele>97.5</ele>
      </trkpt>
      <trkpt lat="39.5655" lon="2.6021">
        <ele>97.3</ele>
      </trkpt>
      <trkpt lat="39.56573" lon="2.60164">
        <ele>96.7</ele>
      </trkpt>
      <trkpt lat="39.56581" lon="2.60148">
        <ele>97.4</ele>
      </trkpt>
      <trkpt lat="39.56581" lon="2.60148">
        <ele>97.4</ele>
      </trkpt>
      <trkpt lat="39.5659" lon="2.60157">
        <ele>96.8</ele>
      </trkpt>
      <trkpt lat="39.56592" lon="2.6016">
        <ele>96.6</ele>
      </trkpt>
      <trkpt lat="39.56605" lon="2.60173">
        <ele>96.2</ele>
      </trkpt>
      <trkpt lat="39.56608" lon="2.60175">
        <ele>96.2</ele>
      </trkpt>
      <trkpt lat="39.56611" lon="2.60179">
        <ele>96.1</ele>
      </trkpt>
      <trkpt lat="39.56619" lon="2.60187">
        <ele>95.8</ele>
      </trkpt>
      <trkpt lat="39.56626" lon="2.60195">
        <ele>95.5</ele>
      </trkpt>
      <trkpt lat="39.56632" lon="2.60201">
        <ele>95.2</ele>
      </trkpt>
      <trkpt lat="39.56634" lon="2.60203">
        <ele>95.1</ele>
      </trkpt>
      <trkpt lat="39.56639" lon="2.60208">
        <ele>94.9</ele>
      </trkpt>
      <trkpt lat="39.56647" lon="2.60216">
        <ele>94.4</ele>
      </trkpt>
      <trkpt lat="39.56658" lon="2.60226">
        <ele>93.7</ele>
      </trkpt>
      <trkpt lat="39.56662" lon="2.60231">
        <ele>93.4</ele>
      </trkpt>
      <trkpt lat="39.56668" lon="2.60236">
        <ele>93.2</ele>
      </trkpt>
      <trkpt lat="39.56675" lon="2.60243">
        <ele>93.4</ele>
      </trkpt>
      <trkpt lat="39.56678" lon="2.60245">
        <ele>93.6</ele>
      </trkpt>
      <trkpt lat="39.56692" lon="2.60256">
        <ele>94.2</ele>
      </trkpt>
      <trkpt lat="39.56714" lon="2.60272">
        <ele>94.8</ele>
      </trkpt>
      <trkpt lat="39.56733" lon="2.60287">
        <ele>94.7</ele>
      </trkpt>
      <trkpt lat="39.56739" lon="2.60292">
        <ele>94.6</ele>
      </trkpt>
      <trkpt lat="39.5675" lon="2.60299">
        <ele>94.5</ele>
      </trkpt>
      <trkpt lat="39.56783" lon="2.60321">
        <ele>94.9</ele>
      </trkpt>
      <trkpt lat="39.56788" lon="2.60324">
        <ele>95.1</ele>
      </trkpt>
      <trkpt lat="39.568" lon="2.60333">
        <ele>95.4</ele>
      </trkpt>
      <trkpt lat="39.56804" lon="2.60335">
        <ele>95.7</ele>
      </trkpt>
      <trkpt lat="39.56809" lon="2.60339">
        <ele>96.1</ele>
      </trkpt>
      <trkpt lat="39.56818" lon="2.60345">
        <ele>96.7</ele>
      </trkpt>
      <trkpt lat="39.56822" lon="2.60347">
        <ele>97.0</ele>
      </trkpt>
      <trkpt lat="39.56832" lon="2.60353">
        <ele>97.7</ele>
      </trkpt>
      <trkpt lat="39.56859" lon="2.60371">
        <ele>97.6</ele>
      </trkpt>
      <trkpt lat="39.5688" lon="2.60385">
        <ele>97.0</ele>
      </trkpt>
      <trkpt lat="39.56897" lon="2.60396">
        <ele>96.2</ele>
      </trkpt>
      <trkpt lat="39.569" lon="2.60398">
        <ele>96.0</ele>
      </trkpt>
      <trkpt lat="39.56905" lon="2.60402">
        <ele>95.6</ele>
      </trkpt>
      <trkpt lat="39.56913" lon="2.60407">
        <ele>95.1</ele>
      </trkpt>
      <trkpt lat="39.56921" lon="2.60412">
        <ele>94.8</ele>
      </trkpt>
      <trkpt lat="39.56925" lon="2.60415">
        <ele>94.7</ele>
      </trkpt>
      <trkpt lat="39.56935" lon="2.60424">
        <ele>94.3</ele>
      </trkpt>
      <trkpt lat="39.56946" lon="2.60434">
        <ele>94.0</ele>
      </trkpt>
      <trkpt lat="39.56954" lon="2.60443">
        <ele>93.6</ele>
      </trkpt>
      <trkpt lat="39.56962" lon="2.60458">
        <ele>92.8</ele>
      </trkpt>
      <trkpt lat="39.56967" lon="2.60468">
        <ele>92.3</ele>
      </trkpt>
      <trkpt lat="39.56968" lon="2.60471">
        <ele>92.2</ele>
      </trkpt>
      <trkpt lat="39.56971" lon="2.60477">
        <ele>91.9</ele>
      </trkpt>
      <trkpt lat="39.56988" lon="2.60512">
        <ele>90.6</ele>
      </trkpt>
      <trkpt lat="39.57001" lon="2.60538">
        <ele>89.6</ele>
      </trkpt>
      <trkpt lat="39.57006" lon="2.60549">
        <ele>89.5</ele>
      </trkpt>
      <trkpt lat="39.57009" lon="2.60555">
        <ele>89.6</ele>
      </trkpt>
      <trkpt lat="39.57015" lon="2.60566">
        <ele>89.7</ele>
      </trkpt>
      <trkpt lat="39.57016" lon="2.6057">
        <ele>89.5</ele>
      </trkpt>
      <trkpt lat="39.57025" lon="2.60588">
        <ele>89.6</ele>
      </trkpt>
      <trkpt lat="39.57041" lon="2.60621">
        <ele>89.3</ele>
      </trkpt>
      <trkpt lat="39.5706" lon="2.60662">
        <ele>87.9</ele>
      </trkpt>
      <trkpt lat="39.57068" lon="2.60678">
        <ele>87.3</ele>
      </trkpt>
      <trkpt lat="39.5708" lon="2.60703">
        <ele>85.4</ele>
      </trkpt>
      <trkpt lat="39.57083" lon="2.60708">
        <ele>85.0</ele>
      </trkpt>
      <trkpt lat="39.57085" lon="2.60713">
        <ele>84.6</ele>
      </trkpt>
      <trkpt lat="39.57088" lon="2.60722">
        <ele>83.6</ele>
      </trkpt>
      <trkpt lat="39.571" lon="2.60745">
        <ele>81.8</ele>
      </trkpt>
      <trkpt lat="39.5711" lon="2.6076">
        <ele>81.7</ele>
      </trkpt>
      <trkpt lat="39.5712" lon="2.6077">
        <ele>82.3</ele>
      </trkpt>
      <trkpt lat="39.57136" lon="2.60786">
        <ele>82.9</ele>
      </trkpt>
      <trkpt lat="39.57141" lon="2.60793">
        <ele>82.9</ele>
      </trkpt>
      <trkpt lat="39.57144" lon="2.60798">
        <ele>82.9</ele>
      </trkpt>
      <trkpt lat="39.5715" lon="2.60808">
        <ele>82.7</ele>
      </trkpt>
      <trkpt lat="39.57153" lon="2.60813">
        <ele>82.6</ele>
      </trkpt>
      <trkpt lat="39.57156" lon="2.60819">
        <ele>82.3</ele>
      </trkpt>
      <trkpt lat="39.57159" lon="2.60827">
        <ele>82.0</ele>
      </trkpt>
      <trkpt lat="39.57164" lon="2.6084">
        <ele>81.2</ele>
      </trkpt>
      <trkpt lat="39.57169" lon="2.60855">
        <ele>80.2</ele>
      </trkpt>
      <trkpt lat="39.57173" lon="2.60867">
        <ele>79.4</ele>
      </trkpt>
      <trkpt lat="39.57191" lon="2.60916">
        <ele>76.4</ele>
      </trkpt>
      <trkpt lat="39.57196" lon="2.60924">
        <ele>76.4</ele>
      </trkpt>
      <trkpt lat="39.57203" lon="2.60932">
        <ele>76.5</ele>
      </trkpt>
      <trkpt lat="39.57208" lon="2.60937">
        <ele>76.6</ele>
      </trkpt>
      <trkpt lat="39.57215" lon="2.60942">
        <ele>76.9</ele>
      </trkpt>
      <trkpt lat="39.57219" lon="2.60945">
        <ele>77.0</ele>
      </trkpt>
      <trkpt lat="39.57223" lon="2.60947">
        <ele>77.2</ele>
      </trkpt>
      <trkpt lat="39.57269" lon="2.60971">
        <ele>77.5</ele>
      </trkpt>
      <trkpt lat="39.57269" lon="2.60971">
        <ele>77.5</ele>
      </trkpt>
      <trkpt lat="39.57272" lon="2.6097">
        <ele>77.6</ele>
      </trkpt>
      <trkpt lat="39.57274" lon="2.60971">
        <ele>77.5</ele>
      </trkpt>
      <trkpt lat="39.57286" lon="2.60978">
        <ele>77.1</ele>
      </trkpt>
      <trkpt lat="39.57293" lon="2.60981">
        <ele>77.0</ele>
      </trkpt>
      <trkpt lat="39.57315" lon="2.60991">
        <ele>76.9</ele>
      </trkpt>
      <trkpt lat="39.57321" lon="2.60994">
        <ele>76.9</ele>
      </trkpt>
      <trkpt lat="39.57334" lon="2.61">
        <ele>77.0</ele>
      </trkpt>
      <trkpt lat="39.57351" lon="2.6101">
        <ele>75.9</ele>
      </trkpt>
      <trkpt lat="39.57363" lon="2.61015">
        <ele>75.3</ele>
      </trkpt>
      <trkpt lat="39.57368" lon="2.61017">
        <ele>75.1</ele>
      </trkpt>
      <trkpt lat="39.57375" lon="2.61017">
        <ele>74.9</ele>
      </trkpt>
      <trkpt lat="39.57379" lon="2.61017">
        <ele>74.8</ele>
      </trkpt>
      <trkpt lat="39.57385" lon="2.61015">
        <ele>74.7</ele>
      </trkpt>
      <trkpt lat="39.57389" lon="2.61012">
        <ele>74.7</ele>
      </trkpt>
      <trkpt lat="39.57402" lon="2.61002">
        <ele>74.5</ele>
      </trkpt>
      <trkpt lat="39.57406" lon="2.60999">
        <ele>74.4</ele>
      </trkpt>
      <trkpt lat="39.57406" lon="2.60999">
        <ele>74.4</ele>
      </trkpt>
      <trkpt lat="39.57406" lon="2.60996">
        <ele>74.6</ele>
      </trkpt>
      <trkpt lat="39.57407" lon="2.60993">
        <ele>74.7</ele>
      </trkpt>
      <trkpt lat="39.57409" lon="2.6099">
        <ele>74.7</ele>
      </trkpt>
      <trkpt lat="39.5741" lon="2.60987">
        <ele>74.8</ele>
      </trkpt>
      <trkpt lat="39.57412" lon="2.60985">
        <ele>74.9</ele>
      </trkpt>
      <trkpt lat="39.57414" lon="2.60983">
        <ele>74.9</ele>
      </trkpt>
      <trkpt lat="39.57416" lon="2.60981">
        <ele>74.9</ele>
      </trkpt>
      <trkpt lat="39.57418" lon="2.60979">
        <ele>74.9</ele>
      </trkpt>
      <trkpt lat="39.5742" lon="2.60978">
        <ele>74.8</ele>
      </trkpt>
      <trkpt lat="39.57423" lon="2.60977">
        <ele>74.7</ele>
      </trkpt>
      <trkpt lat="39.57425" lon="2.60976">
        <ele>74.6</ele>
      </trkpt>
      <trkpt lat="39.57427" lon="2.60976">
        <ele>74.5</ele>
      </trkpt>
      <trkpt lat="39.5743" lon="2.60976">
        <ele>74.3</ele>
      </trkpt>
      <trkpt lat="39.57432" lon="2.60976">
        <ele>74.1</ele>
      </trkpt>
      <trkpt lat="39.57434" lon="2.60976">
        <ele>74.0</ele>
      </trkpt>
      <trkpt lat="39.57437" lon="2.60977">
        <ele>73.7</ele>
      </trkpt>
      <trkpt lat="39.57432" lon="2.60964">
        <ele>74.6</ele>
      </trkpt>
      <trkpt lat="39.57432" lon="2.60959">
        <ele>74.9</ele>
      </trkpt>
      <trkpt lat="39.57431" lon="2.60952">
        <ele>75.2</ele>
      </trkpt>
      <trkpt lat="39.57432" lon="2.60947">
        <ele>75.4</ele>
      </trkpt>
      <trkpt lat="39.57432" lon="2.6093">
        <ele>76.1</ele>
      </trkpt>
      <trkpt lat="39.57433" lon="2.60905">
        <ele>77.9</ele>
      </trkpt>
      <trkpt lat="39.57434" lon="2.60884">
        <ele>80.2</ele>
      </trkpt>
      <trkpt lat="39.57434" lon="2.60858">
        <ele>83.0</ele>
      </trkpt>
      <trkpt lat="39.57434" lon="2.60845">
        <ele>84.5</ele>
      </trkpt>
      <trkpt lat="39.57432" lon="2.60823">
        <ele>86.1</ele>
      </trkpt>
      <trkpt lat="39.57432" lon="2.60817">
        <ele>86.2</ele>
      </trkpt>
      <trkpt lat="39.5743" lon="2.60793">
        <ele>86.7</ele>
      </trkpt>
      <trkpt lat="39.57424" lon="2.60763">
        <ele>87.5</ele>
      </trkpt>
      <trkpt lat="39.5742" lon="2.60744">
        <ele>88.1</ele>
      </trkpt>
      <trkpt lat="39.57418" lon="2.60738">
        <ele>88.4</ele>
      </trkpt>
      <trkpt lat="39.57415" lon="2.60722">
        <ele>89.2</ele>
      </trkpt>
      <trkpt lat="39.57414" lon="2.60721">
        <ele>89.4</ele>
      </trkpt>
      <trkpt lat="39.57413" lon="2.60717">
        <ele>89.7</ele>
      </trkpt>
      <trkpt lat="39.57411" lon="2.60711">
        <ele>90.1</ele>
      </trkpt>
      <trkpt lat="39.57406" lon="2.607">
        <ele>91.1</ele>
      </trkpt>
      <trkpt lat="39.574" lon="2.60685">
        <ele>92.2</ele>
      </trkpt>
      <trkpt lat="39.57398" lon="2.60679">
        <ele>92.5</ele>
      </trkpt>
      <trkpt lat="39.57396" lon="2.60675">
        <ele>92.8</ele>
      </trkpt>
      <trkpt lat="39.57396" lon="2.60671">
        <ele>92.9</ele>
      </trkpt>
      <trkpt lat="39.57395" lon="2.60662">
        <ele>93.2</ele>
      </trkpt>
      <trkpt lat="39.57396" lon="2.60654">
        <ele>93.3</ele>
      </trkpt>
      <trkpt lat="39.57396" lon="2.60652">
        <ele>93.4</ele>
      </trkpt>
      <trkpt lat="39.57396" lon="2.60649">
        <ele>93.5</ele>
      </trkpt>
      <trkpt lat="39.57398" lon="2.60642">
        <ele>93.5</ele>
      </trkpt>
      <trkpt lat="39.574" lon="2.60635">
        <ele>93.6</ele>
      </trkpt>
      <trkpt lat="39.574" lon="2.60634">
        <ele>93.6</ele>
      </trkpt>
      <trkpt lat="39.57406" lon="2.6062">
        <ele>93.8</ele>
      </trkpt>
      <trkpt lat="39.57407" lon="2.60617">
        <ele>93.8</ele>
      </trkpt>
      <trkpt lat="39.57409" lon="2.60613">
        <ele>93.9</ele>
      </trkpt>
      <trkpt lat="39.57415" lon="2.60599">
        <ele>94.3</ele>
      </trkpt>
      <trkpt lat="39.57416" lon="2.60595">
        <ele>94.5</ele>
      </trkpt>
      <trkpt lat="39.57418" lon="2.60588">
        <ele>94.8</ele>
      </trkpt>
      <trkpt lat="39.57421" lon="2.60579">
        <ele>95.3</ele>
      </trkpt>
      <trkpt lat="39.57422" lon="2.60574">
        <ele>95.6</ele>
      </trkpt>
      <trkpt lat="39.57426" lon="2.60563">
        <ele>96.3</ele>
      </trkpt>
      <trkpt lat="39.57431" lon="2.60537">
        <ele>98.0</ele>
      </trkpt>
      <trkpt lat="39.57436" lon="2.60507">
        <ele>100.0</ele>
      </trkpt>
      <trkpt lat="39.57443" lon="2.60484">
        <ele>100.8</ele>
      </trkpt>
      <trkpt lat="39.57445" lon="2.60477">
        <ele>100.9</ele>
      </trkpt>
      <trkpt lat="39.57449" lon="2.60466">
        <ele>101.2</ele>
      </trkpt>
      <trkpt lat="39.5745" lon="2.60463">
        <ele>101.2</ele>
      </trkpt>
      <trkpt lat="39.57452" lon="2.60455">
        <ele>101.3</ele>
      </trkpt>
      <trkpt lat="39.57453" lon="2.60453">
        <ele>101.4</ele>
      </trkpt>
      <trkpt lat="39.57457" lon="2.60441">
        <ele>101.6</ele>
      </trkpt>
      <trkpt lat="39.57459" lon="2.60434">
        <ele>101.6</ele>
      </trkpt>
      <trkpt lat="39.5746" lon="2.60432">
        <ele>101.7</ele>
      </trkpt>
      <trkpt lat="39.57464" lon="2.6042">
        <ele>101.9</ele>
      </trkpt>
      <trkpt lat="39.57466" lon="2.60412">
        <ele>101.9</ele>
      </trkpt>
      <trkpt lat="39.57467" lon="2.6041">
        <ele>101.9</ele>
      </trkpt>
      <trkpt lat="39.57471" lon="2.60398">
        <ele>101.9</ele>
      </trkpt>
      <trkpt lat="39.57472" lon="2.60395">
        <ele>101.9</ele>
      </trkpt>
      <trkpt lat="39.57474" lon="2.60388">
        <ele>101.8</ele>
      </trkpt>
      <trkpt lat="39.57478" lon="2.60368">
        <ele>101.5</ele>
      </trkpt>
      <trkpt lat="39.57479" lon="2.6036">
        <ele>101.4</ele>
      </trkpt>
      <trkpt lat="39.5748" lon="2.60353">
        <ele>101.2</ele>
      </trkpt>
      <trkpt lat="39.57481" lon="2.60342">
        <ele>101.0</ele>
      </trkpt>
      <trkpt lat="39.57483" lon="2.60327">
        <ele>100.1</ele>
      </trkpt>
      <trkpt lat="39.57484" lon="2.60307">
        <ele>98.1</ele>
      </trkpt>
      <trkpt lat="39.57484" lon="2.60306">
        <ele>98.0</ele>
      </trkpt>
      <trkpt lat="39.57489" lon="2.60286">
        <ele>95.7</ele>
      </trkpt>
      <trkpt lat="39.57494" lon="2.60266">
        <ele>93.3</ele>
      </trkpt>
      <trkpt lat="39.57499" lon="2.60254">
        <ele>91.5</ele>
      </trkpt>
      <trkpt lat="39.57503" lon="2.60246">
        <ele>91.0</ele>
      </trkpt>
      <trkpt lat="39.57508" lon="2.6024">
        <ele>90.9</ele>
      </trkpt>
      <trkpt lat="39.5751" lon="2.60238">
        <ele>90.9</ele>
      </trkpt>
      <trkpt lat="39.57511" lon="2.60238">
        <ele>90.9</ele>
      </trkpt>
      <trkpt lat="39.5752" lon="2.60232">
        <ele>91.0</ele>
      </trkpt>
      <trkpt lat="39.57521" lon="2.60231">
        <ele>91.0</ele>
      </trkpt>
      <trkpt lat="39.57526" lon="2.60228">
        <ele>91.1</ele>
      </trkpt>
      <trkpt lat="39.57527" lon="2.60228">
        <ele>91.1</ele>
      </trkpt>
      <trkpt lat="39.57539" lon="2.6022">
        <ele>91.2</ele>
      </trkpt>
      <trkpt lat="39.57545" lon="2.60216">
        <ele>91.2</ele>
      </trkpt>
      <trkpt lat="39.57549" lon="2.60212">
        <ele>91.1</ele>
      </trkpt>
      <trkpt lat="39.57556" lon="2.60204">
        <ele>91.0</ele>
      </trkpt>
      <trkpt lat="39.57561" lon="2.60194">
        <ele>90.7</ele>
      </trkpt>
      <trkpt lat="39.57563" lon="2.60189">
        <ele>90.5</ele>
      </trkpt>
      <trkpt lat="39.57569" lon="2.60175">
        <ele>90.0</ele>
      </trkpt>
      <trkpt lat="39.57575" lon="2.60158">
        <ele>89.9</ele>
      </trkpt>
      <trkpt lat="39.57578" lon="2.60146">
        <ele>90.1</ele>
      </trkpt>
      <trkpt lat="39.57582" lon="2.60132">
        <ele>90.4</ele>
      </trkpt>
      <trkpt lat="39.57584" lon="2.60124">
        <ele>90.6</ele>
      </trkpt>
      <trkpt lat="39.57585" lon="2.60121">
        <ele>90.7</ele>
      </trkpt>
      <trkpt lat="39.57591" lon="2.60103">
        <ele>91.3</ele>
      </trkpt>
      <trkpt lat="39.57598" lon="2.60084">
        <ele>92.2</ele>
      </trkpt>
      <trkpt lat="39.57606" lon="2.60063">
        <ele>93.7</ele>
      </trkpt>
      <trkpt lat="39.57613" lon="2.60041">
        <ele>94.9</ele>
      </trkpt>
      <trkpt lat="39.57614" lon="2.60039">
        <ele>95.1</ele>
      </trkpt>
      <trkpt lat="39.57615" lon="2.60035">
        <ele>95.2</ele>
      </trkpt>
      <trkpt lat="39.57617" lon="2.60025">
        <ele>95.6</ele>
      </trkpt>
      <trkpt lat="39.57618" lon="2.60018">
        <ele>95.9</ele>
      </trkpt>
      <trkpt lat="39.57618" lon="2.60017">
        <ele>95.9</ele>
      </trkpt>
      <trkpt lat="39.5762" lon="2.6001">
        <ele>96.2</ele>
      </trkpt>
      <trkpt lat="39.57622" lon="2.59996">
        <ele>96.5</ele>
      </trkpt>
      <trkpt lat="39.57622" lon="2.59994">
        <ele>96.6</ele>
      </trkpt>
      <trkpt lat="39.57623" lon="2.59989">
        <ele>96.7</ele>
      </trkpt>
      <trkpt lat="39.57625" lon="2.59976">
        <ele>96.9</ele>
      </trkpt>
      <trkpt lat="39.57626" lon="2.5997">
        <ele>97.0</ele>
      </trkpt>
      <trkpt lat="39.57625" lon="2.59958">
        <ele>97.3</ele>
      </trkpt>
      <trkpt lat="39.57623" lon="2.59948">
        <ele>97.4</ele>
      </trkpt>
      <trkpt lat="39.57622" lon="2.59942">
        <ele>97.5</ele>
      </trkpt>
      <trkpt lat="39.57619" lon="2.59925">
        <ele>97.8</ele>
      </trkpt>
      <trkpt lat="39.57615" lon="2.59899">
        <ele>98.6</ele>
      </trkpt>
      <trkpt lat="39.57611" lon="2.59873">
        <ele>99.6</ele>
      </trkpt>
      <trkpt lat="39.57606" lon="2.59842">
        <ele>100.9</ele>
      </trkpt>
      <trkpt lat="39.57606" lon="2.59833">
        <ele>101.2</ele>
      </trkpt>
      <trkpt lat="39.57606" lon="2.59832">
        <ele>101.2</ele>
      </trkpt>
      <trkpt lat="39.57608" lon="2.59813">
        <ele>101.7</ele>
      </trkpt>
      <trkpt lat="39.57608" lon="2.5981">
        <ele>101.7</ele>
      </trkpt>
      <trkpt lat="39.57608" lon="2.59808">
        <ele>101.8</ele>
      </trkpt>
      <trkpt lat="39.57609" lon="2.59795">
        <ele>102.2</ele>
      </trkpt>
      <trkpt lat="39.5761" lon="2.59787">
        <ele>102.4</ele>
      </trkpt>
      <trkpt lat="39.5761" lon="2.5978">
        <ele>102.7</ele>
      </trkpt>
      <trkpt lat="39.57611" lon="2.59765">
        <ele>103.2</ele>
      </trkpt>
      <trkpt lat="39.57611" lon="2.59751">
        <ele>103.6</ele>
      </trkpt>
      <trkpt lat="39.57609" lon="2.59723">
        <ele>104.3</ele>
      </trkpt>
      <trkpt lat="39.57608" lon="2.59709">
        <ele>104.6</ele>
      </trkpt>
      <trkpt lat="39.57608" lon="2.59701">
        <ele>104.9</ele>
      </trkpt>
      <trkpt lat="39.57608" lon="2.59696">
        <ele>105.0</ele>
      </trkpt>
      <trkpt lat="39.57609" lon="2.59694">
        <ele>105.2</ele>
      </trkpt>
      <trkpt lat="39.57609" lon="2.59691">
        <ele>105.3</ele>
      </trkpt>
      <trkpt lat="39.57613" lon="2.59682">
        <ele>106.1</ele>
      </trkpt>
      <trkpt lat="39.57616" lon="2.59673">
        <ele>106.7</ele>
      </trkpt>
      <trkpt lat="39.57621" lon="2.59662">
        <ele>107.8</ele>
      </trkpt>
      <trkpt lat="39.57625" lon="2.59652">
        <ele>108.9</ele>
      </trkpt>
      <trkpt lat="39.5763" lon="2.5964">
        <ele>110.2</ele>
      </trkpt>
      <trkpt lat="39.57634" lon="2.59632">
        <ele>111.1</ele>
      </trkpt>
      <trkpt lat="39.57637" lon="2.59628">
        <ele>111.6</ele>
      </trkpt>
      <trkpt lat="39.57639" lon="2.59622">
        <ele>112.2</ele>
      </trkpt>
      <trkpt lat="39.57644" lon="2.59618">
        <ele>112.9</ele>
      </trkpt>
      <trkpt lat="39.57648" lon="2.59616">
        <ele>113.5</ele>
      </trkpt>
      <trkpt lat="39.57652" lon="2.59614">
        <ele>114.0</ele>
      </trkpt>
      <trkpt lat="39.57658" lon="2.59615">
        <ele>114.6</ele>
      </trkpt>
      <trkpt lat="39.57663" lon="2.59619">
        <ele>114.9</ele>
      </trkpt>
      <trkpt lat="39.57664" lon="2.59619">
        <ele>115.0</ele>
      </trkpt>
      <trkpt lat="39.57668" lon="2.59624">
        <ele>115.3</ele>
      </trkpt>
      <trkpt lat="39.57671" lon="2.59631">
        <ele>115.6</ele>
      </trkpt>
      <trkpt lat="39.57675" lon="2.59636">
        <ele>116.2</ele>
      </trkpt>
      <trkpt lat="39.57675" lon="2.59637">
        <ele>116.1</ele>
      </trkpt>
      <trkpt lat="39.57677" lon="2.59638">
        <ele>116.5</ele>
      </trkpt>
      <trkpt lat="39.57679" lon="2.59639">
        <ele>116.9</ele>
      </trkpt>
      <trkpt lat="39.57681" lon="2.59639">
        <ele>117.3</ele>
      </trkpt>
      <trkpt lat="39.57683" lon="2.59638">
        <ele>117.8</ele>
      </trkpt>
      <trkpt lat="39.57684" lon="2.59637">
        <ele>118.0</ele>
      </trkpt>
      <trkpt lat="39.57685" lon="2.59635">
        <ele>118.3</ele>
      </trkpt>
      <trkpt lat="39.57686" lon="2.59633">
        <ele>118.6</ele>
      </trkpt>
      <trkpt lat="39.57685" lon="2.59632">
        <ele>118.4</ele>
      </trkpt>
      <trkpt lat="39.57684" lon="2.59628">
        <ele>118.3</ele>
      </trkpt>
      <trkpt lat="39.57684" lon="2.59627">
        <ele>118.4</ele>
      </trkpt>
      <trkpt lat="39.57683" lon="2.59622">
        <ele>118.3</ele>
      </trkpt>
      <trkpt lat="39.57681" lon="2.59617">
        <ele>118.1</ele>
      </trkpt>
      <trkpt lat="39.57679" lon="2.59612">
        <ele>118.0</ele>
      </trkpt>
      <trkpt lat="39.57676" lon="2.59601">
        <ele>117.8</ele>
      </trkpt>
      <trkpt lat="39.57674" lon="2.59593">
        <ele>117.8</ele>
      </trkpt>
      <trkpt lat="39.5767" lon="2.59581">
        <ele>118.0</ele>
      </trkpt>
      <trkpt lat="39.57664" lon="2.59568">
        <ele>119.3</ele>
      </trkpt>
      <trkpt lat="39.57654" lon="2.59544">
        <ele>122.0</ele>
      </trkpt>
      <trkpt lat="39.57649" lon="2.5953">
        <ele>123.5</ele>
      </trkpt>
      <trkpt lat="39.57646" lon="2.59522">
        <ele>124.2</ele>
      </trkpt>
      <trkpt lat="39.57644" lon="2.59516">
        <ele>124.8</ele>
      </trkpt>
      <trkpt lat="39.57638" lon="2.59503">
        <ele>125.8</ele>
      </trkpt>
      <trkpt lat="39.57638" lon="2.59502">
        <ele>125.9</ele>
      </trkpt>
      <trkpt lat="39.57632" lon="2.59492">
        <ele>126.2</ele>
      </trkpt>
      <trkpt lat="39.57624" lon="2.5948">
        <ele>126.3</ele>
      </trkpt>
      <trkpt lat="39.57618" lon="2.59473">
        <ele>126.1</ele>
      </trkpt>
      <trkpt lat="39.57615" lon="2.59471">
        <ele>125.9</ele>
      </trkpt>
      <trkpt lat="39.57608" lon="2.59467">
        <ele>125.1</ele>
      </trkpt>
      <trkpt lat="39.57601" lon="2.59465">
        <ele>124.0</ele>
      </trkpt>
      <trkpt lat="39.57596" lon="2.59464">
        <ele>123.2</ele>
      </trkpt>
      <trkpt lat="39.57583" lon="2.59462">
        <ele>121.1</ele>
      </trkpt>
      <trkpt lat="39.57576" lon="2.59461">
        <ele>121.1</ele>
      </trkpt>
      <trkpt lat="39.57569" lon="2.5946">
        <ele>121.1</ele>
      </trkpt>
      <trkpt lat="39.57565" lon="2.5946">
        <ele>121.1</ele>
      </trkpt>
      <trkpt lat="39.57562" lon="2.59459">
        <ele>121.2</ele>
      </trkpt>
      <trkpt lat="39.57559" lon="2.59456">
        <ele>121.5</ele>
      </trkpt>
      <trkpt lat="39.57558" lon="2.59453">
        <ele>121.8</ele>
      </trkpt>
      <trkpt lat="39.57558" lon="2.59449">
        <ele>122.2</ele>
      </trkpt>
      <trkpt lat="39.57558" lon="2.59446">
        <ele>122.5</ele>
      </trkpt>
      <trkpt lat="39.5756" lon="2.59444">
        <ele>122.8</ele>
      </trkpt>
      <trkpt lat="39.57565" lon="2.59439">
        <ele>123.4</ele>
      </trkpt>
      <trkpt lat="39.57588" lon="2.59417">
        <ele>126.9</ele>
      </trkpt>
      <trkpt lat="39.57594" lon="2.59412">
        <ele>128.3</ele>
      </trkpt>
      <trkpt lat="39.57595" lon="2.59411">
        <ele>128.6</ele>
      </trkpt>
      <trkpt lat="39.57601" lon="2.59406">
        <ele>129.9</ele>
      </trkpt>
      <trkpt lat="39.57604" lon="2.59406">
        <ele>130.4</ele>
      </trkpt>
      <trkpt lat="39.57607" lon="2.59405">
        <ele>131.0</ele>
      </trkpt>
      <trkpt lat="39.57611" lon="2.59403">
        <ele>131.8</ele>
      </trkpt>
      <trkpt lat="39.57621" lon="2.594">
        <ele>133.7</ele>
      </trkpt>
      <trkpt lat="39.57626" lon="2.59398">
        <ele>134.6</ele>
      </trkpt>
      <trkpt lat="39.57634" lon="2.59394">
        <ele>135.9</ele>
      </trkpt>
      <trkpt lat="39.57638" lon="2.59392">
        <ele>136.6</ele>
      </trkpt>
      <trkpt lat="39.57643" lon="2.59388">
        <ele>137.3</ele>
      </trkpt>
      <trkpt lat="39.57649" lon="2.5938">
        <ele>138.0</ele>
      </trkpt>
      <trkpt lat="39.57652" lon="2.59377">
        <ele>138.4</ele>
      </trkpt>
      <trkpt lat="39.5766" lon="2.59368">
        <ele>139.1</ele>
      </trkpt>
      <trkpt lat="39.57664" lon="2.59363">
        <ele>139.4</ele>
      </trkpt>
      <trkpt lat="39.5767" lon="2.59358">
        <ele>140.1</ele>
      </trkpt>
      <trkpt lat="39.57674" lon="2.59351">
        <ele>140.5</ele>
      </trkpt>
      <trkpt lat="39.57677" lon="2.59345">
        <ele>140.7</ele>
      </trkpt>
      <trkpt lat="39.5768" lon="2.59339">
        <ele>141.0</ele>
      </trkpt>
      <trkpt lat="39.57682" lon="2.5933">
        <ele>141.1</ele>
      </trkpt>
      <trkpt lat="39.57683" lon="2.59323">
        <ele>141.1</ele>
      </trkpt>
      <trkpt lat="39.57683" lon="2.59321">
        <ele>141.1</ele>
      </trkpt>
      <trkpt lat="39.57684" lon="2.59315">
        <ele>141.2</ele>
      </trkpt>
      <trkpt lat="39.57686" lon="2.59308">
        <ele>141.4</ele>
      </trkpt>
      <trkpt lat="39.57686" lon="2.59306">
        <ele>141.4</ele>
      </trkpt>
      <trkpt lat="39.57688" lon="2.59302">
        <ele>141.7</ele>
      </trkpt>
      <trkpt lat="39.57689" lon="2.59301">
        <ele>141.9</ele>
      </trkpt>
      <trkpt lat="39.57689" lon="2.593">
        <ele>141.8</ele>
      </trkpt>
      <trkpt lat="39.57691" lon="2.59299">
        <ele>142.2</ele>
      </trkpt>
      <trkpt lat="39.57693" lon="2.59297">
        <ele>142.5</ele>
      </trkpt>
      <trkpt lat="39.57695" lon="2.59297">
        <ele>142.9</ele>
      </trkpt>
      <trkpt lat="39.57697" lon="2.59298">
        <ele>143.3</ele>
      </trkpt>
      <trkpt lat="39.57698" lon="2.59299">
        <ele>143.5</ele>
      </trkpt>
      <trkpt lat="39.57699" lon="2.59301">
        <ele>143.8</ele>
      </trkpt>
      <trkpt lat="39.57701" lon="2.59304">
        <ele>144.2</ele>
      </trkpt>
      <trkpt lat="39.57702" lon="2.59307">
        <ele>144.5</ele>
      </trkpt>
      <trkpt lat="39.57702" lon="2.59309">
        <ele>144.5</ele>
      </trkpt>
      <trkpt lat="39.57703" lon="2.59313">
        <ele>144.9</ele>
      </trkpt>
      <trkpt lat="39.57704" lon="2.59316">
        <ele>145.1</ele>
      </trkpt>
      <trkpt lat="39.57705" lon="2.59318">
        <ele>145.4</ele>
      </trkpt>
      <trkpt lat="39.57707" lon="2.59322">
        <ele>145.9</ele>
      </trkpt>
      <trkpt lat="39.57712" lon="2.59327">
        <ele>147.1</ele>
      </trkpt>
      <trkpt lat="39.57718" lon="2.59329">
        <ele>148.3</ele>
      </trkpt>
      <trkpt lat="39.57721" lon="2.59329">
        <ele>148.9</ele>
      </trkpt>
      <trkpt lat="39.57723" lon="2.59328">
        <ele>149.3</ele>
      </trkpt>
      <trkpt lat="39.57726" lon="2.59325">
        <ele>149.8</ele>
      </trkpt>
      <trkpt lat="39.57728" lon="2.59323">
        <ele>150.1</ele>
      </trkpt>
      <trkpt lat="39.57729" lon="2.59319">
        <ele>150.2</ele>
      </trkpt>
      <trkpt lat="39.5773" lon="2.59315">
        <ele>150.2</ele>
      </trkpt>
      <trkpt lat="39.5773" lon="2.59313">
        <ele>150.1</ele>
      </trkpt>
      <trkpt lat="39.5773" lon="2.59304">
        <ele>149.8</ele>
      </trkpt>
      <trkpt lat="39.57728" lon="2.59291">
        <ele>148.9</ele>
      </trkpt>
      <trkpt lat="39.57727" lon="2.59281">
        <ele>148.3</ele>
      </trkpt>
      <trkpt lat="39.57727" lon="2.59275">
        <ele>148.1</ele>
      </trkpt>
      <trkpt lat="39.57726" lon="2.59263">
        <ele>147.5</ele>
      </trkpt>
      <trkpt lat="39.57726" lon="2.59247">
        <ele>147.2</ele>
      </trkpt>
      <trkpt lat="39.57727" lon="2.59235">
        <ele>148.1</ele>
      </trkpt>
      <trkpt lat="39.57727" lon="2.59234">
        <ele>148.1</ele>
      </trkpt>
      <trkpt lat="39.57729" lon="2.59216">
        <ele>149.5</ele>
      </trkpt>
      <trkpt lat="39.57734" lon="2.59195">
        <ele>151.3</ele>
      </trkpt>
      <trkpt lat="39.57737" lon="2.59176">
        <ele>152.6</ele>
      </trkpt>
      <trkpt lat="39.5774" lon="2.59157">
        <ele>153.7</ele>
      </trkpt>
      <trkpt lat="39.57741" lon="2.59154">
        <ele>153.8</ele>
      </trkpt>
      <trkpt lat="39.57742" lon="2.59143">
        <ele>154.3</ele>
      </trkpt>
      <trkpt lat="39.57743" lon="2.59136">
        <ele>154.5</ele>
      </trkpt>
      <trkpt lat="39.57746" lon="2.59113">
        <ele>155.3</ele>
      </trkpt>
      <trkpt lat="39.57747" lon="2.59108">
        <ele>155.4</ele>
      </trkpt>
      <trkpt lat="39.57749" lon="2.59101">
        <ele>155.6</ele>
      </trkpt>
      <trkpt lat="39.57751" lon="2.59096">
        <ele>155.8</ele>
      </trkpt>
      <trkpt lat="39.57755" lon="2.59087">
        <ele>156.4</ele>
      </trkpt>
      <trkpt lat="39.5776" lon="2.59079">
        <ele>157.0</ele>
      </trkpt>
      <trkpt lat="39.57766" lon="2.59069">
        <ele>157.9</ele>
      </trkpt>
      <trkpt lat="39.57778" lon="2.59051">
        <ele>159.1</ele>
      </trkpt>
      <trkpt lat="39.57781" lon="2.59046">
        <ele>159.3</ele>
      </trkpt>
      <trkpt lat="39.57783" lon="2.59042">
        <ele>159.5</ele>
      </trkpt>
      <trkpt lat="39.57789" lon="2.59033">
        <ele>159.8</ele>
      </trkpt>
      <trkpt lat="39.57794" lon="2.59024">
        <ele>159.9</ele>
      </trkpt>
      <trkpt lat="39.578" lon="2.59015">
        <ele>159.9</ele>
      </trkpt>
      <trkpt lat="39.57806" lon="2.59006">
        <ele>159.7</ele>
      </trkpt>
      <trkpt lat="39.57813" lon="2.58995">
        <ele>159.5</ele>
      </trkpt>
      <trkpt lat="39.57817" lon="2.58988">
        <ele>159.4</ele>
      </trkpt>
      <trkpt lat="39.57826" lon="2.58971">
        <ele>158.8</ele>
      </trkpt>
      <trkpt lat="39.57833" lon="2.58956">
        <ele>158.0</ele>
      </trkpt>
      <trkpt lat="39.57842" lon="2.58928">
        <ele>157.0</ele>
      </trkpt>
      <trkpt lat="39.57843" lon="2.58927">
        <ele>156.9</ele>
      </trkpt>
      <trkpt lat="39.57847" lon="2.58916">
        <ele>156.5</ele>
      </trkpt>
      <trkpt lat="39.57851" lon="2.58906">
        <ele>156.4</ele>
      </trkpt>
      <trkpt lat="39.57859" lon="2.58885">
        <ele>156.1</ele>
      </trkpt>
      <trkpt lat="39.57859" lon="2.58883">
        <ele>156.1</ele>
      </trkpt>
      <trkpt lat="39.57863" lon="2.58874">
        <ele>155.9</ele>
      </trkpt>
      <trkpt lat="39.57867" lon="2.58864">
        <ele>155.8</ele>
      </trkpt>
      <trkpt lat="39.5787" lon="2.58858">
        <ele>155.7</ele>
      </trkpt>
      <trkpt lat="39.57872" lon="2.58854">
        <ele>155.6</ele>
      </trkpt>
      <trkpt lat="39.57876" lon="2.58844">
        <ele>155.5</ele>
      </trkpt>
      <trkpt lat="39.5788" lon="2.58833">
        <ele>155.3</ele>
      </trkpt>
      <trkpt lat="39.57884" lon="2.58823">
        <ele>155.5</ele>
      </trkpt>
      <trkpt lat="39.57888" lon="2.58812">
        <ele>155.8</ele>
      </trkpt>
      <trkpt lat="39.57891" lon="2.58802">
        <ele>156.1</ele>
      </trkpt>
      <trkpt lat="39.57895" lon="2.58791">
        <ele>156.3</ele>
      </trkpt>
      <trkpt lat="39.57896" lon="2.58789">
        <ele>156.3</ele>
      </trkpt>
      <trkpt lat="39.579" lon="2.58781">
        <ele>156.5</ele>
      </trkpt>
      <trkpt lat="39.57904" lon="2.58771">
        <ele>156.7</ele>
      </trkpt>
      <trkpt lat="39.57909" lon="2.58761">
        <ele>156.9</ele>
      </trkpt>
      <trkpt lat="39.57913" lon="2.58752">
        <ele>157.1</ele>
      </trkpt>
      <trkpt lat="39.57916" lon="2.58738">
        <ele>157.3</ele>
      </trkpt>
      <trkpt lat="39.57917" lon="2.58736">
        <ele>157.4</ele>
      </trkpt>
      <trkpt lat="39.57918" lon="2.58729">
        <ele>157.6</ele>
      </trkpt>
      <trkpt lat="39.57918" lon="2.58715">
        <ele>157.9</ele>
      </trkpt>
      <trkpt lat="39.57919" lon="2.58702">
        <ele>158.3</ele>
      </trkpt>
      <trkpt lat="39.5792" lon="2.58691">
        <ele>158.6</ele>
      </trkpt>
      <trkpt lat="39.5792" lon="2.58688">
        <ele>158.7</ele>
      </trkpt>
      <trkpt lat="39.57921" lon="2.58673">
        <ele>159.1</ele>
      </trkpt>
      <trkpt lat="39.57922" lon="2.58666">
        <ele>159.3</ele>
      </trkpt>
      <trkpt lat="39.57924" lon="2.58653">
        <ele>160.0</ele>
      </trkpt>
      <trkpt lat="39.57926" lon="2.58641">
        <ele>160.5</ele>
      </trkpt>
      <trkpt lat="39.57927" lon="2.58631">
        <ele>161.0</ele>
      </trkpt>
      <trkpt lat="39.57929" lon="2.58621">
        <ele>161.5</ele>
      </trkpt>
      <trkpt lat="39.5793" lon="2.58619">
        <ele>161.6</ele>
      </trkpt>
      <trkpt lat="39.57935" lon="2.58601">
        <ele>162.3</ele>
      </trkpt>
      <trkpt lat="39.57936" lon="2.58599">
        <ele>162.4</ele>
      </trkpt>
      <trkpt lat="39.57942" lon="2.58582">
        <ele>163.1</ele>
      </trkpt>
      <trkpt lat="39.57944" lon="2.58578">
        <ele>163.2</ele>
      </trkpt>
      <trkpt lat="39.57944" lon="2.58577">
        <ele>163.3</ele>
      </trkpt>
      <trkpt lat="39.5795" lon="2.5856">
        <ele>164.0</ele>
      </trkpt>
      <trkpt lat="39.57952" lon="2.58554">
        <ele>164.3</ele>
      </trkpt>
      <trkpt lat="39.5796" lon="2.58535">
        <ele>165.0</ele>
      </trkpt>
      <trkpt lat="39.57965" lon="2.58519">
        <ele>165.6</ele>
      </trkpt>
      <trkpt lat="39.57969" lon="2.58508">
        <ele>166.0</ele>
      </trkpt>
      <trkpt lat="39.57979" lon="2.58481">
        <ele>167.6</ele>
      </trkpt>
      <trkpt lat="39.57981" lon="2.58474">
        <ele>168.0</ele>
      </trkpt>
      <trkpt lat="39.57983" lon="2.58468">
        <ele>168.4</ele>
      </trkpt>
      <trkpt lat="39.57989" lon="2.58451">
        <ele>169.6</ele>
      </trkpt>
      <trkpt lat="39.57994" lon="2.58437">
        <ele>170.6</ele>
      </trkpt>
      <trkpt lat="39.57998" lon="2.58428">
        <ele>171.2</ele>
      </trkpt>
      <trkpt lat="39.58003" lon="2.58414">
        <ele>172.5</ele>
      </trkpt>
      <trkpt lat="39.58005" lon="2.58409">
        <ele>173.1</ele>
      </trkpt>
      <trkpt lat="39.58007" lon="2.58404">
        <ele>173.7</ele>
      </trkpt>
      <trkpt lat="39.58013" lon="2.58397">
        <ele>174.8</ele>
      </trkpt>
      <trkpt lat="39.58017" lon="2.58393">
        <ele>175.5</ele>
      </trkpt>
      <trkpt lat="39.58021" lon="2.58389">
        <ele>176.2</ele>
      </trkpt>
      <trkpt lat="39.58024" lon="2.58387">
        <ele>176.6</ele>
      </trkpt>
      <trkpt lat="39.58029" lon="2.58386">
        <ele>177.1</ele>
      </trkpt>
      <trkpt lat="39.58036" lon="2.58385">
        <ele>177.8</ele>
      </trkpt>
      <trkpt lat="39.58045" lon="2.58383">
        <ele>178.7</ele>
      </trkpt>
      <trkpt lat="39.58058" lon="2.5838">
        <ele>180.0</ele>
      </trkpt>
      <trkpt lat="39.58065" lon="2.58378">
        <ele>180.8</ele>
      </trkpt>
      <trkpt lat="39.5807" lon="2.58376">
        <ele>181.3</ele>
      </trkpt>
      <trkpt lat="39.58075" lon="2.58372">
        <ele>182.0</ele>
      </trkpt>
      <trkpt lat="39.58079" lon="2.58366">
        <ele>182.7</ele>
      </trkpt>
      <trkpt lat="39.5808" lon="2.5836">
        <ele>183.1</ele>
      </trkpt>
      <trkpt lat="39.58081" lon="2.58353">
        <ele>183.6</ele>
      </trkpt>
      <trkpt lat="39.58082" lon="2.58348">
        <ele>184.0</ele>
      </trkpt>
      <trkpt lat="39.58083" lon="2.58337">
        <ele>184.8</ele>
      </trkpt>
      <trkpt lat="39.58084" lon="2.58331">
        <ele>185.3</ele>
      </trkpt>
      <trkpt lat="39.58085" lon="2.5832">
        <ele>186.1</ele>
      </trkpt>
      <trkpt lat="39.58086" lon="2.58308">
        <ele>187.1</ele>
      </trkpt>
      <trkpt lat="39.58087" lon="2.58299">
        <ele>187.8</ele>
      </trkpt>
      <trkpt lat="39.58088" lon="2.58292">
        <ele>188.4</ele>
      </trkpt>
      <trkpt lat="39.58089" lon="2.58285">
        <ele>189.0</ele>
      </trkpt>
      <trkpt lat="39.58091" lon="2.58263">
        <ele>190.7</ele>
      </trkpt>
      <trkpt lat="39.58093" lon="2.58245">
        <ele>191.9</ele>
      </trkpt>
      <trkpt lat="39.58094" lon="2.58238">
        <ele>192.1</ele>
      </trkpt>
      <trkpt lat="39.58095" lon="2.58228">
        <ele>192.3</ele>
      </trkpt>
      <trkpt lat="39.58096" lon="2.58216">
        <ele>192.5</ele>
      </trkpt>
      <trkpt lat="39.58097" lon="2.58203">
        <ele>192.7</ele>
      </trkpt>
      <trkpt lat="39.58097" lon="2.58197">
        <ele>192.7</ele>
      </trkpt>
      <trkpt lat="39.58098" lon="2.58189">
        <ele>192.9</ele>
      </trkpt>
      <trkpt lat="39.58099" lon="2.58174">
        <ele>193.2</ele>
      </trkpt>
      <trkpt lat="39.581" lon="2.58161">
        <ele>193.9</ele>
      </trkpt>
      <trkpt lat="39.581" lon="2.58145">
        <ele>195.5</ele>
      </trkpt>
      <trkpt lat="39.581" lon="2.58129">
        <ele>197.0</ele>
      </trkpt>
      <trkpt lat="39.581" lon="2.58128">
        <ele>197.1</ele>
      </trkpt>
      <trkpt lat="39.581" lon="2.58123">
        <ele>197.6</ele>
      </trkpt>
      <trkpt lat="39.58099" lon="2.58118">
        <ele>197.9</ele>
      </trkpt>
      <trkpt lat="39.58097" lon="2.58107">
        <ele>198.5</ele>
      </trkpt>
      <trkpt lat="39.58096" lon="2.58105">
        <ele>198.5</ele>
      </trkpt>
      <trkpt lat="39.58095" lon="2.58096">
        <ele>199.2</ele>
      </trkpt>
      <trkpt lat="39.58094" lon="2.58094">
        <ele>199.2</ele>
      </trkpt>
      <trkpt lat="39.58093" lon="2.58086">
        <ele>199.7</ele>
      </trkpt>
      <trkpt lat="39.58091" lon="2.58081">
        <ele>199.8</ele>
      </trkpt>
      <trkpt lat="39.5809" lon="2.58073">
        <ele>200.4</ele>
      </trkpt>
      <trkpt lat="39.58088" lon="2.58066">
        <ele>200.7</ele>
      </trkpt>
      <trkpt lat="39.58085" lon="2.58042">
        <ele>202.4</ele>
      </trkpt>
      <trkpt lat="39.58084" lon="2.5803">
        <ele>203.3</ele>
      </trkpt>
      <trkpt lat="39.58083" lon="2.58014">
        <ele>204.7</ele>
      </trkpt>
      <trkpt lat="39.58082" lon="2.57997">
        <ele>206.5</ele>
      </trkpt>
      <trkpt lat="39.58082" lon="2.57984">
        <ele>208.2</ele>
      </trkpt>
      <trkpt lat="39.58081" lon="2.57969">
        <ele>210.2</ele>
      </trkpt>
      <trkpt lat="39.58082" lon="2.57967">
        <ele>210.4</ele>
      </trkpt>
      <trkpt lat="39.58082" lon="2.57961">
        <ele>211.2</ele>
      </trkpt>
      <trkpt lat="39.58078" lon="2.57943">
        <ele>213.6</ele>
      </trkpt>
      <trkpt lat="39.58076" lon="2.57933">
        <ele>215.0</ele>
      </trkpt>
      <trkpt lat="39.58074" lon="2.57929">
        <ele>215.5</ele>
      </trkpt>
      <trkpt lat="39.58073" lon="2.57922">
        <ele>216.4</ele>
      </trkpt>
      <trkpt lat="39.58071" lon="2.57917">
        <ele>217.1</ele>
      </trkpt>
      <trkpt lat="39.58068" lon="2.57912">
        <ele>217.7</ele>
      </trkpt>
      <trkpt lat="39.58064" lon="2.57901">
        <ele>219.0</ele>
      </trkpt>
      <trkpt lat="39.5806" lon="2.57891">
        <ele>220.1</ele>
      </trkpt>
      <trkpt lat="39.58055" lon="2.57883">
        <ele>221.0</ele>
      </trkpt>
      <trkpt lat="39.58048" lon="2.57874">
        <ele>221.9</ele>
      </trkpt>
      <trkpt lat="39.58041" lon="2.57866">
        <ele>222.7</ele>
      </trkpt>
      <trkpt lat="39.58035" lon="2.57862">
        <ele>223.0</ele>
      </trkpt>
      <trkpt lat="39.5803" lon="2.57859">
        <ele>223.2</ele>
      </trkpt>
      <trkpt lat="39.58028" lon="2.57856">
        <ele>223.5</ele>
      </trkpt>
      <trkpt lat="39.58025" lon="2.57851">
        <ele>223.9</ele>
      </trkpt>
      <trkpt lat="39.58024" lon="2.57847">
        <ele>224.3</ele>
      </trkpt>
      <trkpt lat="39.58025" lon="2.57844">
        <ele>224.6</ele>
      </trkpt>
      <trkpt lat="39.58026" lon="2.57842">
        <ele>224.8</ele>
      </trkpt>
      <trkpt lat="39.58028" lon="2.5784">
        <ele>225.0</ele>
      </trkpt>
      <trkpt lat="39.58031" lon="2.57837">
        <ele>225.4</ele>
      </trkpt>
      <trkpt lat="39.58036" lon="2.57837">
        <ele>225.5</ele>
      </trkpt>
      <trkpt lat="39.58042" lon="2.57837">
        <ele>225.6</ele>
      </trkpt>
      <trkpt lat="39.5805" lon="2.57838">
        <ele>225.7</ele>
      </trkpt>
      <trkpt lat="39.58056" lon="2.57838">
        <ele>225.8</ele>
      </trkpt>
      <trkpt lat="39.58058" lon="2.57838">
        <ele>225.9</ele>
      </trkpt>
      <trkpt lat="39.5806" lon="2.57838">
        <ele>225.9</ele>
      </trkpt>
      <trkpt lat="39.58067" lon="2.57834">
        <ele>226.5</ele>
      </trkpt>
      <trkpt lat="39.58068" lon="2.57832">
        <ele>226.9</ele>
      </trkpt>
      <trkpt lat="39.58068" lon="2.5783">
        <ele>227.3</ele>
      </trkpt>
      <trkpt lat="39.58069" lon="2.57828">
        <ele>227.7</ele>
      </trkpt>
      <trkpt lat="39.58069" lon="2.57824">
        <ele>228.4</ele>
      </trkpt>
      <trkpt lat="39.58069" lon="2.57821">
        <ele>229.0</ele>
      </trkpt>
      <trkpt lat="39.58067" lon="2.57818">
        <ele>229.5</ele>
      </trkpt>
      <trkpt lat="39.58066" lon="2.57815">
        <ele>230.0</ele>
      </trkpt>
      <trkpt lat="39.5806" lon="2.5781">
        <ele>230.7</ele>
      </trkpt>
      <trkpt lat="39.58057" lon="2.57808">
        <ele>230.9</ele>
      </trkpt>
      <trkpt lat="39.58055" lon="2.57806">
        <ele>231.1</ele>
      </trkpt>
      <trkpt lat="39.5805" lon="2.57803">
        <ele>231.4</ele>
      </trkpt>
      <trkpt lat="39.58044" lon="2.57798">
        <ele>231.9</ele>
      </trkpt>
      <trkpt lat="39.58037" lon="2.57792">
        <ele>232.4</ele>
      </trkpt>
      <trkpt lat="39.58027" lon="2.57785">
        <ele>232.8</ele>
      </trkpt>
      <trkpt lat="39.5802" lon="2.57781">
        <ele>232.8</ele>
      </trkpt>
      <trkpt lat="39.58013" lon="2.57777">
        <ele>232.8</ele>
      </trkpt>
      <trkpt lat="39.58006" lon="2.57773">
        <ele>232.7</ele>
      </trkpt>
      <trkpt lat="39.58" lon="2.57771">
        <ele>232.5</ele>
      </trkpt>
      <trkpt lat="39.57993" lon="2.57767">
        <ele>234.5</ele>
      </trkpt>
      <trkpt lat="39.57992" lon="2.57767">
        <ele>234.7</ele>
      </trkpt>
      <trkpt lat="39.57985" lon="2.57765">
        <ele>236.5</ele>
      </trkpt>
      <trkpt lat="39.57975" lon="2.57768">
        <ele>238.4</ele>
      </trkpt>
      <trkpt lat="39.57965" lon="2.57773">
        <ele>240.0</ele>
      </trkpt>
      <trkpt lat="39.57959" lon="2.57777">
        <ele>240.9</ele>
      </trkpt>
      <trkpt lat="39.57955" lon="2.5778">
        <ele>241.5</ele>
      </trkpt>
      <trkpt lat="39.57949" lon="2.57784">
        <ele>242.4</ele>
      </trkpt>
      <trkpt lat="39.57945" lon="2.57788">
        <ele>242.9</ele>
      </trkpt>
      <trkpt lat="39.57942" lon="2.57796">
        <ele>242.8</ele>
      </trkpt>
      <trkpt lat="39.5794" lon="2.57803">
        <ele>242.5</ele>
      </trkpt>
      <trkpt lat="39.5794" lon="2.5781">
        <ele>241.8</ele>
      </trkpt>
      <trkpt lat="39.57939" lon="2.57818">
        <ele>241.2</ele>
      </trkpt>
      <trkpt lat="39.57938" lon="2.57832">
        <ele>240.0</ele>
      </trkpt>
      <trkpt lat="39.57937" lon="2.57854">
        <ele>238.2</ele>
      </trkpt>
      <trkpt lat="39.57939" lon="2.57877">
        <ele>235.6</ele>
      </trkpt>
      <trkpt lat="39.57939" lon="2.5788">
        <ele>235.3</ele>
      </trkpt>
      <trkpt lat="39.5794" lon="2.57891">
        <ele>234.1</ele>
      </trkpt>
      <trkpt lat="39.57941" lon="2.57896">
        <ele>233.4</ele>
      </trkpt>
      <trkpt lat="39.57942" lon="2.57903">
        <ele>232.5</ele>
      </trkpt>
      <trkpt lat="39.57942" lon="2.57905">
        <ele>232.3</ele>
      </trkpt>
      <trkpt lat="39.57941" lon="2.57908">
        <ele>232.2</ele>
      </trkpt>
      <trkpt lat="39.57941" lon="2.57911">
        <ele>232.0</ele>
      </trkpt>
      <trkpt lat="39.57939" lon="2.57912">
        <ele>232.3</ele>
      </trkpt>
      <trkpt lat="39.57937" lon="2.57913">
        <ele>232.7</ele>
      </trkpt>
      <trkpt lat="39.57936" lon="2.57914">
        <ele>232.8</ele>
      </trkpt>
      <trkpt lat="39.57934" lon="2.57914">
        <ele>233.3</ele>
      </trkpt>
      <trkpt lat="39.57932" lon="2.57913">
        <ele>233.8</ele>
      </trkpt>
      <trkpt lat="39.57931" lon="2.57912">
        <ele>234.2</ele>
      </trkpt>
      <trkpt lat="39.57929" lon="2.5791">
        <ele>234.8</ele>
      </trkpt>
      <trkpt lat="39.57929" lon="2.57909">
        <ele>234.9</ele>
      </trkpt>
      <trkpt lat="39.57928" lon="2.57906">
        <ele>235.4</ele>
      </trkpt>
      <trkpt lat="39.57925" lon="2.57902">
        <ele>236.5</ele>
      </trkpt>
      <trkpt lat="39.57921" lon="2.57898">
        <ele>237.8</ele>
      </trkpt>
      <trkpt lat="39.57917" lon="2.57897">
        <ele>238.8</ele>
      </trkpt>
      <trkpt lat="39.57912" lon="2.57897">
        <ele>240.3</ele>
      </trkpt>
      <trkpt lat="39.57907" lon="2.57899">
        <ele>241.6</ele>
      </trkpt>
      <trkpt lat="39.57894" lon="2.57903">
        <ele>245.0</ele>
      </trkpt>
      <trkpt lat="39.57886" lon="2.57907">
        <ele>246.8</ele>
      </trkpt>
      <trkpt lat="39.57883" lon="2.57908">
        <ele>247.5</ele>
      </trkpt>
      <trkpt lat="39.5788" lon="2.57908">
        <ele>248.4</ele>
      </trkpt>
      <trkpt lat="39.57878" lon="2.57906">
        <ele>249.3</ele>
      </trkpt>
      <trkpt lat="39.57877" lon="2.57904">
        <ele>249.9</ele>
      </trkpt>
      <trkpt lat="39.57876" lon="2.579">
        <ele>250.8</ele>
      </trkpt>
      <trkpt lat="39.57877" lon="2.57897">
        <ele>251.0</ele>
      </trkpt>
      <trkpt lat="39.57877" lon="2.57896">
        <ele>251.1</ele>
      </trkpt>
      <trkpt lat="39.57879" lon="2.57894">
        <ele>250.8</ele>
      </trkpt>
      <trkpt lat="39.57881" lon="2.57892">
        <ele>250.5</ele>
      </trkpt>
      <trkpt lat="39.57882" lon="2.57891">
        <ele>250.3</ele>
      </trkpt>
      <trkpt lat="39.57886" lon="2.57886">
        <ele>249.8</ele>
      </trkpt>
      <trkpt lat="39.5789" lon="2.57878">
        <ele>249.5</ele>
      </trkpt>
      <trkpt lat="39.57893" lon="2.5787">
        <ele>249.6</ele>
      </trkpt>
      <trkpt lat="39.57893" lon="2.57859">
        <ele>251.0</ele>
      </trkpt>
      <trkpt lat="39.57893" lon="2.57854">
        <ele>251.7</ele>
      </trkpt>
      <trkpt lat="39.57892" lon="2.57849">
        <ele>252.7</ele>
      </trkpt>
      <trkpt lat="39.57892" lon="2.57842">
        <ele>253.6</ele>
      </trkpt>
      <trkpt lat="39.57891" lon="2.57839">
        <ele>254.4</ele>
      </trkpt>
      <trkpt lat="39.57889" lon="2.57826">
        <ele>257.0</ele>
      </trkpt>
      <trkpt lat="39.57889" lon="2.57824">
        <ele>257.3</ele>
      </trkpt>
      <trkpt lat="39.57887" lon="2.5782">
        <ele>258.7</ele>
      </trkpt>
      <trkpt lat="39.57886" lon="2.57812">
        <ele>260.3</ele>
      </trkpt>
      <trkpt lat="39.57886" lon="2.57808">
        <ele>260.9</ele>
      </trkpt>
      <trkpt lat="39.57885" lon="2.57804">
        <ele>262.0</ele>
      </trkpt>
      <trkpt lat="39.57884" lon="2.57797">
        <ele>263.5</ele>
      </trkpt>
      <trkpt lat="39.57884" lon="2.57792">
        <ele>264.2</ele>
      </trkpt>
      <trkpt lat="39.57885" lon="2.57784">
        <ele>265.0</ele>
      </trkpt>
      <trkpt lat="39.57886" lon="2.5778">
        <ele>265.1</ele>
      </trkpt>
      <trkpt lat="39.57887" lon="2.57774">
        <ele>265.5</ele>
      </trkpt>
      <trkpt lat="39.57887" lon="2.57767">
        <ele>266.5</ele>
      </trkpt>
      <trkpt lat="39.5789" lon="2.57754">
        <ele>266.8</ele>
      </trkpt>
      <trkpt lat="39.57893" lon="2.57741">
        <ele>267.4</ele>
      </trkpt>
      <trkpt lat="39.57896" lon="2.5773">
        <ele>267.9</ele>
      </trkpt>
      <trkpt lat="39.57899" lon="2.57716">
        <ele>268.8</ele>
      </trkpt>
      <trkpt lat="39.579" lon="2.57712">
        <ele>269.0</ele>
      </trkpt>
      <trkpt lat="39.57901" lon="2.57706">
        <ele>269.6</ele>
      </trkpt>
      <trkpt lat="39.57905" lon="2.57698">
        <ele>268.8</ele>
      </trkpt>
      <trkpt lat="39.57908" lon="2.57691">
        <ele>268.4</ele>
      </trkpt>
      <trkpt lat="39.5791" lon="2.57686">
        <ele>268.2</ele>
      </trkpt>
      <trkpt lat="39.57916" lon="2.57674">
        <ele>267.0</ele>
      </trkpt>
      <trkpt lat="39.5792" lon="2.57665">
        <ele>267.7</ele>
      </trkpt>
      <trkpt lat="39.57923" lon="2.5766">
        <ele>268.1</ele>
      </trkpt>
      <trkpt lat="39.57924" lon="2.57652">
        <ele>269.3</ele>
      </trkpt>
      <trkpt lat="39.57924" lon="2.57646">
        <ele>270.3</ele>
      </trkpt>
      <trkpt lat="39.57922" lon="2.57637">
        <ele>272.0</ele>
      </trkpt>
      <trkpt lat="39.57921" lon="2.57632">
        <ele>273.0</ele>
      </trkpt>
      <trkpt lat="39.57918" lon="2.57623">
        <ele>274.7</ele>
      </trkpt>
      <trkpt lat="39.57915" lon="2.57612">
        <ele>277.5</ele>
      </trkpt>
      <trkpt lat="39.57915" lon="2.57601">
        <ele>279.2</ele>
      </trkpt>
      <trkpt lat="39.57913" lon="2.57588">
        <ele>282.4</ele>
      </trkpt>
      <trkpt lat="39.57913" lon="2.57583">
        <ele>283.2</ele>
      </trkpt>
      <trkpt lat="39.57912" lon="2.57576">
        <ele>285.1</ele>
      </trkpt>
      <trkpt lat="39.57913" lon="2.57568">
        <ele>286.0</ele>
      </trkpt>
      <trkpt lat="39.57913" lon="2.57564">
        <ele>286.8</ele>
      </trkpt>
      <trkpt lat="39.57913" lon="2.57562">
        <ele>287.2</ele>
      </trkpt>
      <trkpt lat="39.57914" lon="2.5756">
        <ele>287.0</ele>
      </trkpt>
      <trkpt lat="39.57915" lon="2.57559">
        <ele>286.6</ele>
      </trkpt>
      <trkpt lat="39.57917" lon="2.57558">
        <ele>285.9</ele>
      </trkpt>
      <trkpt lat="39.57919" lon="2.57557">
        <ele>286.1</ele>
      </trkpt>
      <trkpt lat="39.57921" lon="2.57557">
        <ele>286.1</ele>
      </trkpt>
      <trkpt lat="39.57927" lon="2.5756">
        <ele>285.6</ele>
      </trkpt>
      <trkpt lat="39.57931" lon="2.57563">
        <ele>285.0</ele>
      </trkpt>
      <trkpt lat="39.57937" lon="2.5757">
        <ele>283.5</ele>
      </trkpt>
      <trkpt lat="39.57947" lon="2.5758">
        <ele>281.1</ele>
      </trkpt>
      <trkpt lat="39.57955" lon="2.57589">
        <ele>278.8</ele>
      </trkpt>
      <trkpt lat="39.57959" lon="2.57594">
        <ele>277.6</ele>
      </trkpt>
      <trkpt lat="39.57963" lon="2.57599">
        <ele>276.3</ele>
      </trkpt>
      <trkpt lat="39.57966" lon="2.57602">
        <ele>275.4</ele>
      </trkpt>
      <trkpt lat="39.57971" lon="2.57608">
        <ele>273.7</ele>
      </trkpt>
      <trkpt lat="39.57976" lon="2.5761">
        <ele>272.9</ele>
      </trkpt>
      <trkpt lat="39.57982" lon="2.57613">
        <ele>271.7</ele>
      </trkpt>
      <trkpt lat="39.57988" lon="2.57613">
        <ele>271.3</ele>
      </trkpt>
      <trkpt lat="39.57989" lon="2.57613">
        <ele>271.2</ele>
      </trkpt>
      <trkpt lat="39.57994" lon="2.57611">
        <ele>271.4</ele>
      </trkpt>
      <trkpt lat="39.57999" lon="2.57607">
        <ele>272.2</ele>
      </trkpt>
      <trkpt lat="39.58005" lon="2.57604">
        <ele>273.9</ele>
      </trkpt>
      <trkpt lat="39.58011" lon="2.57599">
        <ele>276.3</ele>
      </trkpt>
      <trkpt lat="39.58013" lon="2.57595">
        <ele>277.7</ele>
      </trkpt>
      <trkpt lat="39.58015" lon="2.57592">
        <ele>278.9</ele>
      </trkpt>
      <trkpt lat="39.58018" lon="2.57587">
        <ele>280.8</ele>
      </trkpt>
      <trkpt lat="39.58019" lon="2.57586">
        <ele>281.2</ele>
      </trkpt>
      <trkpt lat="39.58023" lon="2.5758">
        <ele>283.6</ele>
      </trkpt>
      <trkpt lat="39.58026" lon="2.57572">
        <ele>286.4</ele>
      </trkpt>
      <trkpt lat="39.58027" lon="2.57569">
        <ele>287.4</ele>
      </trkpt>
      <trkpt lat="39.58028" lon="2.57566">
        <ele>288.4</ele>
      </trkpt>
      <trkpt lat="39.58028" lon="2.57564">
        <ele>289.0</ele>
      </trkpt>
      <trkpt lat="39.58028" lon="2.57562">
        <ele>289.6</ele>
      </trkpt>
      <trkpt lat="39.58028" lon="2.5756">
        <ele>290.2</ele>
      </trkpt>
      <trkpt lat="39.58027" lon="2.57558">
        <ele>290.6</ele>
      </trkpt>
      <trkpt lat="39.58026" lon="2.57557">
        <ele>290.8</ele>
      </trkpt>
      <trkpt lat="39.58023" lon="2.57555">
        <ele>291.0</ele>
      </trkpt>
      <trkpt lat="39.58019" lon="2.57555">
        <ele>290.5</ele>
      </trkpt>
      <trkpt lat="39.58018" lon="2.57556">
        <ele>290.1</ele>
      </trkpt>
      <trkpt lat="39.58016" lon="2.57557">
        <ele>289.5</ele>
      </trkpt>
      <trkpt lat="39.58013" lon="2.57561">
        <ele>287.9</ele>
      </trkpt>
      <trkpt lat="39.5801" lon="2.57567">
        <ele>285.7</ele>
      </trkpt>
      <trkpt lat="39.58006" lon="2.57573">
        <ele>283.2</ele>
      </trkpt>
      <trkpt lat="39.58003" lon="2.57579">
        <ele>280.9</ele>
      </trkpt>
      <trkpt lat="39.57996" lon="2.57587">
        <ele>278.1</ele>
      </trkpt>
      <trkpt lat="39.57993" lon="2.57588">
        <ele>277.9</ele>
      </trkpt>
      <trkpt lat="39.5799" lon="2.57589">
        <ele>277.7</ele>
      </trkpt>
      <trkpt lat="39.57982" lon="2.57587">
        <ele>278.5</ele>
      </trkpt>
      <trkpt lat="39.57977" lon="2.57583">
        <ele>279.6</ele>
      </trkpt>
      <trkpt lat="39.57971" lon="2.57572">
        <ele>282.8</ele>
      </trkpt>
      <trkpt lat="39.57966" lon="2.57563">
        <ele>285.3</ele>
      </trkpt>
      <trkpt lat="39.57963" lon="2.57557">
        <ele>286.9</ele>
      </trkpt>
      <trkpt lat="39.57958" lon="2.57547">
        <ele>289.4</ele>
      </trkpt>
      <trkpt lat="39.57956" lon="2.57544">
        <ele>290.1</ele>
      </trkpt>
      <trkpt lat="39.57954" lon="2.57539">
        <ele>291.2</ele>
      </trkpt>
      <trkpt lat="39.57948" lon="2.57529">
        <ele>293.4</ele>
      </trkpt>
      <trkpt lat="39.57946" lon="2.57525">
        <ele>294.2</ele>
      </trkpt>
      <trkpt lat="39.57945" lon="2.57523">
        <ele>294.6</ele>
      </trkpt>
      <trkpt lat="39.57942" lon="2.57519">
        <ele>295.3</ele>
      </trkpt>
      <trkpt lat="39.57937" lon="2.57512">
        <ele>296.5</ele>
      </trkpt>
      <trkpt lat="39.57933" lon="2.57508">
        <ele>297.0</ele>
      </trkpt>
      <trkpt lat="39.57931" lon="2.57504">
        <ele>297.7</ele>
      </trkpt>
      <trkpt lat="39.5793" lon="2.57502">
        <ele>298.0</ele>
      </trkpt>
      <trkpt lat="39.5793" lon="2.575">
        <ele>298.4</ele>
      </trkpt>
      <trkpt lat="39.5793" lon="2.57499">
        <ele>298.7</ele>
      </trkpt>
      <trkpt lat="39.57931" lon="2.57498">
        <ele>299.1</ele>
      </trkpt>
      <trkpt lat="39.57932" lon="2.57496">
        <ele>299.8</ele>
      </trkpt>
      <trkpt lat="39.57933" lon="2.57495">
        <ele>300.1</ele>
      </trkpt>
      <trkpt lat="39.57934" lon="2.57495">
        <ele>300.2</ele>
      </trkpt>
      <trkpt lat="39.57935" lon="2.57494">
        <ele>300.6</ele>
      </trkpt>
      <trkpt lat="39.57936" lon="2.57494">
        <ele>300.7</ele>
      </trkpt>
      <trkpt lat="39.57938" lon="2.57495">
        <ele>300.7</ele>
      </trkpt>
      <trkpt lat="39.57938" lon="2.57496">
        <ele>300.4</ele>
      </trkpt>
      <trkpt lat="39.57939" lon="2.57498">
        <ele>300.0</ele>
      </trkpt>
      <trkpt lat="39.57941" lon="2.575">
        <ele>299.6</ele>
      </trkpt>
      <trkpt lat="39.57942" lon="2.57502">
        <ele>299.3</ele>
      </trkpt>
      <trkpt lat="39.57949" lon="2.57511">
        <ele>297.8</ele>
      </trkpt>
      <trkpt lat="39.57953" lon="2.57515">
        <ele>297.2</ele>
      </trkpt>
      <trkpt lat="39.57956" lon="2.5752">
        <ele>296.2</ele>
      </trkpt>
      <trkpt lat="39.57959" lon="2.57524">
        <ele>295.4</ele>
      </trkpt>
      <trkpt lat="39.57965" lon="2.57527">
        <ele>295.0</ele>
      </trkpt>
      <trkpt lat="39.57968" lon="2.57529">
        <ele>294.6</ele>
      </trkpt>
      <trkpt lat="39.57976" lon="2.57531">
        <ele>294.5</ele>
      </trkpt>
      <trkpt lat="39.5799" lon="2.57529">
        <ele>296.0</ele>
      </trkpt>
      <trkpt lat="39.58" lon="2.57526">
        <ele>297.6</ele>
      </trkpt>
      <trkpt lat="39.58015" lon="2.57522">
        <ele>300.2</ele>
      </trkpt>
      <trkpt lat="39.58017" lon="2.57522">
        <ele>300.3</ele>
      </trkpt>
      <trkpt lat="39.58021" lon="2.57521">
        <ele>301.0</ele>
      </trkpt>
      <trkpt lat="39.58028" lon="2.5752">
        <ele>301.8</ele>
      </trkpt>
      <trkpt lat="39.58032" lon="2.5752">
        <ele>302.2</ele>
      </trkpt>
      <trkpt lat="39.58035" lon="2.5752">
        <ele>302.4</ele>
      </trkpt>
      <trkpt lat="39.58037" lon="2.5752">
        <ele>302.6</ele>
      </trkpt>
      <trkpt lat="39.58043" lon="2.5752">
        <ele>303.1</ele>
      </trkpt>
      <trkpt lat="39.58053" lon="2.57518">
        <ele>304.4</ele>
      </trkpt>
      <trkpt lat="39.58055" lon="2.57517">
        <ele>304.9</ele>
      </trkpt>
      <trkpt lat="39.58062" lon="2.57515">
        <ele>305.9</ele>
      </trkpt>
      <trkpt lat="39.58067" lon="2.57514">
        <ele>306.6</ele>
      </trkpt>
      <trkpt lat="39.58071" lon="2.57514">
        <ele>306.9</ele>
      </trkpt>
      <trkpt lat="39.58074" lon="2.57515">
        <ele>306.9</ele>
      </trkpt>
      <trkpt lat="39.58079" lon="2.57517">
        <ele>306.8</ele>
      </trkpt>
      <trkpt lat="39.58082" lon="2.5752">
        <ele>306.3</ele>
      </trkpt>
      <trkpt lat="39.58086" lon="2.57522">
        <ele>306.6</ele>
      </trkpt>
      <trkpt lat="39.58087" lon="2.57523">
        <ele>306.6</ele>
      </trkpt>
      <trkpt lat="39.58089" lon="2.57525">
        <ele>306.6</ele>
      </trkpt>
      <trkpt lat="39.58095" lon="2.57531">
        <ele>306.7</ele>
      </trkpt>
      <trkpt lat="39.58097" lon="2.57534">
        <ele>306.5</ele>
      </trkpt>
      <trkpt lat="39.58099" lon="2.57535">
        <ele>306.8</ele>
      </trkpt>
      <trkpt lat="39.58101" lon="2.57536">
        <ele>307.0</ele>
      </trkpt>
      <trkpt lat="39.58102" lon="2.57535">
        <ele>307.5</ele>
      </trkpt>
      <trkpt lat="39.58104" lon="2.57534">
        <ele>308.2</ele>
      </trkpt>
      <trkpt lat="39.58105" lon="2.57532">
        <ele>308.8</ele>
      </trkpt>
      <trkpt lat="39.58106" lon="2.5753">
        <ele>309.5</ele>
      </trkpt>
      <trkpt lat="39.58106" lon="2.57527">
        <ele>310.2</ele>
      </trkpt>
      <trkpt lat="39.58106" lon="2.57525">
        <ele>310.6</ele>
      </trkpt>
      <trkpt lat="39.58105" lon="2.57522">
        <ele>311.1</ele>
      </trkpt>
      <trkpt lat="39.58104" lon="2.5752">
        <ele>311.3</ele>
      </trkpt>
      <trkpt lat="39.58102" lon="2.57517">
        <ele>311.5</ele>
      </trkpt>
      <trkpt lat="39.58102" lon="2.57516">
        <ele>311.7</ele>
      </trkpt>
      <trkpt lat="39.58101" lon="2.57514">
        <ele>311.9</ele>
      </trkpt>
      <trkpt lat="39.58098" lon="2.5751">
        <ele>312.1</ele>
      </trkpt>
      <trkpt lat="39.58095" lon="2.57507">
        <ele>312.1</ele>
      </trkpt>
      <trkpt lat="39.5809" lon="2.57492">
        <ele>313.8</ele>
      </trkpt>
      <trkpt lat="39.58086" lon="2.57487">
        <ele>313.7</ele>
      </trkpt>
      <trkpt lat="39.5808" lon="2.57479">
        <ele>314.4</ele>
      </trkpt>
      <trkpt lat="39.58076" lon="2.57473">
        <ele>315.3</ele>
      </trkpt>
      <trkpt lat="39.58065" lon="2.57458">
        <ele>317.8</ele>
      </trkpt>
      <trkpt lat="39.58063" lon="2.57454">
        <ele>318.6</ele>
      </trkpt>
      <trkpt lat="39.58063" lon="2.57452">
        <ele>319.0</ele>
      </trkpt>
      <trkpt lat="39.58063" lon="2.57449">
        <ele>319.5</ele>
      </trkpt>
      <trkpt lat="39.58063" lon="2.57447">
        <ele>319.9</ele>
      </trkpt>
      <trkpt lat="39.58063" lon="2.57445">
        <ele>320.3</ele>
      </trkpt>
      <trkpt lat="39.58064" lon="2.57444">
        <ele>320.5</ele>
      </trkpt>
      <trkpt lat="39.58064" lon="2.57443">
        <ele>320.7</ele>
      </trkpt>
      <trkpt lat="39.58065" lon="2.57442">
        <ele>320.9</ele>
      </trkpt>
      <trkpt lat="39.58067" lon="2.57441">
        <ele>321.0</ele>
      </trkpt>
      <trkpt lat="39.5807" lon="2.57441">
        <ele>321.0</ele>
      </trkpt>
      <trkpt lat="39.58073" lon="2.57441">
        <ele>321.0</ele>
      </trkpt>
      <trkpt lat="39.58074" lon="2.57442">
        <ele>320.8</ele>
      </trkpt>
      <trkpt lat="39.58076" lon="2.57443">
        <ele>320.6</ele>
      </trkpt>
      <trkpt lat="39.58081" lon="2.57447">
        <ele>319.9</ele>
      </trkpt>
      <trkpt lat="39.58082" lon="2.57447">
        <ele>319.9</ele>
      </trkpt>
      <trkpt lat="39.58089" lon="2.57455">
        <ele>319.5</ele>
      </trkpt>
      <trkpt lat="39.5809" lon="2.57456">
        <ele>319.5</ele>
      </trkpt>
      <trkpt lat="39.58095" lon="2.57461">
        <ele>319.6</ele>
      </trkpt>
      <trkpt lat="39.58096" lon="2.57462">
        <ele>319.6</ele>
      </trkpt>
      <trkpt lat="39.58098" lon="2.57466">
        <ele>319.3</ele>
      </trkpt>
      <trkpt lat="39.58103" lon="2.5747">
        <ele>319.7</ele>
      </trkpt>
      <trkpt lat="39.58104" lon="2.57471">
        <ele>319.7</ele>
      </trkpt>
      <trkpt lat="39.58109" lon="2.57476">
        <ele>320.0</ele>
      </trkpt>
      <trkpt lat="39.58111" lon="2.57476">
        <ele>320.4</ele>
      </trkpt>
      <trkpt lat="39.58112" lon="2.57476">
        <ele>320.6</ele>
      </trkpt>
      <trkpt lat="39.58114" lon="2.57475">
        <ele>321.1</ele>
      </trkpt>
      <trkpt lat="39.58116" lon="2.57474">
        <ele>321.6</ele>
      </trkpt>
      <trkpt lat="39.58118" lon="2.57471">
        <ele>322.3</ele>
      </trkpt>
      <trkpt lat="39.58118" lon="2.5747">
        <ele>322.4</ele>
      </trkpt>
      <trkpt lat="39.58119" lon="2.57466">
        <ele>323.1</ele>
      </trkpt>
      <trkpt lat="39.58118" lon="2.57462">
        <ele>323.4</ele>
      </trkpt>
      <trkpt lat="39.58117" lon="2.57461">
        <ele>323.3</ele>
      </trkpt>
      <trkpt lat="39.58115" lon="2.57457">
        <ele>323.5</ele>
      </trkpt>
      <trkpt lat="39.5811" lon="2.57451">
        <ele>323.4</ele>
      </trkpt>
      <trkpt lat="39.58107" lon="2.57447">
        <ele>323.5</ele>
      </trkpt>
      <trkpt lat="39.58101" lon="2.57441">
        <ele>323.4</ele>
      </trkpt>
      <trkpt lat="39.5809" lon="2.57432">
        <ele>323.3</ele>
      </trkpt>
      <trkpt lat="39.58089" lon="2.57431">
        <ele>323.3</ele>
      </trkpt>
      <trkpt lat="39.58085" lon="2.57427">
        <ele>323.5</ele>
      </trkpt>
      <trkpt lat="39.58081" lon="2.57425">
        <ele>323.7</ele>
      </trkpt>
      <trkpt lat="39.58074" lon="2.5742">
        <ele>324.7</ele>
      </trkpt>
      <trkpt lat="39.5807" lon="2.57417">
        <ele>325.4</ele>
      </trkpt>
      <trkpt lat="39.58065" lon="2.57415">
        <ele>325.7</ele>
      </trkpt>
      <trkpt lat="39.58063" lon="2.57414">
        <ele>325.8</ele>
      </trkpt>
      <trkpt lat="39.58059" lon="2.5741">
        <ele>326.1</ele>
      </trkpt>
      <trkpt lat="39.58057" lon="2.57406">
        <ele>326.4</ele>
      </trkpt>
      <trkpt lat="39.58056" lon="2.57402">
        <ele>326.6</ele>
      </trkpt>
      <trkpt lat="39.58056" lon="2.57397">
        <ele>326.8</ele>
      </trkpt>
      <trkpt lat="39.58055" lon="2.57393">
        <ele>327.1</ele>
      </trkpt>
      <trkpt lat="39.58056" lon="2.57388">
        <ele>327.2</ele>
      </trkpt>
      <trkpt lat="39.58056" lon="2.57387">
        <ele>327.3</ele>
      </trkpt>
      <trkpt lat="39.58056" lon="2.57386">
        <ele>327.3</ele>
      </trkpt>
      <trkpt lat="39.58056" lon="2.57381">
        <ele>327.5</ele>
      </trkpt>
      <trkpt lat="39.58057" lon="2.57376">
        <ele>327.7</ele>
      </trkpt>
      <trkpt lat="39.58057" lon="2.57373">
        <ele>327.8</ele>
      </trkpt>
      <trkpt lat="39.58056" lon="2.57364">
        <ele>328.3</ele>
      </trkpt>
      <trkpt lat="39.58056" lon="2.57363">
        <ele>328.3</ele>
      </trkpt>
      <trkpt lat="39.58056" lon="2.5736">
        <ele>328.4</ele>
      </trkpt>
      <trkpt lat="39.58056" lon="2.5735">
        <ele>328.9</ele>
      </trkpt>
      <trkpt lat="39.58055" lon="2.57345">
        <ele>329.2</ele>
      </trkpt>
      <trkpt lat="39.58054" lon="2.57341">
        <ele>329.5</ele>
      </trkpt>
      <trkpt lat="39.58054" lon="2.5734">
        <ele>329.6</ele>
      </trkpt>
      <trkpt lat="39.58053" lon="2.57335">
        <ele>329.9</ele>
      </trkpt>
      <trkpt lat="39.58051" lon="2.57327">
        <ele>329.9</ele>
      </trkpt>
      <trkpt lat="39.5805" lon="2.5732">
        <ele>329.6</ele>
      </trkpt>
      <trkpt lat="39.58049" lon="2.57319">
        <ele>329.7</ele>
      </trkpt>
      <trkpt lat="39.58049" lon="2.57317">
        <ele>329.5</ele>
      </trkpt>
      <trkpt lat="39.58044" lon="2.573">
        <ele>329.0</ele>
      </trkpt>
      <trkpt lat="39.58043" lon="2.57297">
        <ele>329.0</ele>
      </trkpt>
      <trkpt lat="39.58042" lon="2.57295">
        <ele>328.9</ele>
      </trkpt>
      <trkpt lat="39.58036" lon="2.57275">
        <ele>328.2</ele>
      </trkpt>
      <trkpt lat="39.58036" lon="2.57274">
        <ele>328.1</ele>
      </trkpt>
      <trkpt lat="39.58028" lon="2.57247">
        <ele>326.9</ele>
      </trkpt>
      <trkpt lat="39.58026" lon="2.5724">
        <ele>326.9</ele>
      </trkpt>
      <trkpt lat="39.58023" lon="2.57232">
        <ele>326.9</ele>
      </trkpt>
      <trkpt lat="39.58019" lon="2.57219">
        <ele>326.8</ele>
      </trkpt>
      <trkpt lat="39.58017" lon="2.57211">
        <ele>326.7</ele>
      </trkpt>
      <trkpt lat="39.58016" lon="2.57209">
        <ele>326.7</ele>
      </trkpt>
      <trkpt lat="39.58016" lon="2.57208">
        <ele>326.6</ele>
      </trkpt>
      <trkpt lat="39.58011" lon="2.57189">
        <ele>326.3</ele>
      </trkpt>
      <trkpt lat="39.5801" lon="2.57183">
        <ele>326.2</ele>
      </trkpt>
      <trkpt lat="39.58009" lon="2.57181">
        <ele>326.1</ele>
      </trkpt>
      <trkpt lat="39.58007" lon="2.57175">
        <ele>326.0</ele>
      </trkpt>
      <trkpt lat="39.58005" lon="2.57167">
        <ele>325.8</ele>
      </trkpt>
      <trkpt lat="39.58004" lon="2.57164">
        <ele>326.1</ele>
      </trkpt>
      <trkpt lat="39.58001" lon="2.57153">
        <ele>327.3</ele>
      </trkpt>
      <trkpt lat="39.57999" lon="2.57145">
        <ele>328.3</ele>
      </trkpt>
      <trkpt lat="39.57998" lon="2.57137">
        <ele>329.3</ele>
      </trkpt>
      <trkpt lat="39.57996" lon="2.5713">
        <ele>330.4</ele>
      </trkpt>
      <trkpt lat="39.57995" lon="2.57122">
        <ele>331.4</ele>
      </trkpt>
      <trkpt lat="39.57995" lon="2.5712">
        <ele>331.6</ele>
      </trkpt>
      <trkpt lat="39.57994" lon="2.57117">
        <ele>332.1</ele>
      </trkpt>
      <trkpt lat="39.57994" lon="2.57114">
        <ele>332.4</ele>
      </trkpt>
      <trkpt lat="39.57993" lon="2.57107">
        <ele>333.4</ele>
      </trkpt>
      <trkpt lat="39.57992" lon="2.57091">
        <ele>335.2</ele>
      </trkpt>
      <trkpt lat="39.57992" lon="2.57089">
        <ele>335.4</ele>
      </trkpt>
      <trkpt lat="39.57991" lon="2.57084">
        <ele>336.1</ele>
      </trkpt>
      <trkpt lat="39.57991" lon="2.57061">
        <ele>337.9</ele>
      </trkpt>
      <trkpt lat="39.57991" lon="2.5706">
        <ele>338.0</ele>
      </trkpt>
      <trkpt lat="39.57992" lon="2.57054">
        <ele>338.2</ele>
      </trkpt>
      <trkpt lat="39.57992" lon="2.57053">
        <ele>338.2</ele>
      </trkpt>
      <trkpt lat="39.57994" lon="2.57049">
        <ele>338.0</ele>
      </trkpt>
      <trkpt lat="39.57996" lon="2.57044">
        <ele>337.9</ele>
      </trkpt>
      <trkpt lat="39.58004" lon="2.57034">
        <ele>337.5</ele>
      </trkpt>
      <trkpt lat="39.58008" lon="2.57029">
        <ele>337.9</ele>
      </trkpt>
      <trkpt lat="39.58015" lon="2.5702">
        <ele>338.6</ele>
      </trkpt>
      <trkpt lat="39.58018" lon="2.57017">
        <ele>338.8</ele>
      </trkpt>
      <trkpt lat="39.5802" lon="2.57014">
        <ele>339.1</ele>
      </trkpt>
      <trkpt lat="39.58021" lon="2.57013">
        <ele>339.2</ele>
      </trkpt>
      <trkpt lat="39.58025" lon="2.57008">
        <ele>339.6</ele>
      </trkpt>
      <trkpt lat="39.58028" lon="2.57002">
        <ele>340.2</ele>
      </trkpt>
      <trkpt lat="39.58032" lon="2.56997">
        <ele>340.6</ele>
      </trkpt>
      <trkpt lat="39.58035" lon="2.56991">
        <ele>341.0</ele>
      </trkpt>
      <trkpt lat="39.58035" lon="2.56989">
        <ele>341.1</ele>
      </trkpt>
      <trkpt lat="39.58036" lon="2.56987">
        <ele>341.2</ele>
      </trkpt>
      <trkpt lat="39.58036" lon="2.56982">
        <ele>341.5</ele>
      </trkpt>
      <trkpt lat="39.58037" lon="2.56981">
        <ele>341.6</ele>
      </trkpt>
      <trkpt lat="39.58036" lon="2.56975">
        <ele>341.9</ele>
      </trkpt>
      <trkpt lat="39.58035" lon="2.56971">
        <ele>342.2</ele>
      </trkpt>
      <trkpt lat="39.5803" lon="2.56962">
        <ele>342.9</ele>
      </trkpt>
      <trkpt lat="39.5803" lon="2.56961">
        <ele>342.9</ele>
      </trkpt>
      <trkpt lat="39.58017" lon="2.56948">
        <ele>344.3</ele>
      </trkpt>
      <trkpt lat="39.58013" lon="2.56945">
        <ele>344.7</ele>
      </trkpt>
      <trkpt lat="39.5801" lon="2.56942">
        <ele>345.1</ele>
      </trkpt>
      <trkpt lat="39.58005" lon="2.56938">
        <ele>345.7</ele>
      </trkpt>
      <trkpt lat="39.58001" lon="2.56934">
        <ele>346.3</ele>
      </trkpt>
      <trkpt lat="39.57994" lon="2.56921">
        <ele>348.9</ele>
      </trkpt>
      <trkpt lat="39.57992" lon="2.56914">
        <ele>350.2</ele>
      </trkpt>
      <trkpt lat="39.57991" lon="2.56912">
        <ele>350.7</ele>
      </trkpt>
      <trkpt lat="39.57991" lon="2.5691">
        <ele>351.0</ele>
      </trkpt>
      <trkpt lat="39.57989" lon="2.56906">
        <ele>352.1</ele>
      </trkpt>
      <trkpt lat="39.57989" lon="2.56905">
        <ele>352.2</ele>
      </trkpt>
      <trkpt lat="39.57989" lon="2.56904">
        <ele>352.4</ele>
      </trkpt>
      <trkpt lat="39.57989" lon="2.56899">
        <ele>353.2</ele>
      </trkpt>
      <trkpt lat="39.5799" lon="2.56898">
        <ele>353.2</ele>
      </trkpt>
      <trkpt lat="39.5799" lon="2.56894">
        <ele>353.8</ele>
      </trkpt>
      <trkpt lat="39.57991" lon="2.56892">
        <ele>353.9</ele>
      </trkpt>
      <trkpt lat="39.57994" lon="2.56888">
        <ele>354.0</ele>
      </trkpt>
      <trkpt lat="39.57996" lon="2.56885">
        <ele>354.1</ele>
      </trkpt>
      <trkpt lat="39.57997" lon="2.56883">
        <ele>354.2</ele>
      </trkpt>
      <trkpt lat="39.58004" lon="2.56879">
        <ele>354.0</ele>
      </trkpt>
      <trkpt lat="39.58009" lon="2.56877">
        <ele>353.9</ele>
      </trkpt>
      <trkpt lat="39.58017" lon="2.56874">
        <ele>353.7</ele>
      </trkpt>
      <trkpt lat="39.58023" lon="2.56872">
        <ele>353.5</ele>
      </trkpt>
      <trkpt lat="39.58031" lon="2.56869">
        <ele>353.3</ele>
      </trkpt>
      <trkpt lat="39.58041" lon="2.56865">
        <ele>353.1</ele>
      </trkpt>
      <trkpt lat="39.58058" lon="2.56855">
        <ele>353.2</ele>
      </trkpt>
      <trkpt lat="39.58063" lon="2.56852">
        <ele>353.2</ele>
      </trkpt>
      <trkpt lat="39.58066" lon="2.5685">
        <ele>353.2</ele>
      </trkpt>
      <trkpt lat="39.58073" lon="2.56842">
        <ele>353.7</ele>
      </trkpt>
      <trkpt lat="39.58082" lon="2.56831">
        <ele>354.5</ele>
      </trkpt>
      <trkpt lat="39.58096" lon="2.56805">
        <ele>357.1</ele>
      </trkpt>
      <trkpt lat="39.58101" lon="2.56794">
        <ele>358.0</ele>
      </trkpt>
      <trkpt lat="39.58105" lon="2.56785">
        <ele>358.6</ele>
      </trkpt>
      <trkpt lat="39.58108" lon="2.5678">
        <ele>358.7</ele>
      </trkpt>
      <trkpt lat="39.58111" lon="2.56774">
        <ele>359.0</ele>
      </trkpt>
      <trkpt lat="39.58112" lon="2.56771">
        <ele>359.2</ele>
      </trkpt>
      <trkpt lat="39.58113" lon="2.56768">
        <ele>359.4</ele>
      </trkpt>
      <trkpt lat="39.58121" lon="2.56753">
        <ele>359.6</ele>
      </trkpt>
      <trkpt lat="39.58127" lon="2.56738">
        <ele>359.6</ele>
      </trkpt>
      <trkpt lat="39.58129" lon="2.56726">
        <ele>360.2</ele>
      </trkpt>
      <trkpt lat="39.58131" lon="2.5671">
        <ele>361.0</ele>
      </trkpt>
      <trkpt lat="39.58131" lon="2.56709">
        <ele>361.1</ele>
      </trkpt>
      <trkpt lat="39.58132" lon="2.56704">
        <ele>361.3</ele>
      </trkpt>
      <trkpt lat="39.58134" lon="2.56693">
        <ele>361.6</ele>
      </trkpt>
      <trkpt lat="39.58134" lon="2.56676">
        <ele>363.0</ele>
      </trkpt>
      <trkpt lat="39.58132" lon="2.56652">
        <ele>366.0</ele>
      </trkpt>
      <trkpt lat="39.58132" lon="2.56648">
        <ele>366.4</ele>
      </trkpt>
      <trkpt lat="39.58132" lon="2.56633">
        <ele>368.0</ele>
      </trkpt>
      <trkpt lat="39.58132" lon="2.56625">
        <ele>368.8</ele>
      </trkpt>
      <trkpt lat="39.58132" lon="2.5662">
        <ele>369.4</ele>
      </trkpt>
      <trkpt lat="39.58132" lon="2.56617">
        <ele>369.7</ele>
      </trkpt>
      <trkpt lat="39.58132" lon="2.56612">
        <ele>370.2</ele>
      </trkpt>
      <trkpt lat="39.58132" lon="2.56611">
        <ele>370.3</ele>
      </trkpt>
      <trkpt lat="39.58133" lon="2.56607">
        <ele>370.4</ele>
      </trkpt>
      <trkpt lat="39.58133" lon="2.56602">
        <ele>370.9</ele>
      </trkpt>
      <trkpt lat="39.58133" lon="2.56601">
        <ele>371.0</ele>
      </trkpt>
      <trkpt lat="39.58135" lon="2.56595">
        <ele>371.0</ele>
      </trkpt>
      <trkpt lat="39.58136" lon="2.56589">
        <ele>371.3</ele>
      </trkpt>
      <trkpt lat="39.58137" lon="2.56588">
        <ele>371.1</ele>
      </trkpt>
      <trkpt lat="39.5814" lon="2.56573">
        <ele>372.1</ele>
      </trkpt>
      <trkpt lat="39.58142" lon="2.56567">
        <ele>372.4</ele>
      </trkpt>
      <trkpt lat="39.58149" lon="2.56551">
        <ele>372.7</ele>
      </trkpt>
      <trkpt lat="39.58153" lon="2.56539">
        <ele>373.3</ele>
      </trkpt>
      <trkpt lat="39.58155" lon="2.56527">
        <ele>374.7</ele>
      </trkpt>
      <trkpt lat="39.58156" lon="2.56524">
        <ele>374.9</ele>
      </trkpt>
      <trkpt lat="39.58157" lon="2.5652">
        <ele>375.2</ele>
      </trkpt>
      <trkpt lat="39.58159" lon="2.56515">
        <ele>375.5</ele>
      </trkpt>
      <trkpt lat="39.58159" lon="2.56514">
        <ele>375.7</ele>
      </trkpt>
      <trkpt lat="39.5816" lon="2.56507">
        <ele>376.5</ele>
      </trkpt>
      <trkpt lat="39.58161" lon="2.56502">
        <ele>377.1</ele>
      </trkpt>
      <trkpt lat="39.58162" lon="2.56497">
        <ele>377.4</ele>
      </trkpt>
      <trkpt lat="39.58163" lon="2.5649">
        <ele>377.7</ele>
      </trkpt>
      <trkpt lat="39.58166" lon="2.5648">
        <ele>377.8</ele>
      </trkpt>
      <trkpt lat="39.58168" lon="2.5647">
        <ele>378.4</ele>
      </trkpt>
      <trkpt lat="39.58171" lon="2.56463">
        <ele>378.9</ele>
      </trkpt>
      <trkpt lat="39.58173" lon="2.56459">
        <ele>379.1</ele>
      </trkpt>
      <trkpt lat="39.58173" lon="2.56458">
        <ele>379.2</ele>
      </trkpt>
      <trkpt lat="39.58179" lon="2.56444">
        <ele>380.1</ele>
      </trkpt>
      <trkpt lat="39.58183" lon="2.56439">
        <ele>380.3</ele>
      </trkpt>
      <trkpt lat="39.58189" lon="2.56432">
        <ele>380.6</ele>
      </trkpt>
      <trkpt lat="39.5819" lon="2.5643">
        <ele>380.7</ele>
      </trkpt>
      <trkpt lat="39.58195" lon="2.56422">
        <ele>381.2</ele>
      </trkpt>
      <trkpt lat="39.58197" lon="2.5642">
        <ele>381.2</ele>
      </trkpt>
      <trkpt lat="39.58198" lon="2.56418">
        <ele>381.4</ele>
      </trkpt>
      <trkpt lat="39.582" lon="2.56414">
        <ele>381.4</ele>
      </trkpt>
      <trkpt lat="39.582" lon="2.5641">
        <ele>381.4</ele>
      </trkpt>
      <trkpt lat="39.582" lon="2.56406">
        <ele>381.4</ele>
      </trkpt>
      <trkpt lat="39.582" lon="2.56405">
        <ele>381.4</ele>
      </trkpt>
      <trkpt lat="39.58199" lon="2.56401">
        <ele>381.4</ele>
      </trkpt>
      <trkpt lat="39.58198" lon="2.56396">
        <ele>381.4</ele>
      </trkpt>
      <trkpt lat="39.58197" lon="2.56391">
        <ele>381.3</ele>
      </trkpt>
      <trkpt lat="39.58197" lon="2.56383">
        <ele>381.3</ele>
      </trkpt>
      <trkpt lat="39.58196" lon="2.56378">
        <ele>381.2</ele>
      </trkpt>
      <trkpt lat="39.58196" lon="2.56373">
        <ele>381.2</ele>
      </trkpt>
      <trkpt lat="39.58195" lon="2.56367">
        <ele>381.1</ele>
      </trkpt>
      <trkpt lat="39.58195" lon="2.56362">
        <ele>381.0</ele>
      </trkpt>
      <trkpt lat="39.58195" lon="2.5636">
        <ele>381.0</ele>
      </trkpt>
      <trkpt lat="39.58195" lon="2.56357">
        <ele>381.0</ele>
      </trkpt>
      <trkpt lat="39.58195" lon="2.56355">
        <ele>381.0</ele>
      </trkpt>
      <trkpt lat="39.58196" lon="2.56349">
        <ele>381.0</ele>
      </trkpt>
      <trkpt lat="39.58196" lon="2.56348">
        <ele>381.0</ele>
      </trkpt>
      <trkpt lat="39.58203" lon="2.56326">
        <ele>379.9</ele>
      </trkpt>
      <trkpt lat="39.58203" lon="2.56324">
        <ele>379.4</ele>
      </trkpt>
      <trkpt lat="39.58208" lon="2.56311">
        <ele>377.1</ele>
      </trkpt>
      <trkpt lat="39.58211" lon="2.56303">
        <ele>375.8</ele>
      </trkpt>
      <trkpt lat="39.58215" lon="2.56289">
        <ele>373.5</ele>
      </trkpt>
      <trkpt lat="39.58219" lon="2.56282">
        <ele>372.7</ele>
      </trkpt>
      <trkpt lat="39.58226" lon="2.56268">
        <ele>371.3</ele>
      </trkpt>
      <trkpt lat="39.58229" lon="2.56263">
        <ele>370.9</ele>
      </trkpt>
      <trkpt lat="39.58233" lon="2.5626">
        <ele>371.1</ele>
      </trkpt>
      <trkpt lat="39.58238" lon="2.56257">
        <ele>371.6</ele>
      </trkpt>
      <trkpt lat="39.58244" lon="2.56252">
        <ele>372.0</ele>
      </trkpt>
      <trkpt lat="39.58246" lon="2.56249">
        <ele>371.9</ele>
      </trkpt>
      <trkpt lat="39.58247" lon="2.56247">
        <ele>371.5</ele>
      </trkpt>
      <trkpt lat="39.58247" lon="2.56244">
        <ele>370.6</ele>
      </trkpt>
      <trkpt lat="39.58246" lon="2.56241">
        <ele>369.6</ele>
      </trkpt>
      <trkpt lat="39.58245" lon="2.5624">
        <ele>369.1</ele>
      </trkpt>
      <trkpt lat="39.58243" lon="2.56239">
        <ele>368.4</ele>
      </trkpt>
      <trkpt lat="39.58241" lon="2.56238">
        <ele>367.7</ele>
      </trkpt>
      <trkpt lat="39.58238" lon="2.56238">
        <ele>367.0</ele>
      </trkpt>
      <trkpt lat="39.58235" lon="2.56239">
        <ele>366.7</ele>
      </trkpt>
      <trkpt lat="39.58231" lon="2.56243">
        <ele>367.0</ele>
      </trkpt>
      <trkpt lat="39.58223" lon="2.56249">
        <ele>366.9</ele>
      </trkpt>
      <trkpt lat="39.58215" lon="2.56257">
        <ele>366.9</ele>
      </trkpt>
      <trkpt lat="39.58206" lon="2.56263">
        <ele>366.4</ele>
      </trkpt>
      <trkpt lat="39.58195" lon="2.56269">
        <ele>365.6</ele>
      </trkpt>
      <trkpt lat="39.58183" lon="2.56276">
        <ele>365.1</ele>
      </trkpt>
      <trkpt lat="39.58177" lon="2.56278">
        <ele>364.5</ele>
      </trkpt>
      <trkpt lat="39.58174" lon="2.56279">
        <ele>364.3</ele>
      </trkpt>
      <trkpt lat="39.58171" lon="2.5628">
        <ele>364.0</ele>
      </trkpt>
      <trkpt lat="39.58164" lon="2.56281">
        <ele>363.7</ele>
      </trkpt>
      <trkpt lat="39.58156" lon="2.56281">
        <ele>364.2</ele>
      </trkpt>
      <trkpt lat="39.58147" lon="2.5628">
        <ele>364.5</ele>
      </trkpt>
      <trkpt lat="39.5812" lon="2.56278">
        <ele>365.7</ele>
      </trkpt>
      <trkpt lat="39.5811" lon="2.56277">
        <ele>366.1</ele>
      </trkpt>
      <trkpt lat="39.58103" lon="2.56277">
        <ele>366.5</ele>
      </trkpt>
      <trkpt lat="39.58102" lon="2.56276">
        <ele>366.3</ele>
      </trkpt>
      <trkpt lat="39.5809" lon="2.56273">
        <ele>366.4</ele>
      </trkpt>
      <trkpt lat="39.58085" lon="2.56271">
        <ele>366.2</ele>
      </trkpt>
      <trkpt lat="39.58061" lon="2.56263">
        <ele>364.9</ele>
      </trkpt>
      <trkpt lat="39.58053" lon="2.56259">
        <ele>364.3</ele>
      </trkpt>
      <trkpt lat="39.58046" lon="2.56254">
        <ele>363.6</ele>
      </trkpt>
      <trkpt lat="39.58043" lon="2.56252">
        <ele>363.3</ele>
      </trkpt>
      <trkpt lat="39.5804" lon="2.5625">
        <ele>363.1</ele>
      </trkpt>
      <trkpt lat="39.58038" lon="2.56247">
        <ele>363.2</ele>
      </trkpt>
      <trkpt lat="39.58036" lon="2.56244">
        <ele>363.2</ele>
      </trkpt>
      <trkpt lat="39.58035" lon="2.56241">
        <ele>363.3</ele>
      </trkpt>
      <trkpt lat="39.58035" lon="2.56239">
        <ele>363.3</ele>
      </trkpt>
      <trkpt lat="39.58035" lon="2.56238">
        <ele>363.3</ele>
      </trkpt>
      <trkpt lat="39.58035" lon="2.56236">
        <ele>363.3</ele>
      </trkpt>
      <trkpt lat="39.58035" lon="2.56234">
        <ele>363.2</ele>
      </trkpt>
      <trkpt lat="39.58037" lon="2.56228">
        <ele>363.1</ele>
      </trkpt>
      <trkpt lat="39.5804" lon="2.56222">
        <ele>362.8</ele>
      </trkpt>
      <trkpt lat="39.58044" lon="2.56219">
        <ele>362.4</ele>
      </trkpt>
      <trkpt lat="39.58048" lon="2.56214">
        <ele>362.0</ele>
      </trkpt>
      <trkpt lat="39.58056" lon="2.56206">
        <ele>361.1</ele>
      </trkpt>
      <trkpt lat="39.58058" lon="2.56204">
        <ele>360.8</ele>
      </trkpt>
      <trkpt lat="39.58065" lon="2.56197">
        <ele>359.8</ele>
      </trkpt>
      <trkpt lat="39.58071" lon="2.56192">
        <ele>358.9</ele>
      </trkpt>
      <trkpt lat="39.58072" lon="2.56191">
        <ele>358.8</ele>
      </trkpt>
      <trkpt lat="39.58088" lon="2.56179">
        <ele>355.7</ele>
      </trkpt>
      <trkpt lat="39.58093" lon="2.56174">
        <ele>354.2</ele>
      </trkpt>
      <trkpt lat="39.581" lon="2.56167">
        <ele>351.8</ele>
      </trkpt>
      <trkpt lat="39.58103" lon="2.56162">
        <ele>350.7</ele>
      </trkpt>
      <trkpt lat="39.58105" lon="2.56158">
        <ele>349.8</ele>
      </trkpt>
      <trkpt lat="39.58105" lon="2.56153">
        <ele>349.4</ele>
      </trkpt>
      <trkpt lat="39.58106" lon="2.56144">
        <ele>348.3</ele>
      </trkpt>
      <trkpt lat="39.58105" lon="2.56136">
        <ele>347.9</ele>
      </trkpt>
      <trkpt lat="39.58105" lon="2.56133">
        <ele>347.6</ele>
      </trkpt>
      <trkpt lat="39.58106" lon="2.56132">
        <ele>347.2</ele>
      </trkpt>
      <trkpt lat="39.58107" lon="2.5613">
        <ele>346.7</ele>
      </trkpt>
      <trkpt lat="39.58109" lon="2.56129">
        <ele>345.9</ele>
      </trkpt>
      <trkpt lat="39.58112" lon="2.56129">
        <ele>344.9</ele>
      </trkpt>
      <trkpt lat="39.58114" lon="2.56129">
        <ele>344.2</ele>
      </trkpt>
      <trkpt lat="39.58115" lon="2.56129">
        <ele>343.9</ele>
      </trkpt>
      <trkpt lat="39.58117" lon="2.56131">
        <ele>343.5</ele>
      </trkpt>
      <trkpt lat="39.58118" lon="2.56134">
        <ele>343.5</ele>
      </trkpt>
      <trkpt lat="39.58119" lon="2.56145">
        <ele>344.4</ele>
      </trkpt>
      <trkpt lat="39.5812" lon="2.56148">
        <ele>344.5</ele>
      </trkpt>
      <trkpt lat="39.5812" lon="2.5615">
        <ele>344.7</ele>
      </trkpt>
      <trkpt lat="39.5812" lon="2.56156">
        <ele>345.5</ele>
      </trkpt>
      <trkpt lat="39.58116" lon="2.56167">
        <ele>347.8</ele>
      </trkpt>
      <trkpt lat="39.58114" lon="2.56172">
        <ele>348.9</ele>
      </trkpt>
      <trkpt lat="39.58106" lon="2.56186">
        <ele>352.4</ele>
      </trkpt>
      <trkpt lat="39.58103" lon="2.56191">
        <ele>353.5</ele>
      </trkpt>
      <trkpt lat="39.581" lon="2.56196">
        <ele>354.6</ele>
      </trkpt>
      <trkpt lat="39.58098" lon="2.56203">
        <ele>355.6</ele>
      </trkpt>
      <trkpt lat="39.58097" lon="2.56211">
        <ele>356.5</ele>
      </trkpt>
      <trkpt lat="39.58097" lon="2.56212">
        <ele>356.6</ele>
      </trkpt>
      <trkpt lat="39.58098" lon="2.56216">
        <ele>356.8</ele>
      </trkpt>
      <trkpt lat="39.581" lon="2.5622">
        <ele>356.9</ele>
      </trkpt>
      <trkpt lat="39.58103" lon="2.56224">
        <ele>356.9</ele>
      </trkpt>
      <trkpt lat="39.58108" lon="2.56225">
        <ele>356.4</ele>
      </trkpt>
      <trkpt lat="39.58108" lon="2.56226">
        <ele>356.5</ele>
      </trkpt>
      <trkpt lat="39.5811" lon="2.56226">
        <ele>356.3</ele>
      </trkpt>
      <trkpt lat="39.58111" lon="2.56227">
        <ele>356.3</ele>
      </trkpt>
      <trkpt lat="39.58117" lon="2.56229">
        <ele>355.8</ele>
      </trkpt>
      <trkpt lat="39.58121" lon="2.56229">
        <ele>355.3</ele>
      </trkpt>
      <trkpt lat="39.58127" lon="2.5623">
        <ele>354.8</ele>
      </trkpt>
      <trkpt lat="39.58129" lon="2.5623">
        <ele>354.5</ele>
      </trkpt>
      <trkpt lat="39.58143" lon="2.56226">
        <ele>352.2</ele>
      </trkpt>
      <trkpt lat="39.58145" lon="2.56226">
        <ele>351.9</ele>
      </trkpt>
      <trkpt lat="39.58155" lon="2.56223">
        <ele>350.0</ele>
      </trkpt>
      <trkpt lat="39.58162" lon="2.5622">
        <ele>348.4</ele>
      </trkpt>
      <trkpt lat="39.58168" lon="2.56216">
        <ele>347.1</ele>
      </trkpt>
      <trkpt lat="39.58175" lon="2.56211">
        <ele>347.3</ele>
      </trkpt>
      <trkpt lat="39.58177" lon="2.56208">
        <ele>346.9</ele>
      </trkpt>
      <trkpt lat="39.58178" lon="2.56208">
        <ele>347.1</ele>
      </trkpt>
      <trkpt lat="39.58181" lon="2.56204">
        <ele>346.7</ele>
      </trkpt>
      <trkpt lat="39.5819" lon="2.56191">
        <ele>345.1</ele>
      </trkpt>
      <trkpt lat="39.58195" lon="2.56184">
        <ele>344.2</ele>
      </trkpt>
      <trkpt lat="39.58202" lon="2.56176">
        <ele>343.4</ele>
      </trkpt>
      <trkpt lat="39.58203" lon="2.56175">
        <ele>343.3</ele>
      </trkpt>
      <trkpt lat="39.58204" lon="2.56173">
        <ele>342.9</ele>
      </trkpt>
      <trkpt lat="39.58213" lon="2.56165">
        <ele>342.4</ele>
      </trkpt>
      <trkpt lat="39.58217" lon="2.56162">
        <ele>342.4</ele>
      </trkpt>
      <trkpt lat="39.58217" lon="2.56161">
        <ele>342.2</ele>
      </trkpt>
      <trkpt lat="39.58223" lon="2.56159">
        <ele>342.8</ele>
      </trkpt>
      <trkpt lat="39.58231" lon="2.56157">
        <ele>343.7</ele>
      </trkpt>
      <trkpt lat="39.5824" lon="2.56154">
        <ele>344.6</ele>
      </trkpt>
      <trkpt lat="39.58244" lon="2.56152">
        <ele>344.8</ele>
      </trkpt>
      <trkpt lat="39.58247" lon="2.56149">
        <ele>344.7</ele>
      </trkpt>
      <trkpt lat="39.5825" lon="2.56144">
        <ele>344.1</ele>
      </trkpt>
      <trkpt lat="39.58251" lon="2.56137">
        <ele>342.9</ele>
      </trkpt>
      <trkpt lat="39.58251" lon="2.56131">
        <ele>341.6</ele>
      </trkpt>
      <trkpt lat="39.5825" lon="2.56123">
        <ele>339.6</ele>
      </trkpt>
      <trkpt lat="39.5825" lon="2.56121">
        <ele>339.1</ele>
      </trkpt>
      <trkpt lat="39.58249" lon="2.56108">
        <ele>336.2</ele>
      </trkpt>
      <trkpt lat="39.58245" lon="2.56093">
        <ele>332.2</ele>
      </trkpt>
      <trkpt lat="39.58243" lon="2.56084">
        <ele>329.9</ele>
      </trkpt>
      <trkpt lat="39.58241" lon="2.56077">
        <ele>327.9</ele>
      </trkpt>
      <trkpt lat="39.58241" lon="2.56076">
        <ele>327.7</ele>
      </trkpt>
      <trkpt lat="39.58241" lon="2.56071">
        <ele>326.5</ele>
      </trkpt>
      <trkpt lat="39.58241" lon="2.56066">
        <ele>325.3</ele>
      </trkpt>
      <trkpt lat="39.58241" lon="2.56062">
        <ele>324.4</ele>
      </trkpt>
      <trkpt lat="39.58243" lon="2.56058">
        <ele>323.8</ele>
      </trkpt>
      <trkpt lat="39.58245" lon="2.56057">
        <ele>323.9</ele>
      </trkpt>
      <trkpt lat="39.58246" lon="2.56055">
        <ele>323.6</ele>
      </trkpt>
      <trkpt lat="39.58247" lon="2.56054">
        <ele>323.5</ele>
      </trkpt>
      <trkpt lat="39.58253" lon="2.56049">
        <ele>323.3</ele>
      </trkpt>
      <trkpt lat="39.58263" lon="2.56045">
        <ele>324.1</ele>
      </trkpt>
      <trkpt lat="39.58279" lon="2.56037">
        <ele>324.5</ele>
      </trkpt>
      <trkpt lat="39.58281" lon="2.56036">
        <ele>324.5</ele>
      </trkpt>
      <trkpt lat="39.58296" lon="2.56029">
        <ele>324.5</ele>
      </trkpt>
      <trkpt lat="39.58307" lon="2.56024">
        <ele>324.3</ele>
      </trkpt>
      <trkpt lat="39.58313" lon="2.56021">
        <ele>324.0</ele>
      </trkpt>
      <trkpt lat="39.5832" lon="2.56017">
        <ele>323.4</ele>
      </trkpt>
      <trkpt lat="39.58327" lon="2.56014">
        <ele>323.0</ele>
      </trkpt>
      <trkpt lat="39.58328" lon="2.56014">
        <ele>323.1</ele>
      </trkpt>
      <trkpt lat="39.5833" lon="2.56014">
        <ele>323.3</ele>
      </trkpt>
      <trkpt lat="39.58336" lon="2.56012">
        <ele>322.6</ele>
      </trkpt>
      <trkpt lat="39.58347" lon="2.56013">
        <ele>321.8</ele>
      </trkpt>
      <trkpt lat="39.58357" lon="2.56015">
        <ele>321.4</ele>
      </trkpt>
      <trkpt lat="39.58379" lon="2.56023">
        <ele>321.8</ele>
      </trkpt>
      <trkpt lat="39.58399" lon="2.56028">
        <ele>321.0</ele>
      </trkpt>
      <trkpt lat="39.584" lon="2.56029">
        <ele>321.2</ele>
      </trkpt>
      <trkpt lat="39.58403" lon="2.5603">
        <ele>321.1</ele>
      </trkpt>
      <trkpt lat="39.58421" lon="2.56033">
        <ele>319.7</ele>
      </trkpt>
      <trkpt lat="39.58435" lon="2.56036">
        <ele>318.7</ele>
      </trkpt>
      <trkpt lat="39.58441" lon="2.56037">
        <ele>318.1</ele>
      </trkpt>
      <trkpt lat="39.58448" lon="2.56037">
        <ele>317.1</ele>
      </trkpt>
      <trkpt lat="39.58452" lon="2.56038">
        <ele>316.8</ele>
      </trkpt>
      <trkpt lat="39.58453" lon="2.56038">
        <ele>316.7</ele>
      </trkpt>
      <trkpt lat="39.5846" lon="2.56039">
        <ele>315.9</ele>
      </trkpt>
      <trkpt lat="39.58471" lon="2.56041">
        <ele>314.7</ele>
      </trkpt>
      <trkpt lat="39.58474" lon="2.56041">
        <ele>314.3</ele>
      </trkpt>
      <trkpt lat="39.58482" lon="2.56043">
        <ele>313.5</ele>
      </trkpt>
      <trkpt lat="39.58488" lon="2.56048">
        <ele>313.4</ele>
      </trkpt>
      <trkpt lat="39.58494" lon="2.56054">
        <ele>313.5</ele>
      </trkpt>
      <trkpt lat="39.58496" lon="2.56058">
        <ele>313.8</ele>
      </trkpt>
      <trkpt lat="39.58498" lon="2.56065">
        <ele>314.5</ele>
      </trkpt>
      <trkpt lat="39.58498" lon="2.56066">
        <ele>314.7</ele>
      </trkpt>
      <trkpt lat="39.585" lon="2.56086">
        <ele>317.6</ele>
      </trkpt>
      <trkpt lat="39.58501" lon="2.56089">
        <ele>318.1</ele>
      </trkpt>
      <trkpt lat="39.58503" lon="2.56096">
        <ele>319.4</ele>
      </trkpt>
      <trkpt lat="39.58505" lon="2.56104">
        <ele>320.8</ele>
      </trkpt>
      <trkpt lat="39.58508" lon="2.56108">
        <ele>321.3</ele>
      </trkpt>
      <trkpt lat="39.58509" lon="2.56109">
        <ele>321.4</ele>
      </trkpt>
      <trkpt lat="39.5851" lon="2.5611">
        <ele>321.5</ele>
      </trkpt>
      <trkpt lat="39.58511" lon="2.56111">
        <ele>321.6</ele>
      </trkpt>
      <trkpt lat="39.58515" lon="2.56114">
        <ele>321.7</ele>
      </trkpt>
      <trkpt lat="39.58519" lon="2.56116">
        <ele>321.6</ele>
      </trkpt>
      <trkpt lat="39.58522" lon="2.56117">
        <ele>321.4</ele>
      </trkpt>
      <trkpt lat="39.58525" lon="2.56118">
        <ele>321.2</ele>
      </trkpt>
      <trkpt lat="39.58526" lon="2.56118">
        <ele>321.0</ele>
      </trkpt>
      <trkpt lat="39.58537" lon="2.56119">
        <ele>319.8</ele>
      </trkpt>
      <trkpt lat="39.58551" lon="2.5612">
        <ele>318.1</ele>
      </trkpt>
      <trkpt lat="39.58558" lon="2.56121">
        <ele>317.3</ele>
      </trkpt>
      <trkpt lat="39.5856" lon="2.56122">
        <ele>317.2</ele>
      </trkpt>
      <trkpt lat="39.58561" lon="2.56122">
        <ele>317.1</ele>
      </trkpt>
      <trkpt lat="39.58562" lon="2.56122">
        <ele>316.9</ele>
      </trkpt>
      <trkpt lat="39.58564" lon="2.56123">
        <ele>316.8</ele>
      </trkpt>
      <trkpt lat="39.58571" lon="2.56126">
        <ele>316.4</ele>
      </trkpt>
      <trkpt lat="39.58578" lon="2.5613">
        <ele>316.0</ele>
      </trkpt>
      <trkpt lat="39.58579" lon="2.56131">
        <ele>316.1</ele>
      </trkpt>
      <trkpt lat="39.58587" lon="2.56136">
        <ele>316.2</ele>
      </trkpt>
      <trkpt lat="39.58597" lon="2.56143">
        <ele>317.2</ele>
      </trkpt>
      <trkpt lat="39.58604" lon="2.56149">
        <ele>318.1</ele>
      </trkpt>
      <trkpt lat="39.58607" lon="2.56153">
        <ele>318.8</ele>
      </trkpt>
      <trkpt lat="39.58608" lon="2.56155">
        <ele>319.1</ele>
      </trkpt>
      <trkpt lat="39.58609" lon="2.56157">
        <ele>319.4</ele>
      </trkpt>
      <trkpt lat="39.58613" lon="2.56169">
        <ele>321.4</ele>
      </trkpt>
      <trkpt lat="39.58616" lon="2.56176">
        <ele>322.7</ele>
      </trkpt>
      <trkpt lat="39.58618" lon="2.56177">
        <ele>322.8</ele>
      </trkpt>
      <trkpt lat="39.58619" lon="2.56178">
        <ele>323.0</ele>
      </trkpt>
      <trkpt lat="39.5862" lon="2.56179">
        <ele>323.1</ele>
      </trkpt>
      <trkpt lat="39.58623" lon="2.56179">
        <ele>323.1</ele>
      </trkpt>
      <trkpt lat="39.58625" lon="2.56179">
        <ele>323.1</ele>
      </trkpt>
      <trkpt lat="39.58627" lon="2.56179">
        <ele>323.0</ele>
      </trkpt>
      <trkpt lat="39.58629" lon="2.56177">
        <ele>322.7</ele>
      </trkpt>
      <trkpt lat="39.58631" lon="2.56175">
        <ele>322.3</ele>
      </trkpt>
      <trkpt lat="39.58632" lon="2.56175">
        <ele>322.3</ele>
      </trkpt>
      <trkpt lat="39.58632" lon="2.56174">
        <ele>322.2</ele>
      </trkpt>
      <trkpt lat="39.58633" lon="2.56173">
        <ele>322.0</ele>
      </trkpt>
      <trkpt lat="39.58633" lon="2.56172">
        <ele>321.8</ele>
      </trkpt>
      <trkpt lat="39.58635" lon="2.56169">
        <ele>321.4</ele>
      </trkpt>
      <trkpt lat="39.58636" lon="2.56165">
        <ele>320.7</ele>
      </trkpt>
      <trkpt lat="39.58636" lon="2.56152">
        <ele>318.5</ele>
      </trkpt>
      <trkpt lat="39.58636" lon="2.56143">
        <ele>317.0</ele>
      </trkpt>
      <trkpt lat="39.58636" lon="2.56134">
        <ele>315.4</ele>
      </trkpt>
      <trkpt lat="39.58637" lon="2.56131">
        <ele>314.9</ele>
      </trkpt>
      <trkpt lat="39.58639" lon="2.56126">
        <ele>314.0</ele>
      </trkpt>
      <trkpt lat="39.58645" lon="2.56115">
        <ele>312.0</ele>
      </trkpt>
      <trkpt lat="39.58648" lon="2.5611">
        <ele>311.1</ele>
      </trkpt>
      <trkpt lat="39.58654" lon="2.561">
        <ele>309.2</ele>
      </trkpt>
      <trkpt lat="39.58667" lon="2.56081">
        <ele>305.8</ele>
      </trkpt>
      <trkpt lat="39.58675" lon="2.56068">
        <ele>306.2</ele>
      </trkpt>
      <trkpt lat="39.58679" lon="2.56061">
        <ele>306.3</ele>
      </trkpt>
      <trkpt lat="39.58688" lon="2.56046">
        <ele>307.0</ele>
      </trkpt>
      <trkpt lat="39.58695" lon="2.56039">
        <ele>308.1</ele>
      </trkpt>
      <trkpt lat="39.587" lon="2.56034">
        <ele>308.9</ele>
      </trkpt>
      <trkpt lat="39.58703" lon="2.56029">
        <ele>309.2</ele>
      </trkpt>
      <trkpt lat="39.58704" lon="2.56025">
        <ele>309.1</ele>
      </trkpt>
      <trkpt lat="39.58704" lon="2.56022">
        <ele>308.8</ele>
      </trkpt>
      <trkpt lat="39.58704" lon="2.56021">
        <ele>308.7</ele>
      </trkpt>
      <trkpt lat="39.58704" lon="2.5602">
        <ele>308.6</ele>
      </trkpt>
      <trkpt lat="39.58704" lon="2.56018">
        <ele>308.4</ele>
      </trkpt>
      <trkpt lat="39.58703" lon="2.56016">
        <ele>308.0</ele>
      </trkpt>
      <trkpt lat="39.58702" lon="2.56014">
        <ele>307.5</ele>
      </trkpt>
      <trkpt lat="39.587" lon="2.56014">
        <ele>307.0</ele>
      </trkpt>
      <trkpt lat="39.58698" lon="2.56013">
        <ele>306.3</ele>
      </trkpt>
      <trkpt lat="39.58695" lon="2.56014">
        <ele>305.6</ele>
      </trkpt>
      <trkpt lat="39.58693" lon="2.56015">
        <ele>305.1</ele>
      </trkpt>
      <trkpt lat="39.58691" lon="2.56016">
        <ele>304.7</ele>
      </trkpt>
      <trkpt lat="39.5869" lon="2.56017">
        <ele>304.5</ele>
      </trkpt>
      <trkpt lat="39.5869" lon="2.56018">
        <ele>304.6</ele>
      </trkpt>
      <trkpt lat="39.5868" lon="2.56031">
        <ele>303.3</ele>
      </trkpt>
      <trkpt lat="39.58666" lon="2.56052">
        <ele>302.3</ele>
      </trkpt>
      <trkpt lat="39.58661" lon="2.56058">
        <ele>303.1</ele>
      </trkpt>
      <trkpt lat="39.58659" lon="2.5606">
        <ele>303.4</ele>
      </trkpt>
      <trkpt lat="39.58656" lon="2.56061">
        <ele>303.5</ele>
      </trkpt>
      <trkpt lat="39.58653" lon="2.56062">
        <ele>303.7</ele>
      </trkpt>
      <trkpt lat="39.58651" lon="2.56062">
        <ele>303.8</ele>
      </trkpt>
      <trkpt lat="39.58649" lon="2.56062">
        <ele>303.8</ele>
      </trkpt>
      <trkpt lat="39.58647" lon="2.56062">
        <ele>303.9</ele>
      </trkpt>
      <trkpt lat="39.58645" lon="2.56061">
        <ele>303.8</ele>
      </trkpt>
      <trkpt lat="39.58641" lon="2.56058">
        <ele>303.5</ele>
      </trkpt>
      <trkpt lat="39.58637" lon="2.56052">
        <ele>302.8</ele>
      </trkpt>
      <trkpt lat="39.58636" lon="2.56051">
        <ele>302.7</ele>
      </trkpt>
      <trkpt lat="39.58636" lon="2.5605">
        <ele>302.6</ele>
      </trkpt>
      <trkpt lat="39.58633" lon="2.56043">
        <ele>301.8</ele>
      </trkpt>
      <trkpt lat="39.58629" lon="2.56033">
        <ele>300.6</ele>
      </trkpt>
      <trkpt lat="39.58627" lon="2.56031">
        <ele>300.4</ele>
      </trkpt>
      <trkpt lat="39.58625" lon="2.56028">
        <ele>300.0</ele>
      </trkpt>
      <trkpt lat="39.58622" lon="2.56024">
        <ele>299.6</ele>
      </trkpt>
      <trkpt lat="39.58618" lon="2.56021">
        <ele>299.3</ele>
      </trkpt>
      <trkpt lat="39.58613" lon="2.56019">
        <ele>299.1</ele>
      </trkpt>
      <trkpt lat="39.58601" lon="2.56012">
        <ele>298.3</ele>
      </trkpt>
      <trkpt lat="39.58596" lon="2.56009">
        <ele>298.0</ele>
      </trkpt>
      <trkpt lat="39.58593" lon="2.56005">
        <ele>297.5</ele>
      </trkpt>
      <trkpt lat="39.5859" lon="2.55999">
        <ele>296.8</ele>
      </trkpt>
      <trkpt lat="39.58589" lon="2.55993">
        <ele>295.9</ele>
      </trkpt>
      <trkpt lat="39.5859" lon="2.55988">
        <ele>295.2</ele>
      </trkpt>
      <trkpt lat="39.58592" lon="2.55985">
        <ele>294.8</ele>
      </trkpt>
      <trkpt lat="39.58595" lon="2.55984">
        <ele>294.7</ele>
      </trkpt>
      <trkpt lat="39.58598" lon="2.55983">
        <ele>294.6</ele>
      </trkpt>
      <trkpt lat="39.58603" lon="2.55984">
        <ele>294.8</ele>
      </trkpt>
      <trkpt lat="39.58605" lon="2.55986">
        <ele>295.0</ele>
      </trkpt>
      <trkpt lat="39.58606" lon="2.55986">
        <ele>295.0</ele>
      </trkpt>
      <trkpt lat="39.58607" lon="2.55987">
        <ele>295.2</ele>
      </trkpt>
      <trkpt lat="39.58608" lon="2.55989">
        <ele>295.4</ele>
      </trkpt>
      <trkpt lat="39.58612" lon="2.55996">
        <ele>296.2</ele>
      </trkpt>
      <trkpt lat="39.58614" lon="2.56001">
        <ele>296.8</ele>
      </trkpt>
      <trkpt lat="39.58616" lon="2.56004">
        <ele>297.1</ele>
      </trkpt>
      <trkpt lat="39.58619" lon="2.56005">
        <ele>297.2</ele>
      </trkpt>
      <trkpt lat="39.58622" lon="2.56007">
        <ele>297.4</ele>
      </trkpt>
      <trkpt lat="39.58624" lon="2.56007">
        <ele>297.4</ele>
      </trkpt>
      <trkpt lat="39.5863" lon="2.56005">
        <ele>297.1</ele>
      </trkpt>
      <trkpt lat="39.58634" lon="2.56003">
        <ele>296.8</ele>
      </trkpt>
      <trkpt lat="39.58639" lon="2.56">
        <ele>296.3</ele>
      </trkpt>
      <trkpt lat="39.58642" lon="2.55997">
        <ele>296.1</ele>
      </trkpt>
      <trkpt lat="39.58645" lon="2.55992">
        <ele>295.8</ele>
      </trkpt>
      <trkpt lat="39.58647" lon="2.55989">
        <ele>295.6</ele>
      </trkpt>
      <trkpt lat="39.58647" lon="2.55988">
        <ele>295.6</ele>
      </trkpt>
      <trkpt lat="39.58648" lon="2.55987">
        <ele>295.5</ele>
      </trkpt>
      <trkpt lat="39.58648" lon="2.55986">
        <ele>295.5</ele>
      </trkpt>
      <trkpt lat="39.5865" lon="2.55977">
        <ele>295.0</ele>
      </trkpt>
      <trkpt lat="39.58651" lon="2.55967">
        <ele>294.6</ele>
      </trkpt>
      <trkpt lat="39.58651" lon="2.55955">
        <ele>294.0</ele>
      </trkpt>
      <trkpt lat="39.5865" lon="2.55942">
        <ele>293.3</ele>
      </trkpt>
      <trkpt lat="39.5865" lon="2.55941">
        <ele>293.2</ele>
      </trkpt>
      <trkpt lat="39.5865" lon="2.5594">
        <ele>293.2</ele>
      </trkpt>
      <trkpt lat="39.5865" lon="2.55907">
        <ele>290.7</ele>
      </trkpt>
      <trkpt lat="39.58651" lon="2.55896">
        <ele>289.3</ele>
      </trkpt>
      <trkpt lat="39.58652" lon="2.55884">
        <ele>287.9</ele>
      </trkpt>
      <trkpt lat="39.58654" lon="2.55871">
        <ele>286.4</ele>
      </trkpt>
      <trkpt lat="39.58656" lon="2.55858">
        <ele>284.9</ele>
      </trkpt>
      <trkpt lat="39.58659" lon="2.5585">
        <ele>284.2</ele>
      </trkpt>
      <trkpt lat="39.5866" lon="2.55844">
        <ele>283.5</ele>
      </trkpt>
      <trkpt lat="39.58664" lon="2.55833">
        <ele>282.6</ele>
      </trkpt>
      <trkpt lat="39.58669" lon="2.55821">
        <ele>282.3</ele>
      </trkpt>
      <trkpt lat="39.58681" lon="2.55797">
        <ele>283.6</ele>
      </trkpt>
      <trkpt lat="39.58685" lon="2.55789">
        <ele>283.9</ele>
      </trkpt>
      <trkpt lat="39.5869" lon="2.55778">
        <ele>284.1</ele>
      </trkpt>
      <trkpt lat="39.58693" lon="2.5577">
        <ele>284.0</ele>
      </trkpt>
      <trkpt lat="39.58693" lon="2.55769">
        <ele>283.8</ele>
      </trkpt>
      <trkpt lat="39.58693" lon="2.55767">
        <ele>283.5</ele>
      </trkpt>
      <trkpt lat="39.58694" lon="2.55766">
        <ele>283.7</ele>
      </trkpt>
      <trkpt lat="39.58695" lon="2.55762">
        <ele>283.4</ele>
      </trkpt>
      <trkpt lat="39.58697" lon="2.55757">
        <ele>283.3</ele>
      </trkpt>
      <trkpt lat="39.58698" lon="2.5575">
        <ele>282.5</ele>
      </trkpt>
      <trkpt lat="39.58698" lon="2.55742">
        <ele>280.8</ele>
      </trkpt>
      <trkpt lat="39.58697" lon="2.55735">
        <ele>278.9</ele>
      </trkpt>
      <trkpt lat="39.58696" lon="2.55724">
        <ele>276.2</ele>
      </trkpt>
      <trkpt lat="39.58695" lon="2.55716">
        <ele>274.2</ele>
      </trkpt>
      <trkpt lat="39.58695" lon="2.55711">
        <ele>273.1</ele>
      </trkpt>
      <trkpt lat="39.58695" lon="2.55707">
        <ele>272.2</ele>
      </trkpt>
      <trkpt lat="39.58696" lon="2.55702">
        <ele>271.4</ele>
      </trkpt>
      <trkpt lat="39.58696" lon="2.55701">
        <ele>271.1</ele>
      </trkpt>
      <trkpt lat="39.58697" lon="2.557">
        <ele>271.2</ele>
      </trkpt>
      <trkpt lat="39.58697" lon="2.55699">
        <ele>271.0</ele>
      </trkpt>
      <trkpt lat="39.58698" lon="2.55694">
        <ele>270.1</ele>
      </trkpt>
      <trkpt lat="39.58703" lon="2.55685">
        <ele>269.2</ele>
      </trkpt>
      <trkpt lat="39.58707" lon="2.55681">
        <ele>269.2</ele>
      </trkpt>
      <trkpt lat="39.58707" lon="2.5568">
        <ele>268.9</ele>
      </trkpt>
      <trkpt lat="39.58711" lon="2.55676">
        <ele>268.8</ele>
      </trkpt>
      <trkpt lat="39.5872" lon="2.55666">
        <ele>268.1</ele>
      </trkpt>
      <trkpt lat="39.58729" lon="2.5566">
        <ele>268.0</ele>
      </trkpt>
      <trkpt lat="39.58736" lon="2.55655">
        <ele>267.7</ele>
      </trkpt>
      <trkpt lat="39.58737" lon="2.55654">
        <ele>267.5</ele>
      </trkpt>
      <trkpt lat="39.58746" lon="2.55651">
        <ele>268.1</ele>
      </trkpt>
      <trkpt lat="39.58762" lon="2.55648">
        <ele>267.7</ele>
      </trkpt>
      <trkpt lat="39.58776" lon="2.55649">
        <ele>267.9</ele>
      </trkpt>
      <trkpt lat="39.58789" lon="2.55651">
        <ele>268.4</ele>
      </trkpt>
      <trkpt lat="39.58805" lon="2.55653">
        <ele>269.0</ele>
      </trkpt>
      <trkpt lat="39.58847" lon="2.55657">
        <ele>269.3</ele>
      </trkpt>
      <trkpt lat="39.5886" lon="2.55658">
        <ele>269.0</ele>
      </trkpt>
      <trkpt lat="39.58865" lon="2.55658">
        <ele>268.7</ele>
      </trkpt>
      <trkpt lat="39.58889" lon="2.55659">
        <ele>267.8</ele>
      </trkpt>
      <trkpt lat="39.58897" lon="2.5566">
        <ele>267.6</ele>
      </trkpt>
      <trkpt lat="39.58901" lon="2.5566">
        <ele>267.4</ele>
      </trkpt>
      <trkpt lat="39.58915" lon="2.55661">
        <ele>266.9</ele>
      </trkpt>
      <trkpt lat="39.58927" lon="2.55662">
        <ele>267.4</ele>
      </trkpt>
      <trkpt lat="39.58934" lon="2.55662">
        <ele>267.6</ele>
      </trkpt>
      <trkpt lat="39.5894" lon="2.55662">
        <ele>267.9</ele>
      </trkpt>
      <trkpt lat="39.58947" lon="2.55661">
        <ele>267.9</ele>
      </trkpt>
      <trkpt lat="39.58952" lon="2.5566">
        <ele>267.9</ele>
      </trkpt>
      <trkpt lat="39.58959" lon="2.55657">
        <ele>267.6</ele>
      </trkpt>
      <trkpt lat="39.5896" lon="2.55656">
        <ele>267.4</ele>
      </trkpt>
      <trkpt lat="39.58964" lon="2.55653">
        <ele>266.9</ele>
      </trkpt>
      <trkpt lat="39.58968" lon="2.55648">
        <ele>266.1</ele>
      </trkpt>
      <trkpt lat="39.5897" lon="2.55644">
        <ele>265.4</ele>
      </trkpt>
      <trkpt lat="39.58973" lon="2.5564">
        <ele>264.7</ele>
      </trkpt>
      <trkpt lat="39.58982" lon="2.55622">
        <ele>261.5</ele>
      </trkpt>
      <trkpt lat="39.58991" lon="2.55607">
        <ele>259.1</ele>
      </trkpt>
      <trkpt lat="39.58994" lon="2.55602">
        <ele>258.3</ele>
      </trkpt>
      <trkpt lat="39.58994" lon="2.55602">
        <ele>258.3</ele>
      </trkpt>
      <trkpt lat="39.5899" lon="2.55596">
        <ele>256.9</ele>
      </trkpt>
      <trkpt lat="39.58987" lon="2.55586">
        <ele>254.7</ele>
      </trkpt>
      <trkpt lat="39.58986" lon="2.55573">
        <ele>253.8</ele>
      </trkpt>
      <trkpt lat="39.58985" lon="2.5556">
        <ele>253.4</ele>
      </trkpt>
      <trkpt lat="39.58986" lon="2.55558">
        <ele>253.4</ele>
      </trkpt>
      <trkpt lat="39.58989" lon="2.55543">
        <ele>253.0</ele>
      </trkpt>
      <trkpt lat="39.58991" lon="2.55536">
        <ele>252.9</ele>
      </trkpt>
      <trkpt lat="39.58994" lon="2.55527">
        <ele>252.7</ele>
      </trkpt>
      <trkpt lat="39.59004" lon="2.55493">
        <ele>251.5</ele>
      </trkpt>
      <trkpt lat="39.59009" lon="2.55477">
        <ele>250.6</ele>
      </trkpt>
      <trkpt lat="39.59011" lon="2.55469">
        <ele>250.2</ele>
      </trkpt>
      <trkpt lat="39.59011" lon="2.55455">
        <ele>249.7</ele>
      </trkpt>
      <trkpt lat="39.59011" lon="2.55447">
        <ele>249.4</ele>
      </trkpt>
      <trkpt lat="39.5901" lon="2.5544">
        <ele>249.2</ele>
      </trkpt>
      <trkpt lat="39.59008" lon="2.55424">
        <ele>248.8</ele>
      </trkpt>
      <trkpt lat="39.59008" lon="2.55421">
        <ele>248.7</ele>
      </trkpt>
      <trkpt lat="39.59004" lon="2.55398">
        <ele>247.3</ele>
      </trkpt>
      <trkpt lat="39.59" lon="2.55385">
        <ele>246.3</ele>
      </trkpt>
      <trkpt lat="39.58998" lon="2.55379">
        <ele>245.9</ele>
      </trkpt>
      <trkpt lat="39.58995" lon="2.55369">
        <ele>245.2</ele>
      </trkpt>
      <trkpt lat="39.58991" lon="2.55358">
        <ele>244.4</ele>
      </trkpt>
      <trkpt lat="39.58984" lon="2.55341">
        <ele>243.4</ele>
      </trkpt>
      <trkpt lat="39.58977" lon="2.55324">
        <ele>242.4</ele>
      </trkpt>
      <trkpt lat="39.58966" lon="2.55296">
        <ele>240.6</ele>
      </trkpt>
      <trkpt lat="39.58964" lon="2.55288">
        <ele>240.0</ele>
      </trkpt>
      <trkpt lat="39.58961" lon="2.5528">
        <ele>239.4</ele>
      </trkpt>
      <trkpt lat="39.58959" lon="2.55275">
        <ele>239.1</ele>
      </trkpt>
      <trkpt lat="39.58958" lon="2.55273">
        <ele>238.9</ele>
      </trkpt>
      <trkpt lat="39.58954" lon="2.55267">
        <ele>238.6</ele>
      </trkpt>
      <trkpt lat="39.58951" lon="2.55265">
        <ele>238.5</ele>
      </trkpt>
      <trkpt lat="39.58943" lon="2.55262">
        <ele>238.4</ele>
      </trkpt>
      <trkpt lat="39.5893" lon="2.55262">
        <ele>238.8</ele>
      </trkpt>
      <trkpt lat="39.58914" lon="2.55264">
        <ele>239.0</ele>
      </trkpt>
      <trkpt lat="39.589" lon="2.55268">
        <ele>237.6</ele>
      </trkpt>
      <trkpt lat="39.58878" lon="2.55276">
        <ele>235.7</ele>
      </trkpt>
      <trkpt lat="39.58874" lon="2.55279">
        <ele>235.5</ele>
      </trkpt>
      <trkpt lat="39.58858" lon="2.55289">
        <ele>234.7</ele>
      </trkpt>
      <trkpt lat="39.58852" lon="2.55292">
        <ele>234.3</ele>
      </trkpt>
      <trkpt lat="39.58829" lon="2.55308">
        <ele>233.3</ele>
      </trkpt>
      <trkpt lat="39.58826" lon="2.5531">
        <ele>233.1</ele>
      </trkpt>
      <trkpt lat="39.58811" lon="2.55323">
        <ele>232.2</ele>
      </trkpt>
      <trkpt lat="39.58808" lon="2.55325">
        <ele>231.9</ele>
      </trkpt>
      <trkpt lat="39.58805" lon="2.55327">
        <ele>231.6</ele>
      </trkpt>
      <trkpt lat="39.58802" lon="2.55332">
        <ele>231.6</ele>
      </trkpt>
      <trkpt lat="39.588" lon="2.55335">
        <ele>231.4</ele>
      </trkpt>
      <trkpt lat="39.58798" lon="2.55339">
        <ele>231.2</ele>
      </trkpt>
      <trkpt lat="39.58796" lon="2.55344">
        <ele>231.0</ele>
      </trkpt>
      <trkpt lat="39.58794" lon="2.55352">
        <ele>230.8</ele>
      </trkpt>
      <trkpt lat="39.58793" lon="2.55361">
        <ele>230.9</ele>
      </trkpt>
      <trkpt lat="39.58792" lon="2.55371">
        <ele>231.0</ele>
      </trkpt>
      <trkpt lat="39.58791" lon="2.55384">
        <ele>231.1</ele>
      </trkpt>
      <trkpt lat="39.5879" lon="2.55395">
        <ele>231.2</ele>
      </trkpt>
      <trkpt lat="39.58788" lon="2.55405">
        <ele>231.2</ele>
      </trkpt>
      <trkpt lat="39.58787" lon="2.55409">
        <ele>231.1</ele>
      </trkpt>
      <trkpt lat="39.58785" lon="2.55417">
        <ele>231.1</ele>
      </trkpt>
      <trkpt lat="39.58781" lon="2.55425">
        <ele>230.8</ele>
      </trkpt>
      <trkpt lat="39.58779" lon="2.55427">
        <ele>230.6</ele>
      </trkpt>
      <trkpt lat="39.58778" lon="2.55429">
        <ele>230.5</ele>
      </trkpt>
      <trkpt lat="39.58775" lon="2.55432">
        <ele>230.3</ele>
      </trkpt>
      <trkpt lat="39.5877" lon="2.55435">
        <ele>229.8</ele>
      </trkpt>
      <trkpt lat="39.58763" lon="2.55438">
        <ele>229.1</ele>
      </trkpt>
      <trkpt lat="39.58763" lon="2.55439">
        <ele>229.1</ele>
      </trkpt>
      <trkpt lat="39.58754" lon="2.55441">
        <ele>228.2</ele>
      </trkpt>
      <trkpt lat="39.58744" lon="2.55442">
        <ele>228.1</ele>
      </trkpt>
      <trkpt lat="39.58738" lon="2.55441">
        <ele>228.4</ele>
      </trkpt>
      <trkpt lat="39.58731" lon="2.55438">
        <ele>228.6</ele>
      </trkpt>
      <trkpt lat="39.58724" lon="2.55432">
        <ele>228.5</ele>
      </trkpt>
      <trkpt lat="39.58722" lon="2.55428">
        <ele>228.4</ele>
      </trkpt>
      <trkpt lat="39.58721" lon="2.55425">
        <ele>228.3</ele>
      </trkpt>
      <trkpt lat="39.58718" lon="2.55418">
        <ele>228.0</ele>
      </trkpt>
      <trkpt lat="39.58716" lon="2.55405">
        <ele>227.5</ele>
      </trkpt>
      <trkpt lat="39.58713" lon="2.55395">
        <ele>227.2</ele>
      </trkpt>
      <trkpt lat="39.5871" lon="2.55383">
        <ele>226.8</ele>
      </trkpt>
      <trkpt lat="39.58707" lon="2.55373">
        <ele>226.5</ele>
      </trkpt>
      <trkpt lat="39.58702" lon="2.55353">
        <ele>225.7</ele>
      </trkpt>
      <trkpt lat="39.58701" lon="2.55346">
        <ele>225.4</ele>
      </trkpt>
      <trkpt lat="39.58701" lon="2.55342">
        <ele>225.2</ele>
      </trkpt>
      <trkpt lat="39.58701" lon="2.55334">
        <ele>224.8</ele>
      </trkpt>
      <trkpt lat="39.58701" lon="2.55325">
        <ele>224.3</ele>
      </trkpt>
      <trkpt lat="39.58704" lon="2.55304">
        <ele>223.1</ele>
      </trkpt>
      <trkpt lat="39.58708" lon="2.55282">
        <ele>221.7</ele>
      </trkpt>
      <trkpt lat="39.58711" lon="2.55259">
        <ele>220.4</ele>
      </trkpt>
      <trkpt lat="39.58714" lon="2.55242">
        <ele>219.2</ele>
      </trkpt>
      <trkpt lat="39.58715" lon="2.55236">
        <ele>218.8</ele>
      </trkpt>
      <trkpt lat="39.58717" lon="2.55218">
        <ele>217.6</ele>
      </trkpt>
      <trkpt lat="39.58718" lon="2.55214">
        <ele>217.3</ele>
      </trkpt>
      <trkpt lat="39.58717" lon="2.55209">
        <ele>217.0</ele>
      </trkpt>
      <trkpt lat="39.58715" lon="2.55204">
        <ele>216.8</ele>
      </trkpt>
      <trkpt lat="39.58712" lon="2.552">
        <ele>216.8</ele>
      </trkpt>
      <trkpt lat="39.58682" lon="2.55162">
        <ele>216.4</ele>
      </trkpt>
      <trkpt lat="39.58669" lon="2.55146">
        <ele>215.4</ele>
      </trkpt>
      <trkpt lat="39.58665" lon="2.55141">
        <ele>215.0</ele>
      </trkpt>
      <trkpt lat="39.58662" lon="2.55136">
        <ele>214.5</ele>
      </trkpt>
      <trkpt lat="39.5866" lon="2.55131">
        <ele>213.9</ele>
      </trkpt>
      <trkpt lat="39.5866" lon="2.55125">
        <ele>213.2</ele>
      </trkpt>
      <trkpt lat="39.58663" lon="2.55118">
        <ele>212.3</ele>
      </trkpt>
      <trkpt lat="39.58666" lon="2.55115">
        <ele>211.8</ele>
      </trkpt>
      <trkpt lat="39.58669" lon="2.55113">
        <ele>211.5</ele>
      </trkpt>
      <trkpt lat="39.58674" lon="2.55111">
        <ele>211.2</ele>
      </trkpt>
      <trkpt lat="39.5868" lon="2.55112">
        <ele>211.2</ele>
      </trkpt>
      <trkpt lat="39.58685" lon="2.55113">
        <ele>211.2</ele>
      </trkpt>
      <trkpt lat="39.5869" lon="2.55117">
        <ele>211.5</ele>
      </trkpt>
      <trkpt lat="39.58703" lon="2.55125">
        <ele>211.9</ele>
      </trkpt>
      <trkpt lat="39.58718" lon="2.55135">
        <ele>212.1</ele>
      </trkpt>
      <trkpt lat="39.58722" lon="2.55136">
        <ele>212.0</ele>
      </trkpt>
      <trkpt lat="39.58723" lon="2.55137">
        <ele>212.1</ele>
      </trkpt>
      <trkpt lat="39.58726" lon="2.55137">
        <ele>211.9</ele>
      </trkpt>
      <trkpt lat="39.58733" lon="2.55138">
        <ele>211.7</ele>
      </trkpt>
      <trkpt lat="39.5874" lon="2.55136">
        <ele>211.3</ele>
      </trkpt>
      <trkpt lat="39.58746" lon="2.55132">
        <ele>210.9</ele>
      </trkpt>
      <trkpt lat="39.5875" lon="2.55126">
        <ele>210.5</ele>
      </trkpt>
      <trkpt lat="39.58754" lon="2.55118">
        <ele>210.4</ele>
      </trkpt>
      <trkpt lat="39.58756" lon="2.55108">
        <ele>210.1</ele>
      </trkpt>
      <trkpt lat="39.58758" lon="2.55099">
        <ele>209.8</ele>
      </trkpt>
      <trkpt lat="39.5876" lon="2.55087">
        <ele>209.3</ele>
      </trkpt>
      <trkpt lat="39.5876" lon="2.55076">
        <ele>208.9</ele>
      </trkpt>
      <trkpt lat="39.58761" lon="2.55063">
        <ele>208.5</ele>
      </trkpt>
      <trkpt lat="39.5876" lon="2.55052">
        <ele>208.1</ele>
      </trkpt>
      <trkpt lat="39.58759" lon="2.55043">
        <ele>207.8</ele>
      </trkpt>
      <trkpt lat="39.58756" lon="2.5503">
        <ele>207.2</ele>
      </trkpt>
      <trkpt lat="39.58754" lon="2.55021">
        <ele>206.9</ele>
      </trkpt>
      <trkpt lat="39.58749" lon="2.55007">
        <ele>206.2</ele>
      </trkpt>
      <trkpt lat="39.5874" lon="2.54991">
        <ele>205.8</ele>
      </trkpt>
      <trkpt lat="39.58727" lon="2.54974">
        <ele>205.6</ele>
      </trkpt>
      <trkpt lat="39.58699" lon="2.54944">
        <ele>204.7</ele>
      </trkpt>
      <trkpt lat="39.58694" lon="2.5494">
        <ele>204.5</ele>
      </trkpt>
      <trkpt lat="39.58688" lon="2.54934">
        <ele>204.2</ele>
      </trkpt>
      <trkpt lat="39.58678" lon="2.54925">
        <ele>203.7</ele>
      </trkpt>
      <trkpt lat="39.5866" lon="2.54913">
        <ele>202.8</ele>
      </trkpt>
      <trkpt lat="39.58631" lon="2.54895">
        <ele>201.8</ele>
      </trkpt>
      <trkpt lat="39.58615" lon="2.54884">
        <ele>201.0</ele>
      </trkpt>
      <trkpt lat="39.58606" lon="2.54879">
        <ele>200.6</ele>
      </trkpt>
      <trkpt lat="39.58599" lon="2.54873">
        <ele>200.2</ele>
      </trkpt>
      <trkpt lat="39.58596" lon="2.54866">
        <ele>200.0</ele>
      </trkpt>
      <trkpt lat="39.58592" lon="2.54859">
        <ele>199.8</ele>
      </trkpt>
      <trkpt lat="39.5859" lon="2.54847">
        <ele>199.5</ele>
      </trkpt>
      <trkpt lat="39.58588" lon="2.54829">
        <ele>199.2</ele>
      </trkpt>
      <trkpt lat="39.58578" lon="2.54737">
        <ele>196.9</ele>
      </trkpt>
      <trkpt lat="39.58577" lon="2.54728">
        <ele>196.9</ele>
      </trkpt>
      <trkpt lat="39.58574" lon="2.54714">
        <ele>196.9</ele>
      </trkpt>
      <trkpt lat="39.58556" lon="2.54621">
        <ele>197.0</ele>
      </trkpt>
      <trkpt lat="39.58552" lon="2.54604">
        <ele>197.0</ele>
      </trkpt>
      <trkpt lat="39.58548" lon="2.54597">
        <ele>196.8</ele>
      </trkpt>
      <trkpt lat="39.58543" lon="2.5459">
        <ele>196.6</ele>
      </trkpt>
      <trkpt lat="39.58533" lon="2.54578">
        <ele>196.0</ele>
      </trkpt>
      <trkpt lat="39.58511" lon="2.54557">
        <ele>194.7</ele>
      </trkpt>
      <trkpt lat="39.58501" lon="2.54548">
        <ele>194.1</ele>
      </trkpt>
      <trkpt lat="39.58482" lon="2.5453">
        <ele>193.4</ele>
      </trkpt>
      <trkpt lat="39.58439" lon="2.54487">
        <ele>192.4</ele>
      </trkpt>
      <trkpt lat="39.58432" lon="2.54481">
        <ele>192.5</ele>
      </trkpt>
      <trkpt lat="39.5843" lon="2.54479">
        <ele>192.5</ele>
      </trkpt>
      <trkpt lat="39.58426" lon="2.54477">
        <ele>192.6</ele>
      </trkpt>
      <trkpt lat="39.58423" lon="2.54476">
        <ele>192.6</ele>
      </trkpt>
      <trkpt lat="39.58421" lon="2.54476">
        <ele>192.5</ele>
      </trkpt>
      <trkpt lat="39.58414" lon="2.54479">
        <ele>192.3</ele>
      </trkpt>
      <trkpt lat="39.58408" lon="2.54484">
        <ele>192.1</ele>
      </trkpt>
      <trkpt lat="39.58407" lon="2.54485">
        <ele>192.1</ele>
      </trkpt>
      <trkpt lat="39.58401" lon="2.54492">
        <ele>191.7</ele>
      </trkpt>
      <trkpt lat="39.5839" lon="2.54511">
        <ele>191.2</ele>
      </trkpt>
      <trkpt lat="39.58384" lon="2.5452">
        <ele>191.2</ele>
      </trkpt>
      <trkpt lat="39.5838" lon="2.54527">
        <ele>191.1</ele>
      </trkpt>
      <trkpt lat="39.58373" lon="2.54539">
        <ele>190.8</ele>
      </trkpt>
      <trkpt lat="39.58371" lon="2.54542">
        <ele>190.7</ele>
      </trkpt>
      <trkpt lat="39.58366" lon="2.54549">
        <ele>190.4</ele>
      </trkpt>
      <trkpt lat="39.5836" lon="2.54555">
        <ele>190.1</ele>
      </trkpt>
      <trkpt lat="39.58354" lon="2.5456">
        <ele>189.8</ele>
      </trkpt>
      <trkpt lat="39.58347" lon="2.54563">
        <ele>189.4</ele>
      </trkpt>
      <trkpt lat="39.58333" lon="2.54572">
        <ele>188.6</ele>
      </trkpt>
      <trkpt lat="39.58327" lon="2.54574">
        <ele>188.9</ele>
      </trkpt>
      <trkpt lat="39.58324" lon="2.54576">
        <ele>189.0</ele>
      </trkpt>
      <trkpt lat="39.5832" lon="2.54577">
        <ele>189.3</ele>
      </trkpt>
      <trkpt lat="39.58317" lon="2.54577">
        <ele>189.5</ele>
      </trkpt>
      <trkpt lat="39.58314" lon="2.54577">
        <ele>189.7</ele>
      </trkpt>
      <trkpt lat="39.58311" lon="2.54576">
        <ele>189.9</ele>
      </trkpt>
      <trkpt lat="39.5831" lon="2.54575">
        <ele>190.0</ele>
      </trkpt>
      <trkpt lat="39.58309" lon="2.54574">
        <ele>190.1</ele>
      </trkpt>
      <trkpt lat="39.58301" lon="2.54566">
        <ele>190.6</ele>
      </trkpt>
      <trkpt lat="39.58297" lon="2.5456">
        <ele>190.7</ele>
      </trkpt>
      <trkpt lat="39.58293" lon="2.54555">
        <ele>190.8</ele>
      </trkpt>
      <trkpt lat="39.58285" lon="2.54542">
        <ele>190.6</ele>
      </trkpt>
      <trkpt lat="39.58273" lon="2.54525">
        <ele>189.8</ele>
      </trkpt>
      <trkpt lat="39.58268" lon="2.54518">
        <ele>189.2</ele>
      </trkpt>
      <trkpt lat="39.58262" lon="2.54507">
        <ele>188.2</ele>
      </trkpt>
      <trkpt lat="39.58251" lon="2.54488">
        <ele>187.5</ele>
      </trkpt>
      <trkpt lat="39.58243" lon="2.54474">
        <ele>188.8</ele>
      </trkpt>
      <trkpt lat="39.5824" lon="2.54469">
        <ele>189.2</ele>
      </trkpt>
      <trkpt lat="39.58231" lon="2.5445">
        <ele>189.8</ele>
      </trkpt>
      <trkpt lat="39.5822" lon="2.54431">
        <ele>189.6</ele>
      </trkpt>
      <trkpt lat="39.58209" lon="2.54412">
        <ele>188.5</ele>
      </trkpt>
      <trkpt lat="39.58204" lon="2.54402">
        <ele>188.3</ele>
      </trkpt>
      <trkpt lat="39.58198" lon="2.54393">
        <ele>187.8</ele>
      </trkpt>
      <trkpt lat="39.58151" lon="2.54323">
        <ele>183.5</ele>
      </trkpt>
      <trkpt lat="39.58146" lon="2.54319">
        <ele>184.1</ele>
      </trkpt>
      <trkpt lat="39.58142" lon="2.54317">
        <ele>184.4</ele>
      </trkpt>
      <trkpt lat="39.58138" lon="2.54316">
        <ele>184.5</ele>
      </trkpt>
      <trkpt lat="39.58134" lon="2.54317">
        <ele>184.3</ele>
      </trkpt>
      <trkpt lat="39.58132" lon="2.54318">
        <ele>184.2</ele>
      </trkpt>
      <trkpt lat="39.58129" lon="2.5432">
        <ele>183.9</ele>
      </trkpt>
      <trkpt lat="39.58126" lon="2.54326">
        <ele>183.0</ele>
      </trkpt>
      <trkpt lat="39.58119" lon="2.54341">
        <ele>182.2</ele>
      </trkpt>
      <trkpt lat="39.58099" lon="2.54391">
        <ele>183.2</ele>
      </trkpt>
      <trkpt lat="39.58096" lon="2.54394">
        <ele>183.2</ele>
      </trkpt>
      <trkpt lat="39.58096" lon="2.54395">
        <ele>183.2</ele>
      </trkpt>
      <trkpt lat="39.58092" lon="2.54399">
        <ele>183.1</ele>
      </trkpt>
      <trkpt lat="39.58087" lon="2.54401">
        <ele>183.0</ele>
      </trkpt>
      <trkpt lat="39.58081" lon="2.54403">
        <ele>182.8</ele>
      </trkpt>
      <trkpt lat="39.5808" lon="2.54402">
        <ele>182.7</ele>
      </trkpt>
      <trkpt lat="39.58077" lon="2.54402">
        <ele>182.7</ele>
      </trkpt>
      <trkpt lat="39.58073" lon="2.544">
        <ele>182.5</ele>
      </trkpt>
      <trkpt lat="39.58064" lon="2.54393">
        <ele>182.3</ele>
      </trkpt>
      <trkpt lat="39.58032" lon="2.5437">
        <ele>182.0</ele>
      </trkpt>
      <trkpt lat="39.58017" lon="2.54359">
        <ele>182.1</ele>
      </trkpt>
      <trkpt lat="39.58012" lon="2.54356">
        <ele>182.2</ele>
      </trkpt>
      <trkpt lat="39.58001" lon="2.54346">
        <ele>182.5</ele>
      </trkpt>
      <trkpt lat="39.57998" lon="2.54343">
        <ele>182.9</ele>
      </trkpt>
      <trkpt lat="39.57989" lon="2.5434">
        <ele>184.2</ele>
      </trkpt>
      <trkpt lat="39.57985" lon="2.54339">
        <ele>184.7</ele>
      </trkpt>
      <trkpt lat="39.57984" lon="2.54339">
        <ele>184.9</ele>
      </trkpt>
      <trkpt lat="39.57978" lon="2.5434">
        <ele>185.5</ele>
      </trkpt>
      <trkpt lat="39.57975" lon="2.54341">
        <ele>185.8</ele>
      </trkpt>
      <trkpt lat="39.57972" lon="2.54342">
        <ele>186.1</ele>
      </trkpt>
      <trkpt lat="39.57968" lon="2.54345">
        <ele>186.2</ele>
      </trkpt>
      <trkpt lat="39.57968" lon="2.54346">
        <ele>186.1</ele>
      </trkpt>
      <trkpt lat="39.57966" lon="2.54349">
        <ele>185.9</ele>
      </trkpt>
      <trkpt lat="39.57963" lon="2.54355">
        <ele>185.5</ele>
      </trkpt>
      <trkpt lat="39.57963" lon="2.54364">
        <ele>184.3</ele>
      </trkpt>
      <trkpt lat="39.57963" lon="2.54367">
        <ele>183.9</ele>
      </trkpt>
      <trkpt lat="39.57964" lon="2.54387">
        <ele>181.2</ele>
      </trkpt>
      <trkpt lat="39.57964" lon="2.54404">
        <ele>179.0</ele>
      </trkpt>
      <trkpt lat="39.57963" lon="2.54414">
        <ele>177.7</ele>
      </trkpt>
      <trkpt lat="39.57963" lon="2.54419">
        <ele>177.5</ele>
      </trkpt>
      <trkpt lat="39.57962" lon="2.5443">
        <ele>178.0</ele>
      </trkpt>
      <trkpt lat="39.5796" lon="2.54436">
        <ele>178.1</ele>
      </trkpt>
      <trkpt lat="39.57959" lon="2.54439">
        <ele>178.1</ele>
      </trkpt>
      <trkpt lat="39.57952" lon="2.54446">
        <ele>177.7</ele>
      </trkpt>
      <trkpt lat="39.57946" lon="2.5445">
        <ele>177.1</ele>
      </trkpt>
      <trkpt lat="39.57945" lon="2.5445">
        <ele>177.0</ele>
      </trkpt>
      <trkpt lat="39.57938" lon="2.54454">
        <ele>176.2</ele>
      </trkpt>
      <trkpt lat="39.57932" lon="2.54455">
        <ele>175.5</ele>
      </trkpt>
      <trkpt lat="39.57928" lon="2.54455">
        <ele>175.0</ele>
      </trkpt>
      <trkpt lat="39.57927" lon="2.54456">
        <ele>174.9</ele>
      </trkpt>
      <trkpt lat="39.57919" lon="2.54456">
        <ele>173.8</ele>
      </trkpt>
      <trkpt lat="39.5791" lon="2.54454">
        <ele>172.8</ele>
      </trkpt>
      <trkpt lat="39.57905" lon="2.5445">
        <ele>172.3</ele>
      </trkpt>
      <trkpt lat="39.57899" lon="2.54445">
        <ele>171.9</ele>
      </trkpt>
      <trkpt lat="39.57895" lon="2.54441">
        <ele>171.7</ele>
      </trkpt>
      <trkpt lat="39.57891" lon="2.54438">
        <ele>171.4</ele>
      </trkpt>
      <trkpt lat="39.57882" lon="2.54431">
        <ele>171.0</ele>
      </trkpt>
      <trkpt lat="39.5788" lon="2.54431">
        <ele>170.9</ele>
      </trkpt>
      <trkpt lat="39.57873" lon="2.54429">
        <ele>170.5</ele>
      </trkpt>
      <trkpt lat="39.57866" lon="2.5443">
        <ele>169.8</ele>
      </trkpt>
      <trkpt lat="39.57858" lon="2.54431">
        <ele>169.1</ele>
      </trkpt>
      <trkpt lat="39.57851" lon="2.54434">
        <ele>168.2</ele>
      </trkpt>
      <trkpt lat="39.57844" lon="2.54437">
        <ele>167.3</ele>
      </trkpt>
      <trkpt lat="39.57843" lon="2.54437">
        <ele>167.2</ele>
      </trkpt>
      <trkpt lat="39.57833" lon="2.54443">
        <ele>165.5</ele>
      </trkpt>
      <trkpt lat="39.57828" lon="2.54445">
        <ele>165.0</ele>
      </trkpt>
      <trkpt lat="39.57811" lon="2.54453">
        <ele>163.2</ele>
      </trkpt>
      <trkpt lat="39.57794" lon="2.5446">
        <ele>161.7</ele>
      </trkpt>
      <trkpt lat="39.57787" lon="2.54463">
        <ele>161.0</ele>
      </trkpt>
      <trkpt lat="39.57776" lon="2.54467">
        <ele>160.2</ele>
      </trkpt>
      <trkpt lat="39.5776" lon="2.54473">
        <ele>158.9</ele>
      </trkpt>
      <trkpt lat="39.57759" lon="2.54473">
        <ele>158.9</ele>
      </trkpt>
      <trkpt lat="39.5775" lon="2.54475">
        <ele>158.4</ele>
      </trkpt>
      <trkpt lat="39.57741" lon="2.54477">
        <ele>158.7</ele>
      </trkpt>
      <trkpt lat="39.5774" lon="2.54477">
        <ele>158.8</ele>
      </trkpt>
      <trkpt lat="39.57736" lon="2.54477">
        <ele>159.0</ele>
      </trkpt>
      <trkpt lat="39.5773" lon="2.54475">
        <ele>159.5</ele>
      </trkpt>
      <trkpt lat="39.57722" lon="2.54467">
        <ele>160.8</ele>
      </trkpt>
      <trkpt lat="39.57715" lon="2.5446">
        <ele>161.9</ele>
      </trkpt>
      <trkpt lat="39.57712" lon="2.54454">
        <ele>162.7</ele>
      </trkpt>
      <trkpt lat="39.57707" lon="2.54443">
        <ele>164.2</ele>
      </trkpt>
      <trkpt lat="39.57705" lon="2.54432">
        <ele>165.6</ele>
      </trkpt>
      <trkpt lat="39.57703" lon="2.54426">
        <ele>166.4</ele>
      </trkpt>
      <trkpt lat="39.57701" lon="2.54411">
        <ele>167.9</ele>
      </trkpt>
      <trkpt lat="39.57701" lon="2.5441">
        <ele>167.9</ele>
      </trkpt>
      <trkpt lat="39.57697" lon="2.54388">
        <ele>169.5</ele>
      </trkpt>
      <trkpt lat="39.57697" lon="2.54387">
        <ele>169.6</ele>
      </trkpt>
      <trkpt lat="39.57695" lon="2.54367">
        <ele>170.8</ele>
      </trkpt>
      <trkpt lat="39.57695" lon="2.54364">
        <ele>170.9</ele>
      </trkpt>
      <trkpt lat="39.57693" lon="2.54355">
        <ele>171.5</ele>
      </trkpt>
      <trkpt lat="39.5769" lon="2.54345">
        <ele>172.0</ele>
      </trkpt>
      <trkpt lat="39.57689" lon="2.54342">
        <ele>172.1</ele>
      </trkpt>
      <trkpt lat="39.57682" lon="2.5432">
        <ele>171.9</ele>
      </trkpt>
      <trkpt lat="39.5768" lon="2.54316">
        <ele>171.6</ele>
      </trkpt>
      <trkpt lat="39.57675" lon="2.54299">
        <ele>170.3</ele>
      </trkpt>
      <trkpt lat="39.57669" lon="2.54284">
        <ele>168.8</ele>
      </trkpt>
      <trkpt lat="39.5766" lon="2.54256">
        <ele>167.2</ele>
      </trkpt>
      <trkpt lat="39.57656" lon="2.54244">
        <ele>167.8</ele>
      </trkpt>
      <trkpt lat="39.57646" lon="2.54229">
        <ele>169.8</ele>
      </trkpt>
      <trkpt lat="39.57634" lon="2.54212">
        <ele>170.9</ele>
      </trkpt>
      <trkpt lat="39.57626" lon="2.54203">
        <ele>170.8</ele>
      </trkpt>
      <trkpt lat="39.57614" lon="2.54191">
        <ele>169.9</ele>
      </trkpt>
      <trkpt lat="39.57587" lon="2.54162">
        <ele>164.9</ele>
      </trkpt>
      <trkpt lat="39.57575" lon="2.54147">
        <ele>164.9</ele>
      </trkpt>
      <trkpt lat="39.57572" lon="2.54141">
        <ele>165.1</ele>
      </trkpt>
      <trkpt lat="39.57564" lon="2.54128">
        <ele>165.0</ele>
      </trkpt>
      <trkpt lat="39.57562" lon="2.54122">
        <ele>164.8</ele>
      </trkpt>
      <trkpt lat="39.57556" lon="2.5411">
        <ele>164.2</ele>
      </trkpt>
      <trkpt lat="39.57547" lon="2.54094">
        <ele>162.8</ele>
      </trkpt>
      <trkpt lat="39.57527" lon="2.54069">
        <ele>160.2</ele>
      </trkpt>
      <trkpt lat="39.57499" lon="2.5404">
        <ele>156.0</ele>
      </trkpt>
      <trkpt lat="39.57485" lon="2.54025">
        <ele>155.4</ele>
      </trkpt>
      <trkpt lat="39.57478" lon="2.54018">
        <ele>154.8</ele>
      </trkpt>
      <trkpt lat="39.57472" lon="2.5401">
        <ele>154.0</ele>
      </trkpt>
      <trkpt lat="39.57467" lon="2.54003">
        <ele>153.2</ele>
      </trkpt>
      <trkpt lat="39.57462" lon="2.53992">
        <ele>152.8</ele>
      </trkpt>
      <trkpt lat="39.57462" lon="2.53991">
        <ele>152.8</ele>
      </trkpt>
      <trkpt lat="39.57449" lon="2.53961">
        <ele>151.9</ele>
      </trkpt>
      <trkpt lat="39.57423" lon="2.53912">
        <ele>147.5</ele>
      </trkpt>
      <trkpt lat="39.57413" lon="2.53893">
        <ele>146.2</ele>
      </trkpt>
      <trkpt lat="39.57403" lon="2.53873">
        <ele>145.6</ele>
      </trkpt>
      <trkpt lat="39.57387" lon="2.53843">
        <ele>144.3</ele>
      </trkpt>
      <trkpt lat="39.57382" lon="2.53835">
        <ele>143.8</ele>
      </trkpt>
      <trkpt lat="39.57372" lon="2.53816">
        <ele>144.3</ele>
      </trkpt>
      <trkpt lat="39.57372" lon="2.53815">
        <ele>144.4</ele>
      </trkpt>
      <trkpt lat="39.5736" lon="2.53799">
        <ele>144.2</ele>
      </trkpt>
      <trkpt lat="39.57358" lon="2.53796">
        <ele>144.2</ele>
      </trkpt>
      <trkpt lat="39.57345" lon="2.53785">
        <ele>143.2</ele>
      </trkpt>
      <trkpt lat="39.57336" lon="2.53775">
        <ele>142.6</ele>
      </trkpt>
      <trkpt lat="39.57317" lon="2.53759">
        <ele>142.4</ele>
      </trkpt>
      <trkpt lat="39.573" lon="2.53747">
        <ele>142.2</ele>
      </trkpt>
      <trkpt lat="39.57289" lon="2.53739">
        <ele>142.0</ele>
      </trkpt>
      <trkpt lat="39.57284" lon="2.53736">
        <ele>141.8</ele>
      </trkpt>
      <trkpt lat="39.57264" lon="2.53724">
        <ele>141.2</ele>
      </trkpt>
      <trkpt lat="39.57228" lon="2.53701">
        <ele>140.5</ele>
      </trkpt>
      <trkpt lat="39.57193" lon="2.53672">
        <ele>139.5</ele>
      </trkpt>
      <trkpt lat="39.57163" lon="2.53649">
        <ele>138.3</ele>
      </trkpt>
      <trkpt lat="39.57155" lon="2.53641">
        <ele>138.3</ele>
      </trkpt>
      <trkpt lat="39.57148" lon="2.53632">
        <ele>138.2</ele>
      </trkpt>
      <trkpt lat="39.57129" lon="2.53604">
        <ele>137.9</ele>
      </trkpt>
      <trkpt lat="39.57124" lon="2.53598">
        <ele>137.8</ele>
      </trkpt>
      <trkpt lat="39.57113" lon="2.53581">
        <ele>137.6</ele>
      </trkpt>
      <trkpt lat="39.57113" lon="2.5358">
        <ele>137.7</ele>
      </trkpt>
      <trkpt lat="39.57109" lon="2.53578">
        <ele>137.7</ele>
      </trkpt>
      <trkpt lat="39.57104" lon="2.53575">
        <ele>137.8</ele>
      </trkpt>
      <trkpt lat="39.57098" lon="2.53573">
        <ele>137.7</ele>
      </trkpt>
      <trkpt lat="39.57091" lon="2.53573">
        <ele>137.4</ele>
      </trkpt>
      <trkpt lat="39.57083" lon="2.53575">
        <ele>136.9</ele>
      </trkpt>
      <trkpt lat="39.57067" lon="2.53579">
        <ele>136.4</ele>
      </trkpt>
      <trkpt lat="39.57049" lon="2.53585">
        <ele>136.0</ele>
      </trkpt>
      <trkpt lat="39.57043" lon="2.53587">
        <ele>135.9</ele>
      </trkpt>
      <trkpt lat="39.57025" lon="2.5359">
        <ele>135.8</ele>
      </trkpt>
      <trkpt lat="39.57013" lon="2.53592">
        <ele>135.6</ele>
      </trkpt>
      <trkpt lat="39.56998" lon="2.53592">
        <ele>135.3</ele>
      </trkpt>
      <trkpt lat="39.5699" lon="2.53589">
        <ele>134.4</ele>
      </trkpt>
      <trkpt lat="39.56982" lon="2.53587">
        <ele>133.4</ele>
      </trkpt>
      <trkpt lat="39.56973" lon="2.5358">
        <ele>132.7</ele>
      </trkpt>
      <trkpt lat="39.5692" lon="2.53541">
        <ele>130.0</ele>
      </trkpt>
      <trkpt lat="39.56863" lon="2.53498">
        <ele>124.3</ele>
      </trkpt>
      <trkpt lat="39.56859" lon="2.53492">
        <ele>123.4</ele>
      </trkpt>
      <trkpt lat="39.56857" lon="2.53487">
        <ele>123.0</ele>
      </trkpt>
      <trkpt lat="39.56856" lon="2.53482">
        <ele>122.7</ele>
      </trkpt>
      <trkpt lat="39.56856" lon="2.53478">
        <ele>122.6</ele>
      </trkpt>
      <trkpt lat="39.56856" lon="2.53475">
        <ele>122.5</ele>
      </trkpt>
      <trkpt lat="39.56858" lon="2.5347">
        <ele>122.8</ele>
      </trkpt>
      <trkpt lat="39.5686" lon="2.53463">
        <ele>122.9</ele>
      </trkpt>
      <trkpt lat="39.56865" lon="2.53456">
        <ele>123.6</ele>
      </trkpt>
      <trkpt lat="39.56873" lon="2.53444">
        <ele>124.5</ele>
      </trkpt>
      <trkpt lat="39.56876" lon="2.53441">
        <ele>124.9</ele>
      </trkpt>
      <trkpt lat="39.56888" lon="2.53423">
        <ele>126.1</ele>
      </trkpt>
      <trkpt lat="39.56898" lon="2.53406">
        <ele>127.0</ele>
      </trkpt>
      <trkpt lat="39.56901" lon="2.53397">
        <ele>127.0</ele>
      </trkpt>
      <trkpt lat="39.56905" lon="2.53377">
        <ele>126.6</ele>
      </trkpt>
      <trkpt lat="39.56907" lon="2.53359">
        <ele>126.0</ele>
      </trkpt>
      <trkpt lat="39.56909" lon="2.53347">
        <ele>125.5</ele>
      </trkpt>
      <trkpt lat="39.5691" lon="2.53336">
        <ele>125.0</ele>
      </trkpt>
      <trkpt lat="39.56911" lon="2.53318">
        <ele>125.8</ele>
      </trkpt>
      <trkpt lat="39.56911" lon="2.53313">
        <ele>126.1</ele>
      </trkpt>
      <trkpt lat="39.56911" lon="2.53304">
        <ele>126.7</ele>
      </trkpt>
      <trkpt lat="39.56909" lon="2.53291">
        <ele>127.4</ele>
      </trkpt>
      <trkpt lat="39.56906" lon="2.53281">
        <ele>128.0</ele>
      </trkpt>
      <trkpt lat="39.56901" lon="2.5327">
        <ele>128.7</ele>
      </trkpt>
      <trkpt lat="39.56897" lon="2.53263">
        <ele>129.1</ele>
      </trkpt>
      <trkpt lat="39.56893" lon="2.53256">
        <ele>129.6</ele>
      </trkpt>
      <trkpt lat="39.56885" lon="2.5324">
        <ele>130.5</ele>
      </trkpt>
      <trkpt lat="39.56881" lon="2.5323">
        <ele>130.9</ele>
      </trkpt>
      <trkpt lat="39.56878" lon="2.53223">
        <ele>131.1</ele>
      </trkpt>
      <trkpt lat="39.56875" lon="2.53208">
        <ele>131.5</ele>
      </trkpt>
      <trkpt lat="39.56871" lon="2.53189">
        <ele>131.8</ele>
      </trkpt>
      <trkpt lat="39.56869" lon="2.53181">
        <ele>131.8</ele>
      </trkpt>
      <trkpt lat="39.56869" lon="2.53178">
        <ele>131.8</ele>
      </trkpt>
      <trkpt lat="39.56864" lon="2.53156">
        <ele>131.3</ele>
      </trkpt>
      <trkpt lat="39.56862" lon="2.53144">
        <ele>130.9</ele>
      </trkpt>
      <trkpt lat="39.56855" lon="2.53111">
        <ele>129.2</ele>
      </trkpt>
      <trkpt lat="39.5685" lon="2.53088">
        <ele>127.7</ele>
      </trkpt>
      <trkpt lat="39.56834" lon="2.53022">
        <ele>124.1</ele>
      </trkpt>
      <trkpt lat="39.56829" lon="2.52999">
        <ele>123.7</ele>
      </trkpt>
      <trkpt lat="39.56828" lon="2.52996">
        <ele>123.7</ele>
      </trkpt>
      <trkpt lat="39.56826" lon="2.52988">
        <ele>123.8</ele>
      </trkpt>
      <trkpt lat="39.56823" lon="2.52978">
        <ele>123.8</ele>
      </trkpt>
      <trkpt lat="39.56817" lon="2.52956">
        <ele>123.9</ele>
      </trkpt>
      <trkpt lat="39.56817" lon="2.52955">
        <ele>123.9</ele>
      </trkpt>
      <trkpt lat="39.56811" lon="2.52933">
        <ele>124.0</ele>
      </trkpt>
      <trkpt lat="39.56808" lon="2.52921">
        <ele>124.1</ele>
      </trkpt>
      <trkpt lat="39.56805" lon="2.52911">
        <ele>124.2</ele>
      </trkpt>
      <trkpt lat="39.56804" lon="2.52907">
        <ele>124.2</ele>
      </trkpt>
      <trkpt lat="39.568" lon="2.52888">
        <ele>124.6</ele>
      </trkpt>
      <trkpt lat="39.56794" lon="2.52871">
        <ele>124.8</ele>
      </trkpt>
      <trkpt lat="39.56793" lon="2.52868">
        <ele>124.8</ele>
      </trkpt>
      <trkpt lat="39.5679" lon="2.52861">
        <ele>124.9</ele>
      </trkpt>
      <trkpt lat="39.56784" lon="2.52848">
        <ele>124.9</ele>
      </trkpt>
      <trkpt lat="39.56773" lon="2.52826">
        <ele>124.8</ele>
      </trkpt>
      <trkpt lat="39.56725" lon="2.5273">
        <ele>122.7</ele>
      </trkpt>
      <trkpt lat="39.56715" lon="2.5271">
        <ele>122.6</ele>
      </trkpt>
      <trkpt lat="39.56706" lon="2.52692">
        <ele>122.6</ele>
      </trkpt>
      <trkpt lat="39.56705" lon="2.52691">
        <ele>122.6</ele>
      </trkpt>
      <trkpt lat="39.567" lon="2.5268">
        <ele>122.8</ele>
      </trkpt>
      <trkpt lat="39.56696" lon="2.52672">
        <ele>122.9</ele>
      </trkpt>
      <trkpt lat="39.5669" lon="2.52661">
        <ele>122.9</ele>
      </trkpt>
      <trkpt lat="39.56687" lon="2.52652">
        <ele>122.8</ele>
      </trkpt>
      <trkpt lat="39.56685" lon="2.52647">
        <ele>122.8</ele>
      </trkpt>
      <trkpt lat="39.56683" lon="2.52639">
        <ele>122.7</ele>
      </trkpt>
      <trkpt lat="39.56682" lon="2.52626">
        <ele>122.7</ele>
      </trkpt>
      <trkpt lat="39.56681" lon="2.52613">
        <ele>122.7</ele>
      </trkpt>
      <trkpt lat="39.56681" lon="2.52607">
        <ele>122.8</ele>
      </trkpt>
      <trkpt lat="39.56681" lon="2.52605">
        <ele>122.8</ele>
      </trkpt>
      <trkpt lat="39.5668" lon="2.52583">
        <ele>122.8</ele>
      </trkpt>
      <trkpt lat="39.5668" lon="2.52582">
        <ele>122.8</ele>
      </trkpt>
      <trkpt lat="39.56679" lon="2.52565">
        <ele>122.7</ele>
      </trkpt>
      <trkpt lat="39.56678" lon="2.52523">
        <ele>122.5</ele>
      </trkpt>
      <trkpt lat="39.56678" lon="2.52512">
        <ele>122.4</ele>
      </trkpt>
      <trkpt lat="39.56678" lon="2.525">
        <ele>122.4</ele>
      </trkpt>
      <trkpt lat="39.56678" lon="2.52489">
        <ele>122.2</ele>
      </trkpt>
      <trkpt lat="39.56678" lon="2.52487">
        <ele>122.1</ele>
      </trkpt>
      <trkpt lat="39.56678" lon="2.52476">
        <ele>121.9</ele>
      </trkpt>
      <trkpt lat="39.56679" lon="2.52468">
        <ele>121.9</ele>
      </trkpt>
      <trkpt lat="39.56679" lon="2.52467">
        <ele>121.9</ele>
      </trkpt>
      <trkpt lat="39.56682" lon="2.52454">
        <ele>122.0</ele>
      </trkpt>
      <trkpt lat="39.56686" lon="2.5244">
        <ele>122.4</ele>
      </trkpt>
      <trkpt lat="39.5669" lon="2.52423">
        <ele>122.7</ele>
      </trkpt>
      <trkpt lat="39.56694" lon="2.5241">
        <ele>123.2</ele>
      </trkpt>
      <trkpt lat="39.56696" lon="2.52401">
        <ele>123.5</ele>
      </trkpt>
      <trkpt lat="39.56696" lon="2.52399">
        <ele>123.5</ele>
      </trkpt>
      <trkpt lat="39.567" lon="2.52384">
        <ele>124.0</ele>
      </trkpt>
      <trkpt lat="39.56702" lon="2.52379">
        <ele>124.3</ele>
      </trkpt>
      <trkpt lat="39.56706" lon="2.52362">
        <ele>124.8</ele>
      </trkpt>
      <trkpt lat="39.56708" lon="2.5235">
        <ele>125.1</ele>
      </trkpt>
      <trkpt lat="39.56708" lon="2.5234">
        <ele>125.0</ele>
      </trkpt>
      <trkpt lat="39.56707" lon="2.52333">
        <ele>124.8</ele>
      </trkpt>
      <trkpt lat="39.56707" lon="2.52331">
        <ele>124.9</ele>
      </trkpt>
      <trkpt lat="39.56706" lon="2.52328">
        <ele>124.9</ele>
      </trkpt>
      <trkpt lat="39.56704" lon="2.5232">
        <ele>125.0</ele>
      </trkpt>
      <trkpt lat="39.567" lon="2.5231">
        <ele>124.9</ele>
      </trkpt>
      <trkpt lat="39.56697" lon="2.52298">
        <ele>125.0</ele>
      </trkpt>
      <trkpt lat="39.56695" lon="2.52292">
        <ele>124.9</ele>
      </trkpt>
      <trkpt lat="39.56693" lon="2.52288">
        <ele>124.8</ele>
      </trkpt>
      <trkpt lat="39.56689" lon="2.52277">
        <ele>124.6</ele>
      </trkpt>
      <trkpt lat="39.56688" lon="2.52276">
        <ele>124.5</ele>
      </trkpt>
      <trkpt lat="39.56685" lon="2.5227">
        <ele>124.3</ele>
      </trkpt>
      <trkpt lat="39.56684" lon="2.52268">
        <ele>124.2</ele>
      </trkpt>
      <trkpt lat="39.56683" lon="2.52265">
        <ele>124.1</ele>
      </trkpt>
      <trkpt lat="39.56678" lon="2.52258">
        <ele>123.6</ele>
      </trkpt>
      <trkpt lat="39.56674" lon="2.52252">
        <ele>123.2</ele>
      </trkpt>
      <trkpt lat="39.56672" lon="2.5225">
        <ele>122.9</ele>
      </trkpt>
      <trkpt lat="39.56661" lon="2.52236">
        <ele>123.0</ele>
      </trkpt>
      <trkpt lat="39.56658" lon="2.52233">
        <ele>123.2</ele>
      </trkpt>
      <trkpt lat="39.56653" lon="2.52226">
        <ele>123.7</ele>
      </trkpt>
      <trkpt lat="39.56649" lon="2.52219">
        <ele>124.1</ele>
      </trkpt>
      <trkpt lat="39.56645" lon="2.5221">
        <ele>124.6</ele>
      </trkpt>
      <trkpt lat="39.56642" lon="2.52198">
        <ele>125.3</ele>
      </trkpt>
      <trkpt lat="39.56642" lon="2.52197">
        <ele>125.4</ele>
      </trkpt>
      <trkpt lat="39.5664" lon="2.52183">
        <ele>126.1</ele>
      </trkpt>
      <trkpt lat="39.56638" lon="2.52172">
        <ele>126.7</ele>
      </trkpt>
      <trkpt lat="39.56636" lon="2.5216">
        <ele>127.1</ele>
      </trkpt>
      <trkpt lat="39.56634" lon="2.52149">
        <ele>127.2</ele>
      </trkpt>
      <trkpt lat="39.56626" lon="2.52107">
        <ele>128.0</ele>
      </trkpt>
      <trkpt lat="39.56625" lon="2.52104">
        <ele>128.0</ele>
      </trkpt>
      <trkpt lat="39.56621" lon="2.52084">
        <ele>128.3</ele>
      </trkpt>
      <trkpt lat="39.56621" lon="2.52081">
        <ele>128.3</ele>
      </trkpt>
      <trkpt lat="39.5662" lon="2.52075">
        <ele>128.2</ele>
      </trkpt>
      <trkpt lat="39.56619" lon="2.5207">
        <ele>128.1</ele>
      </trkpt>
      <trkpt lat="39.56617" lon="2.52061">
        <ele>127.9</ele>
      </trkpt>
      <trkpt lat="39.56614" lon="2.52049">
        <ele>127.6</ele>
      </trkpt>
      <trkpt lat="39.56611" lon="2.52039">
        <ele>127.5</ele>
      </trkpt>
      <trkpt lat="39.56611" lon="2.52037">
        <ele>127.4</ele>
      </trkpt>
      <trkpt lat="39.56608" lon="2.52028">
        <ele>127.3</ele>
      </trkpt>
      <trkpt lat="39.56607" lon="2.52025">
        <ele>127.3</ele>
      </trkpt>
      <trkpt lat="39.56606" lon="2.52022">
        <ele>127.2</ele>
      </trkpt>
      <trkpt lat="39.56606" lon="2.52014">
        <ele>127.1</ele>
      </trkpt>
      <trkpt lat="39.56606" lon="2.52006">
        <ele>127.1</ele>
      </trkpt>
      <trkpt lat="39.56607" lon="2.51991">
        <ele>126.7</ele>
      </trkpt>
      <trkpt lat="39.56608" lon="2.51973">
        <ele>126.2</ele>
      </trkpt>
      <trkpt lat="39.56615" lon="2.51886">
        <ele>122.4</ele>
      </trkpt>
      <trkpt lat="39.56616" lon="2.51878">
        <ele>121.9</ele>
      </trkpt>
      <trkpt lat="39.56616" lon="2.51875">
        <ele>121.7</ele>
      </trkpt>
      <trkpt lat="39.5662" lon="2.51825">
        <ele>119.0</ele>
      </trkpt>
      <trkpt lat="39.5662" lon="2.51816">
        <ele>119.0</ele>
      </trkpt>
      <trkpt lat="39.56621" lon="2.51809">
        <ele>118.9</ele>
      </trkpt>
      <trkpt lat="39.56621" lon="2.51805">
        <ele>118.8</ele>
      </trkpt>
      <trkpt lat="39.56623" lon="2.5177">
        <ele>118.6</ele>
      </trkpt>
      <trkpt lat="39.56623" lon="2.51764">
        <ele>118.5</ele>
      </trkpt>
      <trkpt lat="39.56624" lon="2.51762">
        <ele>118.5</ele>
      </trkpt>
      <trkpt lat="39.56624" lon="2.51759">
        <ele>118.5</ele>
      </trkpt>
      <trkpt lat="39.56625" lon="2.51747">
        <ele>118.7</ele>
      </trkpt>
      <trkpt lat="39.56626" lon="2.51736">
        <ele>119.4</ele>
      </trkpt>
      <trkpt lat="39.56626" lon="2.51732">
        <ele>119.6</ele>
      </trkpt>
      <trkpt lat="39.56628" lon="2.51718">
        <ele>120.6</ele>
      </trkpt>
      <trkpt lat="39.56632" lon="2.51699">
        <ele>121.9</ele>
      </trkpt>
      <trkpt lat="39.56633" lon="2.51694">
        <ele>122.3</ele>
      </trkpt>
      <trkpt lat="39.5664" lon="2.51659">
        <ele>124.7</ele>
      </trkpt>
      <trkpt lat="39.56647" lon="2.51628">
        <ele>126.4</ele>
      </trkpt>
      <trkpt lat="39.56652" lon="2.51597">
        <ele>127.9</ele>
      </trkpt>
      <trkpt lat="39.56654" lon="2.51569">
        <ele>128.2</ele>
      </trkpt>
      <trkpt lat="39.56654" lon="2.5156">
        <ele>128.0</ele>
      </trkpt>
      <trkpt lat="39.56654" lon="2.51557">
        <ele>127.9</ele>
      </trkpt>
      <trkpt lat="39.56654" lon="2.51554">
        <ele>127.8</ele>
      </trkpt>
      <trkpt lat="39.56653" lon="2.51535">
        <ele>127.3</ele>
      </trkpt>
      <trkpt lat="39.56653" lon="2.51531">
        <ele>127.3</ele>
      </trkpt>
      <trkpt lat="39.56653" lon="2.5153">
        <ele>127.2</ele>
      </trkpt>
      <trkpt lat="39.56653" lon="2.51526">
        <ele>127.1</ele>
      </trkpt>
      <trkpt lat="39.56651" lon="2.51508">
        <ele>126.6</ele>
      </trkpt>
      <trkpt lat="39.56651" lon="2.51507">
        <ele>126.6</ele>
      </trkpt>
      <trkpt lat="39.56651" lon="2.51506">
        <ele>126.6</ele>
      </trkpt>
      <trkpt lat="39.5665" lon="2.51487">
        <ele>125.6</ele>
      </trkpt>
      <trkpt lat="39.5665" lon="2.51485">
        <ele>125.4</ele>
      </trkpt>
      <trkpt lat="39.5665" lon="2.51484">
        <ele>125.4</ele>
      </trkpt>
      <trkpt lat="39.5665" lon="2.51483">
        <ele>125.3</ele>
      </trkpt>
      <trkpt lat="39.56642" lon="2.5137">
        <ele>118.3</ele>
      </trkpt>
      <trkpt lat="39.56641" lon="2.51347">
        <ele>117.1</ele>
      </trkpt>
      <trkpt lat="39.5664" lon="2.51323">
        <ele>116.9</ele>
      </trkpt>
      <trkpt lat="39.56638" lon="2.513">
        <ele>118.0</ele>
      </trkpt>
      <trkpt lat="39.56637" lon="2.51277">
        <ele>119.2</ele>
      </trkpt>
      <trkpt lat="39.56635" lon="2.51254">
        <ele>120.3</ele>
      </trkpt>
      <trkpt lat="39.56634" lon="2.5123">
        <ele>121.1</ele>
      </trkpt>
      <trkpt lat="39.56633" lon="2.51211">
        <ele>121.6</ele>
      </trkpt>
      <trkpt lat="39.56632" lon="2.51201">
        <ele>121.9</ele>
      </trkpt>
      <trkpt lat="39.56631" lon="2.51174">
        <ele>122.6</ele>
      </trkpt>
      <trkpt lat="39.5663" lon="2.51164">
        <ele>123.0</ele>
      </trkpt>
      <trkpt lat="39.56628" lon="2.51138">
        <ele>124.4</ele>
      </trkpt>
      <trkpt lat="39.56628" lon="2.51137">
        <ele>124.4</ele>
      </trkpt>
      <trkpt lat="39.56627" lon="2.51119">
        <ele>125.5</ele>
      </trkpt>
      <trkpt lat="39.56627" lon="2.51117">
        <ele>125.6</ele>
      </trkpt>
      <trkpt lat="39.56627" lon="2.51116">
        <ele>125.6</ele>
      </trkpt>
      <trkpt lat="39.56625" lon="2.51093">
        <ele>126.9</ele>
      </trkpt>
      <trkpt lat="39.56625" lon="2.5109">
        <ele>127.1</ele>
      </trkpt>
      <trkpt lat="39.56625" lon="2.51083">
        <ele>127.5</ele>
      </trkpt>
      <trkpt lat="39.56624" lon="2.51056">
        <ele>128.4</ele>
      </trkpt>
      <trkpt lat="39.56624" lon="2.51054">
        <ele>128.5</ele>
      </trkpt>
      <trkpt lat="39.56622" lon="2.51017">
        <ele>129.7</ele>
      </trkpt>
      <trkpt lat="39.56622" lon="2.51017">
        <ele>129.7</ele>
      </trkpt>
      <trkpt lat="39.56666" lon="2.51014">
        <ele>133.1</ele>
      </trkpt>
      <trkpt lat="39.56684" lon="2.51013">
        <ele>134.1</ele>
      </trkpt>
      <trkpt lat="39.56738" lon="2.51007">
        <ele>137.1</ele>
      </trkpt>
      <trkpt lat="39.56797" lon="2.51002">
        <ele>139.6</ele>
      </trkpt>
      <trkpt lat="39.56797" lon="2.51002">
        <ele>139.6</ele>
      </trkpt>
      <trkpt lat="39.568" lon="2.51002">
        <ele>139.8</ele>
      </trkpt>
      <trkpt lat="39.56802" lon="2.51">
        <ele>139.9</ele>
      </trkpt>
      <trkpt lat="39.56804" lon="2.50999">
        <ele>139.9</ele>
      </trkpt>
      <trkpt lat="39.56805" lon="2.50997">
        <ele>139.9</ele>
      </trkpt>
      <trkpt lat="39.56807" lon="2.50995">
        <ele>139.9</ele>
      </trkpt>
      <trkpt lat="39.56807" lon="2.50994">
        <ele>139.9</ele>
      </trkpt>
      <trkpt lat="39.56808" lon="2.50992">
        <ele>139.9</ele>
      </trkpt>
      <trkpt lat="39.56808" lon="2.50991">
        <ele>139.8</ele>
      </trkpt>
      <trkpt lat="39.56808" lon="2.50991">
        <ele>139.8</ele>
      </trkpt>
      <trkpt lat="39.56805" lon="2.50984">
        <ele>139.5</ele>
      </trkpt>
      <trkpt lat="39.56802" lon="2.50978">
        <ele>139.3</ele>
      </trkpt>
      <trkpt lat="39.56797" lon="2.50971">
        <ele>139.1</ele>
      </trkpt>
      <trkpt lat="39.56795" lon="2.50967">
        <ele>138.9</ele>
      </trkpt>
      <trkpt lat="39.56786" lon="2.50954">
        <ele>138.7</ele>
      </trkpt>
      <trkpt lat="39.56769" lon="2.50929">
        <ele>138.6</ele>
      </trkpt>
      <trkpt lat="39.56766" lon="2.50924">
        <ele>138.6</ele>
      </trkpt>
      <trkpt lat="39.56762" lon="2.50918">
        <ele>138.7</ele>
      </trkpt>
      <trkpt lat="39.56751" lon="2.509">
        <ele>138.0</ele>
      </trkpt>
      <trkpt lat="39.56747" lon="2.50893">
        <ele>137.5</ele>
      </trkpt>
      <trkpt lat="39.5674" lon="2.50882">
        <ele>136.6</ele>
      </trkpt>
      <trkpt lat="39.56739" lon="2.50879">
        <ele>136.4</ele>
      </trkpt>
      <trkpt lat="39.56735" lon="2.50872">
        <ele>136.0</ele>
      </trkpt>
      <trkpt lat="39.5673" lon="2.50863">
        <ele>135.5</ele>
      </trkpt>
      <trkpt lat="39.56727" lon="2.50857">
        <ele>135.2</ele>
      </trkpt>
      <trkpt lat="39.56721" lon="2.50849">
        <ele>134.9</ele>
      </trkpt>
      <trkpt lat="39.56714" lon="2.5084">
        <ele>134.6</ele>
      </trkpt>
      <trkpt lat="39.56705" lon="2.50829">
        <ele>134.3</ele>
      </trkpt>
      <trkpt lat="39.56703" lon="2.50827">
        <ele>134.2</ele>
      </trkpt>
      <trkpt lat="39.5669" lon="2.50811">
        <ele>133.4</ele>
      </trkpt>
      <trkpt lat="39.56665" lon="2.50799">
        <ele>133.3</ele>
      </trkpt>
      <trkpt lat="39.56665" lon="2.50799">
        <ele>133.3</ele>
      </trkpt>
      <trkpt lat="39.56666" lon="2.50784">
        <ele>132.6</ele>
      </trkpt>
      <trkpt lat="39.56666" lon="2.50775">
        <ele>132.2</ele>
      </trkpt>
      <trkpt lat="39.56666" lon="2.5077">
        <ele>132.0</ele>
      </trkpt>
      <trkpt lat="39.56662" lon="2.50753">
        <ele>131.2</ele>
      </trkpt>
      <trkpt lat="39.56662" lon="2.50752">
        <ele>131.1</ele>
      </trkpt>
      <trkpt lat="39.56662" lon="2.50746">
        <ele>130.8</ele>
      </trkpt>
      <trkpt lat="39.56662" lon="2.50744">
        <ele>130.7</ele>
      </trkpt>
      <trkpt lat="39.56663" lon="2.50741">
        <ele>130.5</ele>
      </trkpt>
      <trkpt lat="39.56665" lon="2.50735">
        <ele>130.1</ele>
      </trkpt>
      <trkpt lat="39.56674" lon="2.50709">
        <ele>128.3</ele>
      </trkpt>
      <trkpt lat="39.56681" lon="2.50688">
        <ele>127.0</ele>
      </trkpt>
      <trkpt lat="39.56686" lon="2.50674">
        <ele>126.1</ele>
      </trkpt>
      <trkpt lat="39.56686" lon="2.50674">
        <ele>126.1</ele>
      </trkpt>
      <trkpt lat="39.56703" lon="2.50674">
        <ele>125.9</ele>
      </trkpt>
      <trkpt lat="39.56703" lon="2.50674">
        <ele>125.9</ele>
      </trkpt>
      <trkpt lat="39.56706" lon="2.50661">
        <ele>125.3</ele>
      </trkpt>
      <trkpt lat="39.56707" lon="2.50651">
        <ele>125.0</ele>
      </trkpt>
      <trkpt lat="39.5671" lon="2.5063">
        <ele>124.4</ele>
      </trkpt>
      <trkpt lat="39.5671" lon="2.50628">
        <ele>124.4</ele>
      </trkpt>
      <trkpt lat="39.56712" lon="2.5061">
        <ele>123.9</ele>
      </trkpt>
      <trkpt lat="39.56712" lon="2.50605">
        <ele>123.8</ele>
      </trkpt>
      <trkpt lat="39.56713" lon="2.5059">
        <ele>123.4</ele>
      </trkpt>
      <trkpt lat="39.56711" lon="2.50571">
        <ele>122.8</ele>
      </trkpt>
      <trkpt lat="39.5671" lon="2.50559">
        <ele>122.5</ele>
      </trkpt>
      <trkpt lat="39.56707" lon="2.5054">
        <ele>121.9</ele>
      </trkpt>
      <trkpt lat="39.56706" lon="2.50536">
        <ele>121.7</ele>
      </trkpt>
      <trkpt lat="39.56702" lon="2.50516">
        <ele>121.0</ele>
      </trkpt>
      <trkpt lat="39.56701" lon="2.50509">
        <ele>120.7</ele>
      </trkpt>
      <trkpt lat="39.56701" lon="2.50505">
        <ele>120.6</ele>
      </trkpt>
      <trkpt lat="39.56702" lon="2.50498">
        <ele>120.5</ele>
      </trkpt>
      <trkpt lat="39.56704" lon="2.50485">
        <ele>120.3</ele>
      </trkpt>
      <trkpt lat="39.56704" lon="2.50485">
        <ele>120.3</ele>
      </trkpt>
      <trkpt lat="39.56681" lon="2.50472">
        <ele>118.6</ele>
      </trkpt>
      <trkpt lat="39.56674" lon="2.50469">
        <ele>118.1</ele>
      </trkpt>
      <trkpt lat="39.56659" lon="2.50461">
        <ele>117.4</ele>
      </trkpt>
      <trkpt lat="39.56657" lon="2.50459">
        <ele>117.3</ele>
      </trkpt>
      <trkpt lat="39.56641" lon="2.50451">
        <ele>116.9</ele>
      </trkpt>
      <trkpt lat="39.56635" lon="2.50448">
        <ele>116.7</ele>
      </trkpt>
      <trkpt lat="39.56625" lon="2.50443">
        <ele>116.3</ele>
      </trkpt>
      <trkpt lat="39.56597" lon="2.50429">
        <ele>115.0</ele>
      </trkpt>
      <trkpt lat="39.5658" lon="2.5042">
        <ele>114.2</ele>
      </trkpt>
      <trkpt lat="39.5657" lon="2.50415">
        <ele>113.9</ele>
      </trkpt>
      <trkpt lat="39.56563" lon="2.50412">
        <ele>113.8</ele>
      </trkpt>
      <trkpt lat="39.56546" lon="2.50404">
        <ele>113.6</ele>
      </trkpt>
      <trkpt lat="39.56528" lon="2.50395">
        <ele>113.4</ele>
      </trkpt>
      <trkpt lat="39.56528" lon="2.50395">
        <ele>113.4</ele>
      </trkpt>
      <trkpt lat="39.56529" lon="2.50391">
        <ele>113.3</ele>
      </trkpt>
      <trkpt lat="39.56529" lon="2.50386">
        <ele>113.1</ele>
      </trkpt>
      <trkpt lat="39.56531" lon="2.50377">
        <ele>112.9</ele>
      </trkpt>
      <trkpt lat="39.56537" lon="2.50339">
        <ele>111.7</ele>
      </trkpt>
      <trkpt lat="39.56545" lon="2.50277">
        <ele>110.1</ele>
      </trkpt>
      <trkpt lat="39.56552" lon="2.50233">
        <ele>108.7</ele>
      </trkpt>
      <trkpt lat="39.56557" lon="2.50198">
        <ele>107.2</ele>
      </trkpt>
      <trkpt lat="39.56563" lon="2.50157">
        <ele>105.8</ele>
      </trkpt>
      <trkpt lat="39.56577" lon="2.5006">
        <ele>105.4</ele>
      </trkpt>
      <trkpt lat="39.56582" lon="2.50032">
        <ele>106.2</ele>
      </trkpt>
      <trkpt lat="39.56583" lon="2.50024">
        <ele>106.4</ele>
      </trkpt>
      <trkpt lat="39.56592" lon="2.49963">
        <ele>107.0</ele>
      </trkpt>
      <trkpt lat="39.56594" lon="2.49952">
        <ele>106.9</ele>
      </trkpt>
      <trkpt lat="39.56596" lon="2.4994">
        <ele>106.9</ele>
      </trkpt>
      <trkpt lat="39.56599" lon="2.49917">
        <ele>106.7</ele>
      </trkpt>
      <trkpt lat="39.56602" lon="2.499">
        <ele>106.5</ele>
      </trkpt>
      <trkpt lat="39.56603" lon="2.49896">
        <ele>106.5</ele>
      </trkpt>
      <trkpt lat="39.56607" lon="2.4987">
        <ele>106.0</ele>
      </trkpt>
      <trkpt lat="39.56608" lon="2.49864">
        <ele>105.9</ele>
      </trkpt>
      <trkpt lat="39.56613" lon="2.49836">
        <ele>105.2</ele>
      </trkpt>
      <trkpt lat="39.56618" lon="2.49801">
        <ele>103.3</ele>
      </trkpt>
      <trkpt lat="39.5664" lon="2.4967">
        <ele>97.8</ele>
      </trkpt>
      <trkpt lat="39.56647" lon="2.49621">
        <ele>96.1</ele>
      </trkpt>
      <trkpt lat="39.56648" lon="2.49616">
        <ele>95.9</ele>
      </trkpt>
      <trkpt lat="39.56656" lon="2.49569">
        <ele>93.7</ele>
      </trkpt>
      <trkpt lat="39.56657" lon="2.49564">
        <ele>93.5</ele>
      </trkpt>
      <trkpt lat="39.56657" lon="2.49558">
        <ele>93.2</ele>
      </trkpt>
      <trkpt lat="39.56658" lon="2.49552">
        <ele>92.9</ele>
      </trkpt>
      <trkpt lat="39.56663" lon="2.49521">
        <ele>91.2</ele>
      </trkpt>
      <trkpt lat="39.56668" lon="2.49495">
        <ele>90.0</ele>
      </trkpt>
      <trkpt lat="39.56672" lon="2.49479">
        <ele>90.0</ele>
      </trkpt>
      <trkpt lat="39.56676" lon="2.49467">
        <ele>90.0</ele>
      </trkpt>
      <trkpt lat="39.56678" lon="2.49464">
        <ele>90.1</ele>
      </trkpt>
      <trkpt lat="39.56678" lon="2.49463">
        <ele>90.1</ele>
      </trkpt>
      <trkpt lat="39.56684" lon="2.49447">
        <ele>90.3</ele>
      </trkpt>
      <trkpt lat="39.56686" lon="2.49443">
        <ele>90.3</ele>
      </trkpt>
      <trkpt lat="39.56687" lon="2.49442">
        <ele>90.4</ele>
      </trkpt>
      <trkpt lat="39.5672" lon="2.49368">
        <ele>91.6</ele>
      </trkpt>
      <trkpt lat="39.56722" lon="2.49363">
        <ele>91.7</ele>
      </trkpt>
      <trkpt lat="39.56724" lon="2.49359">
        <ele>91.8</ele>
      </trkpt>
      <trkpt lat="39.56725" lon="2.49358">
        <ele>91.9</ele>
      </trkpt>
      <trkpt lat="39.5679" lon="2.49214">
        <ele>90.7</ele>
      </trkpt>
      <trkpt lat="39.56799" lon="2.49194">
        <ele>90.1</ele>
      </trkpt>
      <trkpt lat="39.56826" lon="2.49133">
        <ele>87.3</ele>
      </trkpt>
      <trkpt lat="39.56833" lon="2.49115">
        <ele>86.3</ele>
      </trkpt>
      <trkpt lat="39.56834" lon="2.49113">
        <ele>86.2</ele>
      </trkpt>
      <trkpt lat="39.56843" lon="2.49092">
        <ele>85.1</ele>
      </trkpt>
      <trkpt lat="39.56851" lon="2.49075">
        <ele>84.7</ele>
      </trkpt>
      <trkpt lat="39.56852" lon="2.49072">
        <ele>84.7</ele>
      </trkpt>
      <trkpt lat="39.56859" lon="2.49056">
        <ele>84.7</ele>
      </trkpt>
      <trkpt lat="39.5686" lon="2.49051">
        <ele>84.6</ele>
      </trkpt>
      <trkpt lat="39.56867" lon="2.4903">
        <ele>84.5</ele>
      </trkpt>
      <trkpt lat="39.56868" lon="2.4903">
        <ele>84.5</ele>
      </trkpt>
      <trkpt lat="39.56869" lon="2.49026">
        <ele>84.4</ele>
      </trkpt>
      <trkpt lat="39.56873" lon="2.49009">
        <ele>84.2</ele>
      </trkpt>
      <trkpt lat="39.56873" lon="2.49008">
        <ele>84.1</ele>
      </trkpt>
      <trkpt lat="39.56874" lon="2.49004">
        <ele>84.1</ele>
      </trkpt>
      <trkpt lat="39.56878" lon="2.4899">
        <ele>84.2</ele>
      </trkpt>
      <trkpt lat="39.56878" lon="2.48986">
        <ele>84.2</ele>
      </trkpt>
      <trkpt lat="39.56879" lon="2.48981">
        <ele>84.3</ele>
      </trkpt>
      <trkpt lat="39.56881" lon="2.48971">
        <ele>84.4</ele>
      </trkpt>
      <trkpt lat="39.56883" lon="2.48963">
        <ele>84.6</ele>
      </trkpt>
      <trkpt lat="39.56883" lon="2.48959">
        <ele>84.6</ele>
      </trkpt>
      <trkpt lat="39.56906" lon="2.48822">
        <ele>93.0</ele>
      </trkpt>
      <trkpt lat="39.5691" lon="2.48803">
        <ele>94.2</ele>
      </trkpt>
      <trkpt lat="39.5691" lon="2.48799">
        <ele>94.5</ele>
      </trkpt>
      <trkpt lat="39.56913" lon="2.48781">
        <ele>95.7</ele>
      </trkpt>
      <trkpt lat="39.56921" lon="2.48735">
        <ele>97.9</ele>
      </trkpt>
      <trkpt lat="39.56922" lon="2.48731">
        <ele>97.9</ele>
      </trkpt>
      <trkpt lat="39.56925" lon="2.48714">
        <ele>97.7</ele>
      </trkpt>
      <trkpt lat="39.56925" lon="2.48712">
        <ele>97.7</ele>
      </trkpt>
      <trkpt lat="39.56926" lon="2.48708">
        <ele>97.7</ele>
      </trkpt>
      <trkpt lat="39.5693" lon="2.4869">
        <ele>97.6</ele>
      </trkpt>
      <trkpt lat="39.56931" lon="2.48686">
        <ele>97.5</ele>
      </trkpt>
      <trkpt lat="39.56931" lon="2.48684">
        <ele>97.5</ele>
      </trkpt>
      <trkpt lat="39.56937" lon="2.48664">
        <ele>97.4</ele>
      </trkpt>
      <trkpt lat="39.56937" lon="2.48661">
        <ele>97.2</ele>
      </trkpt>
      <trkpt lat="39.56943" lon="2.48643">
        <ele>96.5</ele>
      </trkpt>
      <trkpt lat="39.56949" lon="2.48627">
        <ele>95.9</ele>
      </trkpt>
      <trkpt lat="39.56952" lon="2.48622">
        <ele>95.7</ele>
      </trkpt>
      <trkpt lat="39.56956" lon="2.48614">
        <ele>95.4</ele>
      </trkpt>
      <trkpt lat="39.56962" lon="2.48602">
        <ele>95.0</ele>
      </trkpt>
      <trkpt lat="39.5697" lon="2.48587">
        <ele>94.5</ele>
      </trkpt>
      <trkpt lat="39.5697" lon="2.48586">
        <ele>94.4</ele>
      </trkpt>
      <trkpt lat="39.57016" lon="2.48508">
        <ele>94.7</ele>
      </trkpt>
      <trkpt lat="39.57024" lon="2.48493">
        <ele>94.4</ele>
      </trkpt>
      <trkpt lat="39.57035" lon="2.48474">
        <ele>93.7</ele>
      </trkpt>
      <trkpt lat="39.57048" lon="2.48453">
        <ele>93.0</ele>
      </trkpt>
      <trkpt lat="39.57057" lon="2.48437">
        <ele>92.6</ele>
      </trkpt>
      <trkpt lat="39.57059" lon="2.48434">
        <ele>92.5</ele>
      </trkpt>
      <trkpt lat="39.57068" lon="2.48419">
        <ele>92.2</ele>
      </trkpt>
      <trkpt lat="39.57071" lon="2.48413">
        <ele>91.9</ele>
      </trkpt>
      <trkpt lat="39.57092" lon="2.48378">
        <ele>89.8</ele>
      </trkpt>
      <trkpt lat="39.57102" lon="2.4836">
        <ele>88.8</ele>
      </trkpt>
      <trkpt lat="39.57113" lon="2.48341">
        <ele>87.8</ele>
      </trkpt>
      <trkpt lat="39.57135" lon="2.48304">
        <ele>87.0</ele>
      </trkpt>
      <trkpt lat="39.57157" lon="2.48267">
        <ele>86.6</ele>
      </trkpt>
      <trkpt lat="39.57165" lon="2.48253">
        <ele>86.5</ele>
      </trkpt>
      <trkpt lat="39.57179" lon="2.4823">
        <ele>86.3</ele>
      </trkpt>
      <trkpt lat="39.57208" lon="2.48181">
        <ele>86.0</ele>
      </trkpt>
      <trkpt lat="39.57244" lon="2.48119">
        <ele>88.1</ele>
      </trkpt>
      <trkpt lat="39.57265" lon="2.48082">
        <ele>89.9</ele>
      </trkpt>
      <trkpt lat="39.573" lon="2.4802">
        <ele>91.8</ele>
      </trkpt>
      <trkpt lat="39.573" lon="2.48019">
        <ele>91.8</ele>
      </trkpt>
      <trkpt lat="39.57384" lon="2.47876">
        <ele>98.3</ele>
      </trkpt>
      <trkpt lat="39.57389" lon="2.47867">
        <ele>98.5</ele>
      </trkpt>
      <trkpt lat="39.57395" lon="2.47858">
        <ele>98.9</ele>
      </trkpt>
      <trkpt lat="39.57399" lon="2.47853">
        <ele>99.1</ele>
      </trkpt>
      <trkpt lat="39.57404" lon="2.47848">
        <ele>99.4</ele>
      </trkpt>
      <trkpt lat="39.57409" lon="2.47843">
        <ele>99.7</ele>
      </trkpt>
      <trkpt lat="39.57418" lon="2.47834">
        <ele>100.1</ele>
      </trkpt>
      <trkpt lat="39.57422" lon="2.47831">
        <ele>100.1</ele>
      </trkpt>
      <trkpt lat="39.57438" lon="2.4782">
        <ele>100.2</ele>
      </trkpt>
      <trkpt lat="39.57451" lon="2.47814">
        <ele>100.4</ele>
      </trkpt>
      <trkpt lat="39.57456" lon="2.47812">
        <ele>100.5</ele>
      </trkpt>
      <trkpt lat="39.57459" lon="2.47811">
        <ele>100.6</ele>
      </trkpt>
      <trkpt lat="39.57463" lon="2.4781">
        <ele>100.7</ele>
      </trkpt>
      <trkpt lat="39.5747" lon="2.47809">
        <ele>100.9</ele>
      </trkpt>
      <trkpt lat="39.57477" lon="2.47808">
        <ele>101.2</ele>
      </trkpt>
      <trkpt lat="39.57503" lon="2.47806">
        <ele>102.2</ele>
      </trkpt>
      <trkpt lat="39.57515" lon="2.47805">
        <ele>103.1</ele>
      </trkpt>
      <trkpt lat="39.57526" lon="2.47804">
        <ele>103.8</ele>
      </trkpt>
      <trkpt lat="39.57534" lon="2.47803">
        <ele>104.3</ele>
      </trkpt>
      <trkpt lat="39.57556" lon="2.47799">
        <ele>105.6</ele>
      </trkpt>
      <trkpt lat="39.57566" lon="2.47795">
        <ele>106.1</ele>
      </trkpt>
      <trkpt lat="39.57579" lon="2.47789">
        <ele>106.5</ele>
      </trkpt>
      <trkpt lat="39.57588" lon="2.47782">
        <ele>106.8</ele>
      </trkpt>
      <trkpt lat="39.57598" lon="2.47773">
        <ele>107.3</ele>
      </trkpt>
      <trkpt lat="39.57605" lon="2.47766">
        <ele>107.6</ele>
      </trkpt>
      <trkpt lat="39.57616" lon="2.47754">
        <ele>108.2</ele>
      </trkpt>
      <trkpt lat="39.57624" lon="2.47742">
        <ele>108.6</ele>
      </trkpt>
      <trkpt lat="39.57633" lon="2.47726">
        <ele>109.3</ele>
      </trkpt>
      <trkpt lat="39.57639" lon="2.4771">
        <ele>109.6</ele>
      </trkpt>
      <trkpt lat="39.57651" lon="2.47669">
        <ele>110.0</ele>
      </trkpt>
      <trkpt lat="39.57683" lon="2.47557">
        <ele>113.2</ele>
      </trkpt>
      <trkpt lat="39.57685" lon="2.47551">
        <ele>113.4</ele>
      </trkpt>
      <trkpt lat="39.57686" lon="2.47546">
        <ele>113.5</ele>
      </trkpt>
      <trkpt lat="39.57706" lon="2.47478">
        <ele>116.5</ele>
      </trkpt>
      <trkpt lat="39.57711" lon="2.47458">
        <ele>117.2</ele>
      </trkpt>
      <trkpt lat="39.5773" lon="2.47393">
        <ele>119.4</ele>
      </trkpt>
      <trkpt lat="39.57736" lon="2.47371">
        <ele>119.7</ele>
      </trkpt>
      <trkpt lat="39.57746" lon="2.47338">
        <ele>119.8</ele>
      </trkpt>
      <trkpt lat="39.57761" lon="2.47282">
        <ele>121.7</ele>
      </trkpt>
      <trkpt lat="39.5777" lon="2.47248">
        <ele>122.6</ele>
      </trkpt>
      <trkpt lat="39.57775" lon="2.4723">
        <ele>123.3</ele>
      </trkpt>
      <trkpt lat="39.57777" lon="2.47226">
        <ele>123.4</ele>
      </trkpt>
      <trkpt lat="39.57781" lon="2.47209">
        <ele>124.1</ele>
      </trkpt>
      <trkpt lat="39.57783" lon="2.47204">
        <ele>124.3</ele>
      </trkpt>
      <trkpt lat="39.57789" lon="2.47182">
        <ele>125.3</ele>
      </trkpt>
      <trkpt lat="39.57804" lon="2.4713">
        <ele>126.0</ele>
      </trkpt>
      <trkpt lat="39.57807" lon="2.47118">
        <ele>126.1</ele>
      </trkpt>
      <trkpt lat="39.57808" lon="2.47112">
        <ele>126.1</ele>
      </trkpt>
      <trkpt lat="39.5781" lon="2.47108">
        <ele>126.2</ele>
      </trkpt>
      <trkpt lat="39.57811" lon="2.47104">
        <ele>126.3</ele>
      </trkpt>
      <trkpt lat="39.57829" lon="2.47064">
        <ele>127.0</ele>
      </trkpt>
      <trkpt lat="39.57837" lon="2.47048">
        <ele>126.6</ele>
      </trkpt>
      <trkpt lat="39.57846" lon="2.47033">
        <ele>126.0</ele>
      </trkpt>
      <trkpt lat="39.5785" lon="2.47027">
        <ele>125.8</ele>
      </trkpt>
      <trkpt lat="39.5785" lon="2.47027">
        <ele>125.8</ele>
      </trkpt>
      <trkpt lat="39.57864" lon="2.4701">
        <ele>125.5</ele>
      </trkpt>
      <trkpt lat="39.57874" lon="2.47">
        <ele>125.5</ele>
      </trkpt>
      <trkpt lat="39.5788" lon="2.46993">
        <ele>125.6</ele>
      </trkpt>
      <trkpt lat="39.57887" lon="2.46985">
        <ele>125.7</ele>
      </trkpt>
      <trkpt lat="39.57893" lon="2.46978">
        <ele>125.9</ele>
      </trkpt>
      <trkpt lat="39.57893" lon="2.46977">
        <ele>126.0</ele>
      </trkpt>
      <trkpt lat="39.579" lon="2.46968">
        <ele>126.3</ele>
      </trkpt>
      <trkpt lat="39.57902" lon="2.46966">
        <ele>126.4</ele>
      </trkpt>
      <trkpt lat="39.57909" lon="2.46956">
        <ele>126.8</ele>
      </trkpt>
      <trkpt lat="39.57929" lon="2.46929">
        <ele>128.0</ele>
      </trkpt>
      <trkpt lat="39.57937" lon="2.46918">
        <ele>128.5</ele>
      </trkpt>
      <trkpt lat="39.5794" lon="2.46906">
        <ele>128.9</ele>
      </trkpt>
      <trkpt lat="39.57954" lon="2.46877">
        <ele>130.5</ele>
      </trkpt>
      <trkpt lat="39.57959" lon="2.46866">
        <ele>131.2</ele>
      </trkpt>
      <trkpt lat="39.57966" lon="2.46851">
        <ele>132.2</ele>
      </trkpt>
      <trkpt lat="39.57991" lon="2.46793">
        <ele>134.3</ele>
      </trkpt>
      <trkpt lat="39.58008" lon="2.46752">
        <ele>134.4</ele>
      </trkpt>
      <trkpt lat="39.58009" lon="2.46751">
        <ele>134.4</ele>
      </trkpt>
      <trkpt lat="39.58013" lon="2.46744">
        <ele>134.8</ele>
      </trkpt>
      <trkpt lat="39.58014" lon="2.46741">
        <ele>134.9</ele>
      </trkpt>
      <trkpt lat="39.58019" lon="2.46733">
        <ele>135.3</ele>
      </trkpt>
      <trkpt lat="39.58041" lon="2.46697">
        <ele>137.2</ele>
      </trkpt>
      <trkpt lat="39.58065" lon="2.4666">
        <ele>139.4</ele>
      </trkpt>
      <trkpt lat="39.58089" lon="2.4662">
        <ele>142.1</ele>
      </trkpt>
      <trkpt lat="39.58093" lon="2.46612">
        <ele>142.7</ele>
      </trkpt>
      <trkpt lat="39.58109" lon="2.46587">
        <ele>145.3</ele>
      </trkpt>
      <trkpt lat="39.58111" lon="2.46582">
        <ele>145.8</ele>
      </trkpt>
      <trkpt lat="39.58113" lon="2.46577">
        <ele>146.5</ele>
      </trkpt>
      <trkpt lat="39.58113" lon="2.4657">
        <ele>147.1</ele>
      </trkpt>
      <trkpt lat="39.58113" lon="2.46565">
        <ele>147.6</ele>
      </trkpt>
      <trkpt lat="39.58112" lon="2.46564">
        <ele>147.6</ele>
      </trkpt>
      <trkpt lat="39.58112" lon="2.46562">
        <ele>147.8</ele>
      </trkpt>
      <trkpt lat="39.5811" lon="2.46559">
        <ele>147.9</ele>
      </trkpt>
      <trkpt lat="39.58108" lon="2.46556">
        <ele>148.0</ele>
      </trkpt>
      <trkpt lat="39.58087" lon="2.46531">
        <ele>148.9</ele>
      </trkpt>
      <trkpt lat="39.58081" lon="2.46525">
        <ele>149.3</ele>
      </trkpt>
      <trkpt lat="39.58077" lon="2.46519">
        <ele>149.9</ele>
      </trkpt>
      <trkpt lat="39.58074" lon="2.46514">
        <ele>150.4</ele>
      </trkpt>
      <trkpt lat="39.58072" lon="2.4651">
        <ele>150.8</ele>
      </trkpt>
      <trkpt lat="39.58071" lon="2.46504">
        <ele>151.4</ele>
      </trkpt>
      <trkpt lat="39.58072" lon="2.46498">
        <ele>152.1</ele>
      </trkpt>
      <trkpt lat="39.58073" lon="2.46494">
        <ele>152.6</ele>
      </trkpt>
      <trkpt lat="39.58074" lon="2.46493">
        <ele>152.7</ele>
      </trkpt>
      <trkpt lat="39.58075" lon="2.46491">
        <ele>153.0</ele>
      </trkpt>
      <trkpt lat="39.58077" lon="2.4649">
        <ele>153.1</ele>
      </trkpt>
      <trkpt lat="39.58079" lon="2.46488">
        <ele>153.4</ele>
      </trkpt>
      <trkpt lat="39.58081" lon="2.46488">
        <ele>153.4</ele>
      </trkpt>
      <trkpt lat="39.58084" lon="2.4649">
        <ele>153.2</ele>
      </trkpt>
      <trkpt lat="39.58088" lon="2.46493">
        <ele>153.1</ele>
      </trkpt>
      <trkpt lat="39.5809" lon="2.46494">
        <ele>153.1</ele>
      </trkpt>
      <trkpt lat="39.58102" lon="2.46504">
        <ele>152.7</ele>
      </trkpt>
      <trkpt lat="39.58105" lon="2.46506">
        <ele>152.7</ele>
      </trkpt>
      <trkpt lat="39.58108" lon="2.46507">
        <ele>152.8</ele>
      </trkpt>
      <trkpt lat="39.58114" lon="2.46508">
        <ele>153.1</ele>
      </trkpt>
      <trkpt lat="39.58118" lon="2.46507">
        <ele>153.4</ele>
      </trkpt>
      <trkpt lat="39.5812" lon="2.46504">
        <ele>153.8</ele>
      </trkpt>
      <trkpt lat="39.58121" lon="2.46501">
        <ele>154.2</ele>
      </trkpt>
      <trkpt lat="39.58121" lon="2.465">
        <ele>154.3</ele>
      </trkpt>
      <trkpt lat="39.58122" lon="2.46495">
        <ele>154.8</ele>
      </trkpt>
      <trkpt lat="39.58121" lon="2.46489">
        <ele>155.3</ele>
      </trkpt>
      <trkpt lat="39.58119" lon="2.46479">
        <ele>156.1</ele>
      </trkpt>
      <trkpt lat="39.58117" lon="2.46471">
        <ele>156.8</ele>
      </trkpt>
      <trkpt lat="39.58117" lon="2.46467">
        <ele>157.2</ele>
      </trkpt>
      <trkpt lat="39.58117" lon="2.46463">
        <ele>157.6</ele>
      </trkpt>
      <trkpt lat="39.58117" lon="2.46458">
        <ele>158.0</ele>
      </trkpt>
      <trkpt lat="39.58119" lon="2.4645">
        <ele>158.9</ele>
      </trkpt>
      <trkpt lat="39.58123" lon="2.4644">
        <ele>159.9</ele>
      </trkpt>
      <trkpt lat="39.58126" lon="2.46435">
        <ele>160.4</ele>
      </trkpt>
      <trkpt lat="39.58136" lon="2.46416">
        <ele>162.1</ele>
      </trkpt>
      <trkpt lat="39.58147" lon="2.46397">
        <ele>164.4</ele>
      </trkpt>
      <trkpt lat="39.58162" lon="2.46369">
        <ele>167.7</ele>
      </trkpt>
      <trkpt lat="39.58167" lon="2.46363">
        <ele>168.4</ele>
      </trkpt>
      <trkpt lat="39.58169" lon="2.46361">
        <ele>168.6</ele>
      </trkpt>
      <trkpt lat="39.58171" lon="2.46359">
        <ele>168.7</ele>
      </trkpt>
      <trkpt lat="39.58174" lon="2.46357">
        <ele>168.8</ele>
      </trkpt>
      <trkpt lat="39.5818" lon="2.46355">
        <ele>168.7</ele>
      </trkpt>
      <trkpt lat="39.58186" lon="2.46354">
        <ele>168.5</ele>
      </trkpt>
      <trkpt lat="39.58198" lon="2.46351">
        <ele>168.2</ele>
      </trkpt>
      <trkpt lat="39.58204" lon="2.46351">
        <ele>167.9</ele>
      </trkpt>
      <trkpt lat="39.58209" lon="2.46351">
        <ele>167.6</ele>
      </trkpt>
      <trkpt lat="39.58213" lon="2.4635">
        <ele>167.4</ele>
      </trkpt>
      <trkpt lat="39.58217" lon="2.46351">
        <ele>167.2</ele>
      </trkpt>
      <trkpt lat="39.58221" lon="2.46352">
        <ele>166.9</ele>
      </trkpt>
      <trkpt lat="39.58222" lon="2.46352">
        <ele>166.8</ele>
      </trkpt>
      <trkpt lat="39.5824" lon="2.46359">
        <ele>165.5</ele>
      </trkpt>
      <trkpt lat="39.58242" lon="2.4636">
        <ele>165.4</ele>
      </trkpt>
      <trkpt lat="39.58243" lon="2.4636">
        <ele>165.4</ele>
      </trkpt>
      <trkpt lat="39.58245" lon="2.4636">
        <ele>165.3</ele>
      </trkpt>
      <trkpt lat="39.58247" lon="2.4636">
        <ele>165.2</ele>
      </trkpt>
      <trkpt lat="39.58248" lon="2.46358">
        <ele>165.2</ele>
      </trkpt>
      <trkpt lat="39.5825" lon="2.46357">
        <ele>165.1</ele>
      </trkpt>
      <trkpt lat="39.58251" lon="2.46354">
        <ele>165.2</ele>
      </trkpt>
      <trkpt lat="39.58252" lon="2.4635">
        <ele>165.4</ele>
      </trkpt>
      <trkpt lat="39.58252" lon="2.46348">
        <ele>165.4</ele>
      </trkpt>
      <trkpt lat="39.58252" lon="2.46345">
        <ele>165.5</ele>
      </trkpt>
      <trkpt lat="39.58252" lon="2.46344">
        <ele>165.6</ele>
      </trkpt>
      <trkpt lat="39.58249" lon="2.46322">
        <ele>165.5</ele>
      </trkpt>
      <trkpt lat="39.58248" lon="2.46313">
        <ele>165.2</ele>
      </trkpt>
      <trkpt lat="39.58248" lon="2.46307">
        <ele>164.9</ele>
      </trkpt>
      <trkpt lat="39.58248" lon="2.46304">
        <ele>164.8</ele>
      </trkpt>
      <trkpt lat="39.58248" lon="2.46302">
        <ele>164.7</ele>
      </trkpt>
      <trkpt lat="39.58249" lon="2.463">
        <ele>164.5</ele>
      </trkpt>
      <trkpt lat="39.5825" lon="2.46299">
        <ele>164.4</ele>
      </trkpt>
      <trkpt lat="39.58251" lon="2.46297">
        <ele>164.3</ele>
      </trkpt>
      <trkpt lat="39.58252" lon="2.46296">
        <ele>164.2</ele>
      </trkpt>
      <trkpt lat="39.58256" lon="2.46293">
        <ele>164.1</ele>
      </trkpt>
      <trkpt lat="39.58263" lon="2.46287">
        <ele>164.0</ele>
      </trkpt>
      <trkpt lat="39.58265" lon="2.46285">
        <ele>163.9</ele>
      </trkpt>
      <trkpt lat="39.5828" lon="2.46276">
        <ele>164.0</ele>
      </trkpt>
      <trkpt lat="39.58281" lon="2.46275">
        <ele>164.0</ele>
      </trkpt>
      <trkpt lat="39.58296" lon="2.46265">
        <ele>164.3</ele>
      </trkpt>
      <trkpt lat="39.58298" lon="2.46264">
        <ele>164.4</ele>
      </trkpt>
      <trkpt lat="39.58312" lon="2.46254">
        <ele>165.0</ele>
      </trkpt>
      <trkpt lat="39.58314" lon="2.46254">
        <ele>165.0</ele>
      </trkpt>
      <trkpt lat="39.58328" lon="2.46244">
        <ele>165.7</ele>
      </trkpt>
      <trkpt lat="39.5833" lon="2.46243">
        <ele>165.8</ele>
      </trkpt>
      <trkpt lat="39.58346" lon="2.46233">
        <ele>168.2</ele>
      </trkpt>
      <trkpt lat="39.58369" lon="2.46217">
        <ele>172.9</ele>
      </trkpt>
      <trkpt lat="39.58374" lon="2.46212">
        <ele>174.1</ele>
      </trkpt>
      <trkpt lat="39.58375" lon="2.4621">
        <ele>174.4</ele>
      </trkpt>
      <trkpt lat="39.58376" lon="2.46209">
        <ele>174.7</ele>
      </trkpt>
      <trkpt lat="39.58378" lon="2.46207">
        <ele>175.2</ele>
      </trkpt>
      <trkpt lat="39.58379" lon="2.462">
        <ele>175.8</ele>
      </trkpt>
      <trkpt lat="39.5838" lon="2.46191">
        <ele>176.5</ele>
      </trkpt>
      <trkpt lat="39.58379" lon="2.46186">
        <ele>176.5</ele>
      </trkpt>
      <trkpt lat="39.58377" lon="2.46179">
        <ele>176.4</ele>
      </trkpt>
      <trkpt lat="39.58372" lon="2.46165">
        <ele>176.0</ele>
      </trkpt>
      <trkpt lat="39.58371" lon="2.46163">
        <ele>176.1</ele>
      </trkpt>
      <trkpt lat="39.58365" lon="2.46146">
        <ele>177.5</ele>
      </trkpt>
      <trkpt lat="39.58364" lon="2.46144">
        <ele>177.6</ele>
      </trkpt>
      <trkpt lat="39.58361" lon="2.46136">
        <ele>178.1</ele>
      </trkpt>
      <trkpt lat="39.58359" lon="2.46127">
        <ele>179.1</ele>
      </trkpt>
      <trkpt lat="39.58358" lon="2.46116">
        <ele>180.6</ele>
      </trkpt>
      <trkpt lat="39.58357" lon="2.46103">
        <ele>182.4</ele>
      </trkpt>
      <trkpt lat="39.58356" lon="2.46097">
        <ele>183.1</ele>
      </trkpt>
      <trkpt lat="39.58355" lon="2.46091">
        <ele>183.8</ele>
      </trkpt>
      <trkpt lat="39.58351" lon="2.46083">
        <ele>183.8</ele>
      </trkpt>
      <trkpt lat="39.58349" lon="2.46078">
        <ele>184.1</ele>
      </trkpt>
      <trkpt lat="39.58344" lon="2.46067">
        <ele>184.5</ele>
      </trkpt>
      <trkpt lat="39.58342" lon="2.46061">
        <ele>185.0</ele>
      </trkpt>
      <trkpt lat="39.58341" lon="2.46057">
        <ele>185.4</ele>
      </trkpt>
      <trkpt lat="39.58341" lon="2.46056">
        <ele>185.6</ele>
      </trkpt>
      <trkpt lat="39.5834" lon="2.46047">
        <ele>186.9</ele>
      </trkpt>
      <trkpt lat="39.58339" lon="2.46042">
        <ele>187.4</ele>
      </trkpt>
      <trkpt lat="39.58337" lon="2.46033">
        <ele>188.4</ele>
      </trkpt>
      <trkpt lat="39.58332" lon="2.46017">
        <ele>189.5</ele>
      </trkpt>
      <trkpt lat="39.5833" lon="2.46013">
        <ele>189.5</ele>
      </trkpt>
      <trkpt lat="39.58324" lon="2.46001">
        <ele>189.6</ele>
      </trkpt>
      <trkpt lat="39.5832" lon="2.45994">
        <ele>190.0</ele>
      </trkpt>
      <trkpt lat="39.58309" lon="2.45975">
        <ele>190.9</ele>
      </trkpt>
      <trkpt lat="39.58299" lon="2.45963">
        <ele>189.9</ele>
      </trkpt>
      <trkpt lat="39.58296" lon="2.45959">
        <ele>189.6</ele>
      </trkpt>
      <trkpt lat="39.58295" lon="2.45958">
        <ele>189.4</ele>
      </trkpt>
      <trkpt lat="39.58292" lon="2.4595">
        <ele>190.0</ele>
      </trkpt>
      <trkpt lat="39.58288" lon="2.45943">
        <ele>189.9</ele>
      </trkpt>
      <trkpt lat="39.58286" lon="2.45933">
        <ele>191.3</ele>
      </trkpt>
      <trkpt lat="39.58285" lon="2.4592">
        <ele>193.7</ele>
      </trkpt>
      <trkpt lat="39.58282" lon="2.45913">
        <ele>194.1</ele>
      </trkpt>
      <trkpt lat="39.58274" lon="2.45897">
        <ele>194.9</ele>
      </trkpt>
      <trkpt lat="39.58267" lon="2.45884">
        <ele>195.3</ele>
      </trkpt>
      <trkpt lat="39.58263" lon="2.45878">
        <ele>195.1</ele>
      </trkpt>
      <trkpt lat="39.58252" lon="2.45859">
        <ele>194.9</ele>
      </trkpt>
      <trkpt lat="39.58242" lon="2.4584">
        <ele>196.9</ele>
      </trkpt>
      <trkpt lat="39.58233" lon="2.45826">
        <ele>199.2</ele>
      </trkpt>
      <trkpt lat="39.58231" lon="2.45821">
        <ele>200.7</ele>
      </trkpt>
      <trkpt lat="39.58227" lon="2.45811">
        <ele>203.7</ele>
      </trkpt>
      <trkpt lat="39.58223" lon="2.45801">
        <ele>206.8</ele>
      </trkpt>
      <trkpt lat="39.58222" lon="2.45799">
        <ele>207.4</ele>
      </trkpt>
      <trkpt lat="39.58217" lon="2.45792">
        <ele>209.0</ele>
      </trkpt>
      <trkpt lat="39.58209" lon="2.45786">
        <ele>209.3</ele>
      </trkpt>
      <trkpt lat="39.58197" lon="2.45781">
        <ele>208.3</ele>
      </trkpt>
      <trkpt lat="39.58192" lon="2.45777">
        <ele>208.7</ele>
      </trkpt>
      <trkpt lat="39.58184" lon="2.4577">
        <ele>209.6</ele>
      </trkpt>
      <trkpt lat="39.58177" lon="2.45766">
        <ele>209.6</ele>
      </trkpt>
      <trkpt lat="39.58171" lon="2.45762">
        <ele>209.8</ele>
      </trkpt>
      <trkpt lat="39.58162" lon="2.45756">
        <ele>210.7</ele>
      </trkpt>
      <trkpt lat="39.5816" lon="2.45756">
        <ele>210.4</ele>
      </trkpt>
      <trkpt lat="39.58153" lon="2.45754">
        <ele>210.3</ele>
      </trkpt>
      <trkpt lat="39.58145" lon="2.45753">
        <ele>209.6</ele>
      </trkpt>
      <trkpt lat="39.58143" lon="2.45753">
        <ele>209.3</ele>
      </trkpt>
      <trkpt lat="39.58137" lon="2.45752">
        <ele>208.9</ele>
      </trkpt>
      <trkpt lat="39.5813" lon="2.4575">
        <ele>208.7</ele>
      </trkpt>
      <trkpt lat="39.58126" lon="2.45746">
        <ele>209.9</ele>
      </trkpt>
      <trkpt lat="39.5812" lon="2.45741">
        <ele>211.2</ele>
      </trkpt>
      <trkpt lat="39.58112" lon="2.45737">
        <ele>211.8</ele>
      </trkpt>
      <trkpt lat="39.5811" lon="2.45736">
        <ele>211.9</ele>
      </trkpt>
      <trkpt lat="39.58104" lon="2.45735">
        <ele>211.5</ele>
      </trkpt>
      <trkpt lat="39.58096" lon="2.45735">
        <ele>210.3</ele>
      </trkpt>
      <trkpt lat="39.58092" lon="2.45735">
        <ele>209.7</ele>
      </trkpt>
      <trkpt lat="39.58087" lon="2.45735">
        <ele>209.0</ele>
      </trkpt>
      <trkpt lat="39.58077" lon="2.45735">
        <ele>207.0</ele>
      </trkpt>
      <trkpt lat="39.58074" lon="2.45733">
        <ele>207.2</ele>
      </trkpt>
      <trkpt lat="39.5807" lon="2.4573">
        <ele>207.6</ele>
      </trkpt>
      <trkpt lat="39.58063" lon="2.45722">
        <ele>209.4</ele>
      </trkpt>
      <trkpt lat="39.5806" lon="2.45718">
        <ele>210.4</ele>
      </trkpt>
      <trkpt lat="39.58057" lon="2.45714">
        <ele>211.4</ele>
      </trkpt>
      <trkpt lat="39.58052" lon="2.45709">
        <ele>212.4</ele>
      </trkpt>
      <trkpt lat="39.58046" lon="2.45706">
        <ele>212.3</ele>
      </trkpt>
      <trkpt lat="39.58045" lon="2.45705">
        <ele>212.5</ele>
      </trkpt>
      <trkpt lat="39.58039" lon="2.45703">
        <ele>211.9</ele>
      </trkpt>
      <trkpt lat="39.5803" lon="2.45699">
        <ele>211.5</ele>
      </trkpt>
      <trkpt lat="39.58019" lon="2.45694">
        <ele>211.0</ele>
      </trkpt>
      <trkpt lat="39.58012" lon="2.45688">
        <ele>211.9</ele>
      </trkpt>
      <trkpt lat="39.58006" lon="2.4568">
        <ele>213.8</ele>
      </trkpt>
      <trkpt lat="39.57999" lon="2.45672">
        <ele>215.4</ele>
      </trkpt>
      <trkpt lat="39.57992" lon="2.45664">
        <ele>216.0</ele>
      </trkpt>
      <trkpt lat="39.57985" lon="2.45658">
        <ele>215.2</ele>
      </trkpt>
      <trkpt lat="39.57976" lon="2.45649">
        <ele>214.9</ele>
      </trkpt>
      <trkpt lat="39.5797" lon="2.45645">
        <ele>214.3</ele>
      </trkpt>
      <trkpt lat="39.57955" lon="2.45633">
        <ele>214.2</ele>
      </trkpt>
      <trkpt lat="39.57939" lon="2.45621">
        <ele>214.8</ele>
      </trkpt>
      <trkpt lat="39.57939" lon="2.4562">
        <ele>215.2</ele>
      </trkpt>
      <trkpt lat="39.57924" lon="2.45609">
        <ele>216.7</ele>
      </trkpt>
      <trkpt lat="39.57919" lon="2.45605">
        <ele>217.5</ele>
      </trkpt>
      <trkpt lat="39.57908" lon="2.45597">
        <ele>217.6</ele>
      </trkpt>
      <trkpt lat="39.57893" lon="2.45584">
        <ele>218.1</ele>
      </trkpt>
      <trkpt lat="39.57866" lon="2.45561">
        <ele>212.6</ele>
      </trkpt>
      <trkpt lat="39.57863" lon="2.45559">
        <ele>212.2</ele>
      </trkpt>
      <trkpt lat="39.57848" lon="2.45546">
        <ele>211.5</ele>
      </trkpt>
      <trkpt lat="39.57833" lon="2.45533">
        <ele>212.2</ele>
      </trkpt>
      <trkpt lat="39.57826" lon="2.45527">
        <ele>212.1</ele>
      </trkpt>
      <trkpt lat="39.57822" lon="2.45522">
        <ele>212.6</ele>
      </trkpt>
      <trkpt lat="39.5782" lon="2.4552">
        <ele>212.7</ele>
      </trkpt>
      <trkpt lat="39.5782" lon="2.45518">
        <ele>213.2</ele>
      </trkpt>
      <trkpt lat="39.57819" lon="2.45517">
        <ele>213.3</ele>
      </trkpt>
      <trkpt lat="39.5782" lon="2.45515">
        <ele>214.1</ele>
      </trkpt>
      <trkpt lat="39.57822" lon="2.45512">
        <ele>215.4</ele>
      </trkpt>
      <trkpt lat="39.57824" lon="2.45511">
        <ele>216.1</ele>
      </trkpt>
      <trkpt lat="39.57827" lon="2.45511">
        <ele>216.8</ele>
      </trkpt>
      <trkpt lat="39.5783" lon="2.45514">
        <ele>216.6</ele>
      </trkpt>
      <trkpt lat="39.57833" lon="2.45517">
        <ele>216.4</ele>
      </trkpt>
      <trkpt lat="39.57838" lon="2.45522">
        <ele>215.6</ele>
      </trkpt>
      <trkpt lat="39.57846" lon="2.4553">
        <ele>214.6</ele>
      </trkpt>
      <trkpt lat="39.57847" lon="2.45531">
        <ele>214.5</ele>
      </trkpt>
      <trkpt lat="39.57852" lon="2.45534">
        <ele>214.5</ele>
      </trkpt>
      <trkpt lat="39.57863" lon="2.45541">
        <ele>214.9</ele>
      </trkpt>
      <trkpt lat="39.57866" lon="2.45543">
        <ele>215.1</ele>
      </trkpt>
      <trkpt lat="39.57945" lon="2.45589">
        <ele>226.5</ele>
      </trkpt>
      <trkpt lat="39.57961" lon="2.45598">
        <ele>225.5</ele>
      </trkpt>
      <trkpt lat="39.57962" lon="2.45598">
        <ele>225.6</ele>
      </trkpt>
      <trkpt lat="39.57969" lon="2.45602">
        <ele>225.5</ele>
      </trkpt>
      <trkpt lat="39.57973" lon="2.45603">
        <ele>225.7</ele>
      </trkpt>
      <trkpt lat="39.57978" lon="2.45603">
        <ele>226.4</ele>
      </trkpt>
      <trkpt lat="39.57979" lon="2.45603">
        <ele>226.6</ele>
      </trkpt>
      <trkpt lat="39.57984" lon="2.456">
        <ele>227.9</ele>
      </trkpt>
      <trkpt lat="39.57993" lon="2.45591">
        <ele>230.9</ele>
      </trkpt>
      <trkpt lat="39.57993" lon="2.45589">
        <ele>231.3</ele>
      </trkpt>
      <trkpt lat="39.57998" lon="2.45577">
        <ele>230.8</ele>
      </trkpt>
      <trkpt lat="39.58001" lon="2.45571">
        <ele>229.0</ele>
      </trkpt>
      <trkpt lat="39.58003" lon="2.4557">
        <ele>228.9</ele>
      </trkpt>
      <trkpt lat="39.58009" lon="2.45571">
        <ele>229.8</ele>
      </trkpt>
      <trkpt lat="39.58017" lon="2.4557">
        <ele>230.4</ele>
      </trkpt>
      <trkpt lat="39.58021" lon="2.45569">
        <ele>230.4</ele>
      </trkpt>
      <trkpt lat="39.58033" lon="2.45567">
        <ele>231.0</ele>
      </trkpt>
      <trkpt lat="39.58039" lon="2.45565">
        <ele>230.9</ele>
      </trkpt>
      <trkpt lat="39.58053" lon="2.45559">
        <ele>230.1</ele>
      </trkpt>
      <trkpt lat="39.58056" lon="2.45557">
        <ele>229.6</ele>
      </trkpt>
      <trkpt lat="39.5807" lon="2.45551">
        <ele>228.6</ele>
      </trkpt>
      <trkpt lat="39.58073" lon="2.45549">
        <ele>228.1</ele>
      </trkpt>
      <trkpt lat="39.58085" lon="2.45543">
        <ele>226.6</ele>
      </trkpt>
      <trkpt lat="39.5809" lon="2.4554">
        <ele>225.5</ele>
      </trkpt>
      <trkpt lat="39.58093" lon="2.45538">
        <ele>224.7</ele>
      </trkpt>
      <trkpt lat="39.58099" lon="2.45535">
        <ele>223.6</ele>
      </trkpt>
      <trkpt lat="39.58104" lon="2.45534">
        <ele>223.3</ele>
      </trkpt>
      <trkpt lat="39.58107" lon="2.45534">
        <ele>223.3</ele>
      </trkpt>
      <trkpt lat="39.58113" lon="2.45533">
        <ele>223.0</ele>
      </trkpt>
      <trkpt lat="39.58125" lon="2.45534">
        <ele>223.7</ele>
      </trkpt>
      <trkpt lat="39.58127" lon="2.45534">
        <ele>223.7</ele>
      </trkpt>
      <trkpt lat="39.58137" lon="2.45535">
        <ele>224.4</ele>
      </trkpt>
      <trkpt lat="39.58143" lon="2.45537">
        <ele>225.4</ele>
      </trkpt>
      <trkpt lat="39.58146" lon="2.45538">
        <ele>225.9</ele>
      </trkpt>
      <trkpt lat="39.5816" lon="2.45541">
        <ele>227.5</ele>
      </trkpt>
      <trkpt lat="39.58161" lon="2.45541">
        <ele>227.6</ele>
      </trkpt>
      <trkpt lat="39.58178" lon="2.45544">
        <ele>227.8</ele>
      </trkpt>
      <trkpt lat="39.58183" lon="2.45545">
        <ele>227.7</ele>
      </trkpt>
      <trkpt lat="39.58213" lon="2.45553">
        <ele>227.7</ele>
      </trkpt>
      <trkpt lat="39.58221" lon="2.45555">
        <ele>227.6</ele>
      </trkpt>
      <trkpt lat="39.58231" lon="2.45558">
        <ele>227.6</ele>
      </trkpt>
      <trkpt lat="39.58236" lon="2.4556">
        <ele>227.8</ele>
      </trkpt>
      <trkpt lat="39.58248" lon="2.45566">
        <ele>228.6</ele>
      </trkpt>
      <trkpt lat="39.58264" lon="2.45577">
        <ele>228.5</ele>
      </trkpt>
      <trkpt lat="39.5828" lon="2.45588">
        <ele>227.3</ele>
      </trkpt>
      <trkpt lat="39.58296" lon="2.45598">
        <ele>225.9</ele>
      </trkpt>
      <trkpt lat="39.58302" lon="2.45603">
        <ele>225.9</ele>
      </trkpt>
      <trkpt lat="39.58305" lon="2.45607">
        <ele>226.5</ele>
      </trkpt>
      <trkpt lat="39.58309" lon="2.45613">
        <ele>227.6</ele>
      </trkpt>
      <trkpt lat="39.5831" lon="2.45613">
        <ele>227.4</ele>
      </trkpt>
      <trkpt lat="39.58314" lon="2.45616">
        <ele>227.5</ele>
      </trkpt>
      <trkpt lat="39.58317" lon="2.45618">
        <ele>227.5</ele>
      </trkpt>
      <trkpt lat="39.58323" lon="2.45621">
        <ele>227.2</ele>
      </trkpt>
      <trkpt lat="39.58326" lon="2.45622">
        <ele>226.9</ele>
      </trkpt>
      <trkpt lat="39.58328" lon="2.45622">
        <ele>226.5</ele>
      </trkpt>
      <trkpt lat="39.58334" lon="2.45622">
        <ele>225.2</ele>
      </trkpt>
      <trkpt lat="39.58339" lon="2.45623">
        <ele>224.8</ele>
      </trkpt>
      <trkpt lat="39.58343" lon="2.45625">
        <ele>224.9</ele>
      </trkpt>
      <trkpt lat="39.5835" lon="2.45628">
        <ele>224.8</ele>
      </trkpt>
      <trkpt lat="39.58359" lon="2.45633">
        <ele>225.1</ele>
      </trkpt>
      <trkpt lat="39.5836" lon="2.45634">
        <ele>225.3</ele>
      </trkpt>
      <trkpt lat="39.58371" lon="2.45642">
        <ele>226.2</ele>
      </trkpt>
      <trkpt lat="39.58376" lon="2.45645">
        <ele>226.3</ele>
      </trkpt>
      <trkpt lat="39.58384" lon="2.45652">
        <ele>227.1</ele>
      </trkpt>
      <trkpt lat="39.584" lon="2.45661">
        <ele>226.8</ele>
      </trkpt>
      <trkpt lat="39.58415" lon="2.45667">
        <ele>225.5</ele>
      </trkpt>
      <trkpt lat="39.58426" lon="2.45671">
        <ele>225.5</ele>
      </trkpt>
      <trkpt lat="39.58429" lon="2.45672">
        <ele>225.5</ele>
      </trkpt>
      <trkpt lat="39.58441" lon="2.45679">
        <ele>226.5</ele>
      </trkpt>
      <trkpt lat="39.58442" lon="2.4568">
        <ele>226.8</ele>
      </trkpt>
      <trkpt lat="39.58451" lon="2.45688">
        <ele>228.4</ele>
      </trkpt>
      <trkpt lat="39.58472" lon="2.45705">
        <ele>230.7</ele>
      </trkpt>
      <trkpt lat="39.58488" lon="2.45718">
        <ele>231.9</ele>
      </trkpt>
      <trkpt lat="39.585" lon="2.45728">
        <ele>232.4</ele>
      </trkpt>
      <trkpt lat="39.58508" lon="2.45731">
        <ele>235.1</ele>
      </trkpt>
      <trkpt lat="39.58511" lon="2.45731">
        <ele>235.8</ele>
      </trkpt>
      <trkpt lat="39.58514" lon="2.45729">
        <ele>235.9</ele>
      </trkpt>
      <trkpt lat="39.58517" lon="2.45727">
        <ele>236.1</ele>
      </trkpt>
      <trkpt lat="39.5852" lon="2.45724">
        <ele>235.9</ele>
      </trkpt>
      <trkpt lat="39.58521" lon="2.45723">
        <ele>235.9</ele>
      </trkpt>
      <trkpt lat="39.58525" lon="2.45714">
        <ele>234.3</ele>
      </trkpt>
      <trkpt lat="39.58533" lon="2.45688">
        <ele>229.0</ele>
      </trkpt>
      <trkpt lat="39.58537" lon="2.45676">
        <ele>226.8</ele>
      </trkpt>
      <trkpt lat="39.58542" lon="2.45665">
        <ele>225.5</ele>
      </trkpt>
      <trkpt lat="39.58544" lon="2.45662">
        <ele>225.8</ele>
      </trkpt>
      <trkpt lat="39.5856" lon="2.45631">
        <ele>227.4</ele>
      </trkpt>
      <trkpt lat="39.58564" lon="2.45624">
        <ele>227.8</ele>
      </trkpt>
      <trkpt lat="39.58571" lon="2.45612">
        <ele>228.5</ele>
      </trkpt>
      <trkpt lat="39.58581" lon="2.45593">
        <ele>229.3</ele>
      </trkpt>
      <trkpt lat="39.58594" lon="2.45568">
        <ele>234.1</ele>
      </trkpt>
      <trkpt lat="39.58595" lon="2.45562">
        <ele>234.8</ele>
      </trkpt>
      <trkpt lat="39.58595" lon="2.45557">
        <ele>235.0</ele>
      </trkpt>
      <trkpt lat="39.58595" lon="2.45552">
        <ele>235.3</ele>
      </trkpt>
      <trkpt lat="39.58592" lon="2.45545">
        <ele>234.4</ele>
      </trkpt>
      <trkpt lat="39.58587" lon="2.45534">
        <ele>232.9</ele>
      </trkpt>
      <trkpt lat="39.58585" lon="2.45532">
        <ele>232.2</ele>
      </trkpt>
      <trkpt lat="39.58577" lon="2.45519">
        <ele>230.3</ele>
      </trkpt>
      <trkpt lat="39.58566" lon="2.45501">
        <ele>227.8</ele>
      </trkpt>
      <trkpt lat="39.58553" lon="2.45483">
        <ele>225.8</ele>
      </trkpt>
      <trkpt lat="39.58524" lon="2.45448">
        <ele>220.6</ele>
      </trkpt>
      <trkpt lat="39.58511" lon="2.45431">
        <ele>218.1</ele>
      </trkpt>
      <trkpt lat="39.58507" lon="2.45426">
        <ele>217.4</ele>
      </trkpt>
      <trkpt lat="39.58499" lon="2.45414">
        <ele>215.9</ele>
      </trkpt>
      <trkpt lat="39.58493" lon="2.45406">
        <ele>214.9</ele>
      </trkpt>
      <trkpt lat="39.58488" lon="2.45395">
        <ele>214.4</ele>
      </trkpt>
      <trkpt lat="39.58487" lon="2.45394">
        <ele>214.2</ele>
      </trkpt>
      <trkpt lat="39.58481" lon="2.45377">
        <ele>213.8</ele>
      </trkpt>
      <trkpt lat="39.5848" lon="2.45374">
        <ele>213.8</ele>
      </trkpt>
      <trkpt lat="39.58477" lon="2.45362">
        <ele>213.8</ele>
      </trkpt>
      <trkpt lat="39.58475" lon="2.45352">
        <ele>214.0</ele>
      </trkpt>
      <trkpt lat="39.58474" lon="2.45348">
        <ele>214.1</ele>
      </trkpt>
      <trkpt lat="39.58473" lon="2.4534">
        <ele>214.4</ele>
      </trkpt>
      <trkpt lat="39.58472" lon="2.45331">
        <ele>214.2</ele>
      </trkpt>
      <trkpt lat="39.58473" lon="2.45329">
        <ele>214.2</ele>
      </trkpt>
      <trkpt lat="39.58473" lon="2.45324">
        <ele>213.3</ele>
      </trkpt>
      <trkpt lat="39.58474" lon="2.45318">
        <ele>212.6</ele>
      </trkpt>
      <trkpt lat="39.58478" lon="2.45311">
        <ele>212.2</ele>
      </trkpt>
      <trkpt lat="39.5848" lon="2.45309">
        <ele>212.3</ele>
      </trkpt>
      <trkpt lat="39.58482" lon="2.45307">
        <ele>212.3</ele>
      </trkpt>
      <trkpt lat="39.58487" lon="2.45304">
        <ele>212.7</ele>
      </trkpt>
      <trkpt lat="39.58493" lon="2.45303">
        <ele>213.6</ele>
      </trkpt>
      <trkpt lat="39.58497" lon="2.45302">
        <ele>214.1</ele>
      </trkpt>
      <trkpt lat="39.58503" lon="2.45301">
        <ele>214.6</ele>
      </trkpt>
      <trkpt lat="39.58526" lon="2.45303">
        <ele>216.6</ele>
      </trkpt>
      <trkpt lat="39.58533" lon="2.45303">
        <ele>217.1</ele>
      </trkpt>
      <trkpt lat="39.58551" lon="2.45304">
        <ele>218.6</ele>
      </trkpt>
      <trkpt lat="39.58569" lon="2.45303">
        <ele>219.6</ele>
      </trkpt>
      <trkpt lat="39.58576" lon="2.45302">
        <ele>219.9</ele>
      </trkpt>
      <trkpt lat="39.58583" lon="2.453">
        <ele>219.8</ele>
      </trkpt>
      <trkpt lat="39.58586" lon="2.45298">
        <ele>219.4</ele>
      </trkpt>
      <trkpt lat="39.58598" lon="2.45292">
        <ele>218.6</ele>
      </trkpt>
      <trkpt lat="39.58602" lon="2.45288">
        <ele>217.8</ele>
      </trkpt>
      <trkpt lat="39.58603" lon="2.45288">
        <ele>217.8</ele>
      </trkpt>
      <trkpt lat="39.58608" lon="2.45282">
        <ele>216.6</ele>
      </trkpt>
      <trkpt lat="39.58611" lon="2.45277">
        <ele>215.6</ele>
      </trkpt>
      <trkpt lat="39.58615" lon="2.45271">
        <ele>214.4</ele>
      </trkpt>
      <trkpt lat="39.5862" lon="2.45261">
        <ele>212.3</ele>
      </trkpt>
      <trkpt lat="39.58622" lon="2.45251">
        <ele>210.0</ele>
      </trkpt>
      <trkpt lat="39.58622" lon="2.4525">
        <ele>209.7</ele>
      </trkpt>
      <trkpt lat="39.58623" lon="2.45245">
        <ele>209.0</ele>
      </trkpt>
      <trkpt lat="39.58625" lon="2.45237">
        <ele>207.9</ele>
      </trkpt>
      <trkpt lat="39.58628" lon="2.4523">
        <ele>207.0</ele>
      </trkpt>
      <trkpt lat="39.58629" lon="2.45229">
        <ele>207.0</ele>
      </trkpt>
      <trkpt lat="39.58631" lon="2.45225">
        <ele>206.5</ele>
      </trkpt>
      <trkpt lat="39.58634" lon="2.45222">
        <ele>206.3</ele>
      </trkpt>
      <trkpt lat="39.58641" lon="2.45217">
        <ele>206.1</ele>
      </trkpt>
      <trkpt lat="39.58643" lon="2.45215">
        <ele>206.0</ele>
      </trkpt>
      <trkpt lat="39.58659" lon="2.45205">
        <ele>205.8</ele>
      </trkpt>
      <trkpt lat="39.58681" lon="2.45193">
        <ele>206.4</ele>
      </trkpt>
      <trkpt lat="39.58692" lon="2.45186">
        <ele>206.7</ele>
      </trkpt>
      <trkpt lat="39.58697" lon="2.45182">
        <ele>206.7</ele>
      </trkpt>
      <trkpt lat="39.58699" lon="2.4518">
        <ele>206.6</ele>
      </trkpt>
      <trkpt lat="39.58711" lon="2.45162">
        <ele>205.5</ele>
      </trkpt>
      <trkpt lat="39.58721" lon="2.45146">
        <ele>205.4</ele>
      </trkpt>
      <trkpt lat="39.58732" lon="2.4513">
        <ele>205.1</ele>
      </trkpt>
      <trkpt lat="39.58744" lon="2.45112">
        <ele>204.5</ele>
      </trkpt>
      <trkpt lat="39.58756" lon="2.4508">
        <ele>202.4</ele>
      </trkpt>
      <trkpt lat="39.58759" lon="2.45074">
        <ele>202.4</ele>
      </trkpt>
      <trkpt lat="39.58769" lon="2.45052">
        <ele>202.2</ele>
      </trkpt>
      <trkpt lat="39.58775" lon="2.45041">
        <ele>202.1</ele>
      </trkpt>
      <trkpt lat="39.5878" lon="2.45032">
        <ele>202.0</ele>
      </trkpt>
      <trkpt lat="39.58791" lon="2.45015">
        <ele>201.9</ele>
      </trkpt>
      <trkpt lat="39.58799" lon="2.45007">
        <ele>202.0</ele>
      </trkpt>
      <trkpt lat="39.58805" lon="2.45002">
        <ele>202.1</ele>
      </trkpt>
      <trkpt lat="39.58812" lon="2.44997">
        <ele>202.4</ele>
      </trkpt>
      <trkpt lat="39.58821" lon="2.44989">
        <ele>202.7</ele>
      </trkpt>
      <trkpt lat="39.58827" lon="2.44983">
        <ele>202.8</ele>
      </trkpt>
      <trkpt lat="39.58829" lon="2.4498">
        <ele>202.8</ele>
      </trkpt>
      <trkpt lat="39.58831" lon="2.44975">
        <ele>202.7</ele>
      </trkpt>
      <trkpt lat="39.58836" lon="2.44962">
        <ele>202.3</ele>
      </trkpt>
      <trkpt lat="39.58836" lon="2.44959">
        <ele>202.2</ele>
      </trkpt>
      <trkpt lat="39.58841" lon="2.44939">
        <ele>201.6</ele>
      </trkpt>
      <trkpt lat="39.58842" lon="2.44937">
        <ele>201.6</ele>
      </trkpt>
      <trkpt lat="39.58844" lon="2.4493">
        <ele>201.4</ele>
      </trkpt>
      <trkpt lat="39.5885" lon="2.44918">
        <ele>201.3</ele>
      </trkpt>
      <trkpt lat="39.58857" lon="2.44909">
        <ele>201.6</ele>
      </trkpt>
      <trkpt lat="39.58864" lon="2.44901">
        <ele>201.9</ele>
      </trkpt>
      <trkpt lat="39.58874" lon="2.44888">
        <ele>202.3</ele>
      </trkpt>
      <trkpt lat="39.58899" lon="2.44865">
        <ele>202.8</ele>
      </trkpt>
      <trkpt lat="39.58921" lon="2.44844">
        <ele>202.7</ele>
      </trkpt>
      <trkpt lat="39.5898" lon="2.44789">
        <ele>203.3</ele>
      </trkpt>
      <trkpt lat="39.59001" lon="2.44765">
        <ele>201.9</ele>
      </trkpt>
      <trkpt lat="39.59002" lon="2.44765">
        <ele>202.0</ele>
      </trkpt>
      <trkpt lat="39.59019" lon="2.44752">
        <ele>201.8</ele>
      </trkpt>
      <trkpt lat="39.59028" lon="2.44745">
        <ele>202.2</ele>
      </trkpt>
      <trkpt lat="39.59036" lon="2.4474">
        <ele>202.6</ele>
      </trkpt>
      <trkpt lat="39.59041" lon="2.44736">
        <ele>202.9</ele>
      </trkpt>
      <trkpt lat="39.59055" lon="2.44729">
        <ele>203.4</ele>
      </trkpt>
      <trkpt lat="39.59065" lon="2.44723">
        <ele>203.7</ele>
      </trkpt>
      <trkpt lat="39.59068" lon="2.44721">
        <ele>203.8</ele>
      </trkpt>
      <trkpt lat="39.59078" lon="2.44713">
        <ele>204.0</ele>
      </trkpt>
      <trkpt lat="39.59087" lon="2.44703">
        <ele>204.1</ele>
      </trkpt>
      <trkpt lat="39.59107" lon="2.44678">
        <ele>204.6</ele>
      </trkpt>
      <trkpt lat="39.5912" lon="2.44662">
        <ele>205.1</ele>
      </trkpt>
      <trkpt lat="39.59133" lon="2.44646">
        <ele>206.0</ele>
      </trkpt>
      <trkpt lat="39.59146" lon="2.4463">
        <ele>206.4</ele>
      </trkpt>
      <trkpt lat="39.59159" lon="2.44614">
        <ele>206.3</ele>
      </trkpt>
      <trkpt lat="39.59172" lon="2.44598">
        <ele>206.7</ele>
      </trkpt>
      <trkpt lat="39.59175" lon="2.44594">
        <ele>207.1</ele>
      </trkpt>
      <trkpt lat="39.59179" lon="2.44589">
        <ele>207.6</ele>
      </trkpt>
      <trkpt lat="39.59181" lon="2.44583">
        <ele>207.9</ele>
      </trkpt>
      <trkpt lat="39.59183" lon="2.44579">
        <ele>208.4</ele>
      </trkpt>
      <trkpt lat="39.59183" lon="2.44576">
        <ele>208.6</ele>
      </trkpt>
      <trkpt lat="39.59186" lon="2.44568">
        <ele>209.4</ele>
      </trkpt>
      <trkpt lat="39.59188" lon="2.44549">
        <ele>210.8</ele>
      </trkpt>
      <trkpt lat="39.59191" lon="2.4451">
        <ele>213.4</ele>
      </trkpt>
      <trkpt lat="39.59191" lon="2.44499">
        <ele>213.9</ele>
      </trkpt>
      <trkpt lat="39.59191" lon="2.4449">
        <ele>214.0</ele>
      </trkpt>
      <trkpt lat="39.59189" lon="2.44484">
        <ele>213.8</ele>
      </trkpt>
      <trkpt lat="39.59188" lon="2.44478">
        <ele>213.8</ele>
      </trkpt>
      <trkpt lat="39.59184" lon="2.44465">
        <ele>213.5</ele>
      </trkpt>
      <trkpt lat="39.59181" lon="2.44461">
        <ele>213.3</ele>
      </trkpt>
      <trkpt lat="39.59177" lon="2.44453">
        <ele>213.0</ele>
      </trkpt>
      <trkpt lat="39.59163" lon="2.44428">
        <ele>213.2</ele>
      </trkpt>
      <trkpt lat="39.59153" lon="2.44409">
        <ele>215.1</ele>
      </trkpt>
      <trkpt lat="39.59142" lon="2.4439">
        <ele>217.3</ele>
      </trkpt>
      <trkpt lat="39.59132" lon="2.44372">
        <ele>219.3</ele>
      </trkpt>
      <trkpt lat="39.59121" lon="2.44353">
        <ele>221.2</ele>
      </trkpt>
      <trkpt lat="39.59112" lon="2.44337">
        <ele>222.8</ele>
      </trkpt>
      <trkpt lat="39.59111" lon="2.44334">
        <ele>223.0</ele>
      </trkpt>
      <trkpt lat="39.59102" lon="2.44316">
        <ele>223.9</ele>
      </trkpt>
      <trkpt lat="39.59101" lon="2.44314">
        <ele>224.0</ele>
      </trkpt>
      <trkpt lat="39.59091" lon="2.44297">
        <ele>224.6</ele>
      </trkpt>
      <trkpt lat="39.5909" lon="2.44296">
        <ele>224.7</ele>
      </trkpt>
      <trkpt lat="39.59087" lon="2.44292">
        <ele>224.8</ele>
      </trkpt>
      <trkpt lat="39.59081" lon="2.44289">
        <ele>225.1</ele>
      </trkpt>
      <trkpt lat="39.5907" lon="2.44282">
        <ele>225.4</ele>
      </trkpt>
      <trkpt lat="39.59064" lon="2.4428">
        <ele>225.5</ele>
      </trkpt>
      <trkpt lat="39.5905" lon="2.44275">
        <ele>225.8</ele>
      </trkpt>
      <trkpt lat="39.59047" lon="2.44274">
        <ele>225.9</ele>
      </trkpt>
      <trkpt lat="39.5903" lon="2.44268">
        <ele>226.0</ele>
      </trkpt>
      <trkpt lat="39.59029" lon="2.44268">
        <ele>226.1</ele>
      </trkpt>
      <trkpt lat="39.59012" lon="2.44264">
        <ele>226.2</ele>
      </trkpt>
      <trkpt lat="39.59007" lon="2.44263">
        <ele>226.2</ele>
      </trkpt>
      <trkpt lat="39.58994" lon="2.44258">
        <ele>226.0</ele>
      </trkpt>
      <trkpt lat="39.58987" lon="2.44256">
        <ele>225.9</ele>
      </trkpt>
      <trkpt lat="39.58977" lon="2.44251">
        <ele>225.6</ele>
      </trkpt>
      <trkpt lat="39.58966" lon="2.44245">
        <ele>225.9</ele>
      </trkpt>
      <trkpt lat="39.58961" lon="2.44242">
        <ele>226.0</ele>
      </trkpt>
      <trkpt lat="39.58948" lon="2.44233">
        <ele>226.2</ele>
      </trkpt>
      <trkpt lat="39.58945" lon="2.4423">
        <ele>226.2</ele>
      </trkpt>
      <trkpt lat="39.58932" lon="2.44215">
        <ele>226.2</ele>
      </trkpt>
      <trkpt lat="39.58921" lon="2.44196">
        <ele>225.8</ele>
      </trkpt>
      <trkpt lat="39.5892" lon="2.44196">
        <ele>225.8</ele>
      </trkpt>
      <trkpt lat="39.5891" lon="2.44173">
        <ele>225.8</ele>
      </trkpt>
      <trkpt lat="39.58907" lon="2.44154">
        <ele>225.8</ele>
      </trkpt>
      <trkpt lat="39.58906" lon="2.44147">
        <ele>225.8</ele>
      </trkpt>
      <trkpt lat="39.58902" lon="2.44131">
        <ele>226.0</ele>
      </trkpt>
      <trkpt lat="39.589" lon="2.44123">
        <ele>226.0</ele>
      </trkpt>
      <trkpt lat="39.58894" lon="2.44096">
        <ele>225.8</ele>
      </trkpt>
      <trkpt lat="39.58891" lon="2.44091">
        <ele>225.8</ele>
      </trkpt>
      <trkpt lat="39.5889" lon="2.44088">
        <ele>225.7</ele>
      </trkpt>
      <trkpt lat="39.58889" lon="2.44087">
        <ele>225.8</ele>
      </trkpt>
      <trkpt lat="39.58883" lon="2.44075">
        <ele>225.3</ele>
      </trkpt>
      <trkpt lat="39.58881" lon="2.44073">
        <ele>225.2</ele>
      </trkpt>
      <trkpt lat="39.58868" lon="2.44056">
        <ele>224.3</ele>
      </trkpt>
      <trkpt lat="39.58851" lon="2.44039">
        <ele>223.2</ele>
      </trkpt>
      <trkpt lat="39.5884" lon="2.44028">
        <ele>222.4</ele>
      </trkpt>
      <trkpt lat="39.58838" lon="2.44025">
        <ele>222.1</ele>
      </trkpt>
      <trkpt lat="39.58821" lon="2.44004">
        <ele>223.6</ele>
      </trkpt>
      <trkpt lat="39.58812" lon="2.43992">
        <ele>225.0</ele>
      </trkpt>
      <trkpt lat="39.58809" lon="2.43988">
        <ele>225.4</ele>
      </trkpt>
      <trkpt lat="39.58793" lon="2.43967">
        <ele>226.8</ele>
      </trkpt>
      <trkpt lat="39.58776" lon="2.43948">
        <ele>227.3</ele>
      </trkpt>
      <trkpt lat="39.58761" lon="2.43927">
        <ele>225.8</ele>
      </trkpt>
      <trkpt lat="39.58755" lon="2.43918">
        <ele>224.8</ele>
      </trkpt>
      <trkpt lat="39.58743" lon="2.43901">
        <ele>222.0</ele>
      </trkpt>
      <trkpt lat="39.58724" lon="2.43874">
        <ele>215.5</ele>
      </trkpt>
      <trkpt lat="39.58723" lon="2.43873">
        <ele>215.2</ele>
      </trkpt>
      <trkpt lat="39.58722" lon="2.43872">
        <ele>214.9</ele>
      </trkpt>
      <trkpt lat="39.58721" lon="2.43869">
        <ele>214.1</ele>
      </trkpt>
      <trkpt lat="39.58721" lon="2.43868">
        <ele>213.9</ele>
      </trkpt>
      <trkpt lat="39.58721" lon="2.43867">
        <ele>213.6</ele>
      </trkpt>
      <trkpt lat="39.58722" lon="2.43865">
        <ele>213.2</ele>
      </trkpt>
      <trkpt lat="39.58722" lon="2.43864">
        <ele>212.9</ele>
      </trkpt>
      <trkpt lat="39.58722" lon="2.43864">
        <ele>212.9</ele>
      </trkpt>
      <trkpt lat="39.58715" lon="2.43868">
        <ele>213.5</ele>
      </trkpt>
      <trkpt lat="39.58712" lon="2.43869">
        <ele>213.6</ele>
      </trkpt>
      <trkpt lat="39.58697" lon="2.43871">
        <ele>213.3</ele>
      </trkpt>
      <trkpt lat="39.5869" lon="2.43872">
        <ele>213.2</ele>
      </trkpt>
      <trkpt lat="39.58679" lon="2.4387">
        <ele>211.9</ele>
      </trkpt>
      <trkpt lat="39.58665" lon="2.43866">
        <ele>209.5</ele>
      </trkpt>
      <trkpt lat="39.58661" lon="2.43866">
        <ele>208.8</ele>
      </trkpt>
      <trkpt lat="39.58658" lon="2.43865">
        <ele>208.0</ele>
      </trkpt>
      <trkpt lat="39.58651" lon="2.43864">
        <ele>206.5</ele>
      </trkpt>
      <trkpt lat="39.58646" lon="2.43865">
        <ele>206.1</ele>
      </trkpt>
      <trkpt lat="39.58643" lon="2.43866">
        <ele>205.9</ele>
      </trkpt>
      <trkpt lat="39.58629" lon="2.43875">
        <ele>206.7</ele>
      </trkpt>
      <trkpt lat="39.58628" lon="2.43876">
        <ele>206.8</ele>
      </trkpt>
      <trkpt lat="39.5861" lon="2.43889">
        <ele>208.1</ele>
      </trkpt>
      <trkpt lat="39.58603" lon="2.43893">
        <ele>208.1</ele>
      </trkpt>
      <trkpt lat="39.58596" lon="2.43897">
        <ele>208.2</ele>
      </trkpt>
      <trkpt lat="39.58582" lon="2.43899">
        <ele>206.5</ele>
      </trkpt>
      <trkpt lat="39.58578" lon="2.43899">
        <ele>206.5</ele>
      </trkpt>
      <trkpt lat="39.58576" lon="2.43898">
        <ele>206.2</ele>
      </trkpt>
      <trkpt lat="39.58573" lon="2.43896">
        <ele>205.6</ele>
      </trkpt>
      <trkpt lat="39.58569" lon="2.4389">
        <ele>203.8</ele>
      </trkpt>
      <trkpt lat="39.58566" lon="2.43885">
        <ele>202.3</ele>
      </trkpt>
      <trkpt lat="39.58565" lon="2.43883">
        <ele>201.7</ele>
      </trkpt>
      <trkpt lat="39.58565" lon="2.43883">
        <ele>201.7</ele>
      </trkpt>
      <trkpt lat="39.58563" lon="2.43881">
        <ele>201.2</ele>
      </trkpt>
      <trkpt lat="39.58561" lon="2.43878">
        <ele>200.3</ele>
      </trkpt>
      <trkpt lat="39.58552" lon="2.43869">
        <ele>197.8</ele>
      </trkpt>
      <trkpt lat="39.5855" lon="2.43868">
        <ele>197.6</ele>
      </trkpt>
      <trkpt lat="39.58546" lon="2.43864">
        <ele>196.5</ele>
      </trkpt>
      <trkpt lat="39.58543" lon="2.43861">
        <ele>195.8</ele>
      </trkpt>
      <trkpt lat="39.58537" lon="2.43855">
        <ele>194.3</ele>
      </trkpt>
      <trkpt lat="39.58535" lon="2.43852">
        <ele>193.5</ele>
      </trkpt>
      <trkpt lat="39.58533" lon="2.43848">
        <ele>192.5</ele>
      </trkpt>
      <trkpt lat="39.5853" lon="2.43842">
        <ele>190.9</ele>
      </trkpt>
      <trkpt lat="39.58528" lon="2.43835">
        <ele>189.1</ele>
      </trkpt>
      <trkpt lat="39.58528" lon="2.43832">
        <ele>188.4</ele>
      </trkpt>
      <trkpt lat="39.58528" lon="2.43827">
        <ele>187.4</ele>
      </trkpt>
      <trkpt lat="39.58527" lon="2.4382">
        <ele>186.1</ele>
      </trkpt>
      <trkpt lat="39.58526" lon="2.43814">
        <ele>185.1</ele>
      </trkpt>
      <trkpt lat="39.58523" lon="2.43801">
        <ele>182.8</ele>
      </trkpt>
      <trkpt lat="39.58521" lon="2.4379">
        <ele>180.8</ele>
      </trkpt>
      <trkpt lat="39.58517" lon="2.43771">
        <ele>177.5</ele>
      </trkpt>
      <trkpt lat="39.58515" lon="2.43766">
        <ele>176.7</ele>
      </trkpt>
      <trkpt lat="39.58511" lon="2.43755">
        <ele>175.0</ele>
      </trkpt>
      <trkpt lat="39.58498" lon="2.43727">
        <ele>170.2</ele>
      </trkpt>
      <trkpt lat="39.58487" lon="2.43705">
        <ele>166.1</ele>
      </trkpt>
      <trkpt lat="39.58485" lon="2.43703">
        <ele>165.7</ele>
      </trkpt>
      <trkpt lat="39.5848" lon="2.43699">
        <ele>165.2</ele>
      </trkpt>
      <trkpt lat="39.58473" lon="2.43696">
        <ele>165.0</ele>
      </trkpt>
      <trkpt lat="39.58469" lon="2.43694">
        <ele>164.8</ele>
      </trkpt>
      <trkpt lat="39.58467" lon="2.43691">
        <ele>164.2</ele>
      </trkpt>
      <trkpt lat="39.58466" lon="2.43689">
        <ele>163.9</ele>
      </trkpt>
      <trkpt lat="39.58466" lon="2.43688">
        <ele>163.6</ele>
      </trkpt>
      <trkpt lat="39.58466" lon="2.43686">
        <ele>163.2</ele>
      </trkpt>
      <trkpt lat="39.58467" lon="2.43683">
        <ele>162.5</ele>
      </trkpt>
      <trkpt lat="39.58469" lon="2.43681">
        <ele>162.0</ele>
      </trkpt>
      <trkpt lat="39.58471" lon="2.43681">
        <ele>161.8</ele>
      </trkpt>
      <trkpt lat="39.58478" lon="2.43676">
        <ele>160.3</ele>
      </trkpt>
      <trkpt lat="39.58479" lon="2.43675">
        <ele>160.1</ele>
      </trkpt>
      <trkpt lat="39.58479" lon="2.43672">
        <ele>159.4</ele>
      </trkpt>
      <trkpt lat="39.58478" lon="2.43671">
        <ele>159.3</ele>
      </trkpt>
      <trkpt lat="39.58477" lon="2.43669">
        <ele>158.9</ele>
      </trkpt>
      <trkpt lat="39.58475" lon="2.43667">
        <ele>158.6</ele>
      </trkpt>
      <trkpt lat="39.58474" lon="2.43666">
        <ele>158.5</ele>
      </trkpt>
      <trkpt lat="39.58461" lon="2.4366">
        <ele>158.6</ele>
      </trkpt>
      <trkpt lat="39.5846" lon="2.43659">
        <ele>158.5</ele>
      </trkpt>
      <trkpt lat="39.58459" lon="2.43659">
        <ele>158.6</ele>
      </trkpt>
      <trkpt lat="39.58458" lon="2.4366">
        <ele>158.8</ele>
      </trkpt>
      <trkpt lat="39.58457" lon="2.4366">
        <ele>158.8</ele>
      </trkpt>
      <trkpt lat="39.58456" lon="2.43661">
        <ele>159.0</ele>
      </trkpt>
      <trkpt lat="39.58441" lon="2.4367">
        <ele>161.3</ele>
      </trkpt>
      <trkpt lat="39.5844" lon="2.43671">
        <ele>161.5</ele>
      </trkpt>
      <trkpt lat="39.58438" lon="2.43671">
        <ele>161.7</ele>
      </trkpt>
      <trkpt lat="39.58437" lon="2.43671">
        <ele>161.7</ele>
      </trkpt>
      <trkpt lat="39.58435" lon="2.43671">
        <ele>161.8</ele>
      </trkpt>
      <trkpt lat="39.58433" lon="2.4367">
        <ele>161.7</ele>
      </trkpt>
      <trkpt lat="39.58432" lon="2.43669">
        <ele>161.6</ele>
      </trkpt>
      <trkpt lat="39.58425" lon="2.43662">
        <ele>161.2</ele>
      </trkpt>
      <trkpt lat="39.58411" lon="2.43647">
        <ele>162.3</ele>
      </trkpt>
      <trkpt lat="39.5841" lon="2.43646">
        <ele>162.5</ele>
      </trkpt>
      <trkpt lat="39.58407" lon="2.43643">
        <ele>163.0</ele>
      </trkpt>
      <trkpt lat="39.58405" lon="2.4364">
        <ele>163.3</ele>
      </trkpt>
      <trkpt lat="39.58405" lon="2.43638">
        <ele>163.2</ele>
      </trkpt>
      <trkpt lat="39.58406" lon="2.43635">
        <ele>162.8</ele>
      </trkpt>
      <trkpt lat="39.58408" lon="2.43633">
        <ele>162.3</ele>
      </trkpt>
      <trkpt lat="39.58411" lon="2.43631">
        <ele>161.5</ele>
      </trkpt>
      <trkpt lat="39.58411" lon="2.43631">
        <ele>161.5</ele>
      </trkpt>
      <trkpt lat="39.58421" lon="2.43627">
        <ele>159.6</ele>
      </trkpt>
      <trkpt lat="39.58428" lon="2.43624">
        <ele>158.5</ele>
      </trkpt>
      <trkpt lat="39.58437" lon="2.43621">
        <ele>157.1</ele>
      </trkpt>
      <trkpt lat="39.58443" lon="2.43619">
        <ele>156.1</ele>
      </trkpt>
      <trkpt lat="39.58446" lon="2.43618">
        <ele>155.6</ele>
      </trkpt>
      <trkpt lat="39.58454" lon="2.43615">
        <ele>154.2</ele>
      </trkpt>
      <trkpt lat="39.58454" lon="2.43614">
        <ele>154.1</ele>
      </trkpt>
      <trkpt lat="39.58457" lon="2.43612">
        <ele>153.5</ele>
      </trkpt>
      <trkpt lat="39.5846" lon="2.43608">
        <ele>152.6</ele>
      </trkpt>
      <trkpt lat="39.58461" lon="2.43607">
        <ele>152.3</ele>
      </trkpt>
      <trkpt lat="39.58465" lon="2.43601">
        <ele>150.9</ele>
      </trkpt>
      <trkpt lat="39.58467" lon="2.43598">
        <ele>150.2</ele>
      </trkpt>
      <trkpt lat="39.58468" lon="2.43594">
        <ele>149.5</ele>
      </trkpt>
      <trkpt lat="39.5847" lon="2.43588">
        <ele>148.4</ele>
      </trkpt>
      <trkpt lat="39.5847" lon="2.43587">
        <ele>148.2</ele>
      </trkpt>
      <trkpt lat="39.58471" lon="2.43582">
        <ele>147.5</ele>
      </trkpt>
      <trkpt lat="39.58471" lon="2.43576">
        <ele>147.1</ele>
      </trkpt>
      <trkpt lat="39.58471" lon="2.43568">
        <ele>146.6</ele>
      </trkpt>
      <trkpt lat="39.58471" lon="2.43564">
        <ele>146.4</ele>
      </trkpt>
      <trkpt lat="39.58472" lon="2.43559">
        <ele>145.8</ele>
      </trkpt>
      <trkpt lat="39.58473" lon="2.43553">
        <ele>145.2</ele>
      </trkpt>
      <trkpt lat="39.58474" lon="2.43552">
        <ele>144.9</ele>
      </trkpt>
      <trkpt lat="39.58474" lon="2.43546">
        <ele>144.5</ele>
      </trkpt>
      <trkpt lat="39.58474" lon="2.43541">
        <ele>144.2</ele>
      </trkpt>
      <trkpt lat="39.58474" lon="2.43538">
        <ele>144.0</ele>
      </trkpt>
      <trkpt lat="39.58472" lon="2.43531">
        <ele>144.0</ele>
      </trkpt>
      <trkpt lat="39.58472" lon="2.4353">
        <ele>144.0</ele>
      </trkpt>
      <trkpt lat="39.58472" lon="2.43527">
        <ele>143.8</ele>
      </trkpt>
      <trkpt lat="39.58473" lon="2.43524">
        <ele>143.3</ele>
      </trkpt>
      <trkpt lat="39.58474" lon="2.43521">
        <ele>142.9</ele>
      </trkpt>
      <trkpt lat="39.58475" lon="2.43519">
        <ele>142.5</ele>
      </trkpt>
      <trkpt lat="39.5848" lon="2.43506">
        <ele>140.2</ele>
      </trkpt>
      <trkpt lat="39.58482" lon="2.435">
        <ele>139.2</ele>
      </trkpt>
      <trkpt lat="39.58483" lon="2.43498">
        <ele>138.6</ele>
      </trkpt>
      <trkpt lat="39.58484" lon="2.43493">
        <ele>137.6</ele>
      </trkpt>
      <trkpt lat="39.58484" lon="2.43489">
        <ele>137.1</ele>
      </trkpt>
      <trkpt lat="39.58484" lon="2.43487">
        <ele>136.8</ele>
      </trkpt>
      <trkpt lat="39.58484" lon="2.43484">
        <ele>136.4</ele>
      </trkpt>
      <trkpt lat="39.58484" lon="2.4348">
        <ele>135.8</ele>
      </trkpt>
      <trkpt lat="39.58482" lon="2.43475">
        <ele>135.6</ele>
      </trkpt>
      <trkpt lat="39.58478" lon="2.43466">
        <ele>135.2</ele>
      </trkpt>
      <trkpt lat="39.58473" lon="2.43456">
        <ele>134.6</ele>
      </trkpt>
      <trkpt lat="39.58469" lon="2.43447">
        <ele>133.9</ele>
      </trkpt>
      <trkpt lat="39.58468" lon="2.43446">
        <ele>133.9</ele>
      </trkpt>
      <trkpt lat="39.58463" lon="2.43436">
        <ele>133.0</ele>
      </trkpt>
      <trkpt lat="39.58457" lon="2.43427">
        <ele>132.2</ele>
      </trkpt>
      <trkpt lat="39.58441" lon="2.43399">
        <ele>129.0</ele>
      </trkpt>
      <trkpt lat="39.58436" lon="2.4339">
        <ele>127.9</ele>
      </trkpt>
      <trkpt lat="39.5843" lon="2.43381">
        <ele>126.7</ele>
      </trkpt>
      <trkpt lat="39.58422" lon="2.43369">
        <ele>125.0</ele>
      </trkpt>
      <trkpt lat="39.58421" lon="2.43366">
        <ele>124.4</ele>
      </trkpt>
      <trkpt lat="39.5842" lon="2.43365">
        <ele>124.3</ele>
      </trkpt>
      <trkpt lat="39.58419" lon="2.43363">
        <ele>123.9</ele>
      </trkpt>
      <trkpt lat="39.58417" lon="2.43351">
        <ele>121.6</ele>
      </trkpt>
      <trkpt lat="39.58417" lon="2.43351">
        <ele>121.6</ele>
      </trkpt>
      <trkpt lat="39.58402" lon="2.43333">
        <ele>119.4</ele>
      </trkpt>
      <trkpt lat="39.58396" lon="2.4332">
        <ele>118.4</ele>
      </trkpt>
      <trkpt lat="39.5839" lon="2.43305">
        <ele>117.0</ele>
      </trkpt>
      <trkpt lat="39.58384" lon="2.43294">
        <ele>115.9</ele>
      </trkpt>
      <trkpt lat="39.58374" lon="2.43282">
        <ele>114.6</ele>
      </trkpt>
      <trkpt lat="39.58373" lon="2.43281">
        <ele>114.5</ele>
      </trkpt>
      <trkpt lat="39.58358" lon="2.43264">
        <ele>112.3</ele>
      </trkpt>
      <trkpt lat="39.5835" lon="2.43256">
        <ele>111.0</ele>
      </trkpt>
      <trkpt lat="39.58348" lon="2.43254">
        <ele>110.7</ele>
      </trkpt>
      <trkpt lat="39.5834" lon="2.43252">
        <ele>110.4</ele>
      </trkpt>
      <trkpt lat="39.58338" lon="2.43252">
        <ele>110.4</ele>
      </trkpt>
      <trkpt lat="39.58313" lon="2.4326">
        <ele>110.9</ele>
      </trkpt>
      <trkpt lat="39.58298" lon="2.43265">
        <ele>111.0</ele>
      </trkpt>
      <trkpt lat="39.58295" lon="2.43265">
        <ele>110.8</ele>
      </trkpt>
      <trkpt lat="39.58294" lon="2.43266">
        <ele>110.9</ele>
      </trkpt>
      <trkpt lat="39.5829" lon="2.43266">
        <ele>110.7</ele>
      </trkpt>
      <trkpt lat="39.58285" lon="2.43265">
        <ele>110.2</ele>
      </trkpt>
      <trkpt lat="39.58277" lon="2.43263">
        <ele>109.5</ele>
      </trkpt>
      <trkpt lat="39.58272" lon="2.43262">
        <ele>109.0</ele>
      </trkpt>
      <trkpt lat="39.58265" lon="2.43259">
        <ele>108.2</ele>
      </trkpt>
      <trkpt lat="39.58233" lon="2.43245">
        <ele>105.3</ele>
      </trkpt>
      <trkpt lat="39.58222" lon="2.43238">
        <ele>104.6</ele>
      </trkpt>
      <trkpt lat="39.58217" lon="2.43235">
        <ele>104.2</ele>
      </trkpt>
      <trkpt lat="39.5821" lon="2.43228">
        <ele>103.6</ele>
      </trkpt>
      <trkpt lat="39.58194" lon="2.43212">
        <ele>102.1</ele>
      </trkpt>
      <trkpt lat="39.58177" lon="2.43195">
        <ele>100.4</ele>
      </trkpt>
      <trkpt lat="39.58173" lon="2.4319">
        <ele>99.9</ele>
      </trkpt>
      <trkpt lat="39.58169" lon="2.43187">
        <ele>99.5</ele>
      </trkpt>
      <trkpt lat="39.58144" lon="2.43162">
        <ele>96.5</ele>
      </trkpt>
      <trkpt lat="39.5812" lon="2.43138">
        <ele>94.9</ele>
      </trkpt>
      <trkpt lat="39.58106" lon="2.43128">
        <ele>94.3</ele>
      </trkpt>
      <trkpt lat="39.58104" lon="2.43128">
        <ele>94.2</ele>
      </trkpt>
      <trkpt lat="39.5808" lon="2.43117">
        <ele>94.4</ele>
      </trkpt>
      <trkpt lat="39.58069" lon="2.43112">
        <ele>94.5</ele>
      </trkpt>
      <trkpt lat="39.58066" lon="2.43111">
        <ele>94.5</ele>
      </trkpt>
      <trkpt lat="39.58043" lon="2.43104">
        <ele>94.7</ele>
      </trkpt>
      <trkpt lat="39.58027" lon="2.431">
        <ele>94.9</ele>
      </trkpt>
      <trkpt lat="39.57994" lon="2.43091">
        <ele>95.2</ele>
      </trkpt>
      <trkpt lat="39.57974" lon="2.43084">
        <ele>94.1</ele>
      </trkpt>
      <trkpt lat="39.57958" lon="2.43074">
        <ele>94.4</ele>
      </trkpt>
      <trkpt lat="39.5795" lon="2.43066">
        <ele>94.9</ele>
      </trkpt>
      <trkpt lat="39.57948" lon="2.43063">
        <ele>95.1</ele>
      </trkpt>
      <trkpt lat="39.57944" lon="2.43059">
        <ele>95.3</ele>
      </trkpt>
      <trkpt lat="39.57941" lon="2.43055">
        <ele>95.5</ele>
      </trkpt>
      <trkpt lat="39.57932" lon="2.43042">
        <ele>96.0</ele>
      </trkpt>
      <trkpt lat="39.57908" lon="2.43007">
        <ele>96.3</ele>
      </trkpt>
      <trkpt lat="39.57907" lon="2.43006">
        <ele>96.2</ele>
      </trkpt>
      <trkpt lat="39.57899" lon="2.42993">
        <ele>96.3</ele>
      </trkpt>
      <trkpt lat="39.57897" lon="2.42989">
        <ele>96.4</ele>
      </trkpt>
      <trkpt lat="39.57895" lon="2.42986">
        <ele>96.4</ele>
      </trkpt>
      <trkpt lat="39.57893" lon="2.4298">
        <ele>96.6</ele>
      </trkpt>
      <trkpt lat="39.57889" lon="2.42968">
        <ele>97.0</ele>
      </trkpt>
      <trkpt lat="39.57887" lon="2.42961">
        <ele>97.3</ele>
      </trkpt>
      <trkpt lat="39.57882" lon="2.42935">
        <ele>98.5</ele>
      </trkpt>
      <trkpt lat="39.57881" lon="2.42929">
        <ele>98.8</ele>
      </trkpt>
      <trkpt lat="39.57879" lon="2.42906">
        <ele>100.0</ele>
      </trkpt>
      <trkpt lat="39.57877" lon="2.42896">
        <ele>100.3</ele>
      </trkpt>
      <trkpt lat="39.57876" lon="2.42883">
        <ele>100.9</ele>
      </trkpt>
      <trkpt lat="39.57874" lon="2.42873">
        <ele>101.2</ele>
      </trkpt>
      <trkpt lat="39.57872" lon="2.42864">
        <ele>101.3</ele>
      </trkpt>
      <trkpt lat="39.57871" lon="2.42856">
        <ele>101.7</ele>
      </trkpt>
      <trkpt lat="39.57869" lon="2.42851">
        <ele>101.6</ele>
      </trkpt>
      <trkpt lat="39.57867" lon="2.42847">
        <ele>101.4</ele>
      </trkpt>
      <trkpt lat="39.57865" lon="2.42844">
        <ele>101.2</ele>
      </trkpt>
      <trkpt lat="39.57864" lon="2.42843">
        <ele>101.0</ele>
      </trkpt>
      <trkpt lat="39.5785" lon="2.42826">
        <ele>99.1</ele>
      </trkpt>
      <trkpt lat="39.57839" lon="2.42814">
        <ele>97.6</ele>
      </trkpt>
      <trkpt lat="39.57837" lon="2.42812">
        <ele>97.3</ele>
      </trkpt>
      <trkpt lat="39.57829" lon="2.42802">
        <ele>96.8</ele>
      </trkpt>
      <trkpt lat="39.57829" lon="2.42801">
        <ele>96.9</ele>
      </trkpt>
      <trkpt lat="39.57823" lon="2.42794">
        <ele>96.7</ele>
      </trkpt>
      <trkpt lat="39.57814" lon="2.42779">
        <ele>96.8</ele>
      </trkpt>
      <trkpt lat="39.57812" lon="2.42776">
        <ele>96.7</ele>
      </trkpt>
      <trkpt lat="39.57807" lon="2.42768">
        <ele>96.7</ele>
      </trkpt>
      <trkpt lat="39.57806" lon="2.42765">
        <ele>96.8</ele>
      </trkpt>
      <trkpt lat="39.57804" lon="2.42761">
        <ele>96.8</ele>
      </trkpt>
      <trkpt lat="39.57803" lon="2.42752">
        <ele>97.2</ele>
      </trkpt>
      <trkpt lat="39.57802" lon="2.42743">
        <ele>97.7</ele>
      </trkpt>
      <trkpt lat="39.57799" lon="2.42722">
        <ele>98.5</ele>
      </trkpt>
      <trkpt lat="39.57796" lon="2.42698">
        <ele>99.4</ele>
      </trkpt>
      <trkpt lat="39.57795" lon="2.42697">
        <ele>99.3</ele>
      </trkpt>
      <trkpt lat="39.5779" lon="2.42688">
        <ele>99.1</ele>
      </trkpt>
      <trkpt lat="39.57771" lon="2.42656">
        <ele>97.9</ele>
      </trkpt>
      <trkpt lat="39.57767" lon="2.4265">
        <ele>97.5</ele>
      </trkpt>
      <trkpt lat="39.57748" lon="2.42623">
        <ele>95.3</ele>
      </trkpt>
      <trkpt lat="39.57745" lon="2.42614">
        <ele>95.3</ele>
      </trkpt>
      <trkpt lat="39.57742" lon="2.42608">
        <ele>95.2</ele>
      </trkpt>
      <trkpt lat="39.5774" lon="2.42585">
        <ele>95.9</ele>
      </trkpt>
      <trkpt lat="39.57739" lon="2.42579">
        <ele>95.9</ele>
      </trkpt>
      <trkpt lat="39.57735" lon="2.42531">
        <ele>97.1</ele>
      </trkpt>
      <trkpt lat="39.57732" lon="2.42509">
        <ele>97.6</ele>
      </trkpt>
      <trkpt lat="39.57732" lon="2.42506">
        <ele>97.7</ele>
      </trkpt>
      <trkpt lat="39.5773" lon="2.425">
        <ele>97.8</ele>
      </trkpt>
      <trkpt lat="39.57727" lon="2.42493">
        <ele>97.2</ele>
      </trkpt>
      <trkpt lat="39.57719" lon="2.4248">
        <ele>96.1</ele>
      </trkpt>
      <trkpt lat="39.57719" lon="2.4248">
        <ele>96.1</ele>
      </trkpt>
      <trkpt lat="39.5772" lon="2.42479">
        <ele>96.1</ele>
      </trkpt>
      <trkpt lat="39.57721" lon="2.42478">
        <ele>96.0</ele>
      </trkpt>
      <trkpt lat="39.57721" lon="2.42477">
        <ele>96.0</ele>
      </trkpt>
      <trkpt lat="39.57721" lon="2.42476">
        <ele>95.9</ele>
      </trkpt>
      <trkpt lat="39.57722" lon="2.42475">
        <ele>95.9</ele>
      </trkpt>
      <trkpt lat="39.57722" lon="2.42474">
        <ele>95.9</ele>
      </trkpt>
      <trkpt lat="39.57722" lon="2.42472">
        <ele>95.8</ele>
      </trkpt>
      <trkpt lat="39.57722" lon="2.42471">
        <ele>95.7</ele>
      </trkpt>
      <trkpt lat="39.57722" lon="2.4247">
        <ele>95.6</ele>
      </trkpt>
      <trkpt lat="39.57722" lon="2.42469">
        <ele>95.6</ele>
      </trkpt>
      <trkpt lat="39.57722" lon="2.42468">
        <ele>95.5</ele>
      </trkpt>
      <trkpt lat="39.57722" lon="2.42466">
        <ele>95.4</ele>
      </trkpt>
      <trkpt lat="39.57721" lon="2.42463">
        <ele>95.2</ele>
      </trkpt>
      <trkpt lat="39.57721" lon="2.42462">
        <ele>95.2</ele>
      </trkpt>
      <trkpt lat="39.57721" lon="2.42461">
        <ele>95.1</ele>
      </trkpt>
      <trkpt lat="39.5772" lon="2.4246">
        <ele>95.0</ele>
      </trkpt>
      <trkpt lat="39.5772" lon="2.42459">
        <ele>95.0</ele>
      </trkpt>
      <trkpt lat="39.57719" lon="2.42458">
        <ele>94.9</ele>
      </trkpt>
      <trkpt lat="39.57718" lon="2.42457">
        <ele>94.8</ele>
      </trkpt>
      <trkpt lat="39.57718" lon="2.42456">
        <ele>94.7</ele>
      </trkpt>
      <trkpt lat="39.57717" lon="2.42455">
        <ele>94.6</ele>
      </trkpt>
      <trkpt lat="39.57716" lon="2.42455">
        <ele>94.6</ele>
      </trkpt>
      <trkpt lat="39.57715" lon="2.42454">
        <ele>94.5</ele>
      </trkpt>
      <trkpt lat="39.57714" lon="2.42453">
        <ele>94.4</ele>
      </trkpt>
      <trkpt lat="39.57713" lon="2.42452">
        <ele>94.3</ele>
      </trkpt>
      <trkpt lat="39.57712" lon="2.42452">
        <ele>94.3</ele>
      </trkpt>
      <trkpt lat="39.57711" lon="2.42452">
        <ele>94.3</ele>
      </trkpt>
      <trkpt lat="39.5771" lon="2.42451">
        <ele>94.2</ele>
      </trkpt>
      <trkpt lat="39.57709" lon="2.42451">
        <ele>94.2</ele>
      </trkpt>
      <trkpt lat="39.57708" lon="2.42451">
        <ele>94.1</ele>
      </trkpt>
      <trkpt lat="39.57707" lon="2.42451">
        <ele>94.1</ele>
      </trkpt>
      <trkpt lat="39.57706" lon="2.42451">
        <ele>94.1</ele>
      </trkpt>
      <trkpt lat="39.57705" lon="2.42451">
        <ele>94.0</ele>
      </trkpt>
      <trkpt lat="39.57703" lon="2.42451">
        <ele>94.0</ele>
      </trkpt>
      <trkpt lat="39.57697" lon="2.42436">
        <ele>93.2</ele>
      </trkpt>
      <trkpt lat="39.57693" lon="2.42432">
        <ele>92.9</ele>
      </trkpt>
      <trkpt lat="39.57679" lon="2.42417">
        <ele>92.2</ele>
      </trkpt>
      <trkpt lat="39.57622" lon="2.42353">
        <ele>87.1</ele>
      </trkpt>
      <trkpt lat="39.57598" lon="2.42326">
        <ele>85.0</ele>
      </trkpt>
      <trkpt lat="39.57592" lon="2.42321">
        <ele>84.5</ele>
      </trkpt>
      <trkpt lat="39.57587" lon="2.42315">
        <ele>84.0</ele>
      </trkpt>
      <trkpt lat="39.57587" lon="2.42314">
        <ele>84.0</ele>
      </trkpt>
      <trkpt lat="39.57555" lon="2.42279">
        <ele>80.7</ele>
      </trkpt>
      <trkpt lat="39.57522" lon="2.42242">
        <ele>77.6</ele>
      </trkpt>
      <trkpt lat="39.57487" lon="2.42202">
        <ele>75.4</ele>
      </trkpt>
      <trkpt lat="39.57482" lon="2.42196">
        <ele>75.1</ele>
      </trkpt>
      <trkpt lat="39.5748" lon="2.42194">
        <ele>74.9</ele>
      </trkpt>
      <trkpt lat="39.57479" lon="2.42192">
        <ele>74.9</ele>
      </trkpt>
      <trkpt lat="39.57476" lon="2.42187">
        <ele>74.6</ele>
      </trkpt>
      <trkpt lat="39.57473" lon="2.42182">
        <ele>74.4</ele>
      </trkpt>
      <trkpt lat="39.57471" lon="2.42177">
        <ele>74.2</ele>
      </trkpt>
      <trkpt lat="39.5747" lon="2.42172">
        <ele>74.0</ele>
      </trkpt>
      <trkpt lat="39.5747" lon="2.42166">
        <ele>73.9</ele>
      </trkpt>
      <trkpt lat="39.5747" lon="2.42161">
        <ele>73.9</ele>
      </trkpt>
      <trkpt lat="39.5747" lon="2.42146">
        <ele>73.7</ele>
      </trkpt>
      <trkpt lat="39.57468" lon="2.4212">
        <ele>73.4</ele>
      </trkpt>
      <trkpt lat="39.57468" lon="2.4212">
        <ele>73.4</ele>
      </trkpt>
      <trkpt lat="39.57457" lon="2.42076">
        <ele>72.4</ele>
      </trkpt>
      <trkpt lat="39.57448" lon="2.4204">
        <ele>71.9</ele>
      </trkpt>
      <trkpt lat="39.57448" lon="2.4204">
        <ele>71.9</ele>
      </trkpt>
      <trkpt lat="39.57459" lon="2.42035">
        <ele>72.5</ele>
      </trkpt>
      <trkpt lat="39.57476" lon="2.42028">
        <ele>73.6</ele>
      </trkpt>
      <trkpt lat="39.57476" lon="2.42028">
        <ele>73.6</ele>
      </trkpt>
      <trkpt lat="39.57476" lon="2.42028">
        <ele>73.6</ele>
      </trkpt>
      <trkpt lat="39.57479" lon="2.42038">
        <ele>73.7</ele>
      </trkpt>
      <trkpt lat="39.57482" lon="2.42052">
        <ele>73.9</ele>
      </trkpt>
      <trkpt lat="39.57482" lon="2.42052">
        <ele>73.9</ele>
      </trkpt>
      <trkpt lat="39.57507" lon="2.42041">
        <ele>75.5</ele>
      </trkpt>
      <trkpt lat="39.57531" lon="2.42031">
        <ele>77.2</ele>
      </trkpt>
      <trkpt lat="39.57524" lon="2.42006">
        <ele>76.7</ele>
      </trkpt>
      <trkpt lat="39.57518" lon="2.41984">
        <ele>76.3</ele>
      </trkpt>
      <trkpt lat="39.57507" lon="2.41944">
        <ele>75.4</ele>
      </trkpt>
      <trkpt lat="39.57492" lon="2.41889">
        <ele>73.2</ele>
      </trkpt>
      <trkpt lat="39.57485" lon="2.41862">
        <ele>71.5</ele>
      </trkpt>
      <trkpt lat="39.57472" lon="2.41818">
        <ele>68.8</ele>
      </trkpt>
      <trkpt lat="39.57466" lon="2.41796">
        <ele>67.3</ele>
      </trkpt>
      <trkpt lat="39.57461" lon="2.41776">
        <ele>66.0</ele>
      </trkpt>
      <trkpt lat="39.5746" lon="2.41774">
        <ele>65.9</ele>
      </trkpt>
      <trkpt lat="39.5746" lon="2.41774">
        <ele>65.9</ele>
      </trkpt>
      <trkpt lat="39.57443" lon="2.41648">
        <ele>60.9</ele>
      </trkpt>
      <trkpt lat="39.57432" lon="2.41567">
        <ele>60.7</ele>
      </trkpt>
      <trkpt lat="39.57425" lon="2.41518">
        <ele>61.1</ele>
      </trkpt>
      <trkpt lat="39.57425" lon="2.41518">
        <ele>61.1</ele>
      </trkpt>
      <trkpt lat="39.57426" lon="2.41518">
        <ele>61.1</ele>
      </trkpt>
      <trkpt lat="39.57452" lon="2.41512">
        <ele>62.1</ele>
      </trkpt>
      <trkpt lat="39.57478" lon="2.41505">
        <ele>63.1</ele>
      </trkpt>
      <trkpt lat="39.57486" lon="2.41502">
        <ele>63.5</ele>
      </trkpt>
      <trkpt lat="39.57494" lon="2.41499">
        <ele>63.8</ele>
      </trkpt>
      <trkpt lat="39.57494" lon="2.41499">
        <ele>63.8</ele>
      </trkpt>
      <trkpt lat="39.57505" lon="2.41492">
        <ele>64.0</ele>
      </trkpt>
      <trkpt lat="39.57538" lon="2.41471">
        <ele>64.4</ele>
      </trkpt>
      <trkpt lat="39.57542" lon="2.41468">
        <ele>64.5</ele>
      </trkpt>
      <trkpt lat="39.57569" lon="2.41451">
        <ele>65.2</ele>
      </trkpt>
      <trkpt lat="39.57586" lon="2.41441">
        <ele>65.8</ele>
      </trkpt>
      <trkpt lat="39.57602" lon="2.41431">
        <ele>66.7</ele>
      </trkpt>
      <trkpt lat="39.57617" lon="2.41422">
        <ele>67.6</ele>
      </trkpt>
      <trkpt lat="39.57618" lon="2.41421">
        <ele>67.6</ele>
      </trkpt>
      <trkpt lat="39.57652" lon="2.41408">
        <ele>69.0</ele>
      </trkpt>
      <trkpt lat="39.57652" lon="2.41408">
        <ele>69.0</ele>
      </trkpt>
      <trkpt lat="39.57674" lon="2.41419">
        <ele>70.2</ele>
      </trkpt>
      <trkpt lat="39.57688" lon="2.41428">
        <ele>70.4</ele>
      </trkpt>
      <trkpt lat="39.57698" lon="2.41434">
        <ele>70.6</ele>
      </trkpt>
      <trkpt lat="39.57701" lon="2.41437">
        <ele>70.7</ele>
      </trkpt>
      <trkpt lat="39.57705" lon="2.41441">
        <ele>70.8</ele>
      </trkpt>
      <trkpt lat="39.57709" lon="2.41445">
        <ele>70.8</ele>
      </trkpt>
      <trkpt lat="39.57711" lon="2.41446">
        <ele>70.9</ele>
      </trkpt>
      <trkpt lat="39.57715" lon="2.41448">
        <ele>71.0</ele>
      </trkpt>
      <trkpt lat="39.5772" lon="2.4145">
        <ele>71.1</ele>
      </trkpt>
      <trkpt lat="39.57722" lon="2.4145">
        <ele>71.2</ele>
      </trkpt>
      <trkpt lat="39.57731" lon="2.41449">
        <ele>71.5</ele>
      </trkpt>
      <trkpt lat="39.57731" lon="2.41449">
        <ele>71.5</ele>
      </trkpt>
      <trkpt lat="39.57732" lon="2.41454">
        <ele>71.5</ele>
      </trkpt>
      <trkpt lat="39.57732" lon="2.41454">
        <ele>71.5</ele>
      </trkpt>
      <trkpt lat="39.57737" lon="2.41454">
        <ele>71.6</ele>
      </trkpt>
      <trkpt lat="39.57745" lon="2.41455">
        <ele>71.9</ele>
      </trkpt>
      <trkpt lat="39.57753" lon="2.41457">
        <ele>72.2</ele>
      </trkpt>
      <trkpt lat="39.57762" lon="2.41459">
        <ele>72.9</ele>
      </trkpt>
      <trkpt lat="39.57768" lon="2.4146">
        <ele>73.3</ele>
      </trkpt>
      <trkpt lat="39.57828" lon="2.41472">
        <ele>77.9</ele>
      </trkpt>
      <trkpt lat="39.57834" lon="2.41474">
        <ele>78.4</ele>
      </trkpt>
      <trkpt lat="39.5784" lon="2.41475">
        <ele>78.8</ele>
      </trkpt>
      <trkpt lat="39.57845" lon="2.41475">
        <ele>79.2</ele>
      </trkpt>
      <trkpt lat="39.57849" lon="2.41475">
        <ele>79.4</ele>
      </trkpt>
      <trkpt lat="39.5786" lon="2.41474">
        <ele>80.1</ele>
      </trkpt>
      <trkpt lat="39.57866" lon="2.41474">
        <ele>80.5</ele>
      </trkpt>
      <trkpt lat="39.5787" lon="2.41473">
        <ele>80.7</ele>
      </trkpt>
      <trkpt lat="39.57882" lon="2.41472">
        <ele>81.4</ele>
      </trkpt>
      <trkpt lat="39.57912" lon="2.4147">
        <ele>83.3</ele>
      </trkpt>
      <trkpt lat="39.57926" lon="2.41468">
        <ele>84.8</ele>
      </trkpt>
      <trkpt lat="39.57952" lon="2.41469">
        <ele>88.6</ele>
      </trkpt>
      <trkpt lat="39.57952" lon="2.41469">
        <ele>88.6</ele>
      </trkpt>
      <trkpt lat="39.57953" lon="2.41469">
        <ele>88.7</ele>
      </trkpt>
      <trkpt lat="39.57957" lon="2.41468">
        <ele>89.3</ele>
      </trkpt>
      <trkpt lat="39.57963" lon="2.41464">
        <ele>89.9</ele>
      </trkpt>
      <trkpt lat="39.57974" lon="2.41454">
        <ele>91.1</ele>
      </trkpt>
      <trkpt lat="39.57982" lon="2.41445">
        <ele>91.8</ele>
      </trkpt>
      <trkpt lat="39.57987" lon="2.41439">
        <ele>92.2</ele>
      </trkpt>
      <trkpt lat="39.57991" lon="2.41432">
        <ele>92.4</ele>
      </trkpt>
      <trkpt lat="39.57994" lon="2.41427">
        <ele>92.6</ele>
      </trkpt>
      <trkpt lat="39.57996" lon="2.41423">
        <ele>92.7</ele>
      </trkpt>
      <trkpt lat="39.57998" lon="2.41417">
        <ele>92.7</ele>
      </trkpt>
      <trkpt lat="39.58003" lon="2.41407">
        <ele>92.7</ele>
      </trkpt>
      <trkpt lat="39.58015" lon="2.4139">
        <ele>93.4</ele>
      </trkpt>
      <trkpt lat="39.58024" lon="2.41376">
        <ele>93.5</ele>
      </trkpt>
      <trkpt lat="39.5803" lon="2.41369">
        <ele>93.7</ele>
      </trkpt>
      <trkpt lat="39.58039" lon="2.41361">
        <ele>94.3</ele>
      </trkpt>
      <trkpt lat="39.58047" lon="2.41355">
        <ele>94.8</ele>
      </trkpt>
      <trkpt lat="39.58069" lon="2.41346">
        <ele>96.8</ele>
      </trkpt>
      <trkpt lat="39.58075" lon="2.41343">
        <ele>97.2</ele>
      </trkpt>
      <trkpt lat="39.58087" lon="2.41336">
        <ele>98.1</ele>
      </trkpt>
      <trkpt lat="39.58092" lon="2.41334">
        <ele>98.8</ele>
      </trkpt>
      <trkpt lat="39.58095" lon="2.41335">
        <ele>99.5</ele>
      </trkpt>
      <trkpt lat="39.58098" lon="2.41336">
        <ele>100.2</ele>
      </trkpt>
      <trkpt lat="39.58099" lon="2.41339">
        <ele>100.9</ele>
      </trkpt>
      <trkpt lat="39.58099" lon="2.41342">
        <ele>101.3</ele>
      </trkpt>
      <trkpt lat="39.58099" lon="2.41344">
        <ele>101.6</ele>
      </trkpt>
      <trkpt lat="39.58095" lon="2.41349">
        <ele>101.6</ele>
      </trkpt>
      <trkpt lat="39.58094" lon="2.41351">
        <ele>101.7</ele>
      </trkpt>
      <trkpt lat="39.58083" lon="2.41366">
        <ele>101.7</ele>
      </trkpt>
      <trkpt lat="39.58071" lon="2.41383">
        <ele>102.1</ele>
      </trkpt>
      <trkpt lat="39.58068" lon="2.41387">
        <ele>102.1</ele>
      </trkpt>
      <trkpt lat="39.58067" lon="2.4139">
        <ele>102.3</ele>
      </trkpt>
      <trkpt lat="39.58068" lon="2.41392">
        <ele>102.8</ele>
      </trkpt>
      <trkpt lat="39.58069" lon="2.41394">
        <ele>103.2</ele>
      </trkpt>
      <trkpt lat="39.5807" lon="2.41395">
        <ele>103.5</ele>
      </trkpt>
      <trkpt lat="39.58071" lon="2.41395">
        <ele>103.7</ele>
      </trkpt>
      <trkpt lat="39.58072" lon="2.41395">
        <ele>103.9</ele>
      </trkpt>
      <trkpt lat="39.58073" lon="2.41395">
        <ele>104.1</ele>
      </trkpt>
      <trkpt lat="39.58075" lon="2.41394">
        <ele>104.3</ele>
      </trkpt>
      <trkpt lat="39.58077" lon="2.41392">
        <ele>104.3</ele>
      </trkpt>
      <trkpt lat="39.58079" lon="2.41389">
        <ele>104.3</ele>
      </trkpt>
      <trkpt lat="39.5809" lon="2.41382">
        <ele>105.4</ele>
      </trkpt>
      <trkpt lat="39.58099" lon="2.41376">
        <ele>106.4</ele>
      </trkpt>
      <trkpt lat="39.58103" lon="2.41375">
        <ele>107.1</ele>
      </trkpt>
      <trkpt lat="39.58106" lon="2.41375">
        <ele>107.8</ele>
      </trkpt>
      <trkpt lat="39.5811" lon="2.41376">
        <ele>108.8</ele>
      </trkpt>
      <trkpt lat="39.58133" lon="2.41389">
        <ele>115.8</ele>
      </trkpt>
      <trkpt lat="39.58136" lon="2.4139">
        <ele>116.6</ele>
      </trkpt>
      <trkpt lat="39.58139" lon="2.4139">
        <ele>117.2</ele>
      </trkpt>
      <trkpt lat="39.58141" lon="2.4139">
        <ele>117.6</ele>
      </trkpt>
      <trkpt lat="39.58143" lon="2.41391">
        <ele>118.3</ele>
      </trkpt>
      <trkpt lat="39.58146" lon="2.41389">
        <ele>118.6</ele>
      </trkpt>
      <trkpt lat="39.5815" lon="2.41387">
        <ele>119.1</ele>
      </trkpt>
      <trkpt lat="39.58154" lon="2.41383">
        <ele>119.2</ele>
      </trkpt>
      <trkpt lat="39.58157" lon="2.41381">
        <ele>119.5</ele>
      </trkpt>
      <trkpt lat="39.58162" lon="2.41374">
        <ele>119.3</ele>
      </trkpt>
      <trkpt lat="39.58175" lon="2.41355">
        <ele>118.3</ele>
      </trkpt>
      <trkpt lat="39.58202" lon="2.41321">
        <ele>117.5</ele>
      </trkpt>
      <trkpt lat="39.58205" lon="2.41318">
        <ele>117.6</ele>
      </trkpt>
      <trkpt lat="39.58208" lon="2.41316">
        <ele>117.8</ele>
      </trkpt>
      <trkpt lat="39.58209" lon="2.41316">
        <ele>118.0</ele>
      </trkpt>
      <trkpt lat="39.58212" lon="2.41315">
        <ele>118.4</ele>
      </trkpt>
      <trkpt lat="39.58216" lon="2.41315">
        <ele>119.1</ele>
      </trkpt>
      <trkpt lat="39.58221" lon="2.41315">
        <ele>119.9</ele>
      </trkpt>
      <trkpt lat="39.58226" lon="2.41317">
        <ele>121.1</ele>
      </trkpt>
      <trkpt lat="39.58233" lon="2.41319">
        <ele>122.6</ele>
      </trkpt>
      <trkpt lat="39.58243" lon="2.41324">
        <ele>125.2</ele>
      </trkpt>
      <trkpt lat="39.58262" lon="2.41333">
        <ele>126.4</ele>
      </trkpt>
      <trkpt lat="39.58265" lon="2.41335">
        <ele>126.3</ele>
      </trkpt>
      <trkpt lat="39.58268" lon="2.41337">
        <ele>126.1</ele>
      </trkpt>
      <trkpt lat="39.5827" lon="2.4134">
        <ele>126.3</ele>
      </trkpt>
      <trkpt lat="39.58273" lon="2.41345">
        <ele>126.6</ele>
      </trkpt>
      <trkpt lat="39.58282" lon="2.41359">
        <ele>127.4</ele>
      </trkpt>
      <trkpt lat="39.58285" lon="2.41364">
        <ele>127.6</ele>
      </trkpt>
      <trkpt lat="39.5829" lon="2.41372">
        <ele>128.1</ele>
      </trkpt>
      <trkpt lat="39.58297" lon="2.41382">
        <ele>128.5</ele>
      </trkpt>
      <trkpt lat="39.58308" lon="2.414">
        <ele>129.4</ele>
      </trkpt>
      <trkpt lat="39.58313" lon="2.41407">
        <ele>129.6</ele>
      </trkpt>
      <trkpt lat="39.58319" lon="2.41419">
        <ele>130.5</ele>
      </trkpt>
      <trkpt lat="39.58328" lon="2.41439">
        <ele>133.1</ele>
      </trkpt>
      <trkpt lat="39.58333" lon="2.41448">
        <ele>134.1</ele>
      </trkpt>
      <trkpt lat="39.58338" lon="2.41459">
        <ele>135.2</ele>
      </trkpt>
      <trkpt lat="39.58343" lon="2.41468">
        <ele>136.0</ele>
      </trkpt>
      <trkpt lat="39.58347" lon="2.41473">
        <ele>136.2</ele>
      </trkpt>
      <trkpt lat="39.5835" lon="2.41476">
        <ele>136.2</ele>
      </trkpt>
      <trkpt lat="39.58352" lon="2.41478">
        <ele>136.2</ele>
      </trkpt>
      <trkpt lat="39.58357" lon="2.41482">
        <ele>136.0</ele>
      </trkpt>
      <trkpt lat="39.58365" lon="2.41488">
        <ele>135.6</ele>
      </trkpt>
      <trkpt lat="39.58366" lon="2.41489">
        <ele>135.6</ele>
      </trkpt>
      <trkpt lat="39.5838" lon="2.41501">
        <ele>135.3</ele>
      </trkpt>
      <trkpt lat="39.58396" lon="2.41515">
        <ele>135.8</ele>
      </trkpt>
      <trkpt lat="39.5841" lon="2.41526">
        <ele>136.3</ele>
      </trkpt>
      <trkpt lat="39.58418" lon="2.41532">
        <ele>136.7</ele>
      </trkpt>
      <trkpt lat="39.58426" lon="2.41539">
        <ele>137.8</ele>
      </trkpt>
      <trkpt lat="39.58437" lon="2.41548">
        <ele>139.0</ele>
      </trkpt>
      <trkpt lat="39.58441" lon="2.41551">
        <ele>139.4</ele>
      </trkpt>
      <trkpt lat="39.58447" lon="2.41555">
        <ele>139.8</ele>
      </trkpt>
      <trkpt lat="39.58453" lon="2.41558">
        <ele>139.9</ele>
      </trkpt>
      <trkpt lat="39.58457" lon="2.4156">
        <ele>140.0</ele>
      </trkpt>
      <trkpt lat="39.58463" lon="2.41561">
        <ele>139.6</ele>
      </trkpt>
      <trkpt lat="39.58475" lon="2.41562">
        <ele>138.5</ele>
      </trkpt>
      <trkpt lat="39.58514" lon="2.41565">
        <ele>135.6</ele>
      </trkpt>
      <trkpt lat="39.5852" lon="2.41566">
        <ele>135.6</ele>
      </trkpt>
      <trkpt lat="39.58524" lon="2.41568">
        <ele>135.8</ele>
      </trkpt>
      <trkpt lat="39.58529" lon="2.4157">
        <ele>135.9</ele>
      </trkpt>
      <trkpt lat="39.58531" lon="2.41571">
        <ele>135.9</ele>
      </trkpt>
      <trkpt lat="39.58557" lon="2.41585">
        <ele>136.7</ele>
      </trkpt>
      <trkpt lat="39.58557" lon="2.41585">
        <ele>136.7</ele>
      </trkpt>
      <trkpt lat="39.58564" lon="2.41589">
        <ele>137.1</ele>
      </trkpt>
      <trkpt lat="39.5857" lon="2.41594">
        <ele>137.9</ele>
      </trkpt>
      <trkpt lat="39.5858" lon="2.41603">
        <ele>139.3</ele>
      </trkpt>
      <trkpt lat="39.58587" lon="2.4161">
        <ele>140.6</ele>
      </trkpt>
      <trkpt lat="39.58601" lon="2.41624">
        <ele>143.3</ele>
      </trkpt>
      <trkpt lat="39.58604" lon="2.41626">
        <ele>143.6</ele>
      </trkpt>
      <trkpt lat="39.58608" lon="2.4163">
        <ele>144.2</ele>
      </trkpt>
      <trkpt lat="39.58612" lon="2.41633">
        <ele>144.6</ele>
      </trkpt>
      <trkpt lat="39.58617" lon="2.41637">
        <ele>145.1</ele>
      </trkpt>
      <trkpt lat="39.58643" lon="2.41656">
        <ele>146.2</ele>
      </trkpt>
      <trkpt lat="39.58647" lon="2.41661">
        <ele>146.5</ele>
      </trkpt>
      <trkpt lat="39.58661" lon="2.41674">
        <ele>147.4</ele>
      </trkpt>
      <trkpt lat="39.58662" lon="2.41675">
        <ele>147.5</ele>
      </trkpt>
      <trkpt lat="39.58666" lon="2.41682">
        <ele>148.6</ele>
      </trkpt>
      <trkpt lat="39.58669" lon="2.41687">
        <ele>149.4</ele>
      </trkpt>
      <trkpt lat="39.58671" lon="2.41692">
        <ele>150.4</ele>
      </trkpt>
      <trkpt lat="39.58671" lon="2.41694">
        <ele>150.9</ele>
      </trkpt>
      <trkpt lat="39.58673" lon="2.41702">
        <ele>152.5</ele>
      </trkpt>
      <trkpt lat="39.58676" lon="2.41717">
        <ele>155.4</ele>
      </trkpt>
      <trkpt lat="39.58677" lon="2.41724">
        <ele>156.9</ele>
      </trkpt>
      <trkpt lat="39.5868" lon="2.4173">
        <ele>157.8</ele>
      </trkpt>
      <trkpt lat="39.58682" lon="2.41736">
        <ele>158.8</ele>
      </trkpt>
      <trkpt lat="39.58684" lon="2.41737">
        <ele>158.8</ele>
      </trkpt>
      <trkpt lat="39.58685" lon="2.41739">
        <ele>159.1</ele>
      </trkpt>
      <trkpt lat="39.58689" lon="2.41742">
        <ele>159.1</ele>
      </trkpt>
      <trkpt lat="39.58693" lon="2.41745">
        <ele>159.2</ele>
      </trkpt>
      <trkpt lat="39.587" lon="2.41748">
        <ele>158.8</ele>
      </trkpt>
      <trkpt lat="39.58708" lon="2.4175">
        <ele>158.0</ele>
      </trkpt>
      <trkpt lat="39.58717" lon="2.41752">
        <ele>157.4</ele>
      </trkpt>
      <trkpt lat="39.58735" lon="2.41755">
        <ele>155.7</ele>
      </trkpt>
      <trkpt lat="39.58736" lon="2.41755">
        <ele>155.6</ele>
      </trkpt>
      <trkpt lat="39.58739" lon="2.41755">
        <ele>155.1</ele>
      </trkpt>
      <trkpt lat="39.58742" lon="2.41757">
        <ele>155.3</ele>
      </trkpt>
      <trkpt lat="39.58745" lon="2.4176">
        <ele>155.8</ele>
      </trkpt>
      <trkpt lat="39.58747" lon="2.41763">
        <ele>156.5</ele>
      </trkpt>
      <trkpt lat="39.5875" lon="2.41767">
        <ele>157.3</ele>
      </trkpt>
      <trkpt lat="39.58763" lon="2.41783">
        <ele>161.7</ele>
      </trkpt>
      <trkpt lat="39.58764" lon="2.41785">
        <ele>162.3</ele>
      </trkpt>
      <trkpt lat="39.58769" lon="2.41789">
        <ele>163.4</ele>
      </trkpt>
      <trkpt lat="39.58774" lon="2.41792">
        <ele>164.1</ele>
      </trkpt>
      <trkpt lat="39.58778" lon="2.41794">
        <ele>164.6</ele>
      </trkpt>
      <trkpt lat="39.58784" lon="2.41797">
        <ele>165.3</ele>
      </trkpt>
      <trkpt lat="39.58793" lon="2.418">
        <ele>165.8</ele>
      </trkpt>
      <trkpt lat="39.58812" lon="2.4181">
        <ele>168.3</ele>
      </trkpt>
      <trkpt lat="39.58828" lon="2.41818">
        <ele>170.2</ele>
      </trkpt>
      <trkpt lat="39.58829" lon="2.41819">
        <ele>170.5</ele>
      </trkpt>
      <trkpt lat="39.58842" lon="2.41825">
        <ele>171.8</ele>
      </trkpt>
      <trkpt lat="39.58846" lon="2.41827">
        <ele>172.1</ele>
      </trkpt>
      <trkpt lat="39.58854" lon="2.41832">
        <ele>173.1</ele>
      </trkpt>
      <trkpt lat="39.58865" lon="2.41839">
        <ele>175.2</ele>
      </trkpt>
      <trkpt lat="39.58873" lon="2.41842">
        <ele>176.0</ele>
      </trkpt>
      <trkpt lat="39.58882" lon="2.41843">
        <ele>175.8</ele>
      </trkpt>
      <trkpt lat="39.58899" lon="2.41844">
        <ele>175.2</ele>
      </trkpt>
      <trkpt lat="39.58901" lon="2.41844">
        <ele>175.0</ele>
      </trkpt>
      <trkpt lat="39.58901" lon="2.41844">
        <ele>175.0</ele>
      </trkpt>
      <trkpt lat="39.58919" lon="2.41847">
        <ele>175.3</ele>
      </trkpt>
      <trkpt lat="39.58926" lon="2.41848">
        <ele>175.6</ele>
      </trkpt>
      <trkpt lat="39.58936" lon="2.41851">
        <ele>176.7</ele>
      </trkpt>
      <trkpt lat="39.58937" lon="2.41851">
        <ele>176.7</ele>
      </trkpt>
      <trkpt lat="39.58987" lon="2.41868">
        <ele>181.9</ele>
      </trkpt>
      <trkpt lat="39.59023" lon="2.41881">
        <ele>186.5</ele>
      </trkpt>
      <trkpt lat="39.5903" lon="2.41883">
        <ele>187.2</ele>
      </trkpt>
      <trkpt lat="39.59038" lon="2.41888">
        <ele>189.0</ele>
      </trkpt>
      <trkpt lat="39.59044" lon="2.41893">
        <ele>190.8</ele>
      </trkpt>
      <trkpt lat="39.59048" lon="2.41896">
        <ele>191.8</ele>
      </trkpt>
      <trkpt lat="39.59052" lon="2.41897">
        <ele>192.1</ele>
      </trkpt>
      <trkpt lat="39.59054" lon="2.41897">
        <ele>192.1</ele>
      </trkpt>
      <trkpt lat="39.59058" lon="2.41897">
        <ele>192.0</ele>
      </trkpt>
      <trkpt lat="39.59066" lon="2.41895">
        <ele>191.3</ele>
      </trkpt>
      <trkpt lat="39.59071" lon="2.41895">
        <ele>191.3</ele>
      </trkpt>
      <trkpt lat="39.59076" lon="2.41895">
        <ele>191.3</ele>
      </trkpt>
      <trkpt lat="39.5908" lon="2.41895">
        <ele>191.3</ele>
      </trkpt>
      <trkpt lat="39.59084" lon="2.41897">
        <ele>191.9</ele>
      </trkpt>
      <trkpt lat="39.5909" lon="2.41899">
        <ele>192.3</ele>
      </trkpt>
      <trkpt lat="39.59092" lon="2.419">
        <ele>192.6</ele>
      </trkpt>
      <trkpt lat="39.59109" lon="2.41907">
        <ele>194.4</ele>
      </trkpt>
      <trkpt lat="39.59126" lon="2.41914">
        <ele>196.2</ele>
      </trkpt>
      <trkpt lat="39.59143" lon="2.41921">
        <ele>198.6</ele>
      </trkpt>
      <trkpt lat="39.59148" lon="2.41923">
        <ele>199.3</ele>
      </trkpt>
      <trkpt lat="39.59155" lon="2.41925">
        <ele>200.0</ele>
      </trkpt>
      <trkpt lat="39.59161" lon="2.41926">
        <ele>200.3</ele>
      </trkpt>
      <trkpt lat="39.59175" lon="2.41925">
        <ele>199.6</ele>
      </trkpt>
      <trkpt lat="39.59182" lon="2.41924">
        <ele>199.1</ele>
      </trkpt>
      <trkpt lat="39.59191" lon="2.41922">
        <ele>198.2</ele>
      </trkpt>
      <trkpt lat="39.59195" lon="2.41921">
        <ele>197.8</ele>
      </trkpt>
      <trkpt lat="39.59196" lon="2.41921">
        <ele>197.8</ele>
      </trkpt>
      <trkpt lat="39.59204" lon="2.41922">
        <ele>198.1</ele>
      </trkpt>
      <trkpt lat="39.59214" lon="2.41923">
        <ele>198.5</ele>
      </trkpt>
      <trkpt lat="39.59218" lon="2.41924">
        <ele>198.8</ele>
      </trkpt>
      <trkpt lat="39.59228" lon="2.41927">
        <ele>199.9</ele>
      </trkpt>
      <trkpt lat="39.59231" lon="2.41928">
        <ele>200.2</ele>
      </trkpt>
      <trkpt lat="39.59233" lon="2.41931">
        <ele>201.3</ele>
      </trkpt>
      <trkpt lat="39.59234" lon="2.41931">
        <ele>201.3</ele>
      </trkpt>
      <trkpt lat="39.59234" lon="2.41931">
        <ele>201.3</ele>
      </trkpt>
      <trkpt lat="39.59236" lon="2.41934">
        <ele>202.3</ele>
      </trkpt>
      <trkpt lat="39.59237" lon="2.41936">
        <ele>203.0</ele>
      </trkpt>
      <trkpt lat="39.59239" lon="2.41938">
        <ele>203.7</ele>
      </trkpt>
      <trkpt lat="39.59242" lon="2.41939">
        <ele>204.0</ele>
      </trkpt>
      <trkpt lat="39.59246" lon="2.4194">
        <ele>204.2</ele>
      </trkpt>
      <trkpt lat="39.59249" lon="2.4194">
        <ele>204.1</ele>
      </trkpt>
      <trkpt lat="39.59263" lon="2.4194">
        <ele>205.8</ele>
      </trkpt>
      <trkpt lat="39.59267" lon="2.4194">
        <ele>206.3</ele>
      </trkpt>
      <trkpt lat="39.59285" lon="2.41941">
        <ele>209.0</ele>
      </trkpt>
      <trkpt lat="39.59298" lon="2.41942">
        <ele>211.1</ele>
      </trkpt>
      <trkpt lat="39.59312" lon="2.41944">
        <ele>213.7</ele>
      </trkpt>
      <trkpt lat="39.5932" lon="2.41945">
        <ele>215.1</ele>
      </trkpt>
      <trkpt lat="39.59323" lon="2.41945">
        <ele>215.5</ele>
      </trkpt>
      <trkpt lat="39.59328" lon="2.41943">
        <ele>215.4</ele>
      </trkpt>
      <trkpt lat="39.59332" lon="2.4194">
        <ele>214.8</ele>
      </trkpt>
      <trkpt lat="39.59339" lon="2.41934">
        <ele>214.2</ele>
      </trkpt>
      <trkpt lat="39.59342" lon="2.4193">
        <ele>213.5</ele>
      </trkpt>
      <trkpt lat="39.59344" lon="2.41927">
        <ele>212.9</ele>
      </trkpt>
      <trkpt lat="39.59354" lon="2.41916">
        <ele>211.5</ele>
      </trkpt>
      <trkpt lat="39.5936" lon="2.4191">
        <ele>211.4</ele>
      </trkpt>
      <trkpt lat="39.59362" lon="2.41908">
        <ele>211.3</ele>
      </trkpt>
      <trkpt lat="39.59375" lon="2.41899">
        <ele>211.9</ele>
      </trkpt>
      <trkpt lat="39.59391" lon="2.41887">
        <ele>211.7</ele>
      </trkpt>
      <trkpt lat="39.59393" lon="2.41886">
        <ele>211.8</ele>
      </trkpt>
      <trkpt lat="39.59395" lon="2.41884">
        <ele>211.6</ele>
      </trkpt>
      <trkpt lat="39.59396" lon="2.41884">
        <ele>211.8</ele>
      </trkpt>
      <trkpt lat="39.59398" lon="2.41883">
        <ele>211.9</ele>
      </trkpt>
      <trkpt lat="39.59399" lon="2.41883">
        <ele>212.1</ele>
      </trkpt>
      <trkpt lat="39.594" lon="2.41883">
        <ele>212.4</ele>
      </trkpt>
      <trkpt lat="39.59401" lon="2.41883">
        <ele>212.6</ele>
      </trkpt>
      <trkpt lat="39.59402" lon="2.41883">
        <ele>212.8</ele>
      </trkpt>
      <trkpt lat="39.59409" lon="2.41882">
        <ele>214.0</ele>
      </trkpt>
      <trkpt lat="39.5941" lon="2.41882">
        <ele>214.2</ele>
      </trkpt>
      <trkpt lat="39.5942" lon="2.4188">
        <ele>215.1</ele>
      </trkpt>
      <trkpt lat="39.59426" lon="2.41878">
        <ele>214.5</ele>
      </trkpt>
      <trkpt lat="39.59437" lon="2.41878">
        <ele>215.0</ele>
      </trkpt>
      <trkpt lat="39.59444" lon="2.4188">
        <ele>216.0</ele>
      </trkpt>
      <trkpt lat="39.59447" lon="2.4188">
        <ele>216.1</ele>
      </trkpt>
      <trkpt lat="39.59457" lon="2.41886">
        <ele>218.6</ele>
      </trkpt>
      <trkpt lat="39.59461" lon="2.41888">
        <ele>219.4</ele>
      </trkpt>
      <trkpt lat="39.59463" lon="2.41889">
        <ele>219.9</ele>
      </trkpt>
      <trkpt lat="39.59474" lon="2.41899">
        <ele>223.6</ele>
      </trkpt>
      <trkpt lat="39.59476" lon="2.41901">
        <ele>224.4</ele>
      </trkpt>
      <trkpt lat="39.59481" lon="2.41909">
        <ele>227.2</ele>
      </trkpt>
      <trkpt lat="39.59488" lon="2.41918">
        <ele>230.3</ele>
      </trkpt>
      <trkpt lat="39.59493" lon="2.41924">
        <ele>232.2</ele>
      </trkpt>
      <trkpt lat="39.59502" lon="2.41933">
        <ele>235.1</ele>
      </trkpt>
      <trkpt lat="39.59508" lon="2.4194">
        <ele>237.4</ele>
      </trkpt>
      <trkpt lat="39.59513" lon="2.41942">
        <ele>238.1</ele>
      </trkpt>
      <trkpt lat="39.59517" lon="2.41942">
        <ele>238.2</ele>
      </trkpt>
      <trkpt lat="39.59518" lon="2.41942">
        <ele>238.2</ele>
      </trkpt>
      <trkpt lat="39.59522" lon="2.41942">
        <ele>238.3</ele>
      </trkpt>
      <trkpt lat="39.59529" lon="2.41935">
        <ele>236.3</ele>
      </trkpt>
      <trkpt lat="39.59532" lon="2.41931">
        <ele>235.1</ele>
      </trkpt>
      <trkpt lat="39.59537" lon="2.41922">
        <ele>232.5</ele>
      </trkpt>
      <trkpt lat="39.59543" lon="2.41912">
        <ele>229.5</ele>
      </trkpt>
      <trkpt lat="39.59544" lon="2.41911">
        <ele>229.2</ele>
      </trkpt>
      <trkpt lat="39.5955" lon="2.41905">
        <ele>227.3</ele>
      </trkpt>
      <trkpt lat="39.59553" lon="2.41903">
        <ele>226.7</ele>
      </trkpt>
      <trkpt lat="39.59557" lon="2.41904">
        <ele>227.2</ele>
      </trkpt>
      <trkpt lat="39.5957" lon="2.41912">
        <ele>230.1</ele>
      </trkpt>
      <trkpt lat="39.59575" lon="2.41915">
        <ele>231.2</ele>
      </trkpt>
      <trkpt lat="39.59582" lon="2.41919">
        <ele>232.6</ele>
      </trkpt>
      <trkpt lat="39.5959" lon="2.41927">
        <ele>235.3</ele>
      </trkpt>
      <trkpt lat="39.59594" lon="2.41931">
        <ele>236.6</ele>
      </trkpt>
      <trkpt lat="39.59599" lon="2.41938">
        <ele>239.0</ele>
      </trkpt>
      <trkpt lat="39.59603" lon="2.41943">
        <ele>240.7</ele>
      </trkpt>
      <trkpt lat="39.59606" lon="2.41947">
        <ele>242.1</ele>
      </trkpt>
      <trkpt lat="39.59612" lon="2.41951">
        <ele>243.6</ele>
      </trkpt>
      <trkpt lat="39.59617" lon="2.41951">
        <ele>243.9</ele>
      </trkpt>
      <trkpt lat="39.59624" lon="2.41951">
        <ele>244.4</ele>
      </trkpt>
      <trkpt lat="39.59636" lon="2.41948">
        <ele>244.1</ele>
      </trkpt>
      <trkpt lat="39.59644" lon="2.41945">
        <ele>243.6</ele>
      </trkpt>
      <trkpt lat="39.59654" lon="2.41939">
        <ele>242.1</ele>
      </trkpt>
      <trkpt lat="39.59657" lon="2.41937">
        <ele>241.6</ele>
      </trkpt>
      <trkpt lat="39.59664" lon="2.41931">
        <ele>239.9</ele>
      </trkpt>
      <trkpt lat="39.59669" lon="2.41928">
        <ele>238.9</ele>
      </trkpt>
      <trkpt lat="39.59669" lon="2.41927">
        <ele>238.5</ele>
      </trkpt>
      <trkpt lat="39.59672" lon="2.41925">
        <ele>237.8</ele>
      </trkpt>
      <trkpt lat="39.59675" lon="2.41923">
        <ele>237.0</ele>
      </trkpt>
      <trkpt lat="39.5968" lon="2.41923">
        <ele>236.9</ele>
      </trkpt>
      <trkpt lat="39.59686" lon="2.41924">
        <ele>237.1</ele>
      </trkpt>
      <trkpt lat="39.59692" lon="2.41925">
        <ele>237.3</ele>
      </trkpt>
      <trkpt lat="39.597" lon="2.41928">
        <ele>238.1</ele>
      </trkpt>
      <trkpt lat="39.59705" lon="2.41932">
        <ele>239.4</ele>
      </trkpt>
      <trkpt lat="39.59713" lon="2.41935">
        <ele>240.3</ele>
      </trkpt>
      <trkpt lat="39.59723" lon="2.41938">
        <ele>241.1</ele>
      </trkpt>
      <trkpt lat="39.59731" lon="2.41942">
        <ele>242.3</ele>
      </trkpt>
      <trkpt lat="39.59739" lon="2.41945">
        <ele>243.1</ele>
      </trkpt>
      <trkpt lat="39.59754" lon="2.4195">
        <ele>244.7</ele>
      </trkpt>
      <trkpt lat="39.59771" lon="2.41957">
        <ele>247.2</ele>
      </trkpt>
      <trkpt lat="39.59772" lon="2.41957">
        <ele>247.2</ele>
      </trkpt>
      <trkpt lat="39.59785" lon="2.41961">
        <ele>248.6</ele>
      </trkpt>
      <trkpt lat="39.59789" lon="2.41962">
        <ele>248.9</ele>
      </trkpt>
      <trkpt lat="39.59793" lon="2.41963">
        <ele>249.2</ele>
      </trkpt>
      <trkpt lat="39.59805" lon="2.41965">
        <ele>249.9</ele>
      </trkpt>
      <trkpt lat="39.59807" lon="2.41965">
        <ele>249.9</ele>
      </trkpt>
      <trkpt lat="39.59821" lon="2.41965">
        <ele>249.9</ele>
      </trkpt>
      <trkpt lat="39.59825" lon="2.41965">
        <ele>249.9</ele>
      </trkpt>
      <trkpt lat="39.59832" lon="2.41964">
        <ele>249.6</ele>
      </trkpt>
      <trkpt lat="39.59841" lon="2.41963">
        <ele>250.1</ele>
      </trkpt>
      <trkpt lat="39.59855" lon="2.41961">
        <ele>250.8</ele>
      </trkpt>
      <trkpt lat="39.59861" lon="2.41961">
        <ele>251.4</ele>
      </trkpt>
      <trkpt lat="39.59867" lon="2.41962">
        <ele>252.2</ele>
      </trkpt>
      <trkpt lat="39.59879" lon="2.41962">
        <ele>253.3</ele>
      </trkpt>
      <trkpt lat="39.5988" lon="2.41962">
        <ele>253.4</ele>
      </trkpt>
      <trkpt lat="39.59887" lon="2.41962">
        <ele>254.0</ele>
      </trkpt>
      <trkpt lat="39.59894" lon="2.41963">
        <ele>254.9</ele>
      </trkpt>
      <trkpt lat="39.59897" lon="2.41964">
        <ele>255.4</ele>
      </trkpt>
      <trkpt lat="39.599" lon="2.41965">
        <ele>255.9</ele>
      </trkpt>
      <trkpt lat="39.59904" lon="2.41968">
        <ele>257.0</ele>
      </trkpt>
      <trkpt lat="39.59909" lon="2.41971">
        <ele>258.1</ele>
      </trkpt>
      <trkpt lat="39.59911" lon="2.41972">
        <ele>258.5</ele>
      </trkpt>
      <trkpt lat="39.59915" lon="2.41974">
        <ele>259.3</ele>
      </trkpt>
      <trkpt lat="39.59916" lon="2.41975">
        <ele>259.5</ele>
      </trkpt>
      <trkpt lat="39.59917" lon="2.41976">
        <ele>259.8</ele>
      </trkpt>
      <trkpt lat="39.59919" lon="2.41975">
        <ele>259.7</ele>
      </trkpt>
      <trkpt lat="39.59922" lon="2.41975">
        <ele>259.8</ele>
      </trkpt>
      <trkpt lat="39.59924" lon="2.41975">
        <ele>259.9</ele>
      </trkpt>
      <trkpt lat="39.59942" lon="2.41986">
        <ele>262.6</ele>
      </trkpt>
      <trkpt lat="39.59943" lon="2.41987">
        <ele>262.8</ele>
      </trkpt>
      <trkpt lat="39.59955" lon="2.41994">
        <ele>264.1</ele>
      </trkpt>
      <trkpt lat="39.59958" lon="2.41995">
        <ele>264.3</ele>
      </trkpt>
      <trkpt lat="39.59959" lon="2.41995">
        <ele>264.3</ele>
      </trkpt>
      <trkpt lat="39.5996" lon="2.41995">
        <ele>264.3</ele>
      </trkpt>
      <trkpt lat="39.59964" lon="2.41995">
        <ele>264.3</ele>
      </trkpt>
      <trkpt lat="39.59968" lon="2.41994">
        <ele>264.2</ele>
      </trkpt>
      <trkpt lat="39.59972" lon="2.41993">
        <ele>264.2</ele>
      </trkpt>
      <trkpt lat="39.59976" lon="2.4199">
        <ele>263.9</ele>
      </trkpt>
      <trkpt lat="39.5998" lon="2.41987">
        <ele>263.6</ele>
      </trkpt>
      <trkpt lat="39.59987" lon="2.4198">
        <ele>263.1</ele>
      </trkpt>
      <trkpt lat="39.59991" lon="2.41976">
        <ele>262.9</ele>
      </trkpt>
      <trkpt lat="39.59997" lon="2.41968">
        <ele>262.5</ele>
      </trkpt>
      <trkpt lat="39.60003" lon="2.41959">
        <ele>262.8</ele>
      </trkpt>
      <trkpt lat="39.60003" lon="2.41958">
        <ele>262.7</ele>
      </trkpt>
      <trkpt lat="39.60008" lon="2.41947">
        <ele>263.2</ele>
      </trkpt>
      <trkpt lat="39.60011" lon="2.41938">
        <ele>263.2</ele>
      </trkpt>
      <trkpt lat="39.60012" lon="2.41934">
        <ele>263.1</ele>
      </trkpt>
      <trkpt lat="39.60015" lon="2.41917">
        <ele>262.5</ele>
      </trkpt>
      <trkpt lat="39.60016" lon="2.41906">
        <ele>261.9</ele>
      </trkpt>
      <trkpt lat="39.60016" lon="2.419">
        <ele>261.4</ele>
      </trkpt>
      <trkpt lat="39.60018" lon="2.41895">
        <ele>261.5</ele>
      </trkpt>
      <trkpt lat="39.60021" lon="2.41891">
        <ele>261.9</ele>
      </trkpt>
      <trkpt lat="39.60024" lon="2.41887">
        <ele>262.2</ele>
      </trkpt>
      <trkpt lat="39.6003" lon="2.41882">
        <ele>263.2</ele>
      </trkpt>
      <trkpt lat="39.60034" lon="2.41881">
        <ele>264.0</ele>
      </trkpt>
      <trkpt lat="39.60052" lon="2.41875">
        <ele>267.5</ele>
      </trkpt>
      <trkpt lat="39.60069" lon="2.41869">
        <ele>270.8</ele>
      </trkpt>
      <trkpt lat="39.60079" lon="2.41866">
        <ele>272.8</ele>
      </trkpt>
      <trkpt lat="39.60082" lon="2.41864">
        <ele>273.3</ele>
      </trkpt>
      <trkpt lat="39.60086" lon="2.41862">
        <ele>274.2</ele>
      </trkpt>
      <trkpt lat="39.60089" lon="2.41858">
        <ele>274.7</ele>
      </trkpt>
      <trkpt lat="39.60092" lon="2.41853">
        <ele>275.1</ele>
      </trkpt>
      <trkpt lat="39.60093" lon="2.41848">
        <ele>275.0</ele>
      </trkpt>
      <trkpt lat="39.60094" lon="2.41842">
        <ele>274.9</ele>
      </trkpt>
      <trkpt lat="39.60098" lon="2.41819">
        <ele>275.8</ele>
      </trkpt>
      <trkpt lat="39.60098" lon="2.41818">
        <ele>275.8</ele>
      </trkpt>
      <trkpt lat="39.60099" lon="2.4181">
        <ele>276.3</ele>
      </trkpt>
      <trkpt lat="39.60101" lon="2.41804">
        <ele>277.0</ele>
      </trkpt>
      <trkpt lat="39.60104" lon="2.41798">
        <ele>278.0</ele>
      </trkpt>
      <trkpt lat="39.60104" lon="2.41797">
        <ele>278.0</ele>
      </trkpt>
      <trkpt lat="39.60104" lon="2.41797">
        <ele>278.0</ele>
      </trkpt>
      <trkpt lat="39.60128" lon="2.4178">
        <ele>284.6</ele>
      </trkpt>
      <trkpt lat="39.60152" lon="2.41762">
        <ele>290.6</ele>
      </trkpt>
      <trkpt lat="39.60154" lon="2.41759">
        <ele>291.1</ele>
      </trkpt>
      <trkpt lat="39.60156" lon="2.41756">
        <ele>291.5</ele>
      </trkpt>
      <trkpt lat="39.60157" lon="2.41754">
        <ele>291.8</ele>
      </trkpt>
      <trkpt lat="39.60157" lon="2.41752">
        <ele>291.7</ele>
      </trkpt>
      <trkpt lat="39.60159" lon="2.41749">
        <ele>292.4</ele>
      </trkpt>
      <trkpt lat="39.6017" lon="2.41738">
        <ele>297.5</ele>
      </trkpt>
      <trkpt lat="39.6017" lon="2.41738">
        <ele>297.5</ele>
      </trkpt>
      <trkpt lat="39.60169" lon="2.41744">
        <ele>295.9</ele>
      </trkpt>
      <trkpt lat="39.60169" lon="2.41748">
        <ele>294.9</ele>
      </trkpt>
      <trkpt lat="39.60168" lon="2.41751">
        <ele>294.3</ele>
      </trkpt>
      <trkpt lat="39.60167" lon="2.41756">
        <ele>294.2</ele>
      </trkpt>
      <trkpt lat="39.60166" lon="2.41759">
        <ele>294.1</ele>
      </trkpt>
      <trkpt lat="39.60166" lon="2.4176">
        <ele>294.1</ele>
      </trkpt>
      <trkpt lat="39.60164" lon="2.41764">
        <ele>293.7</ele>
      </trkpt>
      <trkpt lat="39.60155" lon="2.41775">
        <ele>291.6</ele>
      </trkpt>
      <trkpt lat="39.60153" lon="2.41777">
        <ele>291.1</ele>
      </trkpt>
      <trkpt lat="39.6014" lon="2.41792">
        <ele>287.8</ele>
      </trkpt>
      <trkpt lat="39.60139" lon="2.41793">
        <ele>287.5</ele>
      </trkpt>
      <trkpt lat="39.60136" lon="2.41797">
        <ele>286.7</ele>
      </trkpt>
      <trkpt lat="39.60134" lon="2.41801">
        <ele>286.2</ele>
      </trkpt>
      <trkpt lat="39.60133" lon="2.41804">
        <ele>285.9</ele>
      </trkpt>
      <trkpt lat="39.60132" lon="2.41807">
        <ele>285.6</ele>
      </trkpt>
      <trkpt lat="39.60132" lon="2.41809">
        <ele>285.6</ele>
      </trkpt>
      <trkpt lat="39.60132" lon="2.41811">
        <ele>285.6</ele>
      </trkpt>
      <trkpt lat="39.60132" lon="2.41812">
        <ele>285.6</ele>
      </trkpt>
      <trkpt lat="39.60132" lon="2.41813">
        <ele>285.6</ele>
      </trkpt>
      <trkpt lat="39.60132" lon="2.41814">
        <ele>285.6</ele>
      </trkpt>
      <trkpt lat="39.60132" lon="2.41816">
        <ele>285.6</ele>
      </trkpt>
      <trkpt lat="39.60133" lon="2.41817">
        <ele>285.9</ele>
      </trkpt>
      <trkpt lat="39.60134" lon="2.41818">
        <ele>286.2</ele>
      </trkpt>
      <trkpt lat="39.60136" lon="2.41822">
        <ele>286.8</ele>
      </trkpt>
      <trkpt lat="39.60136" lon="2.41822">
        <ele>286.8</ele>
      </trkpt>
      <trkpt lat="39.60136" lon="2.41821">
        <ele>286.8</ele>
      </trkpt>
      <trkpt lat="39.60137" lon="2.41817">
        <ele>287.1</ele>
      </trkpt>
      <trkpt lat="39.60138" lon="2.41813">
        <ele>287.3</ele>
      </trkpt>
      <trkpt lat="39.60144" lon="2.41804">
        <ele>289.0</ele>
      </trkpt>
      <trkpt lat="39.60149" lon="2.41797">
        <ele>290.3</ele>
      </trkpt>
      <trkpt lat="39.60156" lon="2.41791">
        <ele>292.1</ele>
      </trkpt>
      <trkpt lat="39.60169" lon="2.41782">
        <ele>295.2</ele>
      </trkpt>
      <trkpt lat="39.60174" lon="2.41779">
        <ele>296.1</ele>
      </trkpt>
      <trkpt lat="39.60176" lon="2.41777">
        <ele>296.4</ele>
      </trkpt>
      <trkpt lat="39.60186" lon="2.41773">
        <ele>298.1</ele>
      </trkpt>
      <trkpt lat="39.60205" lon="2.41766">
        <ele>301.2</ele>
      </trkpt>
      <trkpt lat="39.60221" lon="2.41759">
        <ele>303.6</ele>
      </trkpt>
      <trkpt lat="39.60225" lon="2.41756">
        <ele>304.1</ele>
      </trkpt>
      <trkpt lat="39.60229" lon="2.41753">
        <ele>304.7</ele>
      </trkpt>
      <trkpt lat="39.60235" lon="2.41744">
        <ele>306.5</ele>
      </trkpt>
      <trkpt lat="39.60238" lon="2.41735">
        <ele>308.4</ele>
      </trkpt>
      <trkpt lat="39.6024" lon="2.41726">
        <ele>310.1</ele>
      </trkpt>
      <trkpt lat="39.6024" lon="2.41718">
        <ele>311.3</ele>
      </trkpt>
      <trkpt lat="39.6024" lon="2.41717">
        <ele>311.5</ele>
      </trkpt>
      <trkpt lat="39.6024" lon="2.41707">
        <ele>313.1</ele>
      </trkpt>
      <trkpt lat="39.60239" lon="2.417">
        <ele>314.1</ele>
      </trkpt>
      <trkpt lat="39.60237" lon="2.41694">
        <ele>314.8</ele>
      </trkpt>
      <trkpt lat="39.60232" lon="2.41687">
        <ele>315.5</ele>
      </trkpt>
      <trkpt lat="39.60226" lon="2.41681">
        <ele>316.0</ele>
      </trkpt>
      <trkpt lat="39.60223" lon="2.41679">
        <ele>316.2</ele>
      </trkpt>
      <trkpt lat="39.60217" lon="2.41676">
        <ele>316.3</ele>
      </trkpt>
      <trkpt lat="39.60211" lon="2.41676">
        <ele>315.8</ele>
      </trkpt>
      <trkpt lat="39.60188" lon="2.41677">
        <ele>314.0</ele>
      </trkpt>
      <trkpt lat="39.60181" lon="2.41677">
        <ele>313.4</ele>
      </trkpt>
      <trkpt lat="39.60172" lon="2.41676">
        <ele>313.0</ele>
      </trkpt>
      <trkpt lat="39.6017" lon="2.41676">
        <ele>312.9</ele>
      </trkpt>
      <trkpt lat="39.60167" lon="2.41676">
        <ele>312.7</ele>
      </trkpt>
      <trkpt lat="39.60153" lon="2.41671">
        <ele>310.3</ele>
      </trkpt>
      <trkpt lat="39.60152" lon="2.4167">
        <ele>310.3</ele>
      </trkpt>
      <trkpt lat="39.60145" lon="2.41666">
        <ele>309.4</ele>
      </trkpt>
      <trkpt lat="39.6014" lon="2.41663">
        <ele>308.4</ele>
      </trkpt>
      <trkpt lat="39.60135" lon="2.41658">
        <ele>307.6</ele>
      </trkpt>
      <trkpt lat="39.6013" lon="2.41652">
        <ele>306.9</ele>
      </trkpt>
      <trkpt lat="39.60125" lon="2.41645">
        <ele>306.2</ele>
      </trkpt>
      <trkpt lat="39.60124" lon="2.41643">
        <ele>306.1</ele>
      </trkpt>
      <trkpt lat="39.60121" lon="2.4164">
        <ele>305.5</ele>
      </trkpt>
      <trkpt lat="39.60119" lon="2.41634">
        <ele>305.5</ele>
      </trkpt>
      <trkpt lat="39.60118" lon="2.41628">
        <ele>305.8</ele>
      </trkpt>
      <trkpt lat="39.60118" lon="2.41622">
        <ele>306.3</ele>
      </trkpt>
      <trkpt lat="39.60118" lon="2.4162">
        <ele>306.5</ele>
      </trkpt>
      <trkpt lat="39.60118" lon="2.41612">
        <ele>307.2</ele>
      </trkpt>
      <trkpt lat="39.60119" lon="2.41606">
        <ele>308.1</ele>
      </trkpt>
      <trkpt lat="39.60144" lon="2.41511">
        <ele>314.1</ele>
      </trkpt>
      <trkpt lat="39.6016" lon="2.4145">
        <ele>317.6</ele>
      </trkpt>
      <trkpt lat="39.60166" lon="2.41423">
        <ele>319.0</ele>
      </trkpt>
      <trkpt lat="39.60169" lon="2.41399">
        <ele>321.2</ele>
      </trkpt>
      <trkpt lat="39.6017" lon="2.41394">
        <ele>321.9</ele>
      </trkpt>
      <trkpt lat="39.60171" lon="2.41376">
        <ele>323.4</ele>
      </trkpt>
      <trkpt lat="39.60171" lon="2.41371">
        <ele>323.7</ele>
      </trkpt>
      <trkpt lat="39.60171" lon="2.41363">
        <ele>324.2</ele>
      </trkpt>
      <trkpt lat="39.60169" lon="2.41355">
        <ele>324.1</ele>
      </trkpt>
      <trkpt lat="39.60169" lon="2.41348">
        <ele>324.6</ele>
      </trkpt>
      <trkpt lat="39.60161" lon="2.41314">
        <ele>325.0</ele>
      </trkpt>
      <trkpt lat="39.60155" lon="2.41285">
        <ele>325.8</ele>
      </trkpt>
      <trkpt lat="39.60154" lon="2.41279">
        <ele>326.0</ele>
      </trkpt>
      <trkpt lat="39.60152" lon="2.41271">
        <ele>326.1</ele>
      </trkpt>
      <trkpt lat="39.60152" lon="2.41262">
        <ele>327.0</ele>
      </trkpt>
      <trkpt lat="39.60153" lon="2.41252">
        <ele>328.2</ele>
      </trkpt>
      <trkpt lat="39.60154" lon="2.41246">
        <ele>328.4</ele>
      </trkpt>
      <trkpt lat="39.60156" lon="2.41241">
        <ele>328.6</ele>
      </trkpt>
      <trkpt lat="39.60158" lon="2.41236">
        <ele>328.9</ele>
      </trkpt>
      <trkpt lat="39.60204" lon="2.4118">
        <ele>334.8</ele>
      </trkpt>
      <trkpt lat="39.6022" lon="2.41162">
        <ele>337.2</ele>
      </trkpt>
      <trkpt lat="39.60234" lon="2.41145">
        <ele>337.9</ele>
      </trkpt>
      <trkpt lat="39.60235" lon="2.41144">
        <ele>337.9</ele>
      </trkpt>
      <trkpt lat="39.60248" lon="2.41128">
        <ele>338.1</ele>
      </trkpt>
      <trkpt lat="39.60249" lon="2.41127">
        <ele>338.1</ele>
      </trkpt>
      <trkpt lat="39.60262" lon="2.41113">
        <ele>339.0</ele>
      </trkpt>
      <trkpt lat="39.60266" lon="2.41107">
        <ele>339.2</ele>
      </trkpt>
      <trkpt lat="39.60283" lon="2.4109">
        <ele>341.4</ele>
      </trkpt>
      <trkpt lat="39.60299" lon="2.41072">
        <ele>343.2</ele>
      </trkpt>
      <trkpt lat="39.60322" lon="2.41042">
        <ele>344.1</ele>
      </trkpt>
      <trkpt lat="39.6034" lon="2.41016">
        <ele>344.0</ele>
      </trkpt>
      <trkpt lat="39.60341" lon="2.41014">
        <ele>343.9</ele>
      </trkpt>
      <trkpt lat="39.60351" lon="2.40998">
        <ele>343.9</ele>
      </trkpt>
      <trkpt lat="39.60353" lon="2.40994">
        <ele>344.1</ele>
      </trkpt>
      <trkpt lat="39.60362" lon="2.4098">
        <ele>345.1</ele>
      </trkpt>
      <trkpt lat="39.60374" lon="2.40962">
        <ele>346.2</ele>
      </trkpt>
      <trkpt lat="39.60374" lon="2.40961">
        <ele>346.1</ele>
      </trkpt>
      <trkpt lat="39.6038" lon="2.40954">
        <ele>346.7</ele>
      </trkpt>
      <trkpt lat="39.60386" lon="2.40945">
        <ele>347.1</ele>
      </trkpt>
      <trkpt lat="39.60392" lon="2.40939">
        <ele>347.7</ele>
      </trkpt>
      <trkpt lat="39.60397" lon="2.40936">
        <ele>348.4</ele>
      </trkpt>
      <trkpt lat="39.60406" lon="2.40931">
        <ele>349.8</ele>
      </trkpt>
      <trkpt lat="39.60421" lon="2.40924">
        <ele>351.6</ele>
      </trkpt>
      <trkpt lat="39.60436" lon="2.40919">
        <ele>352.3</ele>
      </trkpt>
      <trkpt lat="39.60446" lon="2.40915">
        <ele>352.8</ele>
      </trkpt>
      <trkpt lat="39.60461" lon="2.40909">
        <ele>353.8</ele>
      </trkpt>
      <trkpt lat="39.60481" lon="2.40907">
        <ele>355.3</ele>
      </trkpt>
      <trkpt lat="39.60486" lon="2.40906">
        <ele>355.6</ele>
      </trkpt>
      <trkpt lat="39.60492" lon="2.40907">
        <ele>356.1</ele>
      </trkpt>
      <trkpt lat="39.60497" lon="2.40908">
        <ele>356.6</ele>
      </trkpt>
      <trkpt lat="39.60506" lon="2.40914">
        <ele>357.3</ele>
      </trkpt>
      <trkpt lat="39.6052" lon="2.40922">
        <ele>358.2</ele>
      </trkpt>
      <trkpt lat="39.60531" lon="2.4093">
        <ele>359.9</ele>
      </trkpt>
      <trkpt lat="39.60537" lon="2.40935">
        <ele>361.1</ele>
      </trkpt>
      <trkpt lat="39.60547" lon="2.40942">
        <ele>362.8</ele>
      </trkpt>
      <trkpt lat="39.60562" lon="2.40948">
        <ele>364.3</ele>
      </trkpt>
      <trkpt lat="39.60579" lon="2.40954">
        <ele>366.0</ele>
      </trkpt>
      <trkpt lat="39.60596" lon="2.40961">
        <ele>368.1</ele>
      </trkpt>
      <trkpt lat="39.60614" lon="2.40968">
        <ele>370.2</ele>
      </trkpt>
      <trkpt lat="39.60631" lon="2.40974">
        <ele>372.0</ele>
      </trkpt>
      <trkpt lat="39.60632" lon="2.40975">
        <ele>372.4</ele>
      </trkpt>
      <trkpt lat="39.60643" lon="2.40977">
        <ele>372.9</ele>
      </trkpt>
      <trkpt lat="39.60649" lon="2.40977">
        <ele>372.8</ele>
      </trkpt>
      <trkpt lat="39.60653" lon="2.40974">
        <ele>371.6</ele>
      </trkpt>
      <trkpt lat="39.60666" lon="2.40968">
        <ele>369.1</ele>
      </trkpt>
      <trkpt lat="39.60675" lon="2.40965">
        <ele>366.3</ele>
      </trkpt>
      <trkpt lat="39.60683" lon="2.40962">
        <ele>363.5</ele>
      </trkpt>
      <trkpt lat="39.60684" lon="2.40962">
        <ele>363.3</ele>
      </trkpt>
      <trkpt lat="39.60692" lon="2.40961">
        <ele>361.2</ele>
      </trkpt>
      <trkpt lat="39.60697" lon="2.40959">
        <ele>359.4</ele>
      </trkpt>
      <trkpt lat="39.60703" lon="2.40959">
        <ele>358.1</ele>
      </trkpt>
      <trkpt lat="39.60711" lon="2.40961">
        <ele>357.2</ele>
      </trkpt>
      <trkpt lat="39.60718" lon="2.40964">
        <ele>357.0</ele>
      </trkpt>
      <trkpt lat="39.60723" lon="2.40966">
        <ele>356.7</ele>
      </trkpt>
      <trkpt lat="39.6073" lon="2.4097">
        <ele>356.9</ele>
      </trkpt>
      <trkpt lat="39.60737" lon="2.40977">
        <ele>358.2</ele>
      </trkpt>
      <trkpt lat="39.60745" lon="2.40985">
        <ele>359.9</ele>
      </trkpt>
      <trkpt lat="39.60748" lon="2.4099">
        <ele>361.3</ele>
      </trkpt>
      <trkpt lat="39.60753" lon="2.40998">
        <ele>363.6</ele>
      </trkpt>
      <trkpt lat="39.60756" lon="2.41001">
        <ele>364.2</ele>
      </trkpt>
      <trkpt lat="39.60757" lon="2.41003">
        <ele>364.5</ele>
      </trkpt>
      <trkpt lat="39.6076" lon="2.41005">
        <ele>364.5</ele>
      </trkpt>
      <trkpt lat="39.60761" lon="2.41005">
        <ele>364.3</ele>
      </trkpt>
      <trkpt lat="39.60762" lon="2.41006">
        <ele>364.4</ele>
      </trkpt>
      <trkpt lat="39.60767" lon="2.41006">
        <ele>363.5</ele>
      </trkpt>
      <trkpt lat="39.60772" lon="2.41006">
        <ele>362.6</ele>
      </trkpt>
      <trkpt lat="39.60779" lon="2.41005">
        <ele>361.1</ele>
      </trkpt>
      <trkpt lat="39.6081" lon="2.41">
        <ele>354.2</ele>
      </trkpt>
      <trkpt lat="39.60814" lon="2.41001">
        <ele>353.7</ele>
      </trkpt>
      <trkpt lat="39.60815" lon="2.41001">
        <ele>353.6</ele>
      </trkpt>
      <trkpt lat="39.60824" lon="2.41004">
        <ele>352.7</ele>
      </trkpt>
      <trkpt lat="39.60828" lon="2.41007">
        <ele>352.8</ele>
      </trkpt>
      <trkpt lat="39.6083" lon="2.4101">
        <ele>353.2</ele>
      </trkpt>
      <trkpt lat="39.60833" lon="2.41013">
        <ele>353.5</ele>
      </trkpt>
      <trkpt lat="39.60842" lon="2.41028">
        <ele>355.1</ele>
      </trkpt>
      <trkpt lat="39.60853" lon="2.41047">
        <ele>357.3</ele>
      </trkpt>
      <trkpt lat="39.60859" lon="2.41056">
        <ele>358.2</ele>
      </trkpt>
      <trkpt lat="39.60863" lon="2.41062">
        <ele>358.8</ele>
      </trkpt>
      <trkpt lat="39.6087" lon="2.41067">
        <ele>358.4</ele>
      </trkpt>
      <trkpt lat="39.60882" lon="2.41073">
        <ele>356.9</ele>
      </trkpt>
      <trkpt lat="39.60914" lon="2.41092">
        <ele>353.8</ele>
      </trkpt>
      <trkpt lat="39.60931" lon="2.41101">
        <ele>351.3</ele>
      </trkpt>
      <trkpt lat="39.60944" lon="2.41109">
        <ele>349.6</ele>
      </trkpt>
      <trkpt lat="39.60947" lon="2.41111">
        <ele>349.3</ele>
      </trkpt>
      <trkpt lat="39.60948" lon="2.41112">
        <ele>349.2</ele>
      </trkpt>
      <trkpt lat="39.60953" lon="2.41118">
        <ele>349.2</ele>
      </trkpt>
      <trkpt lat="39.60958" lon="2.41124">
        <ele>349.1</ele>
      </trkpt>
      <trkpt lat="39.60962" lon="2.41131">
        <ele>349.5</ele>
      </trkpt>
      <trkpt lat="39.60969" lon="2.41148">
        <ele>351.2</ele>
      </trkpt>
      <trkpt lat="39.60978" lon="2.41171">
        <ele>353.6</ele>
      </trkpt>
      <trkpt lat="39.6099" lon="2.41206">
        <ele>358.4</ele>
      </trkpt>
      <trkpt lat="39.60993" lon="2.4121">
        <ele>358.5</ele>
      </trkpt>
      <trkpt lat="39.60994" lon="2.41212">
        <ele>358.6</ele>
      </trkpt>
      <trkpt lat="39.61" lon="2.41219">
        <ele>358.6</ele>
      </trkpt>
      <trkpt lat="39.61005" lon="2.41223">
        <ele>358.0</ele>
      </trkpt>
      <trkpt lat="39.61007" lon="2.41224">
        <ele>357.6</ele>
      </trkpt>
      <trkpt lat="39.6101" lon="2.41226">
        <ele>357.2</ele>
      </trkpt>
      <trkpt lat="39.61024" lon="2.41232">
        <ele>354.4</ele>
      </trkpt>
      <trkpt lat="39.61044" lon="2.4124">
        <ele>350.3</ele>
      </trkpt>
      <trkpt lat="39.61059" lon="2.41244">
        <ele>346.8</ele>
      </trkpt>
      <trkpt lat="39.61092" lon="2.41254">
        <ele>339.3</ele>
      </trkpt>
      <trkpt lat="39.61094" lon="2.41256">
        <ele>339.0</ele>
      </trkpt>
      <trkpt lat="39.61097" lon="2.41258">
        <ele>338.5</ele>
      </trkpt>
      <trkpt lat="39.61104" lon="2.41263">
        <ele>337.3</ele>
      </trkpt>
      <trkpt lat="39.61109" lon="2.41268">
        <ele>336.5</ele>
      </trkpt>
      <trkpt lat="39.61109" lon="2.41269">
        <ele>336.7</ele>
      </trkpt>
      <trkpt lat="39.61113" lon="2.41275">
        <ele>336.4</ele>
      </trkpt>
      <trkpt lat="39.61117" lon="2.41282">
        <ele>336.1</ele>
      </trkpt>
      <trkpt lat="39.6112" lon="2.41287">
        <ele>335.8</ele>
      </trkpt>
      <trkpt lat="39.61121" lon="2.41289">
        <ele>335.8</ele>
      </trkpt>
      <trkpt lat="39.61128" lon="2.41307">
        <ele>335.7</ele>
      </trkpt>
      <trkpt lat="39.61129" lon="2.41311">
        <ele>335.9</ele>
      </trkpt>
      <trkpt lat="39.61135" lon="2.41329">
        <ele>335.8</ele>
      </trkpt>
      <trkpt lat="39.61138" lon="2.41342">
        <ele>335.2</ele>
      </trkpt>
      <trkpt lat="39.6114" lon="2.41351">
        <ele>334.6</ele>
      </trkpt>
      <trkpt lat="39.61143" lon="2.41362">
        <ele>333.7</ele>
      </trkpt>
      <trkpt lat="39.61145" lon="2.41374">
        <ele>333.2</ele>
      </trkpt>
      <trkpt lat="39.61146" lon="2.4138">
        <ele>332.9</ele>
      </trkpt>
      <trkpt lat="39.61149" lon="2.41397">
        <ele>332.2</ele>
      </trkpt>
      <trkpt lat="39.6115" lon="2.41403">
        <ele>332.0</ele>
      </trkpt>
      <trkpt lat="39.61152" lon="2.4142">
        <ele>331.6</ele>
      </trkpt>
      <trkpt lat="39.61152" lon="2.41423">
        <ele>331.6</ele>
      </trkpt>
      <trkpt lat="39.61155" lon="2.41443">
        <ele>330.5</ele>
      </trkpt>
      <trkpt lat="39.61157" lon="2.41466">
        <ele>329.9</ele>
      </trkpt>
      <trkpt lat="39.61158" lon="2.41474">
        <ele>329.6</ele>
      </trkpt>
      <trkpt lat="39.6116" lon="2.41482">
        <ele>329.0</ele>
      </trkpt>
      <trkpt lat="39.61162" lon="2.41488">
        <ele>328.4</ele>
      </trkpt>
      <trkpt lat="39.61163" lon="2.41492">
        <ele>328.1</ele>
      </trkpt>
      <trkpt lat="39.61163" lon="2.41493">
        <ele>328.1</ele>
      </trkpt>
      <trkpt lat="39.61169" lon="2.41513">
        <ele>326.4</ele>
      </trkpt>
      <trkpt lat="39.6117" lon="2.41514">
        <ele>326.2</ele>
      </trkpt>
      <trkpt lat="39.61175" lon="2.4153">
        <ele>325.2</ele>
      </trkpt>
      <trkpt lat="39.61177" lon="2.41535">
        <ele>324.8</ele>
      </trkpt>
      <trkpt lat="39.61185" lon="2.41554">
        <ele>323.5</ele>
      </trkpt>
      <trkpt lat="39.61202" lon="2.41598">
        <ele>320.8</ele>
      </trkpt>
      <trkpt lat="39.6121" lon="2.41619">
        <ele>319.5</ele>
      </trkpt>
      <trkpt lat="39.61218" lon="2.4164">
        <ele>318.1</ele>
      </trkpt>
      <trkpt lat="39.61226" lon="2.41661">
        <ele>316.7</ele>
      </trkpt>
      <trkpt lat="39.61234" lon="2.41682">
        <ele>315.9</ele>
      </trkpt>
      <trkpt lat="39.61238" lon="2.41691">
        <ele>315.5</ele>
      </trkpt>
      <trkpt lat="39.61243" lon="2.41701">
        <ele>315.1</ele>
      </trkpt>
      <trkpt lat="39.61247" lon="2.41706">
        <ele>314.8</ele>
      </trkpt>
      <trkpt lat="39.61255" lon="2.41718">
        <ele>314.4</ele>
      </trkpt>
      <trkpt lat="39.61255" lon="2.41719">
        <ele>314.4</ele>
      </trkpt>
      <trkpt lat="39.61276" lon="2.41739">
        <ele>313.0</ele>
      </trkpt>
      <trkpt lat="39.61284" lon="2.41746">
        <ele>312.3</ele>
      </trkpt>
      <trkpt lat="39.613" lon="2.41758">
        <ele>310.8</ele>
      </trkpt>
      <trkpt lat="39.6133" lon="2.41782">
        <ele>308.6</ele>
      </trkpt>
      <trkpt lat="39.61361" lon="2.41807">
        <ele>309.5</ele>
      </trkpt>
      <trkpt lat="39.61376" lon="2.41819">
        <ele>309.3</ele>
      </trkpt>
      <trkpt lat="39.61422" lon="2.41856">
        <ele>311.1</ele>
      </trkpt>
      <trkpt lat="39.61438" lon="2.41868">
        <ele>313.5</ele>
      </trkpt>
      <trkpt lat="39.61453" lon="2.4188">
        <ele>315.0</ele>
      </trkpt>
      <trkpt lat="39.61468" lon="2.41892">
        <ele>315.6</ele>
      </trkpt>
      <trkpt lat="39.61484" lon="2.41905">
        <ele>315.2</ele>
      </trkpt>
      <trkpt lat="39.61576" lon="2.41978">
        <ele>316.1</ele>
      </trkpt>
      <trkpt lat="39.6158" lon="2.41981">
        <ele>315.5</ele>
      </trkpt>
      <trkpt lat="39.61585" lon="2.41986">
        <ele>315.0</ele>
      </trkpt>
      <trkpt lat="39.61593" lon="2.4199">
        <ele>314.7</ele>
      </trkpt>
      <trkpt lat="39.61601" lon="2.41993">
        <ele>314.4</ele>
      </trkpt>
      <trkpt lat="39.61602" lon="2.41993">
        <ele>314.3</ele>
      </trkpt>
      <trkpt lat="39.61611" lon="2.41995">
        <ele>313.9</ele>
      </trkpt>
      <trkpt lat="39.61624" lon="2.41995">
        <ele>313.4</ele>
      </trkpt>
      <trkpt lat="39.61638" lon="2.41995">
        <ele>312.8</ele>
      </trkpt>
      <trkpt lat="39.61656" lon="2.41994">
        <ele>312.3</ele>
      </trkpt>
      <trkpt lat="39.61674" lon="2.41994">
        <ele>311.2</ele>
      </trkpt>
      <trkpt lat="39.61692" lon="2.41993">
        <ele>309.9</ele>
      </trkpt>
      <trkpt lat="39.6171" lon="2.41993">
        <ele>308.5</ele>
      </trkpt>
      <trkpt lat="39.61746" lon="2.41992">
        <ele>306.0</ele>
      </trkpt>
      <trkpt lat="39.61755" lon="2.41992">
        <ele>307.1</ele>
      </trkpt>
      <trkpt lat="39.61763" lon="2.41994">
        <ele>308.6</ele>
      </trkpt>
      <trkpt lat="39.61772" lon="2.41997">
        <ele>309.8</ele>
      </trkpt>
      <trkpt lat="39.6178" lon="2.42002">
        <ele>310.4</ele>
      </trkpt>
      <trkpt lat="39.61782" lon="2.42003">
        <ele>310.8</ele>
      </trkpt>
      <trkpt lat="39.61794" lon="2.42017">
        <ele>311.6</ele>
      </trkpt>
      <trkpt lat="39.61799" lon="2.42022">
        <ele>311.7</ele>
      </trkpt>
      <trkpt lat="39.61807" lon="2.42033">
        <ele>310.7</ele>
      </trkpt>
      <trkpt lat="39.61818" lon="2.42047">
        <ele>308.3</ele>
      </trkpt>
      <trkpt lat="39.6182" lon="2.4205">
        <ele>307.6</ele>
      </trkpt>
      <trkpt lat="39.61831" lon="2.42068">
        <ele>302.3</ele>
      </trkpt>
      <trkpt lat="39.61836" lon="2.42074">
        <ele>301.2</ele>
      </trkpt>
      <trkpt lat="39.61841" lon="2.42087">
        <ele>298.8</ele>
      </trkpt>
      <trkpt lat="39.61849" lon="2.42104">
        <ele>297.3</ele>
      </trkpt>
      <trkpt lat="39.61851" lon="2.42107">
        <ele>297.1</ele>
      </trkpt>
      <trkpt lat="39.6186" lon="2.42127">
        <ele>294.4</ele>
      </trkpt>
      <trkpt lat="39.6187" lon="2.42146">
        <ele>291.2</ele>
      </trkpt>
      <trkpt lat="39.61876" lon="2.42158">
        <ele>288.8</ele>
      </trkpt>
      <trkpt lat="39.6188" lon="2.42165">
        <ele>287.2</ele>
      </trkpt>
      <trkpt lat="39.61888" lon="2.42177">
        <ele>285.9</ele>
      </trkpt>
      <trkpt lat="39.61896" lon="2.42186">
        <ele>285.0</ele>
      </trkpt>
      <trkpt lat="39.61902" lon="2.42191">
        <ele>284.5</ele>
      </trkpt>
      <trkpt lat="39.61906" lon="2.42194">
        <ele>284.2</ele>
      </trkpt>
      <trkpt lat="39.61911" lon="2.42197">
        <ele>283.9</ele>
      </trkpt>
      <trkpt lat="39.61942" lon="2.42208">
        <ele>283.3</ele>
      </trkpt>
      <trkpt lat="39.61959" lon="2.42214">
        <ele>282.6</ele>
      </trkpt>
      <trkpt lat="39.61977" lon="2.4222">
        <ele>281.6</ele>
      </trkpt>
      <trkpt lat="39.61994" lon="2.42226">
        <ele>280.4</ele>
      </trkpt>
      <trkpt lat="39.62" lon="2.42228">
        <ele>279.9</ele>
      </trkpt>
      <trkpt lat="39.62011" lon="2.42232">
        <ele>278.4</ele>
      </trkpt>
      <trkpt lat="39.62025" lon="2.42237">
        <ele>276.5</ele>
      </trkpt>
      <trkpt lat="39.62029" lon="2.42238">
        <ele>276.0</ele>
      </trkpt>
      <trkpt lat="39.62043" lon="2.42242">
        <ele>274.2</ele>
      </trkpt>
      <trkpt lat="39.62046" lon="2.42242">
        <ele>274.2</ele>
      </trkpt>
      <trkpt lat="39.62049" lon="2.42243">
        <ele>273.7</ele>
      </trkpt>
      <trkpt lat="39.62055" lon="2.42241">
        <ele>274.5</ele>
      </trkpt>
      <trkpt lat="39.62061" lon="2.42239">
        <ele>275.3</ele>
      </trkpt>
      <trkpt lat="39.62064" lon="2.42237">
        <ele>276.1</ele>
      </trkpt>
      <trkpt lat="39.62079" lon="2.4223">
        <ele>279.1</ele>
      </trkpt>
      <trkpt lat="39.62081" lon="2.4223">
        <ele>279.1</ele>
      </trkpt>
      <trkpt lat="39.62096" lon="2.42227">
        <ele>279.6</ele>
      </trkpt>
      <trkpt lat="39.62099" lon="2.42228">
        <ele>278.8</ele>
      </trkpt>
      <trkpt lat="39.62105" lon="2.42229">
        <ele>277.8</ele>
      </trkpt>
      <trkpt lat="39.62107" lon="2.42231">
        <ele>276.6</ele>
      </trkpt>
      <trkpt lat="39.6211" lon="2.42233">
        <ele>275.2</ele>
      </trkpt>
      <trkpt lat="39.62113" lon="2.42236">
        <ele>273.2</ele>
      </trkpt>
      <trkpt lat="39.62113" lon="2.42239">
        <ele>271.6</ele>
      </trkpt>
      <trkpt lat="39.62114" lon="2.42242">
        <ele>269.7</ele>
      </trkpt>
      <trkpt lat="39.62114" lon="2.42244">
        <ele>268.6</ele>
      </trkpt>
      <trkpt lat="39.62113" lon="2.42248">
        <ele>266.5</ele>
      </trkpt>
      <trkpt lat="39.62113" lon="2.42255">
        <ele>265.0</ele>
      </trkpt>
      <trkpt lat="39.62112" lon="2.42258">
        <ele>264.9</ele>
      </trkpt>
      <trkpt lat="39.62111" lon="2.42261">
        <ele>264.8</ele>
      </trkpt>
      <trkpt lat="39.62111" lon="2.42262">
        <ele>264.7</ele>
      </trkpt>
      <trkpt lat="39.6211" lon="2.42264">
        <ele>264.7</ele>
      </trkpt>
      <trkpt lat="39.62109" lon="2.42265">
        <ele>264.8</ele>
      </trkpt>
      <trkpt lat="39.62102" lon="2.42269">
        <ele>265.5</ele>
      </trkpt>
      <trkpt lat="39.62095" lon="2.42271">
        <ele>266.4</ele>
      </trkpt>
      <trkpt lat="39.62092" lon="2.42271">
        <ele>266.9</ele>
      </trkpt>
      <trkpt lat="39.62077" lon="2.42271">
        <ele>268.5</ele>
      </trkpt>
      <trkpt lat="39.62059" lon="2.42269">
        <ele>269.5</ele>
      </trkpt>
      <trkpt lat="39.62041" lon="2.42268">
        <ele>270.4</ele>
      </trkpt>
      <trkpt lat="39.62023" lon="2.42267">
        <ele>271.2</ele>
      </trkpt>
      <trkpt lat="39.62018" lon="2.42267">
        <ele>271.4</ele>
      </trkpt>
      <trkpt lat="39.62005" lon="2.42266">
        <ele>272.0</ele>
      </trkpt>
      <trkpt lat="39.62002" lon="2.42265">
        <ele>272.1</ele>
      </trkpt>
      <trkpt lat="39.61995" lon="2.42268">
        <ele>272.3</ele>
      </trkpt>
      <trkpt lat="39.61991" lon="2.42271">
        <ele>272.5</ele>
      </trkpt>
      <trkpt lat="39.61989" lon="2.42273">
        <ele>272.6</ele>
      </trkpt>
      <trkpt lat="39.61988" lon="2.42274">
        <ele>272.6</ele>
      </trkpt>
      <trkpt lat="39.61986" lon="2.42278">
        <ele>272.8</ele>
      </trkpt>
      <trkpt lat="39.61984" lon="2.42285">
        <ele>273.2</ele>
      </trkpt>
      <trkpt lat="39.61984" lon="2.42292">
        <ele>273.5</ele>
      </trkpt>
      <trkpt lat="39.61984" lon="2.42295">
        <ele>273.6</ele>
      </trkpt>
      <trkpt lat="39.61985" lon="2.42299">
        <ele>273.7</ele>
      </trkpt>
      <trkpt lat="39.61987" lon="2.42303">
        <ele>273.7</ele>
      </trkpt>
      <trkpt lat="39.6199" lon="2.42307">
        <ele>273.5</ele>
      </trkpt>
      <trkpt lat="39.61995" lon="2.42311">
        <ele>273.2</ele>
      </trkpt>
      <trkpt lat="39.61997" lon="2.42312">
        <ele>273.0</ele>
      </trkpt>
      <trkpt lat="39.62007" lon="2.42318">
        <ele>272.1</ele>
      </trkpt>
      <trkpt lat="39.62012" lon="2.42319">
        <ele>271.6</ele>
      </trkpt>
      <trkpt lat="39.62047" lon="2.4233">
        <ele>267.5</ele>
      </trkpt>
      <trkpt lat="39.62065" lon="2.42335">
        <ele>266.2</ele>
      </trkpt>
      <trkpt lat="39.62082" lon="2.4234">
        <ele>267.4</ele>
      </trkpt>
      <trkpt lat="39.621" lon="2.42345">
        <ele>267.8</ele>
      </trkpt>
      <trkpt lat="39.62106" lon="2.42347">
        <ele>268.1</ele>
      </trkpt>
      <trkpt lat="39.62116" lon="2.42347">
        <ele>266.5</ele>
      </trkpt>
      <trkpt lat="39.62128" lon="2.42345">
        <ele>263.4</ele>
      </trkpt>
      <trkpt lat="39.62146" lon="2.42339">
        <ele>257.2</ele>
      </trkpt>
      <trkpt lat="39.62153" lon="2.42337">
        <ele>255.0</ele>
      </trkpt>
      <trkpt lat="39.62171" lon="2.42334">
        <ele>250.6</ele>
      </trkpt>
      <trkpt lat="39.6218" lon="2.42331">
        <ele>248.9</ele>
      </trkpt>
      <trkpt lat="39.62191" lon="2.42332">
        <ele>247.0</ele>
      </trkpt>
      <trkpt lat="39.62206" lon="2.42337">
        <ele>246.2</ele>
      </trkpt>
      <trkpt lat="39.62222" lon="2.42343">
        <ele>246.3</ele>
      </trkpt>
      <trkpt lat="39.62223" lon="2.42344">
        <ele>246.6</ele>
      </trkpt>
      <trkpt lat="39.62241" lon="2.4235">
        <ele>246.1</ele>
      </trkpt>
      <trkpt lat="39.62247" lon="2.42352">
        <ele>245.9</ele>
      </trkpt>
      <trkpt lat="39.62275" lon="2.42362">
        <ele>243.2</ele>
      </trkpt>
      <trkpt lat="39.62293" lon="2.42368">
        <ele>240.5</ele>
      </trkpt>
      <trkpt lat="39.6231" lon="2.42375">
        <ele>237.9</ele>
      </trkpt>
      <trkpt lat="39.62311" lon="2.42375">
        <ele>237.6</ele>
      </trkpt>
      <trkpt lat="39.62318" lon="2.42379">
        <ele>236.6</ele>
      </trkpt>
      <trkpt lat="39.62323" lon="2.42386">
        <ele>237.0</ele>
      </trkpt>
      <trkpt lat="39.62324" lon="2.42388">
        <ele>237.2</ele>
      </trkpt>
      <trkpt lat="39.62329" lon="2.42396">
        <ele>237.5</ele>
      </trkpt>
      <trkpt lat="39.62333" lon="2.42408">
        <ele>239.0</ele>
      </trkpt>
      <trkpt lat="39.62339" lon="2.42428">
        <ele>246.1</ele>
      </trkpt>
      <trkpt lat="39.6234" lon="2.4243">
        <ele>246.9</ele>
      </trkpt>
      <trkpt lat="39.62344" lon="2.42438">
        <ele>250.4</ele>
      </trkpt>
      <trkpt lat="39.62348" lon="2.42441">
        <ele>250.6</ele>
      </trkpt>
      <trkpt lat="39.62351" lon="2.42443">
        <ele>250.6</ele>
      </trkpt>
      <trkpt lat="39.62353" lon="2.42443">
        <ele>249.8</ele>
      </trkpt>
      <trkpt lat="39.62356" lon="2.42444">
        <ele>249.2</ele>
      </trkpt>
      <trkpt lat="39.62361" lon="2.42442">
        <ele>246.0</ele>
      </trkpt>
      <trkpt lat="39.62365" lon="2.42438">
        <ele>242.1</ele>
      </trkpt>
      <trkpt lat="39.62369" lon="2.42433">
        <ele>237.6</ele>
      </trkpt>
      <trkpt lat="39.62371" lon="2.42427">
        <ele>233.4</ele>
      </trkpt>
      <trkpt lat="39.62372" lon="2.4242">
        <ele>229.0</ele>
      </trkpt>
      <trkpt lat="39.62371" lon="2.42413">
        <ele>226.8</ele>
      </trkpt>
      <trkpt lat="39.62371" lon="2.42412">
        <ele>226.6</ele>
      </trkpt>
      <trkpt lat="39.62369" lon="2.42406">
        <ele>226.2</ele>
      </trkpt>
      <trkpt lat="39.62366" lon="2.42401">
        <ele>226.3</ele>
      </trkpt>
      <trkpt lat="39.62359" lon="2.42395">
        <ele>227.4</ele>
      </trkpt>
      <trkpt lat="39.6235" lon="2.42388">
        <ele>228.9</ele>
      </trkpt>
      <trkpt lat="39.62344" lon="2.42382">
        <ele>229.4</ele>
      </trkpt>
      <trkpt lat="39.6233" lon="2.42368">
        <ele>230.2</ele>
      </trkpt>
      <trkpt lat="39.62324" lon="2.42362">
        <ele>230.3</ele>
      </trkpt>
      <trkpt lat="39.62315" lon="2.42355">
        <ele>230.7</ele>
      </trkpt>
      <trkpt lat="39.62309" lon="2.4235">
        <ele>230.7</ele>
      </trkpt>
      <trkpt lat="39.62299" lon="2.42343">
        <ele>230.7</ele>
      </trkpt>
      <trkpt lat="39.6229" lon="2.42338">
        <ele>230.9</ele>
      </trkpt>
      <trkpt lat="39.62284" lon="2.42336">
        <ele>231.4</ele>
      </trkpt>
      <trkpt lat="39.62283" lon="2.42336">
        <ele>231.6</ele>
      </trkpt>
      <trkpt lat="39.62277" lon="2.42336">
        <ele>232.8</ele>
      </trkpt>
      <trkpt lat="39.62265" lon="2.42338">
        <ele>236.0</ele>
      </trkpt>
      <trkpt lat="39.62257" lon="2.4234">
        <ele>238.5</ele>
      </trkpt>
      <trkpt lat="39.62255" lon="2.4234">
        <ele>238.9</ele>
      </trkpt>
      <trkpt lat="39.62253" lon="2.4234">
        <ele>239.3</ele>
      </trkpt>
      <trkpt lat="39.62251" lon="2.4234">
        <ele>239.8</ele>
      </trkpt>
      <trkpt lat="39.6225" lon="2.42339">
        <ele>239.5</ele>
      </trkpt>
      <trkpt lat="39.62249" lon="2.42338">
        <ele>239.2</ele>
      </trkpt>
      <trkpt lat="39.62247" lon="2.42337">
        <ele>239.1</ele>
      </trkpt>
      <trkpt lat="39.62247" lon="2.42336">
        <ele>238.7</ele>
      </trkpt>
      <trkpt lat="39.62244" lon="2.42332">
        <ele>238.1</ele>
      </trkpt>
      <trkpt lat="39.62243" lon="2.42329">
        <ele>238.5</ele>
      </trkpt>
      <trkpt lat="39.62242" lon="2.42327">
        <ele>238.8</ele>
      </trkpt>
      <trkpt lat="39.62242" lon="2.42324">
        <ele>239.0</ele>
      </trkpt>
      <trkpt lat="39.62243" lon="2.42321">
        <ele>239.1</ele>
      </trkpt>
      <trkpt lat="39.62243" lon="2.42318">
        <ele>239.3</ele>
      </trkpt>
      <trkpt lat="39.62244" lon="2.42316">
        <ele>239.3</ele>
      </trkpt>
      <trkpt lat="39.62245" lon="2.4231">
        <ele>239.5</ele>
      </trkpt>
      <trkpt lat="39.62248" lon="2.42304">
        <ele>239.4</ele>
      </trkpt>
      <trkpt lat="39.62249" lon="2.42301">
        <ele>239.5</ele>
      </trkpt>
      <trkpt lat="39.6225" lon="2.423">
        <ele>239.4</ele>
      </trkpt>
      <trkpt lat="39.62251" lon="2.42299">
        <ele>239.4</ele>
      </trkpt>
      <trkpt lat="39.62252" lon="2.42298">
        <ele>239.4</ele>
      </trkpt>
      <trkpt lat="39.62253" lon="2.42298">
        <ele>239.3</ele>
      </trkpt>
      <trkpt lat="39.62254" lon="2.42298">
        <ele>239.2</ele>
      </trkpt>
      <trkpt lat="39.62259" lon="2.42297">
        <ele>238.8</ele>
      </trkpt>
      <trkpt lat="39.62265" lon="2.42298">
        <ele>238.2</ele>
      </trkpt>
      <trkpt lat="39.62271" lon="2.423">
        <ele>237.4</ele>
      </trkpt>
      <trkpt lat="39.62272" lon="2.423">
        <ele>237.3</ele>
      </trkpt>
      <trkpt lat="39.62283" lon="2.42305">
        <ele>235.4</ele>
      </trkpt>
      <trkpt lat="39.62288" lon="2.42307">
        <ele>234.5</ele>
      </trkpt>
      <trkpt lat="39.62297" lon="2.4231">
        <ele>232.8</ele>
      </trkpt>
      <trkpt lat="39.62306" lon="2.42314">
        <ele>230.8</ele>
      </trkpt>
      <trkpt lat="39.62313" lon="2.42316">
        <ele>229.3</ele>
      </trkpt>
      <trkpt lat="39.62323" lon="2.42321">
        <ele>226.5</ele>
      </trkpt>
      <trkpt lat="39.62327" lon="2.42323">
        <ele>225.2</ele>
      </trkpt>
      <trkpt lat="39.62339" lon="2.4233">
        <ele>220.8</ele>
      </trkpt>
      <trkpt lat="39.62342" lon="2.42331">
        <ele>219.8</ele>
      </trkpt>
      <trkpt lat="39.62354" lon="2.42343">
        <ele>218.3</ele>
      </trkpt>
      <trkpt lat="39.62359" lon="2.42347">
        <ele>217.9</ele>
      </trkpt>
      <trkpt lat="39.62369" lon="2.42356">
        <ele>217.0</ele>
      </trkpt>
      <trkpt lat="39.62384" lon="2.42369">
        <ele>215.1</ele>
      </trkpt>
      <trkpt lat="39.62384" lon="2.4237">
        <ele>215.3</ele>
      </trkpt>
      <trkpt lat="39.62397" lon="2.42386">
        <ele>213.8</ele>
      </trkpt>
      <trkpt lat="39.62405" lon="2.42397">
        <ele>212.7</ele>
      </trkpt>
      <trkpt lat="39.6241" lon="2.42401">
        <ele>211.5</ele>
      </trkpt>
      <trkpt lat="39.62416" lon="2.42408">
        <ele>210.3</ele>
      </trkpt>
      <trkpt lat="39.62422" lon="2.42417">
        <ele>209.6</ele>
      </trkpt>
      <trkpt lat="39.62423" lon="2.42418">
        <ele>209.9</ele>
      </trkpt>
      <trkpt lat="39.62427" lon="2.42423">
        <ele>211.3</ele>
      </trkpt>
      <trkpt lat="39.62431" lon="2.42431">
        <ele>214.3</ele>
      </trkpt>
      <trkpt lat="39.62435" lon="2.42435">
        <ele>215.3</ele>
      </trkpt>
      <trkpt lat="39.62438" lon="2.4244">
        <ele>217.1</ele>
      </trkpt>
      <trkpt lat="39.62444" lon="2.42445">
        <ele>218.2</ele>
      </trkpt>
      <trkpt lat="39.62451" lon="2.42451">
        <ele>219.6</ele>
      </trkpt>
      <trkpt lat="39.62464" lon="2.42461">
        <ele>221.8</ele>
      </trkpt>
      <trkpt lat="39.6247" lon="2.42465">
        <ele>222.6</ele>
      </trkpt>
      <trkpt lat="39.6248" lon="2.42472">
        <ele>224.2</ele>
      </trkpt>
      <trkpt lat="39.62484" lon="2.42475">
        <ele>225.0</ele>
      </trkpt>
      <trkpt lat="39.62494" lon="2.42486">
        <ele>229.1</ele>
      </trkpt>
      <trkpt lat="39.62506" lon="2.42498">
        <ele>230.6</ele>
      </trkpt>
      <trkpt lat="39.62508" lon="2.42501">
        <ele>231.3</ele>
      </trkpt>
      <trkpt lat="39.62518" lon="2.42513">
        <ele>236.0</ele>
      </trkpt>
      <trkpt lat="39.62521" lon="2.42517">
        <ele>237.7</ele>
      </trkpt>
      <trkpt lat="39.62527" lon="2.42523">
        <ele>239.0</ele>
      </trkpt>
      <trkpt lat="39.62535" lon="2.42532">
        <ele>241.4</ele>
      </trkpt>
      <trkpt lat="39.62538" lon="2.42535">
        <ele>241.9</ele>
      </trkpt>
      <trkpt lat="39.6255" lon="2.42546">
        <ele>242.5</ele>
      </trkpt>
      <trkpt lat="39.62555" lon="2.42551">
        <ele>243.0</ele>
      </trkpt>
      <trkpt lat="39.62563" lon="2.42561">
        <ele>245.3</ele>
      </trkpt>
      <trkpt lat="39.62572" lon="2.42573">
        <ele>248.1</ele>
      </trkpt>
      <trkpt lat="39.62576" lon="2.42577">
        <ele>248.1</ele>
      </trkpt>
      <trkpt lat="39.62578" lon="2.42579">
        <ele>248.0</ele>
      </trkpt>
      <trkpt lat="39.62584" lon="2.42585">
        <ele>247.7</ele>
      </trkpt>
      <trkpt lat="39.62591" lon="2.42587">
        <ele>244.3</ele>
      </trkpt>
      <trkpt lat="39.62592" lon="2.42588">
        <ele>244.4</ele>
      </trkpt>
      <trkpt lat="39.62598" lon="2.42589">
        <ele>241.1</ele>
      </trkpt>
      <trkpt lat="39.62607" lon="2.4259">
        <ele>236.8</ele>
      </trkpt>
      <trkpt lat="39.6261" lon="2.4259">
        <ele>235.4</ele>
      </trkpt>
      <trkpt lat="39.62619" lon="2.4259">
        <ele>231.2</ele>
      </trkpt>
      <trkpt lat="39.62628" lon="2.4259">
        <ele>227.0</ele>
      </trkpt>
      <trkpt lat="39.62636" lon="2.42589">
        <ele>223.2</ele>
      </trkpt>
      <trkpt lat="39.62646" lon="2.42589">
        <ele>218.5</ele>
      </trkpt>
      <trkpt lat="39.62653" lon="2.42588">
        <ele>215.2</ele>
      </trkpt>
      <trkpt lat="39.62664" lon="2.4259">
        <ele>210.0</ele>
      </trkpt>
      <trkpt lat="39.62677" lon="2.42592">
        <ele>203.9</ele>
      </trkpt>
      <trkpt lat="39.62681" lon="2.42594">
        <ele>201.9</ele>
      </trkpt>
      <trkpt lat="39.62689" lon="2.42598">
        <ele>197.9</ele>
      </trkpt>
      <trkpt lat="39.62697" lon="2.42605">
        <ele>202.0</ele>
      </trkpt>
      <trkpt lat="39.62699" lon="2.42608">
        <ele>204.2</ele>
      </trkpt>
      <trkpt lat="39.6271" lon="2.42618">
        <ele>209.4</ele>
      </trkpt>
      <trkpt lat="39.62711" lon="2.4262">
        <ele>210.8</ele>
      </trkpt>
      <trkpt lat="39.62719" lon="2.42629">
        <ele>215.4</ele>
      </trkpt>
      <trkpt lat="39.62721" lon="2.42632">
        <ele>217.1</ele>
      </trkpt>
      <trkpt lat="39.62724" lon="2.42634">
        <ele>217.4</ele>
      </trkpt>
      <trkpt lat="39.62725" lon="2.42634">
        <ele>217.0</ele>
      </trkpt>
      <trkpt lat="39.62728" lon="2.42635">
        <ele>216.5</ele>
      </trkpt>
      <trkpt lat="39.62733" lon="2.42635">
        <ele>214.3</ele>
      </trkpt>
      <trkpt lat="39.62735" lon="2.42635">
        <ele>213.4</ele>
      </trkpt>
      <trkpt lat="39.62738" lon="2.42635">
        <ele>212.1</ele>
      </trkpt>
      <trkpt lat="39.62741" lon="2.42634">
        <ele>210.0</ele>
      </trkpt>
      <trkpt lat="39.62743" lon="2.42633">
        <ele>209.8</ele>
      </trkpt>
      <trkpt lat="39.62751" lon="2.42629">
        <ele>209.0</ele>
      </trkpt>
      <trkpt lat="39.6276" lon="2.42626">
        <ele>208.3</ele>
      </trkpt>
      <trkpt lat="39.62775" lon="2.42622">
        <ele>207.0</ele>
      </trkpt>
      <trkpt lat="39.62777" lon="2.42622">
        <ele>206.8</ele>
      </trkpt>
      <trkpt lat="39.62795" lon="2.42619">
        <ele>205.3</ele>
      </trkpt>
      <trkpt lat="39.62813" lon="2.42616">
        <ele>203.7</ele>
      </trkpt>
      <trkpt lat="39.62826" lon="2.42614">
        <ele>202.6</ele>
      </trkpt>
      <trkpt lat="39.62831" lon="2.42613">
        <ele>202.2</ele>
      </trkpt>
      <trkpt lat="39.62849" lon="2.42612">
        <ele>200.7</ele>
      </trkpt>
      <trkpt lat="39.6285" lon="2.42612">
        <ele>200.6</ele>
      </trkpt>
      <trkpt lat="39.62867" lon="2.42609">
        <ele>199.2</ele>
      </trkpt>
      <trkpt lat="39.62884" lon="2.42606">
        <ele>200.6</ele>
      </trkpt>
      <trkpt lat="39.629" lon="2.42604">
        <ele>202.3</ele>
      </trkpt>
      <trkpt lat="39.62902" lon="2.42603">
        <ele>202.1</ele>
      </trkpt>
      <trkpt lat="39.62904" lon="2.42601">
        <ele>201.2</ele>
      </trkpt>
      <trkpt lat="39.62907" lon="2.426">
        <ele>201.2</ele>
      </trkpt>
      <trkpt lat="39.6291" lon="2.42599">
        <ele>201.2</ele>
      </trkpt>
      <trkpt lat="39.62919" lon="2.42595">
        <ele>200.3</ele>
      </trkpt>
      <trkpt lat="39.62933" lon="2.42588">
        <ele>197.9</ele>
      </trkpt>
      <trkpt lat="39.62936" lon="2.42588">
        <ele>198.2</ele>
      </trkpt>
      <trkpt lat="39.6294" lon="2.42587">
        <ele>198.2</ele>
      </trkpt>
      <trkpt lat="39.62943" lon="2.42587">
        <ele>198.5</ele>
      </trkpt>
      <trkpt lat="39.62947" lon="2.42587">
        <ele>199.1</ele>
      </trkpt>
      <trkpt lat="39.62954" lon="2.42587">
        <ele>199.9</ele>
      </trkpt>
      <trkpt lat="39.62955" lon="2.42587">
        <ele>200.1</ele>
      </trkpt>
      <trkpt lat="39.62959" lon="2.4259">
        <ele>202.2</ele>
      </trkpt>
      <trkpt lat="39.62964" lon="2.42592">
        <ele>203.9</ele>
      </trkpt>
      <trkpt lat="39.62968" lon="2.42593">
        <ele>204.9</ele>
      </trkpt>
      <trkpt lat="39.62971" lon="2.42595">
        <ele>206.3</ele>
      </trkpt>
      <trkpt lat="39.62972" lon="2.42595">
        <ele>206.4</ele>
      </trkpt>
      <trkpt lat="39.62978" lon="2.42595">
        <ele>207.1</ele>
      </trkpt>
      <trkpt lat="39.62984" lon="2.42596">
        <ele>208.3</ele>
      </trkpt>
      <trkpt lat="39.62989" lon="2.42596">
        <ele>208.8</ele>
      </trkpt>
      <trkpt lat="39.6299" lon="2.42596">
        <ele>208.9</ele>
      </trkpt>
      <trkpt lat="39.62994" lon="2.42594">
        <ele>208.4</ele>
      </trkpt>
      <trkpt lat="39.63005" lon="2.42586">
        <ele>205.3</ele>
      </trkpt>
      <trkpt lat="39.63011" lon="2.42583">
        <ele>204.0</ele>
      </trkpt>
      <trkpt lat="39.63021" lon="2.42575">
        <ele>201.6</ele>
      </trkpt>
      <trkpt lat="39.63027" lon="2.42572">
        <ele>200.8</ele>
      </trkpt>
      <trkpt lat="39.63033" lon="2.42568">
        <ele>199.7</ele>
      </trkpt>
      <trkpt lat="39.63038" lon="2.42566">
        <ele>199.3</ele>
      </trkpt>
      <trkpt lat="39.6305" lon="2.4256">
        <ele>198.0</ele>
      </trkpt>
      <trkpt lat="39.63056" lon="2.42558">
        <ele>197.7</ele>
      </trkpt>
      <trkpt lat="39.63061" lon="2.42558">
        <ele>197.9</ele>
      </trkpt>
      <trkpt lat="39.6307" lon="2.42561">
        <ele>199.1</ele>
      </trkpt>
      <trkpt lat="39.63079" lon="2.42566">
        <ele>200.7</ele>
      </trkpt>
      <trkpt lat="39.63087" lon="2.42572">
        <ele>201.1</ele>
      </trkpt>
      <trkpt lat="39.63097" lon="2.42586">
        <ele>201.5</ele>
      </trkpt>
      <trkpt lat="39.63098" lon="2.42588">
        <ele>201.6</ele>
      </trkpt>
      <trkpt lat="39.63105" lon="2.426">
        <ele>202.2</ele>
      </trkpt>
      <trkpt lat="39.63109" lon="2.42607">
        <ele>202.5</ele>
      </trkpt>
      <trkpt lat="39.6312" lon="2.42626">
        <ele>203.3</ele>
      </trkpt>
      <trkpt lat="39.63121" lon="2.42628">
        <ele>203.4</ele>
      </trkpt>
      <trkpt lat="39.63127" lon="2.42643">
        <ele>204.7</ele>
      </trkpt>
      <trkpt lat="39.63128" lon="2.42646">
        <ele>205.1</ele>
      </trkpt>
      <trkpt lat="39.6313" lon="2.42653">
        <ele>205.9</ele>
      </trkpt>
      <trkpt lat="39.63131" lon="2.42662">
        <ele>207.6</ele>
      </trkpt>
      <trkpt lat="39.63131" lon="2.42669">
        <ele>209.2</ele>
      </trkpt>
      <trkpt lat="39.63132" lon="2.42674">
        <ele>210.3</ele>
      </trkpt>
      <trkpt lat="39.63133" lon="2.42692">
        <ele>214.9</ele>
      </trkpt>
      <trkpt lat="39.63134" lon="2.42698">
        <ele>216.2</ele>
      </trkpt>
      <trkpt lat="39.63135" lon="2.42708">
        <ele>218.6</ele>
      </trkpt>
      <trkpt lat="39.63137" lon="2.42715">
        <ele>219.8</ele>
      </trkpt>
      <trkpt lat="39.63138" lon="2.4272">
        <ele>220.8</ele>
      </trkpt>
      <trkpt lat="39.63141" lon="2.42728">
        <ele>221.9</ele>
      </trkpt>
      <trkpt lat="39.63146" lon="2.42735">
        <ele>221.9</ele>
      </trkpt>
      <trkpt lat="39.63147" lon="2.42737">
        <ele>222.1</ele>
      </trkpt>
      <trkpt lat="39.63153" lon="2.42746">
        <ele>222.2</ele>
      </trkpt>
      <trkpt lat="39.63161" lon="2.42756">
        <ele>221.4</ele>
      </trkpt>
      <trkpt lat="39.63172" lon="2.42768">
        <ele>219.6</ele>
      </trkpt>
      <trkpt lat="39.63176" lon="2.42773">
        <ele>219.3</ele>
      </trkpt>
      <trkpt lat="39.63179" lon="2.4278">
        <ele>219.7</ele>
      </trkpt>
      <trkpt lat="39.63181" lon="2.42787">
        <ele>220.4</ele>
      </trkpt>
      <trkpt lat="39.63181" lon="2.42788">
        <ele>220.6</ele>
      </trkpt>
      <trkpt lat="39.63183" lon="2.4281">
        <ele>224.2</ele>
      </trkpt>
      <trkpt lat="39.63183" lon="2.42812">
        <ele>224.6</ele>
      </trkpt>
      <trkpt lat="39.63183" lon="2.42823">
        <ele>226.7</ele>
      </trkpt>
      <trkpt lat="39.63184" lon="2.42831">
        <ele>228.0</ele>
      </trkpt>
      <trkpt lat="39.63185" lon="2.42833">
        <ele>228.1</ele>
      </trkpt>
      <trkpt lat="39.63196" lon="2.42853">
        <ele>230.1</ele>
      </trkpt>
      <trkpt lat="39.63219" lon="2.42888">
        <ele>232.7</ele>
      </trkpt>
      <trkpt lat="39.63222" lon="2.42892">
        <ele>232.9</ele>
      </trkpt>
      <trkpt lat="39.63236" lon="2.42911">
        <ele>234.1</ele>
      </trkpt>
      <trkpt lat="39.63244" lon="2.42922">
        <ele>234.7</ele>
      </trkpt>
      <trkpt lat="39.63245" lon="2.42924">
        <ele>234.9</ele>
      </trkpt>
      <trkpt lat="39.63253" lon="2.42938">
        <ele>235.6</ele>
      </trkpt>
      <trkpt lat="39.63254" lon="2.4294">
        <ele>235.8</ele>
      </trkpt>
      <trkpt lat="39.63264" lon="2.42957">
        <ele>236.9</ele>
      </trkpt>
      <trkpt lat="39.63265" lon="2.42959">
        <ele>237.1</ele>
      </trkpt>
      <trkpt lat="39.63274" lon="2.4298">
        <ele>239.7</ele>
      </trkpt>
      <trkpt lat="39.63282" lon="2.43">
        <ele>242.5</ele>
      </trkpt>
      <trkpt lat="39.63283" lon="2.43001">
        <ele>242.5</ele>
      </trkpt>
      <trkpt lat="39.63294" lon="2.43023">
        <ele>245.6</ele>
      </trkpt>
      <trkpt lat="39.63302" lon="2.4304">
        <ele>247.6</ele>
      </trkpt>
      <trkpt lat="39.63304" lon="2.43044">
        <ele>247.9</ele>
      </trkpt>
      <trkpt lat="39.63311" lon="2.43055">
        <ele>248.4</ele>
      </trkpt>
      <trkpt lat="39.6332" lon="2.43071">
        <ele>249.0</ele>
      </trkpt>
      <trkpt lat="39.63324" lon="2.43076">
        <ele>248.7</ele>
      </trkpt>
      <trkpt lat="39.63337" lon="2.43091">
        <ele>247.8</ele>
      </trkpt>
      <trkpt lat="39.63342" lon="2.43097">
        <ele>248.1</ele>
      </trkpt>
      <trkpt lat="39.63352" lon="2.43106">
        <ele>247.9</ele>
      </trkpt>
      <trkpt lat="39.63362" lon="2.43114">
        <ele>247.4</ele>
      </trkpt>
      <trkpt lat="39.63364" lon="2.43117">
        <ele>247.5</ele>
      </trkpt>
      <trkpt lat="39.63393" lon="2.43139">
        <ele>245.5</ele>
      </trkpt>
      <trkpt lat="39.63398" lon="2.43143">
        <ele>245.1</ele>
      </trkpt>
      <trkpt lat="39.63405" lon="2.43151">
        <ele>244.9</ele>
      </trkpt>
      <trkpt lat="39.63409" lon="2.43158">
        <ele>245.3</ele>
      </trkpt>
      <trkpt lat="39.63414" lon="2.43174">
        <ele>246.8</ele>
      </trkpt>
      <trkpt lat="39.63415" lon="2.43175">
        <ele>246.7</ele>
      </trkpt>
      <trkpt lat="39.6342" lon="2.43194">
        <ele>248.0</ele>
      </trkpt>
      <trkpt lat="39.63421" lon="2.43197">
        <ele>248.2</ele>
      </trkpt>
      <trkpt lat="39.63434" lon="2.43234">
        <ele>249.4</ele>
      </trkpt>
      <trkpt lat="39.63437" lon="2.43245">
        <ele>250.1</ele>
      </trkpt>
      <trkpt lat="39.63438" lon="2.43254">
        <ele>251.2</ele>
      </trkpt>
      <trkpt lat="39.63439" lon="2.43258">
        <ele>251.5</ele>
      </trkpt>
      <trkpt lat="39.63438" lon="2.43263">
        <ele>252.6</ele>
      </trkpt>
      <trkpt lat="39.63438" lon="2.43267">
        <ele>253.2</ele>
      </trkpt>
      <trkpt lat="39.63437" lon="2.43269">
        <ele>253.8</ele>
      </trkpt>
      <trkpt lat="39.63434" lon="2.43286">
        <ele>257.3</ele>
      </trkpt>
      <trkpt lat="39.63434" lon="2.43287">
        <ele>257.4</ele>
      </trkpt>
      <trkpt lat="39.63434" lon="2.43292">
        <ele>258.2</ele>
      </trkpt>
      <trkpt lat="39.63433" lon="2.43294">
        <ele>258.7</ele>
      </trkpt>
      <trkpt lat="39.63432" lon="2.433">
        <ele>259.9</ele>
      </trkpt>
      <trkpt lat="39.63432" lon="2.43308">
        <ele>261.0</ele>
      </trkpt>
      <trkpt lat="39.63432" lon="2.4331">
        <ele>261.3</ele>
      </trkpt>
      <trkpt lat="39.63431" lon="2.43315">
        <ele>262.3</ele>
      </trkpt>
      <trkpt lat="39.63431" lon="2.43317">
        <ele>262.6</ele>
      </trkpt>
      <trkpt lat="39.63431" lon="2.43318">
        <ele>262.7</ele>
      </trkpt>
      <trkpt lat="39.63432" lon="2.43322">
        <ele>263.0</ele>
      </trkpt>
      <trkpt lat="39.63433" lon="2.43326">
        <ele>263.4</ele>
      </trkpt>
      <trkpt lat="39.63435" lon="2.43331">
        <ele>263.7</ele>
      </trkpt>
      <trkpt lat="39.63438" lon="2.43336">
        <ele>264.0</ele>
      </trkpt>
      <trkpt lat="39.6344" lon="2.43338">
        <ele>264.0</ele>
      </trkpt>
      <trkpt lat="39.63447" lon="2.43345">
        <ele>264.1</ele>
      </trkpt>
      <trkpt lat="39.6345" lon="2.43347">
        <ele>263.9</ele>
      </trkpt>
      <trkpt lat="39.63471" lon="2.43366">
        <ele>263.3</ele>
      </trkpt>
      <trkpt lat="39.63479" lon="2.43374">
        <ele>263.2</ele>
      </trkpt>
      <trkpt lat="39.63479" lon="2.43375">
        <ele>263.4</ele>
      </trkpt>
      <trkpt lat="39.63481" lon="2.43378">
        <ele>263.6</ele>
      </trkpt>
      <trkpt lat="39.63488" lon="2.43387">
        <ele>263.8</ele>
      </trkpt>
      <trkpt lat="39.63494" lon="2.43398">
        <ele>264.7</ele>
      </trkpt>
      <trkpt lat="39.635" lon="2.43413">
        <ele>266.2</ele>
      </trkpt>
      <trkpt lat="39.63519" lon="2.43457">
        <ele>266.5</ele>
      </trkpt>
      <trkpt lat="39.6353" lon="2.43481">
        <ele>266.3</ele>
      </trkpt>
      <trkpt lat="39.63534" lon="2.43494">
        <ele>266.7</ele>
      </trkpt>
      <trkpt lat="39.63534" lon="2.43495">
        <ele>266.8</ele>
      </trkpt>
      <trkpt lat="39.63535" lon="2.43503">
        <ele>267.3</ele>
      </trkpt>
      <trkpt lat="39.63537" lon="2.43516">
        <ele>268.2</ele>
      </trkpt>
      <trkpt lat="39.63536" lon="2.43542">
        <ele>271.2</ele>
      </trkpt>
      <trkpt lat="39.63536" lon="2.43545">
        <ele>271.6</ele>
      </trkpt>
      <trkpt lat="39.63535" lon="2.4355">
        <ele>272.4</ele>
      </trkpt>
      <trkpt lat="39.63535" lon="2.43558">
        <ele>273.2</ele>
      </trkpt>
      <trkpt lat="39.63534" lon="2.43566">
        <ele>274.3</ele>
      </trkpt>
      <trkpt lat="39.63533" lon="2.43583">
        <ele>276.5</ele>
      </trkpt>
      <trkpt lat="39.63532" lon="2.43589">
        <ele>277.3</ele>
      </trkpt>
      <trkpt lat="39.63531" lon="2.43591">
        <ele>277.7</ele>
      </trkpt>
      <trkpt lat="39.63528" lon="2.43608">
        <ele>280.2</ele>
      </trkpt>
      <trkpt lat="39.63528" lon="2.43612">
        <ele>280.6</ele>
      </trkpt>
      <trkpt lat="39.63528" lon="2.43614">
        <ele>280.7</ele>
      </trkpt>
      <trkpt lat="39.63527" lon="2.43617">
        <ele>281.3</ele>
      </trkpt>
      <trkpt lat="39.63525" lon="2.43636">
        <ele>283.8</ele>
      </trkpt>
      <trkpt lat="39.63525" lon="2.43637">
        <ele>283.9</ele>
      </trkpt>
      <trkpt lat="39.63525" lon="2.43644">
        <ele>284.5</ele>
      </trkpt>
      <trkpt lat="39.63526" lon="2.43652">
        <ele>284.9</ele>
      </trkpt>
      <trkpt lat="39.63527" lon="2.43659">
        <ele>285.2</ele>
      </trkpt>
      <trkpt lat="39.63527" lon="2.4366">
        <ele>285.3</ele>
      </trkpt>
      <trkpt lat="39.63527" lon="2.43661">
        <ele>285.4</ele>
      </trkpt>
      <trkpt lat="39.63529" lon="2.43667">
        <ele>285.3</ele>
      </trkpt>
      <trkpt lat="39.63548" lon="2.43707">
        <ele>284.4</ele>
      </trkpt>
      <trkpt lat="39.6356" lon="2.43735">
        <ele>284.0</ele>
      </trkpt>
      <trkpt lat="39.63563" lon="2.43741">
        <ele>283.7</ele>
      </trkpt>
      <trkpt lat="39.63571" lon="2.43762">
        <ele>284.1</ele>
      </trkpt>
      <trkpt lat="39.63572" lon="2.43764">
        <ele>284.1</ele>
      </trkpt>
      <trkpt lat="39.63574" lon="2.43769">
        <ele>284.2</ele>
      </trkpt>
      <trkpt lat="39.63578" lon="2.43783">
        <ele>285.3</ele>
      </trkpt>
      <trkpt lat="39.63579" lon="2.43784">
        <ele>285.1</ele>
      </trkpt>
      <trkpt lat="39.63586" lon="2.43805">
        <ele>286.1</ele>
      </trkpt>
      <trkpt lat="39.63593" lon="2.43826">
        <ele>286.2</ele>
      </trkpt>
      <trkpt lat="39.63594" lon="2.43827">
        <ele>285.8</ele>
      </trkpt>
      <trkpt lat="39.63596" lon="2.43834">
        <ele>286.0</ele>
      </trkpt>
      <trkpt lat="39.63601" lon="2.43848">
        <ele>285.5</ele>
      </trkpt>
      <trkpt lat="39.63606" lon="2.43861">
        <ele>284.9</ele>
      </trkpt>
      <trkpt lat="39.63609" lon="2.43868">
        <ele>284.5</ele>
      </trkpt>
      <trkpt lat="39.63609" lon="2.43869">
        <ele>284.6</ele>
      </trkpt>
      <trkpt lat="39.63612" lon="2.43876">
        <ele>284.2</ele>
      </trkpt>
      <trkpt lat="39.63613" lon="2.43878">
        <ele>284.0</ele>
      </trkpt>
      <trkpt lat="39.63618" lon="2.43888">
        <ele>282.9</ele>
      </trkpt>
      <trkpt lat="39.63619" lon="2.43889">
        <ele>282.5</ele>
      </trkpt>
      <trkpt lat="39.63622" lon="2.43895">
        <ele>281.9</ele>
      </trkpt>
      <trkpt lat="39.63623" lon="2.43896">
        <ele>281.5</ele>
      </trkpt>
      <trkpt lat="39.63628" lon="2.43909">
        <ele>281.0</ele>
      </trkpt>
      <trkpt lat="39.63631" lon="2.43918">
        <ele>280.9</ele>
      </trkpt>
      <trkpt lat="39.63631" lon="2.43924">
        <ele>281.6</ele>
      </trkpt>
      <trkpt lat="39.63632" lon="2.4393">
        <ele>281.8</ele>
      </trkpt>
      <trkpt lat="39.63631" lon="2.43932">
        <ele>282.6</ele>
      </trkpt>
      <trkpt lat="39.63631" lon="2.43936">
        <ele>283.2</ele>
      </trkpt>
      <trkpt lat="39.63631" lon="2.43939">
        <ele>283.5</ele>
      </trkpt>
      <trkpt lat="39.63627" lon="2.4395">
        <ele>287.2</ele>
      </trkpt>
      <trkpt lat="39.63625" lon="2.43954">
        <ele>288.9</ele>
      </trkpt>
      <trkpt lat="39.63617" lon="2.43971">
        <ele>295.8</ele>
      </trkpt>
      <trkpt lat="39.63617" lon="2.43972">
        <ele>296.0</ele>
      </trkpt>
      <trkpt lat="39.63615" lon="2.43974">
        <ele>297.4</ele>
      </trkpt>
      <trkpt lat="39.63614" lon="2.43977">
        <ele>298.4</ele>
      </trkpt>
      <trkpt lat="39.63613" lon="2.43981">
        <ele>299.6</ele>
      </trkpt>
      <trkpt lat="39.63612" lon="2.43984">
        <ele>300.6</ele>
      </trkpt>
      <trkpt lat="39.63612" lon="2.43991">
        <ele>301.5</ele>
      </trkpt>
      <trkpt lat="39.63612" lon="2.43994">
        <ele>302.0</ele>
      </trkpt>
      <trkpt lat="39.63612" lon="2.43997">
        <ele>302.4</ele>
      </trkpt>
      <trkpt lat="39.63612" lon="2.44004">
        <ele>303.2</ele>
      </trkpt>
      <trkpt lat="39.63612" lon="2.44005">
        <ele>303.3</ele>
      </trkpt>
      <trkpt lat="39.63613" lon="2.44012">
        <ele>303.4</ele>
      </trkpt>
      <trkpt lat="39.63614" lon="2.4402">
        <ele>303.5</ele>
      </trkpt>
      <trkpt lat="39.63616" lon="2.44028">
        <ele>303.0</ele>
      </trkpt>
      <trkpt lat="39.63618" lon="2.44039">
        <ele>302.8</ele>
      </trkpt>
      <trkpt lat="39.63619" lon="2.44039">
        <ele>302.1</ele>
      </trkpt>
      <trkpt lat="39.63619" lon="2.44043">
        <ele>302.5</ele>
      </trkpt>
      <trkpt lat="39.6362" lon="2.44047">
        <ele>302.2</ele>
      </trkpt>
      <trkpt lat="39.63621" lon="2.44052">
        <ele>302.0</ele>
      </trkpt>
      <trkpt lat="39.63622" lon="2.44066">
        <ele>302.6</ele>
      </trkpt>
      <trkpt lat="39.63622" lon="2.44074">
        <ele>303.3</ele>
      </trkpt>
      <trkpt lat="39.63622" lon="2.44086">
        <ele>304.0</ele>
      </trkpt>
      <trkpt lat="39.63622" lon="2.44088">
        <ele>303.9</ele>
      </trkpt>
      <trkpt lat="39.63622" lon="2.4409">
        <ele>303.8</ele>
      </trkpt>
      <trkpt lat="39.63622" lon="2.44095">
        <ele>303.6</ele>
      </trkpt>
      <trkpt lat="39.63621" lon="2.44098">
        <ele>304.2</ele>
      </trkpt>
      <trkpt lat="39.6362" lon="2.44109">
        <ele>304.5</ele>
      </trkpt>
      <trkpt lat="39.6362" lon="2.44114">
        <ele>304.3</ele>
      </trkpt>
      <trkpt lat="39.63619" lon="2.44121">
        <ele>304.7</ele>
      </trkpt>
      <trkpt lat="39.63619" lon="2.44122">
        <ele>304.6</ele>
      </trkpt>
      <trkpt lat="39.63619" lon="2.44132">
        <ele>304.2</ele>
      </trkpt>
      <trkpt lat="39.63618" lon="2.44137">
        <ele>304.7</ele>
      </trkpt>
      <trkpt lat="39.63618" lon="2.44145">
        <ele>304.4</ele>
      </trkpt>
      <trkpt lat="39.63617" lon="2.44147">
        <ele>305.0</ele>
      </trkpt>
      <trkpt lat="39.63613" lon="2.44174">
        <ele>305.8</ele>
      </trkpt>
      <trkpt lat="39.63612" lon="2.44178">
        <ele>305.9</ele>
      </trkpt>
      <trkpt lat="39.6361" lon="2.44183">
        <ele>306.5</ele>
      </trkpt>
      <trkpt lat="39.6361" lon="2.44184">
        <ele>306.4</ele>
      </trkpt>
      <trkpt lat="39.63608" lon="2.44189">
        <ele>307.0</ele>
      </trkpt>
      <trkpt lat="39.63608" lon="2.4419">
        <ele>306.9</ele>
      </trkpt>
      <trkpt lat="39.63604" lon="2.442">
        <ele>308.0</ele>
      </trkpt>
      <trkpt lat="39.63601" lon="2.44204">
        <ele>309.3</ele>
      </trkpt>
      <trkpt lat="39.63593" lon="2.44219">
        <ele>312.0</ele>
      </trkpt>
      <trkpt lat="39.63587" lon="2.44229">
        <ele>312.4</ele>
      </trkpt>
      <trkpt lat="39.63582" lon="2.44236">
        <ele>312.7</ele>
      </trkpt>
      <trkpt lat="39.63579" lon="2.44241">
        <ele>312.9</ele>
      </trkpt>
      <trkpt lat="39.63577" lon="2.44243">
        <ele>313.1</ele>
      </trkpt>
      <trkpt lat="39.63572" lon="2.44254">
        <ele>313.5</ele>
      </trkpt>
      <trkpt lat="39.63572" lon="2.44255">
        <ele>313.5</ele>
      </trkpt>
      <trkpt lat="39.63571" lon="2.44259">
        <ele>313.7</ele>
      </trkpt>
      <trkpt lat="39.63571" lon="2.44262">
        <ele>313.8</ele>
      </trkpt>
      <trkpt lat="39.63571" lon="2.44264">
        <ele>313.9</ele>
      </trkpt>
      <trkpt lat="39.63571" lon="2.44269">
        <ele>314.0</ele>
      </trkpt>
      <trkpt lat="39.63571" lon="2.4427">
        <ele>314.1</ele>
      </trkpt>
      <trkpt lat="39.63572" lon="2.44274">
        <ele>314.2</ele>
      </trkpt>
      <trkpt lat="39.63573" lon="2.44276">
        <ele>314.3</ele>
      </trkpt>
      <trkpt lat="39.63576" lon="2.44282">
        <ele>314.6</ele>
      </trkpt>
      <trkpt lat="39.63581" lon="2.4429">
        <ele>311.4</ele>
      </trkpt>
      <trkpt lat="39.63586" lon="2.44298">
        <ele>308.2</ele>
      </trkpt>
      <trkpt lat="39.63588" lon="2.44302">
        <ele>307.0</ele>
      </trkpt>
      <trkpt lat="39.63589" lon="2.44304">
        <ele>306.4</ele>
      </trkpt>
      <trkpt lat="39.63591" lon="2.44309">
        <ele>305.2</ele>
      </trkpt>
      <trkpt lat="39.63591" lon="2.44313">
        <ele>304.9</ele>
      </trkpt>
      <trkpt lat="39.63592" lon="2.44319">
        <ele>304.2</ele>
      </trkpt>
      <trkpt lat="39.6359" lon="2.44324">
        <ele>304.7</ele>
      </trkpt>
      <trkpt lat="39.63586" lon="2.44343">
        <ele>306.3</ele>
      </trkpt>
      <trkpt lat="39.63578" lon="2.44376">
        <ele>311.7</ele>
      </trkpt>
      <trkpt lat="39.63577" lon="2.44382">
        <ele>312.6</ele>
      </trkpt>
      <trkpt lat="39.63575" lon="2.44388">
        <ele>314.1</ele>
      </trkpt>
      <trkpt lat="39.63571" lon="2.44401">
        <ele>317.1</ele>
      </trkpt>
      <trkpt lat="39.6357" lon="2.44402">
        <ele>317.8</ele>
      </trkpt>
      <trkpt lat="39.63569" lon="2.44408">
        <ele>318.7</ele>
      </trkpt>
      <trkpt lat="39.63569" lon="2.44412">
        <ele>318.9</ele>
      </trkpt>
      <trkpt lat="39.63569" lon="2.44417">
        <ele>319.2</ele>
      </trkpt>
      <trkpt lat="39.6357" lon="2.44421">
        <ele>319.1</ele>
      </trkpt>
      <trkpt lat="39.63572" lon="2.44427">
        <ele>318.7</ele>
      </trkpt>
      <trkpt lat="39.63573" lon="2.44429">
        <ele>318.3</ele>
      </trkpt>
      <trkpt lat="39.63574" lon="2.44436">
        <ele>318.7</ele>
      </trkpt>
      <trkpt lat="39.63575" lon="2.44439">
        <ele>318.5</ele>
      </trkpt>
      <trkpt lat="39.63576" lon="2.44441">
        <ele>318.2</ele>
      </trkpt>
      <trkpt lat="39.63578" lon="2.44444">
        <ele>317.5</ele>
      </trkpt>
      <trkpt lat="39.63583" lon="2.4445">
        <ele>315.4</ele>
      </trkpt>
      <trkpt lat="39.63586" lon="2.44453">
        <ele>315.4</ele>
      </trkpt>
      <trkpt lat="39.63587" lon="2.44455">
        <ele>315.7</ele>
      </trkpt>
      <trkpt lat="39.63589" lon="2.44455">
        <ele>315.5</ele>
      </trkpt>
      <trkpt lat="39.63594" lon="2.44456">
        <ele>315.3</ele>
      </trkpt>
      <trkpt lat="39.63599" lon="2.44454">
        <ele>314.5</ele>
      </trkpt>
      <trkpt lat="39.636" lon="2.44454">
        <ele>314.4</ele>
      </trkpt>
      <trkpt lat="39.63617" lon="2.44448">
        <ele>311.6</ele>
      </trkpt>
      <trkpt lat="39.63634" lon="2.44442">
        <ele>308.2</ele>
      </trkpt>
      <trkpt lat="39.63668" lon="2.4443">
        <ele>299.9</ele>
      </trkpt>
      <trkpt lat="39.63675" lon="2.44428">
        <ele>298.8</ele>
      </trkpt>
      <trkpt lat="39.63685" lon="2.44428">
        <ele>298.2</ele>
      </trkpt>
      <trkpt lat="39.63695" lon="2.44429">
        <ele>298.0</ele>
      </trkpt>
      <trkpt lat="39.63715" lon="2.4443">
        <ele>297.2</ele>
      </trkpt>
      <trkpt lat="39.63759" lon="2.44436">
        <ele>297.3</ele>
      </trkpt>
      <trkpt lat="39.63762" lon="2.44437">
        <ele>297.7</ele>
      </trkpt>
      <trkpt lat="39.63777" lon="2.44438">
        <ele>298.5</ele>
      </trkpt>
      <trkpt lat="39.63781" lon="2.44438">
        <ele>298.6</ele>
      </trkpt>
      <trkpt lat="39.63795" lon="2.44437">
        <ele>298.7</ele>
      </trkpt>
      <trkpt lat="39.63805" lon="2.44435">
        <ele>298.3</ele>
      </trkpt>
      <trkpt lat="39.63806" lon="2.44435">
        <ele>298.4</ele>
      </trkpt>
      <trkpt lat="39.63815" lon="2.44432">
        <ele>297.6</ele>
      </trkpt>
      <trkpt lat="39.63823" lon="2.44428">
        <ele>296.5</ele>
      </trkpt>
      <trkpt lat="39.63824" lon="2.44427">
        <ele>296.2</ele>
      </trkpt>
      <trkpt lat="39.63854" lon="2.44405">
        <ele>292.3</ele>
      </trkpt>
      <trkpt lat="39.63857" lon="2.44402">
        <ele>291.7</ele>
      </trkpt>
      <trkpt lat="39.63865" lon="2.44399">
        <ele>291.7</ele>
      </trkpt>
      <trkpt lat="39.63871" lon="2.44397">
        <ele>291.8</ele>
      </trkpt>
      <trkpt lat="39.63889" lon="2.44396">
        <ele>293.8</ele>
      </trkpt>
      <trkpt lat="39.63899" lon="2.44395">
        <ele>294.6</ele>
      </trkpt>
      <trkpt lat="39.63907" lon="2.44393">
        <ele>294.9</ele>
      </trkpt>
      <trkpt lat="39.63925" lon="2.4439">
        <ele>296.4</ele>
      </trkpt>
      <trkpt lat="39.63942" lon="2.44386">
        <ele>297.7</ele>
      </trkpt>
      <trkpt lat="39.6396" lon="2.44383">
        <ele>299.5</ele>
      </trkpt>
      <trkpt lat="39.63973" lon="2.4438">
        <ele>300.4</ele>
      </trkpt>
      <trkpt lat="39.63996" lon="2.44376">
        <ele>302.3</ele>
      </trkpt>
      <trkpt lat="39.64013" lon="2.44373">
        <ele>303.3</ele>
      </trkpt>
      <trkpt lat="39.64045" lon="2.44366">
        <ele>303.9</ele>
      </trkpt>
      <trkpt lat="39.64067" lon="2.44361">
        <ele>304.1</ele>
      </trkpt>
      <trkpt lat="39.64072" lon="2.4436">
        <ele>304.2</ele>
      </trkpt>
      <trkpt lat="39.64084" lon="2.44356">
        <ele>303.4</ele>
      </trkpt>
      <trkpt lat="39.64086" lon="2.44356">
        <ele>303.2</ele>
      </trkpt>
      <trkpt lat="39.641" lon="2.44352">
        <ele>299.7</ele>
      </trkpt>
      <trkpt lat="39.64108" lon="2.44353">
        <ele>299.5</ele>
      </trkpt>
      <trkpt lat="39.6412" lon="2.44355">
        <ele>299.3</ele>
      </trkpt>
      <trkpt lat="39.64137" lon="2.44362">
        <ele>301.0</ele>
      </trkpt>
      <trkpt lat="39.6415" lon="2.44367">
        <ele>301.9</ele>
      </trkpt>
      <trkpt lat="39.64154" lon="2.44367">
        <ele>301.4</ele>
      </trkpt>
      <trkpt lat="39.64163" lon="2.44369">
        <ele>301.3</ele>
      </trkpt>
      <trkpt lat="39.64172" lon="2.44372">
        <ele>299.9</ele>
      </trkpt>
      <trkpt lat="39.64176" lon="2.44374">
        <ele>299.1</ele>
      </trkpt>
      <trkpt lat="39.64185" lon="2.44382">
        <ele>298.4</ele>
      </trkpt>
      <trkpt lat="39.64187" lon="2.44385">
        <ele>298.7</ele>
      </trkpt>
      <trkpt lat="39.6419" lon="2.44389">
        <ele>298.9</ele>
      </trkpt>
      <trkpt lat="39.64193" lon="2.44398">
        <ele>300.8</ele>
      </trkpt>
      <trkpt lat="39.64198" lon="2.44408">
        <ele>302.0</ele>
      </trkpt>
      <trkpt lat="39.64205" lon="2.44439">
        <ele>308.4</ele>
      </trkpt>
      <trkpt lat="39.64207" lon="2.44449">
        <ele>310.5</ele>
      </trkpt>
      <trkpt lat="39.64219" lon="2.44493">
        <ele>317.7</ele>
      </trkpt>
      <trkpt lat="39.64221" lon="2.44499">
        <ele>318.4</ele>
      </trkpt>
      <trkpt lat="39.64226" lon="2.44508">
        <ele>317.9</ele>
      </trkpt>
      <trkpt lat="39.64231" lon="2.44514">
        <ele>316.7</ele>
      </trkpt>
      <trkpt lat="39.64243" lon="2.44527">
        <ele>314.0</ele>
      </trkpt>
      <trkpt lat="39.64258" lon="2.44541">
        <ele>310.7</ele>
      </trkpt>
      <trkpt lat="39.64262" lon="2.44545">
        <ele>309.9</ele>
      </trkpt>
      <trkpt lat="39.64266" lon="2.44551">
        <ele>309.6</ele>
      </trkpt>
      <trkpt lat="39.64269" lon="2.44559">
        <ele>310.3</ele>
      </trkpt>
      <trkpt lat="39.64271" lon="2.44564">
        <ele>310.6</ele>
      </trkpt>
      <trkpt lat="39.64271" lon="2.44574">
        <ele>313.5</ele>
      </trkpt>
      <trkpt lat="39.64272" lon="2.44581">
        <ele>314.9</ele>
      </trkpt>
      <trkpt lat="39.64272" lon="2.44583">
        <ele>315.5</ele>
      </trkpt>
      <trkpt lat="39.64271" lon="2.44592">
        <ele>315.5</ele>
      </trkpt>
      <trkpt lat="39.6427" lon="2.44605">
        <ele>315.0</ele>
      </trkpt>
      <trkpt lat="39.64269" lon="2.44628">
        <ele>313.7</ele>
      </trkpt>
      <trkpt lat="39.64267" lon="2.44651">
        <ele>312.9</ele>
      </trkpt>
      <trkpt lat="39.64267" lon="2.44662">
        <ele>312.0</ele>
      </trkpt>
      <trkpt lat="39.64265" lon="2.44674">
        <ele>311.9</ele>
      </trkpt>
      <trkpt lat="39.6426" lon="2.44689">
        <ele>312.7</ele>
      </trkpt>
      <trkpt lat="39.64257" lon="2.44695">
        <ele>313.3</ele>
      </trkpt>
      <trkpt lat="39.64247" lon="2.44715">
        <ele>314.5</ele>
      </trkpt>
      <trkpt lat="39.64237" lon="2.44735">
        <ele>314.6</ele>
      </trkpt>
      <trkpt lat="39.64236" lon="2.44737">
        <ele>314.6</ele>
      </trkpt>
      <trkpt lat="39.64232" lon="2.44744">
        <ele>314.6</ele>
      </trkpt>
      <trkpt lat="39.64229" lon="2.44746">
        <ele>315.2</ele>
      </trkpt>
      <trkpt lat="39.64225" lon="2.4475">
        <ele>315.6</ele>
      </trkpt>
      <trkpt lat="39.64224" lon="2.4475">
        <ele>315.9</ele>
      </trkpt>
      <trkpt lat="39.6422" lon="2.44752">
        <ele>317.1</ele>
      </trkpt>
      <trkpt lat="39.64208" lon="2.44756">
        <ele>320.4</ele>
      </trkpt>
      <trkpt lat="39.64189" lon="2.4476">
        <ele>325.1</ele>
      </trkpt>
      <trkpt lat="39.64154" lon="2.44766">
        <ele>330.3</ele>
      </trkpt>
      <trkpt lat="39.64136" lon="2.4477">
        <ele>330.6</ele>
      </trkpt>
      <trkpt lat="39.64124" lon="2.44773">
        <ele>330.7</ele>
      </trkpt>
      <trkpt lat="39.64123" lon="2.44774">
        <ele>330.7</ele>
      </trkpt>
      <trkpt lat="39.64122" lon="2.44776">
        <ele>330.6</ele>
      </trkpt>
      <trkpt lat="39.64119" lon="2.44779">
        <ele>330.4</ele>
      </trkpt>
      <trkpt lat="39.64117" lon="2.44783">
        <ele>330.2</ele>
      </trkpt>
      <trkpt lat="39.64115" lon="2.44788">
        <ele>329.8</ele>
      </trkpt>
      <trkpt lat="39.64114" lon="2.44794">
        <ele>329.4</ele>
      </trkpt>
      <trkpt lat="39.64113" lon="2.448">
        <ele>328.9</ele>
      </trkpt>
      <trkpt lat="39.64113" lon="2.44807">
        <ele>328.4</ele>
      </trkpt>
      <trkpt lat="39.64116" lon="2.44819">
        <ele>327.4</ele>
      </trkpt>
      <trkpt lat="39.64125" lon="2.44838">
        <ele>326.5</ele>
      </trkpt>
      <trkpt lat="39.64133" lon="2.44849">
        <ele>327.5</ele>
      </trkpt>
      <trkpt lat="39.6414" lon="2.44858">
        <ele>328.4</ele>
      </trkpt>
      <trkpt lat="39.64146" lon="2.44865">
        <ele>329.1</ele>
      </trkpt>
      <trkpt lat="39.64157" lon="2.44875">
        <ele>330.1</ele>
      </trkpt>
      <trkpt lat="39.64166" lon="2.44879">
        <ele>330.5</ele>
      </trkpt>
      <trkpt lat="39.64171" lon="2.4488">
        <ele>331.1</ele>
      </trkpt>
      <trkpt lat="39.64179" lon="2.44879">
        <ele>331.9</ele>
      </trkpt>
      <trkpt lat="39.64188" lon="2.44875">
        <ele>332.3</ele>
      </trkpt>
      <trkpt lat="39.64205" lon="2.44866">
        <ele>332.2</ele>
      </trkpt>
      <trkpt lat="39.64239" lon="2.4485">
        <ele>330.1</ele>
      </trkpt>
      <trkpt lat="39.64246" lon="2.44846">
        <ele>329.1</ele>
      </trkpt>
      <trkpt lat="39.64256" lon="2.44843">
        <ele>327.7</ele>
      </trkpt>
      <trkpt lat="39.64261" lon="2.44842">
        <ele>326.9</ele>
      </trkpt>
      <trkpt lat="39.6427" lon="2.44841">
        <ele>325.8</ele>
      </trkpt>
      <trkpt lat="39.64274" lon="2.4484">
        <ele>325.2</ele>
      </trkpt>
      <trkpt lat="39.64278" lon="2.4484">
        <ele>324.8</ele>
      </trkpt>
      <trkpt lat="39.64285" lon="2.4484">
        <ele>324.2</ele>
      </trkpt>
      <trkpt lat="39.6431" lon="2.44842">
        <ele>322.6</ele>
      </trkpt>
      <trkpt lat="39.64318" lon="2.44844">
        <ele>322.6</ele>
      </trkpt>
      <trkpt lat="39.64328" lon="2.44845">
        <ele>322.0</ele>
      </trkpt>
      <trkpt lat="39.64329" lon="2.44845">
        <ele>321.9</ele>
      </trkpt>
      <trkpt lat="39.64336" lon="2.44847">
        <ele>320.9</ele>
      </trkpt>
      <trkpt lat="39.64341" lon="2.4485">
        <ele>319.7</ele>
      </trkpt>
      <trkpt lat="39.64344" lon="2.44852">
        <ele>319.1</ele>
      </trkpt>
      <trkpt lat="39.64346" lon="2.44853">
        <ele>318.5</ele>
      </trkpt>
      <trkpt lat="39.64349" lon="2.44856">
        <ele>318.3</ele>
      </trkpt>
      <trkpt lat="39.64352" lon="2.4486">
        <ele>318.3</ele>
      </trkpt>
      <trkpt lat="39.64356" lon="2.44867">
        <ele>319.1</ele>
      </trkpt>
      <trkpt lat="39.64361" lon="2.44876">
        <ele>320.2</ele>
      </trkpt>
      <trkpt lat="39.64366" lon="2.44885">
        <ele>321.5</ele>
      </trkpt>
      <trkpt lat="39.64372" lon="2.44899">
        <ele>324.5</ele>
      </trkpt>
      <trkpt lat="39.64377" lon="2.44913">
        <ele>328.0</ele>
      </trkpt>
      <trkpt lat="39.64378" lon="2.44919">
        <ele>329.3</ele>
      </trkpt>
      <trkpt lat="39.64378" lon="2.44925">
        <ele>329.8</ele>
      </trkpt>
      <trkpt lat="39.64378" lon="2.44931">
        <ele>330.4</ele>
      </trkpt>
      <trkpt lat="39.64377" lon="2.44931">
        <ele>330.7</ele>
      </trkpt>
      <trkpt lat="39.64374" lon="2.44951">
        <ele>333.4</ele>
      </trkpt>
      <trkpt lat="39.64369" lon="2.44977">
        <ele>336.9</ele>
      </trkpt>
      <trkpt lat="39.64368" lon="2.44978">
        <ele>337.3</ele>
      </trkpt>
      <trkpt lat="39.64368" lon="2.44989">
        <ele>338.2</ele>
      </trkpt>
      <trkpt lat="39.64369" lon="2.45">
        <ele>338.9</ele>
      </trkpt>
      <trkpt lat="39.64369" lon="2.45001">
        <ele>339.0</ele>
      </trkpt>
      <trkpt lat="39.64371" lon="2.45005">
        <ele>339.0</ele>
      </trkpt>
      <trkpt lat="39.64373" lon="2.4501">
        <ele>339.1</ele>
      </trkpt>
      <trkpt lat="39.64377" lon="2.45015">
        <ele>338.9</ele>
      </trkpt>
      <trkpt lat="39.6438" lon="2.45018">
        <ele>338.6</ele>
      </trkpt>
      <trkpt lat="39.64383" lon="2.4502">
        <ele>338.3</ele>
      </trkpt>
      <trkpt lat="39.64397" lon="2.45026">
        <ele>336.3</ele>
      </trkpt>
      <trkpt lat="39.64419" lon="2.45036">
        <ele>333.5</ele>
      </trkpt>
      <trkpt lat="39.64431" lon="2.4504">
        <ele>331.3</ele>
      </trkpt>
      <trkpt lat="39.64442" lon="2.45043">
        <ele>329.2</ele>
      </trkpt>
      <trkpt lat="39.64501" lon="2.45061">
        <ele>318.6</ele>
      </trkpt>
      <trkpt lat="39.64503" lon="2.45062">
        <ele>316.9</ele>
      </trkpt>
      <trkpt lat="39.64507" lon="2.45064">
        <ele>313.3</ele>
      </trkpt>
      <trkpt lat="39.64514" lon="2.45069">
        <ele>307.6</ele>
      </trkpt>
      <trkpt lat="39.64518" lon="2.45075">
        <ele>305.1</ele>
      </trkpt>
      <trkpt lat="39.64523" lon="2.45084">
        <ele>302.5</ele>
      </trkpt>
      <trkpt lat="39.64526" lon="2.45092">
        <ele>301.8</ele>
      </trkpt>
      <trkpt lat="39.64529" lon="2.45102">
        <ele>301.8</ele>
      </trkpt>
      <trkpt lat="39.64553" lon="2.45184">
        <ele>301.0</ele>
      </trkpt>
      <trkpt lat="39.64557" lon="2.45202">
        <ele>300.8</ele>
      </trkpt>
      <trkpt lat="39.64561" lon="2.45215">
        <ele>300.7</ele>
      </trkpt>
      <trkpt lat="39.64563" lon="2.45224">
        <ele>300.7</ele>
      </trkpt>
      <trkpt lat="39.64564" lon="2.45229">
        <ele>300.6</ele>
      </trkpt>
      <trkpt lat="39.64564" lon="2.45234">
        <ele>301.4</ele>
      </trkpt>
      <trkpt lat="39.64564" lon="2.45239">
        <ele>302.2</ele>
      </trkpt>
      <trkpt lat="39.64563" lon="2.45246">
        <ele>304.3</ele>
      </trkpt>
      <trkpt lat="39.64563" lon="2.45247">
        <ele>304.5</ele>
      </trkpt>
      <trkpt lat="39.6456" lon="2.45265">
        <ele>309.0</ele>
      </trkpt>
      <trkpt lat="39.6455" lon="2.45307">
        <ele>321.5</ele>
      </trkpt>
      <trkpt lat="39.64549" lon="2.45313">
        <ele>322.8</ele>
      </trkpt>
      <trkpt lat="39.64549" lon="2.45314">
        <ele>322.9</ele>
      </trkpt>
      <trkpt lat="39.64548" lon="2.4532">
        <ele>324.2</ele>
      </trkpt>
      <trkpt lat="39.64549" lon="2.45331">
        <ele>324.0</ele>
      </trkpt>
      <trkpt lat="39.6455" lon="2.45337">
        <ele>323.4</ele>
      </trkpt>
      <trkpt lat="39.64555" lon="2.45354">
        <ele>319.9</ele>
      </trkpt>
      <trkpt lat="39.64564" lon="2.45382">
        <ele>314.3</ele>
      </trkpt>
      <trkpt lat="39.64569" lon="2.45403">
        <ele>312.3</ele>
      </trkpt>
      <trkpt lat="39.64572" lon="2.45414">
        <ele>311.1</ele>
      </trkpt>
      <trkpt lat="39.64575" lon="2.45425">
        <ele>309.9</ele>
      </trkpt>
      <trkpt lat="39.64575" lon="2.45426">
        <ele>310.0</ele>
      </trkpt>
      <trkpt lat="39.64578" lon="2.45448">
        <ele>309.6</ele>
      </trkpt>
      <trkpt lat="39.64581" lon="2.45471">
        <ele>309.3</ele>
      </trkpt>
      <trkpt lat="39.64584" lon="2.45494">
        <ele>308.9</ele>
      </trkpt>
      <trkpt lat="39.64587" lon="2.45518">
        <ele>307.7</ele>
      </trkpt>
      <trkpt lat="39.64594" lon="2.45574">
        <ele>305.1</ele>
      </trkpt>
      <trkpt lat="39.64593" lon="2.45586">
        <ele>306.6</ele>
      </trkpt>
      <trkpt lat="39.64593" lon="2.4559">
        <ele>307.1</ele>
      </trkpt>
      <trkpt lat="39.6459" lon="2.45602">
        <ele>310.5</ele>
      </trkpt>
      <trkpt lat="39.64589" lon="2.45608">
        <ele>311.9</ele>
      </trkpt>
      <trkpt lat="39.64589" lon="2.45609">
        <ele>312.0</ele>
      </trkpt>
      <trkpt lat="39.64589" lon="2.45615">
        <ele>312.7</ele>
      </trkpt>
      <trkpt lat="39.6459" lon="2.4562">
        <ele>312.6</ele>
      </trkpt>
      <trkpt lat="39.64593" lon="2.45629">
        <ele>311.7</ele>
      </trkpt>
      <trkpt lat="39.64594" lon="2.45631">
        <ele>311.3</ele>
      </trkpt>
      <trkpt lat="39.64602" lon="2.4565">
        <ele>308.6</ele>
      </trkpt>
      <trkpt lat="39.64603" lon="2.45651">
        <ele>308.1</ele>
      </trkpt>
      <trkpt lat="39.6461" lon="2.4567">
        <ele>306.6</ele>
      </trkpt>
      <trkpt lat="39.64615" lon="2.4569">
        <ele>307.6</ele>
      </trkpt>
      <trkpt lat="39.64619" lon="2.45718">
        <ele>310.7</ele>
      </trkpt>
      <trkpt lat="39.6462" lon="2.45728">
        <ele>312.1</ele>
      </trkpt>
      <trkpt lat="39.64623" lon="2.45741">
        <ele>312.9</ele>
      </trkpt>
      <trkpt lat="39.64623" lon="2.45744">
        <ele>313.5</ele>
      </trkpt>
      <trkpt lat="39.64628" lon="2.45763">
        <ele>314.6</ele>
      </trkpt>
      <trkpt lat="39.64629" lon="2.45769">
        <ele>315.3</ele>
      </trkpt>
      <trkpt lat="39.64632" lon="2.45784">
        <ele>316.9</ele>
      </trkpt>
      <trkpt lat="39.64633" lon="2.45785">
        <ele>316.5</ele>
      </trkpt>
      <trkpt lat="39.64636" lon="2.45793">
        <ele>316.6</ele>
      </trkpt>
      <trkpt lat="39.64639" lon="2.45798">
        <ele>316.0</ele>
      </trkpt>
      <trkpt lat="39.64655" lon="2.45819">
        <ele>311.9</ele>
      </trkpt>
      <trkpt lat="39.64668" lon="2.45832">
        <ele>307.9</ele>
      </trkpt>
      <trkpt lat="39.64676" lon="2.45843">
        <ele>303.4</ele>
      </trkpt>
      <trkpt lat="39.64678" lon="2.45846">
        <ele>302.2</ele>
      </trkpt>
      <trkpt lat="39.64679" lon="2.45851">
        <ele>301.5</ele>
      </trkpt>
      <trkpt lat="39.6468" lon="2.45855">
        <ele>300.8</ele>
      </trkpt>
      <trkpt lat="39.64681" lon="2.45857">
        <ele>300.1</ele>
      </trkpt>
      <trkpt lat="39.64682" lon="2.45863">
        <ele>299.3</ele>
      </trkpt>
      <trkpt lat="39.64683" lon="2.45867">
        <ele>298.6</ele>
      </trkpt>
      <trkpt lat="39.64683" lon="2.45868">
        <ele>298.6</ele>
      </trkpt>
      <trkpt lat="39.64682" lon="2.4587">
        <ele>299.1</ele>
      </trkpt>
      <trkpt lat="39.64682" lon="2.45872">
        <ele>299.1</ele>
      </trkpt>
      <trkpt lat="39.64681" lon="2.45876">
        <ele>299.6</ele>
      </trkpt>
      <trkpt lat="39.6468" lon="2.45877">
        <ele>300.2</ele>
      </trkpt>
      <trkpt lat="39.64672" lon="2.45895">
        <ele>304.8</ele>
      </trkpt>
      <trkpt lat="39.64671" lon="2.45897">
        <ele>305.4</ele>
      </trkpt>
      <trkpt lat="39.64663" lon="2.45915">
        <ele>310.0</ele>
      </trkpt>
      <trkpt lat="39.64662" lon="2.45917">
        <ele>310.4</ele>
      </trkpt>
      <trkpt lat="39.64654" lon="2.45935">
        <ele>308.3</ele>
      </trkpt>
      <trkpt lat="39.64653" lon="2.45937">
        <ele>308.1</ele>
      </trkpt>
      <trkpt lat="39.64649" lon="2.45945">
        <ele>307.4</ele>
      </trkpt>
      <trkpt lat="39.64645" lon="2.45952">
        <ele>307.1</ele>
      </trkpt>
      <trkpt lat="39.64641" lon="2.45955">
        <ele>308.3</ele>
      </trkpt>
      <trkpt lat="39.6464" lon="2.45957">
        <ele>308.2</ele>
      </trkpt>
      <trkpt lat="39.64634" lon="2.45961">
        <ele>310.2</ele>
      </trkpt>
      <trkpt lat="39.64627" lon="2.45969">
        <ele>311.3</ele>
      </trkpt>
      <trkpt lat="39.64614" lon="2.45983">
        <ele>313.9</ele>
      </trkpt>
      <trkpt lat="39.64613" lon="2.45984">
        <ele>314.1</ele>
      </trkpt>
      <trkpt lat="39.64605" lon="2.45992">
        <ele>316.0</ele>
      </trkpt>
      <trkpt lat="39.64602" lon="2.45998">
        <ele>315.7</ele>
      </trkpt>
      <trkpt lat="39.64601" lon="2.46">
        <ele>315.6</ele>
      </trkpt>
      <trkpt lat="39.64598" lon="2.46009">
        <ele>314.7</ele>
      </trkpt>
      <trkpt lat="39.64594" lon="2.46022">
        <ele>313.0</ele>
      </trkpt>
      <trkpt lat="39.64593" lon="2.46027">
        <ele>312.0</ele>
      </trkpt>
      <trkpt lat="39.64585" lon="2.46045">
        <ele>310.5</ele>
      </trkpt>
      <trkpt lat="39.64581" lon="2.46055">
        <ele>309.8</ele>
      </trkpt>
      <trkpt lat="39.64578" lon="2.46064">
        <ele>309.0</ele>
      </trkpt>
      <trkpt lat="39.64575" lon="2.46071">
        <ele>308.8</ele>
      </trkpt>
      <trkpt lat="39.64573" lon="2.46074">
        <ele>309.2</ele>
      </trkpt>
      <trkpt lat="39.64564" lon="2.46083">
        <ele>312.5</ele>
      </trkpt>
      <trkpt lat="39.64559" lon="2.46089">
        <ele>315.6</ele>
      </trkpt>
      <trkpt lat="39.64553" lon="2.46096">
        <ele>319.3</ele>
      </trkpt>
      <trkpt lat="39.6455" lon="2.46101">
        <ele>321.0</ele>
      </trkpt>
      <trkpt lat="39.64548" lon="2.46107">
        <ele>321.9</ele>
      </trkpt>
      <trkpt lat="39.64547" lon="2.46108">
        <ele>322.5</ele>
      </trkpt>
      <trkpt lat="39.64546" lon="2.46116">
        <ele>322.6</ele>
      </trkpt>
      <trkpt lat="39.64546" lon="2.46121">
        <ele>322.2</ele>
      </trkpt>
      <trkpt lat="39.64547" lon="2.46127">
        <ele>321.2</ele>
      </trkpt>
      <trkpt lat="39.64548" lon="2.46129">
        <ele>320.4</ele>
      </trkpt>
      <trkpt lat="39.64552" lon="2.46137">
        <ele>317.3</ele>
      </trkpt>
      <trkpt lat="39.64568" lon="2.46158">
        <ele>306.4</ele>
      </trkpt>
      <trkpt lat="39.64584" lon="2.46174">
        <ele>298.3</ele>
      </trkpt>
      <trkpt lat="39.64587" lon="2.46177">
        <ele>297.9</ele>
      </trkpt>
      <trkpt lat="39.64602" lon="2.46191">
        <ele>295.6</ele>
      </trkpt>
      <trkpt lat="39.64655" lon="2.46246">
        <ele>286.7</ele>
      </trkpt>
      <trkpt lat="39.64696" lon="2.46292">
        <ele>277.8</ele>
      </trkpt>
      <trkpt lat="39.64704" lon="2.46302">
        <ele>276.3</ele>
      </trkpt>
      <trkpt lat="39.64706" lon="2.46307">
        <ele>276.2</ele>
      </trkpt>
      <trkpt lat="39.64707" lon="2.4631">
        <ele>276.3</ele>
      </trkpt>
      <trkpt lat="39.64708" lon="2.46317">
        <ele>276.9</ele>
      </trkpt>
      <trkpt lat="39.64709" lon="2.46325">
        <ele>277.6</ele>
      </trkpt>
      <trkpt lat="39.64708" lon="2.4633">
        <ele>278.7</ele>
      </trkpt>
      <trkpt lat="39.64708" lon="2.46331">
        <ele>278.8</ele>
      </trkpt>
      <trkpt lat="39.64708" lon="2.46337">
        <ele>279.1</ele>
      </trkpt>
      <trkpt lat="39.64703" lon="2.46352">
        <ele>280.9</ele>
      </trkpt>
      <trkpt lat="39.64695" lon="2.46376">
        <ele>283.5</ele>
      </trkpt>
      <trkpt lat="39.64693" lon="2.46384">
        <ele>284.1</ele>
      </trkpt>
      <trkpt lat="39.64694" lon="2.46392">
        <ele>283.7</ele>
      </trkpt>
      <trkpt lat="39.64694" lon="2.46396">
        <ele>283.6</ele>
      </trkpt>
      <trkpt lat="39.64695" lon="2.46409">
        <ele>283.2</ele>
      </trkpt>
      <trkpt lat="39.64706" lon="2.46465">
        <ele>281.8</ele>
      </trkpt>
      <trkpt lat="39.6471" lon="2.46487">
        <ele>281.4</ele>
      </trkpt>
      <trkpt lat="39.64714" lon="2.46506">
        <ele>280.8</ele>
      </trkpt>
      <trkpt lat="39.64719" lon="2.46532">
        <ele>279.7</ele>
      </trkpt>
      <trkpt lat="39.64723" lon="2.46555">
        <ele>278.5</ele>
      </trkpt>
      <trkpt lat="39.64727" lon="2.46577">
        <ele>277.0</ele>
      </trkpt>
      <trkpt lat="39.64727" lon="2.46578">
        <ele>277.0</ele>
      </trkpt>
      <trkpt lat="39.64727" lon="2.46593">
        <ele>275.9</ele>
      </trkpt>
      <trkpt lat="39.64725" lon="2.46601">
        <ele>276.0</ele>
      </trkpt>
      <trkpt lat="39.64724" lon="2.46607">
        <ele>275.8</ele>
      </trkpt>
      <trkpt lat="39.64717" lon="2.46622">
        <ele>277.6</ele>
      </trkpt>
      <trkpt lat="39.64715" lon="2.46626">
        <ele>278.2</ele>
      </trkpt>
      <trkpt lat="39.64706" lon="2.4664">
        <ele>281.4</ele>
      </trkpt>
      <trkpt lat="39.64705" lon="2.46641">
        <ele>281.8</ele>
      </trkpt>
      <trkpt lat="39.64694" lon="2.46657">
        <ele>286.1</ele>
      </trkpt>
      <trkpt lat="39.64685" lon="2.46667">
        <ele>290.1</ele>
      </trkpt>
      <trkpt lat="39.6468" lon="2.46678">
        <ele>293.3</ele>
      </trkpt>
      <trkpt lat="39.64678" lon="2.46689">
        <ele>294.8</ele>
      </trkpt>
      <trkpt lat="39.64678" lon="2.46696">
        <ele>295.1</ele>
      </trkpt>
      <trkpt lat="39.64678" lon="2.46698">
        <ele>295.2</ele>
      </trkpt>
      <trkpt lat="39.64681" lon="2.46706">
        <ele>294.1</ele>
      </trkpt>
      <trkpt lat="39.64683" lon="2.46713">
        <ele>293.5</ele>
      </trkpt>
      <trkpt lat="39.64686" lon="2.46717">
        <ele>292.3</ele>
      </trkpt>
      <trkpt lat="39.64687" lon="2.46719">
        <ele>292.0</ele>
      </trkpt>
      <trkpt lat="39.64693" lon="2.46723">
        <ele>289.5</ele>
      </trkpt>
      <trkpt lat="39.64702" lon="2.46728">
        <ele>285.8</ele>
      </trkpt>
      <trkpt lat="39.64708" lon="2.46731">
        <ele>283.4</ele>
      </trkpt>
      <trkpt lat="39.64719" lon="2.46733">
        <ele>278.8</ele>
      </trkpt>
      <trkpt lat="39.64737" lon="2.46737">
        <ele>271.5</ele>
      </trkpt>
      <trkpt lat="39.64743" lon="2.46738">
        <ele>269.1</ele>
      </trkpt>
      <trkpt lat="39.64755" lon="2.46742">
        <ele>265.2</ele>
      </trkpt>
      <trkpt lat="39.64772" lon="2.46747">
        <ele>260.8</ele>
      </trkpt>
      <trkpt lat="39.64776" lon="2.46748">
        <ele>259.8</ele>
      </trkpt>
      <trkpt lat="39.64789" lon="2.46754">
        <ele>258.2</ele>
      </trkpt>
      <trkpt lat="39.64796" lon="2.46757">
        <ele>257.4</ele>
      </trkpt>
      <trkpt lat="39.64806" lon="2.46763">
        <ele>257.1</ele>
      </trkpt>
      <trkpt lat="39.64822" lon="2.46774">
        <ele>257.2</ele>
      </trkpt>
      <trkpt lat="39.64838" lon="2.46784">
        <ele>256.7</ele>
      </trkpt>
      <trkpt lat="39.6484" lon="2.46785">
        <ele>256.6</ele>
      </trkpt>
      <trkpt lat="39.64854" lon="2.46794">
        <ele>256.4</ele>
      </trkpt>
      <trkpt lat="39.64871" lon="2.46805">
        <ele>256.0</ele>
      </trkpt>
      <trkpt lat="39.64886" lon="2.46815">
        <ele>255.5</ele>
      </trkpt>
      <trkpt lat="39.64902" lon="2.46827">
        <ele>255.3</ele>
      </trkpt>
      <trkpt lat="39.64918" lon="2.46838">
        <ele>254.3</ele>
      </trkpt>
      <trkpt lat="39.6492" lon="2.4684">
        <ele>254.5</ele>
      </trkpt>
      <trkpt lat="39.64939" lon="2.46858">
        <ele>256.4</ele>
      </trkpt>
      <trkpt lat="39.64945" lon="2.46868">
        <ele>258.5</ele>
      </trkpt>
      <trkpt lat="39.64948" lon="2.46875">
        <ele>260.2</ele>
      </trkpt>
      <trkpt lat="39.64954" lon="2.46884">
        <ele>262.1</ele>
      </trkpt>
      <trkpt lat="39.64958" lon="2.46888">
        <ele>262.6</ele>
      </trkpt>
      <trkpt lat="39.64962" lon="2.46892">
        <ele>263.1</ele>
      </trkpt>
      <trkpt lat="39.64974" lon="2.46897">
        <ele>262.4</ele>
      </trkpt>
      <trkpt lat="39.64986" lon="2.46898">
        <ele>260.2</ele>
      </trkpt>
      <trkpt lat="39.64991" lon="2.46897">
        <ele>258.8</ele>
      </trkpt>
      <trkpt lat="39.64992" lon="2.46897">
        <ele>258.6</ele>
      </trkpt>
      <trkpt lat="39.65003" lon="2.4689">
        <ele>254.3</ele>
      </trkpt>
      <trkpt lat="39.65008" lon="2.46887">
        <ele>252.9</ele>
      </trkpt>
      <trkpt lat="39.65032" lon="2.46872">
        <ele>246.4</ele>
      </trkpt>
      <trkpt lat="39.65041" lon="2.46868">
        <ele>244.5</ele>
      </trkpt>
      <trkpt lat="39.65049" lon="2.46867">
        <ele>243.8</ele>
      </trkpt>
      <trkpt lat="39.65063" lon="2.46869">
        <ele>243.8</ele>
      </trkpt>
      <trkpt lat="39.65071" lon="2.46872">
        <ele>244.5</ele>
      </trkpt>
      <trkpt lat="39.65076" lon="2.46874">
        <ele>245.0</ele>
      </trkpt>
      <trkpt lat="39.65094" lon="2.4688">
        <ele>245.1</ele>
      </trkpt>
      <trkpt lat="39.65111" lon="2.46886">
        <ele>244.5</ele>
      </trkpt>
      <trkpt lat="39.65124" lon="2.4689">
        <ele>243.7</ele>
      </trkpt>
      <trkpt lat="39.65138" lon="2.46896">
        <ele>243.2</ele>
      </trkpt>
      <trkpt lat="39.65168" lon="2.46906">
        <ele>241.0</ele>
      </trkpt>
      <trkpt lat="39.65184" lon="2.46916">
        <ele>243.0</ele>
      </trkpt>
      <trkpt lat="39.65192" lon="2.46925">
        <ele>243.0</ele>
      </trkpt>
      <trkpt lat="39.65196" lon="2.46933">
        <ele>243.0</ele>
      </trkpt>
      <trkpt lat="39.65198" lon="2.46941">
        <ele>243.0</ele>
      </trkpt>
      <trkpt lat="39.65199" lon="2.4695">
        <ele>243.1</ele>
      </trkpt>
      <trkpt lat="39.65201" lon="2.46968">
        <ele>243.3</ele>
      </trkpt>
      <trkpt lat="39.65203" lon="2.47011">
        <ele>241.6</ele>
      </trkpt>
      <trkpt lat="39.65205" lon="2.47036">
        <ele>236.6</ele>
      </trkpt>
      <trkpt lat="39.65203" lon="2.47049">
        <ele>234.5</ele>
      </trkpt>
      <trkpt lat="39.65201" lon="2.47059">
        <ele>232.9</ele>
      </trkpt>
      <trkpt lat="39.65198" lon="2.47064">
        <ele>232.5</ele>
      </trkpt>
      <trkpt lat="39.65195" lon="2.47069">
        <ele>232.1</ele>
      </trkpt>
      <trkpt lat="39.65186" lon="2.47078">
        <ele>232.2</ele>
      </trkpt>
      <trkpt lat="39.65184" lon="2.47079">
        <ele>232.4</ele>
      </trkpt>
      <trkpt lat="39.65168" lon="2.47088">
        <ele>233.1</ele>
      </trkpt>
      <trkpt lat="39.65166" lon="2.47089">
        <ele>233.1</ele>
      </trkpt>
      <trkpt lat="39.65152" lon="2.47093">
        <ele>234.0</ele>
      </trkpt>
      <trkpt lat="39.6515" lon="2.47094">
        <ele>234.0</ele>
      </trkpt>
      <trkpt lat="39.65133" lon="2.47101">
        <ele>234.2</ele>
      </trkpt>
      <trkpt lat="39.65099" lon="2.47115">
        <ele>233.9</ele>
      </trkpt>
      <trkpt lat="39.65082" lon="2.47122">
        <ele>233.7</ele>
      </trkpt>
      <trkpt lat="39.6508" lon="2.47123">
        <ele>233.9</ele>
      </trkpt>
      <trkpt lat="39.65065" lon="2.4713">
        <ele>235.7</ele>
      </trkpt>
      <trkpt lat="39.65048" lon="2.47138">
        <ele>237.7</ele>
      </trkpt>
      <trkpt lat="39.65032" lon="2.47145">
        <ele>239.8</ele>
      </trkpt>
      <trkpt lat="39.65031" lon="2.47146">
        <ele>239.7</ele>
      </trkpt>
      <trkpt lat="39.65019" lon="2.47153">
        <ele>240.6</ele>
      </trkpt>
      <trkpt lat="39.65016" lon="2.47157">
        <ele>239.9</ele>
      </trkpt>
      <trkpt lat="39.65013" lon="2.4716">
        <ele>239.6</ele>
      </trkpt>
      <trkpt lat="39.65008" lon="2.47167">
        <ele>238.3</ele>
      </trkpt>
      <trkpt lat="39.65006" lon="2.47174">
        <ele>236.7</ele>
      </trkpt>
      <trkpt lat="39.65006" lon="2.47175">
        <ele>236.4</ele>
      </trkpt>
      <trkpt lat="39.65003" lon="2.47193">
        <ele>231.8</ele>
      </trkpt>
      <trkpt lat="39.64999" lon="2.47208">
        <ele>228.7</ele>
      </trkpt>
      <trkpt lat="39.64994" lon="2.47219">
        <ele>228.4</ele>
      </trkpt>
      <trkpt lat="39.64994" lon="2.4722">
        <ele>228.1</ele>
      </trkpt>
      <trkpt lat="39.64988" lon="2.47232">
        <ele>227.9</ele>
      </trkpt>
      <trkpt lat="39.64984" lon="2.47238">
        <ele>228.3</ele>
      </trkpt>
      <trkpt lat="39.64972" lon="2.47256">
        <ele>229.2</ele>
      </trkpt>
      <trkpt lat="39.64966" lon="2.47265">
        <ele>229.6</ele>
      </trkpt>
      <trkpt lat="39.6496" lon="2.47273">
        <ele>230.2</ele>
      </trkpt>
      <trkpt lat="39.64947" lon="2.4729">
        <ele>231.1</ele>
      </trkpt>
      <trkpt lat="39.64912" lon="2.4734">
        <ele>232.0</ele>
      </trkpt>
      <trkpt lat="39.64911" lon="2.47342">
        <ele>232.5</ele>
      </trkpt>
      <trkpt lat="39.64908" lon="2.47351">
        <ele>233.6</ele>
      </trkpt>
      <trkpt lat="39.64906" lon="2.47364">
        <ele>233.2</ele>
      </trkpt>
      <trkpt lat="39.64906" lon="2.47378">
        <ele>231.1</ele>
      </trkpt>
      <trkpt lat="39.64908" lon="2.47387">
        <ele>228.5</ele>
      </trkpt>
      <trkpt lat="39.6491" lon="2.47396">
        <ele>226.1</ele>
      </trkpt>
      <trkpt lat="39.64916" lon="2.47408">
        <ele>221.3</ele>
      </trkpt>
      <trkpt lat="39.64917" lon="2.4741">
        <ele>220.6</ele>
      </trkpt>
      <trkpt lat="39.64928" lon="2.47422">
        <ele>216.3</ele>
      </trkpt>
      <trkpt lat="39.64938" lon="2.47431">
        <ele>213.9</ele>
      </trkpt>
      <trkpt lat="39.64943" lon="2.47434">
        <ele>212.3</ele>
      </trkpt>
      <trkpt lat="39.64967" lon="2.47455">
        <ele>205.2</ele>
      </trkpt>
      <trkpt lat="39.64988" lon="2.47477">
        <ele>198.7</ele>
      </trkpt>
      <trkpt lat="39.6499" lon="2.47479">
        <ele>198.0</ele>
      </trkpt>
      <trkpt lat="39.64994" lon="2.47487">
        <ele>197.2</ele>
      </trkpt>
      <trkpt lat="39.64996" lon="2.47493">
        <ele>197.1</ele>
      </trkpt>
      <trkpt lat="39.64996" lon="2.47501">
        <ele>198.0</ele>
      </trkpt>
      <trkpt lat="39.64995" lon="2.47511">
        <ele>197.8</ele>
      </trkpt>
      <trkpt lat="39.64993" lon="2.47515">
        <ele>198.5</ele>
      </trkpt>
      <trkpt lat="39.64981" lon="2.47538">
        <ele>203.6</ele>
      </trkpt>
      <trkpt lat="39.64973" lon="2.47552">
        <ele>207.3</ele>
      </trkpt>
      <trkpt lat="39.64972" lon="2.47559">
        <ele>207.5</ele>
      </trkpt>
      <trkpt lat="39.64971" lon="2.47563">
        <ele>207.9</ele>
      </trkpt>
      <trkpt lat="39.64971" lon="2.47571">
        <ele>207.4</ele>
      </trkpt>
      <trkpt lat="39.64972" lon="2.47579">
        <ele>206.4</ele>
      </trkpt>
      <trkpt lat="39.64973" lon="2.47581">
        <ele>205.6</ele>
      </trkpt>
      <trkpt lat="39.64977" lon="2.47589">
        <ele>203.1</ele>
      </trkpt>
      <trkpt lat="39.64997" lon="2.47615">
        <ele>191.8</ele>
      </trkpt>
      <trkpt lat="39.64999" lon="2.47617">
        <ele>190.8</ele>
      </trkpt>
      <trkpt lat="39.65011" lon="2.47631">
        <ele>187.4</ele>
      </trkpt>
      <trkpt lat="39.65018" lon="2.47639">
        <ele>185.6</ele>
      </trkpt>
      <trkpt lat="39.65022" lon="2.47645">
        <ele>184.7</ele>
      </trkpt>
      <trkpt lat="39.65025" lon="2.47651">
        <ele>184.1</ele>
      </trkpt>
      <trkpt lat="39.65026" lon="2.47658">
        <ele>184.1</ele>
      </trkpt>
      <trkpt lat="39.65026" lon="2.47666">
        <ele>184.5</ele>
      </trkpt>
      <trkpt lat="39.65026" lon="2.4767">
        <ele>184.1</ele>
      </trkpt>
      <trkpt lat="39.65025" lon="2.4767">
        <ele>184.4</ele>
      </trkpt>
      <trkpt lat="39.65024" lon="2.47673">
        <ele>184.3</ele>
      </trkpt>
      <trkpt lat="39.65021" lon="2.47678">
        <ele>184.6</ele>
      </trkpt>
      <trkpt lat="39.64978" lon="2.47736">
        <ele>191.0</ele>
      </trkpt>
      <trkpt lat="39.64974" lon="2.47746">
        <ele>190.7</ele>
      </trkpt>
      <trkpt lat="39.64972" lon="2.47755">
        <ele>190.9</ele>
      </trkpt>
      <trkpt lat="39.64972" lon="2.47756">
        <ele>191.0</ele>
      </trkpt>
      <trkpt lat="39.64972" lon="2.47767">
        <ele>191.4</ele>
      </trkpt>
      <trkpt lat="39.64973" lon="2.47775">
        <ele>191.4</ele>
      </trkpt>
      <trkpt lat="39.64975" lon="2.47781">
        <ele>191.0</ele>
      </trkpt>
      <trkpt lat="39.6498" lon="2.4779">
        <ele>189.6</ele>
      </trkpt>
      <trkpt lat="39.64985" lon="2.47796">
        <ele>188.2</ele>
      </trkpt>
      <trkpt lat="39.64988" lon="2.47801">
        <ele>187.4</ele>
      </trkpt>
      <trkpt lat="39.64993" lon="2.47805">
        <ele>186.0</ele>
      </trkpt>
      <trkpt lat="39.64999" lon="2.47809">
        <ele>184.2</ele>
      </trkpt>
      <trkpt lat="39.65009" lon="2.47817">
        <ele>181.4</ele>
      </trkpt>
      <trkpt lat="39.65015" lon="2.47821">
        <ele>179.7</ele>
      </trkpt>
      <trkpt lat="39.65019" lon="2.47824">
        <ele>178.5</ele>
      </trkpt>
      <trkpt lat="39.65031" lon="2.47832">
        <ele>174.9</ele>
      </trkpt>
      <trkpt lat="39.65047" lon="2.47843">
        <ele>173.4</ele>
      </trkpt>
      <trkpt lat="39.65056" lon="2.4785">
        <ele>172.8</ele>
      </trkpt>
      <trkpt lat="39.65063" lon="2.47854">
        <ele>171.6</ele>
      </trkpt>
      <trkpt lat="39.65079" lon="2.47865">
        <ele>168.9</ele>
      </trkpt>
      <trkpt lat="39.65093" lon="2.47874">
        <ele>167.0</ele>
      </trkpt>
      <trkpt lat="39.65094" lon="2.47876">
        <ele>167.3</ele>
      </trkpt>
      <trkpt lat="39.6511" lon="2.47888">
        <ele>165.6</ele>
      </trkpt>
      <trkpt lat="39.65119" lon="2.47896">
        <ele>164.6</ele>
      </trkpt>
      <trkpt lat="39.65126" lon="2.47905">
        <ele>164.2</ele>
      </trkpt>
      <trkpt lat="39.65133" lon="2.47919">
        <ele>164.6</ele>
      </trkpt>
      <trkpt lat="39.65138" lon="2.47939">
        <ele>166.9</ele>
      </trkpt>
      <trkpt lat="39.6514" lon="2.47944">
        <ele>167.2</ele>
      </trkpt>
      <trkpt lat="39.65142" lon="2.47949">
        <ele>167.5</ele>
      </trkpt>
      <trkpt lat="39.65145" lon="2.47953">
        <ele>167.2</ele>
      </trkpt>
      <trkpt lat="39.65149" lon="2.47958">
        <ele>166.8</ele>
      </trkpt>
      <trkpt lat="39.65152" lon="2.47961">
        <ele>166.3</ele>
      </trkpt>
      <trkpt lat="39.65155" lon="2.47963">
        <ele>165.6</ele>
      </trkpt>
      <trkpt lat="39.65156" lon="2.47964">
        <ele>165.5</ele>
      </trkpt>
      <trkpt lat="39.65159" lon="2.47965">
        <ele>164.6</ele>
      </trkpt>
      <trkpt lat="39.65164" lon="2.47967">
        <ele>163.2</ele>
      </trkpt>
      <trkpt lat="39.65165" lon="2.47968">
        <ele>163.1</ele>
      </trkpt>
      <trkpt lat="39.65192" lon="2.47972">
        <ele>158.9</ele>
      </trkpt>
      <trkpt lat="39.65199" lon="2.47973">
        <ele>157.9</ele>
      </trkpt>
      <trkpt lat="39.65209" lon="2.47973">
        <ele>156.2</ele>
      </trkpt>
      <trkpt lat="39.65212" lon="2.47974">
        <ele>155.8</ele>
      </trkpt>
      <trkpt lat="39.65217" lon="2.47974">
        <ele>154.9</ele>
      </trkpt>
      <trkpt lat="39.65227" lon="2.47974">
        <ele>153.2</ele>
      </trkpt>
      <trkpt lat="39.65231" lon="2.47975">
        <ele>152.6</ele>
      </trkpt>
      <trkpt lat="39.65233" lon="2.47976">
        <ele>152.4</ele>
      </trkpt>
      <trkpt lat="39.65237" lon="2.47977">
        <ele>151.8</ele>
      </trkpt>
      <trkpt lat="39.65238" lon="2.47977">
        <ele>151.6</ele>
      </trkpt>
      <trkpt lat="39.65242" lon="2.4798">
        <ele>151.3</ele>
      </trkpt>
      <trkpt lat="39.65245" lon="2.47984">
        <ele>151.2</ele>
      </trkpt>
      <trkpt lat="39.65248" lon="2.47989">
        <ele>151.2</ele>
      </trkpt>
      <trkpt lat="39.65249" lon="2.47993">
        <ele>151.4</ele>
      </trkpt>
      <trkpt lat="39.65251" lon="2.48001">
        <ele>151.9</ele>
      </trkpt>
      <trkpt lat="39.65253" lon="2.48016">
        <ele>152.7</ele>
      </trkpt>
      <trkpt lat="39.65256" lon="2.48039">
        <ele>154.1</ele>
      </trkpt>
      <trkpt lat="39.65258" lon="2.4805">
        <ele>154.6</ele>
      </trkpt>
      <trkpt lat="39.6526" lon="2.48061">
        <ele>155.2</ele>
      </trkpt>
      <trkpt lat="39.65261" lon="2.48067">
        <ele>155.6</ele>
      </trkpt>
      <trkpt lat="39.65262" lon="2.48072">
        <ele>155.8</ele>
      </trkpt>
      <trkpt lat="39.65266" lon="2.48083">
        <ele>156.1</ele>
      </trkpt>
      <trkpt lat="39.65269" lon="2.48091">
        <ele>156.6</ele>
      </trkpt>
      <trkpt lat="39.65275" lon="2.48101">
        <ele>156.7</ele>
      </trkpt>
      <trkpt lat="39.65281" lon="2.4811">
        <ele>156.7</ele>
      </trkpt>
      <trkpt lat="39.65287" lon="2.48118">
        <ele>156.4</ele>
      </trkpt>
      <trkpt lat="39.65296" lon="2.48128">
        <ele>155.7</ele>
      </trkpt>
      <trkpt lat="39.653" lon="2.48133">
        <ele>155.4</ele>
      </trkpt>
      <trkpt lat="39.65312" lon="2.48145">
        <ele>154.0</ele>
      </trkpt>
      <trkpt lat="39.65314" lon="2.48148">
        <ele>153.8</ele>
      </trkpt>
      <trkpt lat="39.65326" lon="2.48158">
        <ele>152.0</ele>
      </trkpt>
      <trkpt lat="39.65336" lon="2.4817">
        <ele>150.6</ele>
      </trkpt>
      <trkpt lat="39.65336" lon="2.4817">
        <ele>150.6</ele>
      </trkpt>
      <trkpt lat="39.65339" lon="2.48167">
        <ele>150.0</ele>
      </trkpt>
      <trkpt lat="39.65339" lon="2.48167">
        <ele>150.0</ele>
      </trkpt>
      <trkpt lat="39.65336" lon="2.4817">
        <ele>150.6</ele>
      </trkpt>
      <trkpt lat="39.65336" lon="2.4817">
        <ele>150.6</ele>
      </trkpt>
      <trkpt lat="39.65339" lon="2.48193">
        <ele>150.3</ele>
      </trkpt>
      <trkpt lat="39.65342" lon="2.48216">
        <ele>149.8</ele>
      </trkpt>
      <trkpt lat="39.65343" lon="2.48219">
        <ele>149.6</ele>
      </trkpt>
      <trkpt lat="39.65348" lon="2.48254">
        <ele>148.6</ele>
      </trkpt>
      <trkpt lat="39.65351" lon="2.48277">
        <ele>147.4</ele>
      </trkpt>
      <trkpt lat="39.65353" lon="2.48301">
        <ele>146.7</ele>
      </trkpt>
      <trkpt lat="39.65353" lon="2.48314">
        <ele>146.4</ele>
      </trkpt>
      <trkpt lat="39.65351" lon="2.48337">
        <ele>146.5</ele>
      </trkpt>
      <trkpt lat="39.6535" lon="2.48344">
        <ele>147.1</ele>
      </trkpt>
      <trkpt lat="39.65349" lon="2.48345">
        <ele>147.2</ele>
      </trkpt>
      <trkpt lat="39.65346" lon="2.4835">
        <ele>147.4</ele>
      </trkpt>
      <trkpt lat="39.65343" lon="2.48356">
        <ele>147.7</ele>
      </trkpt>
      <trkpt lat="39.65341" lon="2.48365">
        <ele>148.2</ele>
      </trkpt>
      <trkpt lat="39.65341" lon="2.48371">
        <ele>148.4</ele>
      </trkpt>
      <trkpt lat="39.65342" lon="2.48376">
        <ele>148.6</ele>
      </trkpt>
      <trkpt lat="39.65343" lon="2.48379">
        <ele>148.8</ele>
      </trkpt>
      <trkpt lat="39.65344" lon="2.48381">
        <ele>148.9</ele>
      </trkpt>
      <trkpt lat="39.65347" lon="2.48385">
        <ele>149.1</ele>
      </trkpt>
      <trkpt lat="39.65352" lon="2.4839">
        <ele>149.5</ele>
      </trkpt>
      <trkpt lat="39.65357" lon="2.48392">
        <ele>149.8</ele>
      </trkpt>
      <trkpt lat="39.65363" lon="2.48394">
        <ele>150.2</ele>
      </trkpt>
      <trkpt lat="39.65375" lon="2.48391">
        <ele>150.9</ele>
      </trkpt>
      <trkpt lat="39.65376" lon="2.48391">
        <ele>151.0</ele>
      </trkpt>
      <trkpt lat="39.65392" lon="2.48384">
        <ele>150.4</ele>
      </trkpt>
      <trkpt lat="39.65402" lon="2.4838">
        <ele>149.9</ele>
      </trkpt>
      <trkpt lat="39.65409" lon="2.48378">
        <ele>149.6</ele>
      </trkpt>
      <trkpt lat="39.65412" lon="2.48377">
        <ele>149.4</ele>
      </trkpt>
      <trkpt lat="39.6542" lon="2.48375">
        <ele>149.0</ele>
      </trkpt>
      <trkpt lat="39.65427" lon="2.48376">
        <ele>149.3</ele>
      </trkpt>
      <trkpt lat="39.65441" lon="2.48377">
        <ele>149.7</ele>
      </trkpt>
      <trkpt lat="39.65456" lon="2.48379">
        <ele>150.2</ele>
      </trkpt>
      <trkpt lat="39.65473" lon="2.48383">
        <ele>151.0</ele>
      </trkpt>
      <trkpt lat="39.6548" lon="2.48384">
        <ele>151.2</ele>
      </trkpt>
      <trkpt lat="39.65482" lon="2.48384">
        <ele>151.2</ele>
      </trkpt>
      <trkpt lat="39.65486" lon="2.48386">
        <ele>151.6</ele>
      </trkpt>
      <trkpt lat="39.65506" lon="2.48392">
        <ele>151.6</ele>
      </trkpt>
      <trkpt lat="39.65509" lon="2.48393">
        <ele>151.3</ele>
      </trkpt>
      <trkpt lat="39.65511" lon="2.48394">
        <ele>151.1</ele>
      </trkpt>
      <trkpt lat="39.65514" lon="2.48397">
        <ele>151.0</ele>
      </trkpt>
      <trkpt lat="39.65518" lon="2.48401">
        <ele>150.9</ele>
      </trkpt>
      <trkpt lat="39.65519" lon="2.48402">
        <ele>150.9</ele>
      </trkpt>
      <trkpt lat="39.65521" lon="2.48408">
        <ele>151.2</ele>
      </trkpt>
      <trkpt lat="39.65523" lon="2.48414">
        <ele>151.6</ele>
      </trkpt>
      <trkpt lat="39.65523" lon="2.48416">
        <ele>151.8</ele>
      </trkpt>
      <trkpt lat="39.65523" lon="2.48424">
        <ele>152.1</ele>
      </trkpt>
      <trkpt lat="39.65519" lon="2.48441">
        <ele>153.5</ele>
      </trkpt>
      <trkpt lat="39.65513" lon="2.4846">
        <ele>155.2</ele>
      </trkpt>
      <trkpt lat="39.65511" lon="2.48464">
        <ele>155.7</ele>
      </trkpt>
      <trkpt lat="39.65506" lon="2.48481">
        <ele>157.2</ele>
      </trkpt>
      <trkpt lat="39.65506" lon="2.48482">
        <ele>157.3</ele>
      </trkpt>
      <trkpt lat="39.6549" lon="2.48528">
        <ele>160.8</ele>
      </trkpt>
      <trkpt lat="39.65484" lon="2.48542">
        <ele>161.8</ele>
      </trkpt>
      <trkpt lat="39.6548" lon="2.48547">
        <ele>162.5</ele>
      </trkpt>
      <trkpt lat="39.65478" lon="2.4855">
        <ele>162.8</ele>
      </trkpt>
      <trkpt lat="39.65468" lon="2.48557">
        <ele>164.5</ele>
      </trkpt>
      <trkpt lat="39.65467" lon="2.48557">
        <ele>164.7</ele>
      </trkpt>
      <trkpt lat="39.65457" lon="2.48562">
        <ele>166.4</ele>
      </trkpt>
      <trkpt lat="39.65448" lon="2.48568">
        <ele>167.8</ele>
      </trkpt>
      <trkpt lat="39.65442" lon="2.48572">
        <ele>168.8</ele>
      </trkpt>
      <trkpt lat="39.65433" lon="2.48579">
        <ele>170.3</ele>
      </trkpt>
      <trkpt lat="39.65432" lon="2.4858">
        <ele>170.5</ele>
      </trkpt>
      <trkpt lat="39.65431" lon="2.48582">
        <ele>170.6</ele>
      </trkpt>
      <trkpt lat="39.65428" lon="2.48586">
        <ele>171.1</ele>
      </trkpt>
      <trkpt lat="39.654" lon="2.48625">
        <ele>174.6</ele>
      </trkpt>
      <trkpt lat="39.6539" lon="2.48643">
        <ele>176.4</ele>
      </trkpt>
      <trkpt lat="39.65388" lon="2.4865">
        <ele>176.9</ele>
      </trkpt>
      <trkpt lat="39.65388" lon="2.48655">
        <ele>177.1</ele>
      </trkpt>
      <trkpt lat="39.65388" lon="2.48655">
        <ele>177.1</ele>
      </trkpt>
      <trkpt lat="39.65388" lon="2.48656">
        <ele>177.1</ele>
      </trkpt>
      <trkpt lat="39.65389" lon="2.48659">
        <ele>177.1</ele>
      </trkpt>
      <trkpt lat="39.6539" lon="2.48661">
        <ele>176.9</ele>
      </trkpt>
      <trkpt lat="39.65392" lon="2.48663">
        <ele>176.6</ele>
      </trkpt>
      <trkpt lat="39.65394" lon="2.48665">
        <ele>176.3</ele>
      </trkpt>
      <trkpt lat="39.65399" lon="2.48667">
        <ele>175.4</ele>
      </trkpt>
      <trkpt lat="39.65414" lon="2.4867">
        <ele>173.1</ele>
      </trkpt>
      <trkpt lat="39.65423" lon="2.48669">
        <ele>172.7</ele>
      </trkpt>
      <trkpt lat="39.65433" lon="2.48667">
        <ele>172.7</ele>
      </trkpt>
      <trkpt lat="39.65438" lon="2.48665">
        <ele>172.7</ele>
      </trkpt>
      <trkpt lat="39.65455" lon="2.48657">
        <ele>172.6</ele>
      </trkpt>
      <trkpt lat="39.65472" lon="2.48649">
        <ele>171.8</ele>
      </trkpt>
      <trkpt lat="39.65475" lon="2.48648">
        <ele>171.7</ele>
      </trkpt>
      <trkpt lat="39.65482" lon="2.48646">
        <ele>171.3</ele>
      </trkpt>
      <trkpt lat="39.65488" lon="2.48645">
        <ele>171.0</ele>
      </trkpt>
      <trkpt lat="39.65499" lon="2.48648">
        <ele>171.4</ele>
      </trkpt>
      <trkpt lat="39.65505" lon="2.4865">
        <ele>171.3</ele>
      </trkpt>
      <trkpt lat="39.65507" lon="2.48651">
        <ele>171.2</ele>
      </trkpt>
      <trkpt lat="39.65512" lon="2.48654">
        <ele>171.2</ele>
      </trkpt>
      <trkpt lat="39.65518" lon="2.48657">
        <ele>171.1</ele>
      </trkpt>
      <trkpt lat="39.65523" lon="2.48662">
        <ele>171.4</ele>
      </trkpt>
      <trkpt lat="39.6553" lon="2.48668">
        <ele>171.7</ele>
      </trkpt>
      <trkpt lat="39.65537" lon="2.48676">
        <ele>172.4</ele>
      </trkpt>
      <trkpt lat="39.6555" lon="2.48688">
        <ele>172.7</ele>
      </trkpt>
      <trkpt lat="39.6558" lon="2.48718">
        <ele>172.4</ele>
      </trkpt>
      <trkpt lat="39.65585" lon="2.48723">
        <ele>172.6</ele>
      </trkpt>
      <trkpt lat="39.65594" lon="2.48732">
        <ele>174.2</ele>
      </trkpt>
      <trkpt lat="39.656" lon="2.48734">
        <ele>174.8</ele>
      </trkpt>
      <trkpt lat="39.65605" lon="2.48735">
        <ele>175.2</ele>
      </trkpt>
      <trkpt lat="39.65618" lon="2.48734">
        <ele>175.8</ele>
      </trkpt>
      <trkpt lat="39.65631" lon="2.48728">
        <ele>176.0</ele>
      </trkpt>
      <trkpt lat="39.65637" lon="2.48723">
        <ele>176.0</ele>
      </trkpt>
      <trkpt lat="39.65641" lon="2.48717">
        <ele>175.9</ele>
      </trkpt>
      <trkpt lat="39.65643" lon="2.48713">
        <ele>175.8</ele>
      </trkpt>
      <trkpt lat="39.65645" lon="2.48702">
        <ele>175.3</ele>
      </trkpt>
      <trkpt lat="39.65646" lon="2.487">
        <ele>175.3</ele>
      </trkpt>
      <trkpt lat="39.65648" lon="2.48679">
        <ele>174.2</ele>
      </trkpt>
      <trkpt lat="39.65648" lon="2.48677">
        <ele>174.1</ele>
      </trkpt>
      <trkpt lat="39.65649" lon="2.48654">
        <ele>172.2</ele>
      </trkpt>
      <trkpt lat="39.65649" lon="2.48652">
        <ele>172.0</ele>
      </trkpt>
      <trkpt lat="39.65652" lon="2.48631">
        <ele>170.1</ele>
      </trkpt>
      <trkpt lat="39.65653" lon="2.48624">
        <ele>169.4</ele>
      </trkpt>
      <trkpt lat="39.65658" lon="2.48609">
        <ele>168.5</ele>
      </trkpt>
      <trkpt lat="39.6566" lon="2.48601">
        <ele>167.9</ele>
      </trkpt>
      <trkpt lat="39.65668" lon="2.48588">
        <ele>167.5</ele>
      </trkpt>
      <trkpt lat="39.65676" lon="2.48581">
        <ele>166.7</ele>
      </trkpt>
      <trkpt lat="39.65682" lon="2.48577">
        <ele>166.0</ele>
      </trkpt>
      <trkpt lat="39.65686" lon="2.48576">
        <ele>165.9</ele>
      </trkpt>
      <trkpt lat="39.65691" lon="2.48576">
        <ele>166.0</ele>
      </trkpt>
      <trkpt lat="39.65718" lon="2.48583">
        <ele>168.2</ele>
      </trkpt>
      <trkpt lat="39.6572" lon="2.48584">
        <ele>168.4</ele>
      </trkpt>
      <trkpt lat="39.65738" lon="2.48593">
        <ele>171.1</ele>
      </trkpt>
      <trkpt lat="39.65754" lon="2.48597">
        <ele>172.8</ele>
      </trkpt>
      <trkpt lat="39.65762" lon="2.48598">
        <ele>173.5</ele>
      </trkpt>
      <trkpt lat="39.65769" lon="2.48598">
        <ele>173.9</ele>
      </trkpt>
      <trkpt lat="39.65781" lon="2.48592">
        <ele>173.0</ele>
      </trkpt>
      <trkpt lat="39.6579" lon="2.48585">
        <ele>171.8</ele>
      </trkpt>
      <trkpt lat="39.65791" lon="2.48584">
        <ele>171.6</ele>
      </trkpt>
      <trkpt lat="39.65808" lon="2.48577">
        <ele>171.4</ele>
      </trkpt>
      <trkpt lat="39.65824" lon="2.48575">
        <ele>172.1</ele>
      </trkpt>
      <trkpt lat="39.65825" lon="2.48575">
        <ele>172.2</ele>
      </trkpt>
      <trkpt lat="39.65838" lon="2.48572">
        <ele>173.6</ele>
      </trkpt>
      <trkpt lat="39.65843" lon="2.48569">
        <ele>174.6</ele>
      </trkpt>
      <trkpt lat="39.65845" lon="2.48568">
        <ele>175.0</ele>
      </trkpt>
      <trkpt lat="39.65852" lon="2.48562">
        <ele>176.1</ele>
      </trkpt>
      <trkpt lat="39.65857" lon="2.48555">
        <ele>176.4</ele>
      </trkpt>
      <trkpt lat="39.65859" lon="2.4855">
        <ele>176.2</ele>
      </trkpt>
      <trkpt lat="39.65859" lon="2.48546">
        <ele>175.6</ele>
      </trkpt>
      <trkpt lat="39.65859" lon="2.48533">
        <ele>173.5</ele>
      </trkpt>
      <trkpt lat="39.65859" lon="2.48531">
        <ele>173.2</ele>
      </trkpt>
      <trkpt lat="39.65857" lon="2.48518">
        <ele>170.6</ele>
      </trkpt>
      <trkpt lat="39.65856" lon="2.48511">
        <ele>169.3</ele>
      </trkpt>
      <trkpt lat="39.65856" lon="2.4851">
        <ele>169.1</ele>
      </trkpt>
      <trkpt lat="39.65857" lon="2.48503">
        <ele>168.3</ele>
      </trkpt>
      <trkpt lat="39.6586" lon="2.48487">
        <ele>167.0</ele>
      </trkpt>
      <trkpt lat="39.65864" lon="2.48473">
        <ele>166.3</ele>
      </trkpt>
      <trkpt lat="39.65869" lon="2.48461">
        <ele>165.9</ele>
      </trkpt>
      <trkpt lat="39.65884" lon="2.48437">
        <ele>165.9</ele>
      </trkpt>
      <trkpt lat="39.6589" lon="2.48429">
        <ele>165.9</ele>
      </trkpt>
      <trkpt lat="39.65895" lon="2.48422">
        <ele>165.7</ele>
      </trkpt>
      <trkpt lat="39.65908" lon="2.48407">
        <ele>165.8</ele>
      </trkpt>
      <trkpt lat="39.65914" lon="2.48403">
        <ele>166.1</ele>
      </trkpt>
      <trkpt lat="39.65921" lon="2.48398">
        <ele>165.2</ele>
      </trkpt>
      <trkpt lat="39.65927" lon="2.48394">
        <ele>163.8</ele>
      </trkpt>
      <trkpt lat="39.65933" lon="2.48393">
        <ele>162.9</ele>
      </trkpt>
      <trkpt lat="39.65934" lon="2.48394">
        <ele>163.0</ele>
      </trkpt>
      <trkpt lat="39.65941" lon="2.48395">
        <ele>162.4</ele>
      </trkpt>
      <trkpt lat="39.65947" lon="2.48397">
        <ele>162.1</ele>
      </trkpt>
      <trkpt lat="39.65954" lon="2.484">
        <ele>161.8</ele>
      </trkpt>
      <trkpt lat="39.65957" lon="2.48402">
        <ele>161.8</ele>
      </trkpt>
      <trkpt lat="39.65963" lon="2.48408">
        <ele>162.1</ele>
      </trkpt>
      <trkpt lat="39.65976" lon="2.48421">
        <ele>162.9</ele>
      </trkpt>
      <trkpt lat="39.65982" lon="2.48428">
        <ele>163.8</ele>
      </trkpt>
      <trkpt lat="39.66016" lon="2.48459">
        <ele>166.0</ele>
      </trkpt>
      <trkpt lat="39.66022" lon="2.48468">
        <ele>166.9</ele>
      </trkpt>
      <trkpt lat="39.66029" lon="2.48479">
        <ele>168.0</ele>
      </trkpt>
      <trkpt lat="39.6603" lon="2.48481">
        <ele>168.2</ele>
      </trkpt>
      <trkpt lat="39.66041" lon="2.48499">
        <ele>169.9</ele>
      </trkpt>
      <trkpt lat="39.66048" lon="2.48515">
        <ele>171.5</ele>
      </trkpt>
      <trkpt lat="39.6605" lon="2.4852">
        <ele>171.9</ele>
      </trkpt>
      <trkpt lat="39.6606" lon="2.4854">
        <ele>173.3</ele>
      </trkpt>
      <trkpt lat="39.66068" lon="2.48557">
        <ele>174.4</ele>
      </trkpt>
      <trkpt lat="39.66069" lon="2.48559">
        <ele>174.5</ele>
      </trkpt>
      <trkpt lat="39.66075" lon="2.48568">
        <ele>174.5</ele>
      </trkpt>
      <trkpt lat="39.66081" lon="2.48573">
        <ele>173.9</ele>
      </trkpt>
      <trkpt lat="39.66083" lon="2.48574">
        <ele>173.5</ele>
      </trkpt>
      <trkpt lat="39.66089" lon="2.48576">
        <ele>173.7</ele>
      </trkpt>
      <trkpt lat="39.661" lon="2.48578">
        <ele>173.9</ele>
      </trkpt>
      <trkpt lat="39.66114" lon="2.48581">
        <ele>174.2</ele>
      </trkpt>
      <trkpt lat="39.66118" lon="2.48583">
        <ele>174.5</ele>
      </trkpt>
      <trkpt lat="39.66119" lon="2.48583">
        <ele>174.5</ele>
      </trkpt>
      <trkpt lat="39.66135" lon="2.48592">
        <ele>175.6</ele>
      </trkpt>
      <trkpt lat="39.66153" lon="2.48604">
        <ele>176.8</ele>
      </trkpt>
      <trkpt lat="39.66171" lon="2.48613">
        <ele>177.3</ele>
      </trkpt>
      <trkpt lat="39.66175" lon="2.48616">
        <ele>177.4</ele>
      </trkpt>
      <trkpt lat="39.66179" lon="2.4862">
        <ele>177.5</ele>
      </trkpt>
      <trkpt lat="39.66182" lon="2.48625">
        <ele>177.9</ele>
      </trkpt>
      <trkpt lat="39.66186" lon="2.4863">
        <ele>178.2</ele>
      </trkpt>
      <trkpt lat="39.66192" lon="2.48644">
        <ele>179.2</ele>
      </trkpt>
      <trkpt lat="39.66202" lon="2.48664">
        <ele>180.3</ele>
      </trkpt>
      <trkpt lat="39.66205" lon="2.48672">
        <ele>180.9</ele>
      </trkpt>
      <trkpt lat="39.66217" lon="2.48706">
        <ele>183.0</ele>
      </trkpt>
      <trkpt lat="39.6622" lon="2.48712">
        <ele>183.3</ele>
      </trkpt>
      <trkpt lat="39.6622" lon="2.48719">
        <ele>184.0</ele>
      </trkpt>
      <trkpt lat="39.6622" lon="2.48727">
        <ele>184.7</ele>
      </trkpt>
      <trkpt lat="39.6622" lon="2.48745">
        <ele>186.5</ele>
      </trkpt>
      <trkpt lat="39.6622" lon="2.48754">
        <ele>187.2</ele>
      </trkpt>
      <trkpt lat="39.6622" lon="2.48777">
        <ele>188.9</ele>
      </trkpt>
      <trkpt lat="39.6622" lon="2.48783">
        <ele>189.3</ele>
      </trkpt>
      <trkpt lat="39.66221" lon="2.48787">
        <ele>189.5</ele>
      </trkpt>
      <trkpt lat="39.66222" lon="2.48791">
        <ele>189.6</ele>
      </trkpt>
      <trkpt lat="39.66224" lon="2.48795">
        <ele>189.7</ele>
      </trkpt>
      <trkpt lat="39.66226" lon="2.48798">
        <ele>189.6</ele>
      </trkpt>
      <trkpt lat="39.6623" lon="2.48801">
        <ele>189.3</ele>
      </trkpt>
      <trkpt lat="39.66234" lon="2.48803">
        <ele>188.9</ele>
      </trkpt>
      <trkpt lat="39.66238" lon="2.48805">
        <ele>188.5</ele>
      </trkpt>
      <trkpt lat="39.66242" lon="2.48806">
        <ele>188.1</ele>
      </trkpt>
      <trkpt lat="39.66252" lon="2.48806">
        <ele>187.4</ele>
      </trkpt>
      <trkpt lat="39.66255" lon="2.48804">
        <ele>187.8</ele>
      </trkpt>
      <trkpt lat="39.66261" lon="2.48802">
        <ele>188.7</ele>
      </trkpt>
      <trkpt lat="39.66286" lon="2.4878">
        <ele>190.8</ele>
      </trkpt>
      <trkpt lat="39.66301" lon="2.48765">
        <ele>191.5</ele>
      </trkpt>
      <trkpt lat="39.66315" lon="2.48751">
        <ele>191.7</ele>
      </trkpt>
      <trkpt lat="39.66328" lon="2.48737">
        <ele>191.0</ele>
      </trkpt>
      <trkpt lat="39.66329" lon="2.48737">
        <ele>191.2</ele>
      </trkpt>
      <trkpt lat="39.66343" lon="2.48723">
        <ele>191.3</ele>
      </trkpt>
      <trkpt lat="39.66355" lon="2.48711">
        <ele>192.0</ele>
      </trkpt>
      <trkpt lat="39.66357" lon="2.48709">
        <ele>192.2</ele>
      </trkpt>
      <trkpt lat="39.66357" lon="2.48708">
        <ele>192.0</ele>
      </trkpt>
      <trkpt lat="39.66363" lon="2.48701">
        <ele>192.2</ele>
      </trkpt>
      <trkpt lat="39.66367" lon="2.48689">
        <ele>191.2</ele>
      </trkpt>
      <trkpt lat="39.66369" lon="2.48683">
        <ele>190.7</ele>
      </trkpt>
      <trkpt lat="39.66372" lon="2.48667">
        <ele>188.8</ele>
      </trkpt>
      <trkpt lat="39.66373" lon="2.48667">
        <ele>189.1</ele>
      </trkpt>
      <trkpt lat="39.66374" lon="2.48663">
        <ele>188.4</ele>
      </trkpt>
      <trkpt lat="39.66376" lon="2.48647">
        <ele>185.4</ele>
      </trkpt>
      <trkpt lat="39.66377" lon="2.48645">
        <ele>185.2</ele>
      </trkpt>
      <trkpt lat="39.66378" lon="2.48644">
        <ele>185.2</ele>
      </trkpt>
      <trkpt lat="39.66384" lon="2.48631">
        <ele>183.5</ele>
      </trkpt>
      <trkpt lat="39.66388" lon="2.48626">
        <ele>183.2</ele>
      </trkpt>
      <trkpt lat="39.66388" lon="2.48625">
        <ele>183.0</ele>
      </trkpt>
      <trkpt lat="39.66393" lon="2.48619">
        <ele>182.6</ele>
      </trkpt>
      <trkpt lat="39.66402" lon="2.48612">
        <ele>182.7</ele>
      </trkpt>
      <trkpt lat="39.66403" lon="2.48611">
        <ele>182.6</ele>
      </trkpt>
      <trkpt lat="39.66408" lon="2.48609">
        <ele>183.1</ele>
      </trkpt>
      <trkpt lat="39.6642" lon="2.48605">
        <ele>183.8</ele>
      </trkpt>
      <trkpt lat="39.66438" lon="2.486">
        <ele>182.8</ele>
      </trkpt>
      <trkpt lat="39.66442" lon="2.48599">
        <ele>182.7</ele>
      </trkpt>
      <trkpt lat="39.66455" lon="2.48596">
        <ele>182.3</ele>
      </trkpt>
      <trkpt lat="39.66466" lon="2.48594">
        <ele>182.3</ele>
      </trkpt>
      <trkpt lat="39.66473" lon="2.48595">
        <ele>182.7</ele>
      </trkpt>
      <trkpt lat="39.66474" lon="2.48595">
        <ele>182.7</ele>
      </trkpt>
      <trkpt lat="39.6648" lon="2.48598">
        <ele>183.3</ele>
      </trkpt>
      <trkpt lat="39.66485" lon="2.48602">
        <ele>184.0</ele>
      </trkpt>
      <trkpt lat="39.66488" lon="2.48606">
        <ele>184.6</ele>
      </trkpt>
      <trkpt lat="39.66491" lon="2.48611">
        <ele>185.3</ele>
      </trkpt>
      <trkpt lat="39.66498" lon="2.48622">
        <ele>186.7</ele>
      </trkpt>
      <trkpt lat="39.66505" lon="2.48636">
        <ele>187.8</ele>
      </trkpt>
      <trkpt lat="39.66509" lon="2.48644">
        <ele>188.2</ele>
      </trkpt>
      <trkpt lat="39.66515" lon="2.48656">
        <ele>188.7</ele>
      </trkpt>
      <trkpt lat="39.66521" lon="2.48666">
        <ele>188.9</ele>
      </trkpt>
      <trkpt lat="39.66524" lon="2.48672">
        <ele>189.5</ele>
      </trkpt>
      <trkpt lat="39.6654" lon="2.48687">
        <ele>190.2</ele>
      </trkpt>
      <trkpt lat="39.66546" lon="2.48691">
        <ele>190.3</ele>
      </trkpt>
      <trkpt lat="39.66551" lon="2.48693">
        <ele>190.2</ele>
      </trkpt>
      <trkpt lat="39.66556" lon="2.48694">
        <ele>189.9</ele>
      </trkpt>
      <trkpt lat="39.66561" lon="2.48693">
        <ele>189.1</ele>
      </trkpt>
      <trkpt lat="39.66568" lon="2.4869">
        <ele>187.6</ele>
      </trkpt>
      <trkpt lat="39.66573" lon="2.48687">
        <ele>186.3</ele>
      </trkpt>
      <trkpt lat="39.66589" lon="2.48677">
        <ele>182.2</ele>
      </trkpt>
      <trkpt lat="39.66598" lon="2.48671">
        <ele>180.1</ele>
      </trkpt>
      <trkpt lat="39.66605" lon="2.48668">
        <ele>178.8</ele>
      </trkpt>
      <trkpt lat="39.66606" lon="2.48668">
        <ele>178.7</ele>
      </trkpt>
      <trkpt lat="39.6662" lon="2.48668">
        <ele>177.7</ele>
      </trkpt>
      <trkpt lat="39.66623" lon="2.48669">
        <ele>177.8</ele>
      </trkpt>
      <trkpt lat="39.66635" lon="2.48673">
        <ele>178.2</ele>
      </trkpt>
      <trkpt lat="39.66656" lon="2.48679">
        <ele>178.7</ele>
      </trkpt>
      <trkpt lat="39.66658" lon="2.48679">
        <ele>178.5</ele>
      </trkpt>
      <trkpt lat="39.66673" lon="2.48681">
        <ele>178.0</ele>
      </trkpt>
      <trkpt lat="39.66676" lon="2.48681">
        <ele>177.7</ele>
      </trkpt>
      <trkpt lat="39.6669" lon="2.48681">
        <ele>176.3</ele>
      </trkpt>
      <trkpt lat="39.66694" lon="2.48682">
        <ele>176.2</ele>
      </trkpt>
      <trkpt lat="39.667" lon="2.48684">
        <ele>176.3</ele>
      </trkpt>
      <trkpt lat="39.66717" lon="2.4869">
        <ele>176.4</ele>
      </trkpt>
      <trkpt lat="39.66729" lon="2.48696">
        <ele>177.0</ele>
      </trkpt>
      <trkpt lat="39.66742" lon="2.48703">
        <ele>177.8</ele>
      </trkpt>
      <trkpt lat="39.66752" lon="2.48709">
        <ele>178.9</ele>
      </trkpt>
      <trkpt lat="39.66757" lon="2.48711">
        <ele>179.8</ele>
      </trkpt>
      <trkpt lat="39.66762" lon="2.4871">
        <ele>179.9</ele>
      </trkpt>
      <trkpt lat="39.66764" lon="2.4871">
        <ele>180.1</ele>
      </trkpt>
      <trkpt lat="39.66769" lon="2.48708">
        <ele>179.8</ele>
      </trkpt>
      <trkpt lat="39.66773" lon="2.48706">
        <ele>179.4</ele>
      </trkpt>
      <trkpt lat="39.66776" lon="2.48705">
        <ele>179.2</ele>
      </trkpt>
      <trkpt lat="39.66779" lon="2.48703">
        <ele>178.7</ele>
      </trkpt>
      <trkpt lat="39.66782" lon="2.48699">
        <ele>177.5</ele>
      </trkpt>
      <trkpt lat="39.66787" lon="2.48689">
        <ele>174.1</ele>
      </trkpt>
      <trkpt lat="39.6679" lon="2.48685">
        <ele>172.8</ele>
      </trkpt>
      <trkpt lat="39.66795" lon="2.4868">
        <ele>171.0</ele>
      </trkpt>
      <trkpt lat="39.66802" lon="2.48675">
        <ele>169.3</ele>
      </trkpt>
      <trkpt lat="39.66806" lon="2.48674">
        <ele>168.9</ele>
      </trkpt>
      <trkpt lat="39.66817" lon="2.48671">
        <ele>167.8</ele>
      </trkpt>
      <trkpt lat="39.66824" lon="2.48671">
        <ele>167.9</ele>
      </trkpt>
      <trkpt lat="39.66839" lon="2.48669">
        <ele>167.3</ele>
      </trkpt>
      <trkpt lat="39.66842" lon="2.48669">
        <ele>167.4</ele>
      </trkpt>
      <trkpt lat="39.66852" lon="2.48667">
        <ele>167.0</ele>
      </trkpt>
      <trkpt lat="39.66859" lon="2.48664">
        <ele>166.6</ele>
      </trkpt>
      <trkpt lat="39.66861" lon="2.48664">
        <ele>166.7</ele>
      </trkpt>
      <trkpt lat="39.66876" lon="2.48656">
        <ele>165.6</ele>
      </trkpt>
      <trkpt lat="39.66885" lon="2.48651">
        <ele>165.1</ele>
      </trkpt>
      <trkpt lat="39.66893" lon="2.48648">
        <ele>165.0</ele>
      </trkpt>
      <trkpt lat="39.66924" lon="2.48638">
        <ele>163.9</ele>
      </trkpt>
      <trkpt lat="39.66945" lon="2.48629">
        <ele>160.5</ele>
      </trkpt>
      <trkpt lat="39.66946" lon="2.48629">
        <ele>160.4</ele>
      </trkpt>
      <trkpt lat="39.66957" lon="2.48625">
        <ele>159.1</ele>
      </trkpt>
      <trkpt lat="39.66962" lon="2.48625">
        <ele>158.7</ele>
      </trkpt>
      <trkpt lat="39.66965" lon="2.48625">
        <ele>158.4</ele>
      </trkpt>
      <trkpt lat="39.66968" lon="2.48626">
        <ele>158.2</ele>
      </trkpt>
      <trkpt lat="39.6697" lon="2.48628">
        <ele>158.1</ele>
      </trkpt>
      <trkpt lat="39.66973" lon="2.48631">
        <ele>157.8</ele>
      </trkpt>
      <trkpt lat="39.66975" lon="2.48634">
        <ele>157.6</ele>
      </trkpt>
      <trkpt lat="39.66977" lon="2.48639">
        <ele>157.3</ele>
      </trkpt>
      <trkpt lat="39.66977" lon="2.48642">
        <ele>157.2</ele>
      </trkpt>
      <trkpt lat="39.66984" lon="2.4867">
        <ele>155.6</ele>
      </trkpt>
      <trkpt lat="39.66986" lon="2.48676">
        <ele>155.3</ele>
      </trkpt>
      <trkpt lat="39.66986" lon="2.48693">
        <ele>155.9</ele>
      </trkpt>
      <trkpt lat="39.66987" lon="2.48704">
        <ele>156.0</ele>
      </trkpt>
      <trkpt lat="39.66986" lon="2.48716">
        <ele>156.7</ele>
      </trkpt>
      <trkpt lat="39.66985" lon="2.48738">
        <ele>157.9</ele>
      </trkpt>
      <trkpt lat="39.66984" lon="2.48757">
        <ele>159.0</ele>
      </trkpt>
      <trkpt lat="39.66983" lon="2.48762">
        <ele>159.6</ele>
      </trkpt>
      <trkpt lat="39.66982" lon="2.48772">
        <ele>160.3</ele>
      </trkpt>
      <trkpt lat="39.6698" lon="2.4878">
        <ele>161.4</ele>
      </trkpt>
      <trkpt lat="39.66978" lon="2.48784">
        <ele>162.5</ele>
      </trkpt>
      <trkpt lat="39.66974" lon="2.48788">
        <ele>164.7</ele>
      </trkpt>
      <trkpt lat="39.6697" lon="2.48792">
        <ele>166.8</ele>
      </trkpt>
      <trkpt lat="39.66966" lon="2.48795">
        <ele>168.9</ele>
      </trkpt>
      <trkpt lat="39.66964" lon="2.48796">
        <ele>170.0</ele>
      </trkpt>
      <trkpt lat="39.66961" lon="2.488">
        <ele>171.6</ele>
      </trkpt>
      <trkpt lat="39.66958" lon="2.48806">
        <ele>173.3</ele>
      </trkpt>
      <trkpt lat="39.66956" lon="2.48812">
        <ele>174.6</ele>
      </trkpt>
      <trkpt lat="39.66956" lon="2.48813">
        <ele>174.6</ele>
      </trkpt>
      <trkpt lat="39.66955" lon="2.4882">
        <ele>175.3</ele>
      </trkpt>
      <trkpt lat="39.66955" lon="2.48826">
        <ele>175.5</ele>
      </trkpt>
      <trkpt lat="39.66958" lon="2.48835">
        <ele>174.3</ele>
      </trkpt>
      <trkpt lat="39.66958" lon="2.48836">
        <ele>174.3</ele>
      </trkpt>
      <trkpt lat="39.6697" lon="2.48858">
        <ele>169.5</ele>
      </trkpt>
      <trkpt lat="39.66992" lon="2.48884">
        <ele>160.2</ele>
      </trkpt>
      <trkpt lat="39.66994" lon="2.48887">
        <ele>159.5</ele>
      </trkpt>
      <trkpt lat="39.66996" lon="2.48892">
        <ele>158.9</ele>
      </trkpt>
      <trkpt lat="39.66997" lon="2.48897">
        <ele>158.8</ele>
      </trkpt>
      <trkpt lat="39.66998" lon="2.48902">
        <ele>158.7</ele>
      </trkpt>
      <trkpt lat="39.66998" lon="2.48907">
        <ele>159.2</ele>
      </trkpt>
      <trkpt lat="39.66997" lon="2.48909">
        <ele>159.8</ele>
      </trkpt>
      <trkpt lat="39.66996" lon="2.48912">
        <ele>160.5</ele>
      </trkpt>
      <trkpt lat="39.66988" lon="2.4893">
        <ele>166.7</ele>
      </trkpt>
      <trkpt lat="39.66986" lon="2.48932">
        <ele>168.0</ele>
      </trkpt>
      <trkpt lat="39.66982" lon="2.48944">
        <ele>171.6</ele>
      </trkpt>
      <trkpt lat="39.66981" lon="2.48948">
        <ele>172.7</ele>
      </trkpt>
      <trkpt lat="39.66981" lon="2.48951">
        <ele>173.1</ele>
      </trkpt>
      <trkpt lat="39.6698" lon="2.48957">
        <ele>174.4</ele>
      </trkpt>
      <trkpt lat="39.66981" lon="2.48966">
        <ele>175.3</ele>
      </trkpt>
      <trkpt lat="39.66984" lon="2.48973">
        <ele>174.9</ele>
      </trkpt>
      <trkpt lat="39.66985" lon="2.48974">
        <ele>174.6</ele>
      </trkpt>
      <trkpt lat="39.6699" lon="2.48982">
        <ele>173.6</ele>
      </trkpt>
      <trkpt lat="39.66998" lon="2.48989">
        <ele>171.2</ele>
      </trkpt>
      <trkpt lat="39.67006" lon="2.48995">
        <ele>168.7</ele>
      </trkpt>
      <trkpt lat="39.67013" lon="2.49">
        <ele>166.7</ele>
      </trkpt>
      <trkpt lat="39.6702" lon="2.49005">
        <ele>165.7</ele>
      </trkpt>
      <trkpt lat="39.67026" lon="2.49007">
        <ele>163.9</ele>
      </trkpt>
      <trkpt lat="39.6703" lon="2.49009">
        <ele>162.9</ele>
      </trkpt>
      <trkpt lat="39.67032" lon="2.49011">
        <ele>162.8</ele>
      </trkpt>
      <trkpt lat="39.67037" lon="2.49015">
        <ele>162.0</ele>
      </trkpt>
      <trkpt lat="39.67045" lon="2.4902">
        <ele>160.3</ele>
      </trkpt>
      <trkpt lat="39.67052" lon="2.49024">
        <ele>158.5</ele>
      </trkpt>
      <trkpt lat="39.67061" lon="2.4903">
        <ele>156.4</ele>
      </trkpt>
      <trkpt lat="39.67062" lon="2.4903">
        <ele>155.9</ele>
      </trkpt>
      <trkpt lat="39.67066" lon="2.49035">
        <ele>155.6</ele>
      </trkpt>
      <trkpt lat="39.67069" lon="2.49039">
        <ele>155.4</ele>
      </trkpt>
      <trkpt lat="39.6707" lon="2.49045">
        <ele>156.7</ele>
      </trkpt>
      <trkpt lat="39.67071" lon="2.49049">
        <ele>157.4</ele>
      </trkpt>
      <trkpt lat="39.67071" lon="2.49051">
        <ele>158.0</ele>
      </trkpt>
      <trkpt lat="39.67071" lon="2.49056">
        <ele>159.5</ele>
      </trkpt>
      <trkpt lat="39.67069" lon="2.49063">
        <ele>162.5</ele>
      </trkpt>
      <trkpt lat="39.67066" lon="2.49071">
        <ele>166.4</ele>
      </trkpt>
      <trkpt lat="39.67065" lon="2.49079">
        <ele>169.4</ele>
      </trkpt>
      <trkpt lat="39.67064" lon="2.49085">
        <ele>171.6</ele>
      </trkpt>
      <trkpt lat="39.67064" lon="2.49091">
        <ele>172.8</ele>
      </trkpt>
      <trkpt lat="39.67072" lon="2.49116">
        <ele>173.6</ele>
      </trkpt>
      <trkpt lat="39.67075" lon="2.49126">
        <ele>173.9</ele>
      </trkpt>
      <trkpt lat="39.67077" lon="2.49135">
        <ele>174.6</ele>
      </trkpt>
      <trkpt lat="39.67078" lon="2.49144">
        <ele>175.8</ele>
      </trkpt>
      <trkpt lat="39.67078" lon="2.49161">
        <ele>179.1</ele>
      </trkpt>
      <trkpt lat="39.67078" lon="2.49163">
        <ele>179.5</ele>
      </trkpt>
      <trkpt lat="39.67076" lon="2.49176">
        <ele>183.6</ele>
      </trkpt>
      <trkpt lat="39.67075" lon="2.49184">
        <ele>186.0</ele>
      </trkpt>
      <trkpt lat="39.67075" lon="2.49193">
        <ele>188.1</ele>
      </trkpt>
      <trkpt lat="39.67076" lon="2.49199">
        <ele>188.9</ele>
      </trkpt>
      <trkpt lat="39.67076" lon="2.49205">
        <ele>190.3</ele>
      </trkpt>
      <trkpt lat="39.67078" lon="2.4921">
        <ele>190.3</ele>
      </trkpt>
      <trkpt lat="39.67079" lon="2.49214">
        <ele>190.7</ele>
      </trkpt>
      <trkpt lat="39.67082" lon="2.49217">
        <ele>189.8</ele>
      </trkpt>
      <trkpt lat="39.67084" lon="2.4922">
        <ele>189.6</ele>
      </trkpt>
      <trkpt lat="39.67089" lon="2.49223">
        <ele>188.8</ele>
      </trkpt>
      <trkpt lat="39.67091" lon="2.49224">
        <ele>188.4</ele>
      </trkpt>
      <trkpt lat="39.67106" lon="2.49232">
        <ele>186.0</ele>
      </trkpt>
      <trkpt lat="39.6712" lon="2.49239">
        <ele>183.8</ele>
      </trkpt>
      <trkpt lat="39.67139" lon="2.49251">
        <ele>182.0</ele>
      </trkpt>
      <trkpt lat="39.67153" lon="2.49261">
        <ele>181.9</ele>
      </trkpt>
      <trkpt lat="39.67165" lon="2.4927">
        <ele>181.9</ele>
      </trkpt>
      <trkpt lat="39.67191" lon="2.49291">
        <ele>182.0</ele>
      </trkpt>
      <trkpt lat="39.672" lon="2.493">
        <ele>182.3</ele>
      </trkpt>
      <trkpt lat="39.67204" lon="2.49303">
        <ele>182.0</ele>
      </trkpt>
      <trkpt lat="39.67213" lon="2.49312">
        <ele>182.1</ele>
      </trkpt>
      <trkpt lat="39.67214" lon="2.49314">
        <ele>182.4</ele>
      </trkpt>
      <trkpt lat="39.6722" lon="2.49321">
        <ele>182.6</ele>
      </trkpt>
      <trkpt lat="39.67228" lon="2.49331">
        <ele>182.9</ele>
      </trkpt>
      <trkpt lat="39.67235" lon="2.49338">
        <ele>182.0</ele>
      </trkpt>
      <trkpt lat="39.67242" lon="2.49344">
        <ele>180.4</ele>
      </trkpt>
      <trkpt lat="39.67259" lon="2.49363">
        <ele>176.7</ele>
      </trkpt>
      <trkpt lat="39.67262" lon="2.49369">
        <ele>176.3</ele>
      </trkpt>
      <trkpt lat="39.67264" lon="2.49376">
        <ele>176.3</ele>
      </trkpt>
      <trkpt lat="39.67265" lon="2.49381">
        <ele>176.5</ele>
      </trkpt>
      <trkpt lat="39.67266" lon="2.49384">
        <ele>176.5</ele>
      </trkpt>
      <trkpt lat="39.67265" lon="2.49393">
        <ele>178.0</ele>
      </trkpt>
      <trkpt lat="39.67262" lon="2.49403">
        <ele>180.6</ele>
      </trkpt>
      <trkpt lat="39.67256" lon="2.49425">
        <ele>184.4</ele>
      </trkpt>
      <trkpt lat="39.67252" lon="2.49437">
        <ele>185.1</ele>
      </trkpt>
      <trkpt lat="39.67249" lon="2.49447">
        <ele>185.6</ele>
      </trkpt>
      <trkpt lat="39.67243" lon="2.49469">
        <ele>186.8</ele>
      </trkpt>
      <trkpt lat="39.67237" lon="2.49489">
        <ele>188.6</ele>
      </trkpt>
      <trkpt lat="39.67234" lon="2.49503">
        <ele>189.2</ele>
      </trkpt>
      <trkpt lat="39.67234" lon="2.49523">
        <ele>186.6</ele>
      </trkpt>
      <trkpt lat="39.67234" lon="2.49528">
        <ele>186.0</ele>
      </trkpt>
      <trkpt lat="39.67234" lon="2.49537">
        <ele>184.8</ele>
      </trkpt>
      <trkpt lat="39.67235" lon="2.49541">
        <ele>183.7</ele>
      </trkpt>
      <trkpt lat="39.67234" lon="2.49546">
        <ele>183.6</ele>
      </trkpt>
      <trkpt lat="39.67232" lon="2.4956">
        <ele>183.0</ele>
      </trkpt>
      <trkpt lat="39.6723" lon="2.49574">
        <ele>182.3</ele>
      </trkpt>
      <trkpt lat="39.67225" lon="2.4959">
        <ele>183.4</ele>
      </trkpt>
      <trkpt lat="39.67218" lon="2.49602">
        <ele>186.5</ele>
      </trkpt>
      <trkpt lat="39.67214" lon="2.49607">
        <ele>188.4</ele>
      </trkpt>
      <trkpt lat="39.6721" lon="2.49617">
        <ele>190.0</ele>
      </trkpt>
      <trkpt lat="39.67208" lon="2.49621">
        <ele>190.9</ele>
      </trkpt>
      <trkpt lat="39.67205" lon="2.49629">
        <ele>192.1</ele>
      </trkpt>
      <trkpt lat="39.67205" lon="2.49639">
        <ele>191.5</ele>
      </trkpt>
      <trkpt lat="39.67205" lon="2.4964">
        <ele>191.4</ele>
      </trkpt>
      <trkpt lat="39.67205" lon="2.49643">
        <ele>191.2</ele>
      </trkpt>
      <trkpt lat="39.67207" lon="2.49649">
        <ele>189.8</ele>
      </trkpt>
      <trkpt lat="39.67214" lon="2.49663">
        <ele>185.1</ele>
      </trkpt>
      <trkpt lat="39.67218" lon="2.4967">
        <ele>183.1</ele>
      </trkpt>
      <trkpt lat="39.67219" lon="2.49672">
        <ele>182.8</ele>
      </trkpt>
      <trkpt lat="39.6722" lon="2.49676">
        <ele>182.7</ele>
      </trkpt>
      <trkpt lat="39.6722" lon="2.49679">
        <ele>183.1</ele>
      </trkpt>
      <trkpt lat="39.6722" lon="2.4969">
        <ele>184.5</ele>
      </trkpt>
      <trkpt lat="39.67212" lon="2.49728">
        <ele>192.4</ele>
      </trkpt>
      <trkpt lat="39.67211" lon="2.49741">
        <ele>194.2</ele>
      </trkpt>
      <trkpt lat="39.67212" lon="2.49748">
        <ele>194.6</ele>
      </trkpt>
      <trkpt lat="39.67213" lon="2.49749">
        <ele>194.3</ele>
      </trkpt>
      <trkpt lat="39.67213" lon="2.49751">
        <ele>194.9</ele>
      </trkpt>
      <trkpt lat="39.67216" lon="2.49758">
        <ele>197.1</ele>
      </trkpt>
      <trkpt lat="39.67217" lon="2.4976">
        <ele>197.8</ele>
      </trkpt>
      <trkpt lat="39.67219" lon="2.49763">
        <ele>198.7</ele>
      </trkpt>
      <trkpt lat="39.67222" lon="2.49766">
        <ele>199.4</ele>
      </trkpt>
      <trkpt lat="39.67225" lon="2.49768">
        <ele>199.8</ele>
      </trkpt>
      <trkpt lat="39.6723" lon="2.49769">
        <ele>199.3</ele>
      </trkpt>
      <trkpt lat="39.67232" lon="2.49769">
        <ele>198.8</ele>
      </trkpt>
      <trkpt lat="39.67236" lon="2.49769">
        <ele>198.0</ele>
      </trkpt>
      <trkpt lat="39.67241" lon="2.49767">
        <ele>195.7</ele>
      </trkpt>
      <trkpt lat="39.67248" lon="2.49764">
        <ele>192.1</ele>
      </trkpt>
      <trkpt lat="39.67255" lon="2.49762">
        <ele>191.1</ele>
      </trkpt>
      <trkpt lat="39.67265" lon="2.49756">
        <ele>188.8</ele>
      </trkpt>
      <trkpt lat="39.67278" lon="2.49751">
        <ele>187.7</ele>
      </trkpt>
      <trkpt lat="39.67295" lon="2.49744">
        <ele>188.0</ele>
      </trkpt>
      <trkpt lat="39.67312" lon="2.49734">
        <ele>186.8</ele>
      </trkpt>
      <trkpt lat="39.67327" lon="2.49725">
        <ele>184.7</ele>
      </trkpt>
      <trkpt lat="39.6733" lon="2.49722">
        <ele>183.6</ele>
      </trkpt>
      <trkpt lat="39.67345" lon="2.49712">
        <ele>183.3</ele>
      </trkpt>
      <trkpt lat="39.67346" lon="2.49712">
        <ele>183.6</ele>
      </trkpt>
      <trkpt lat="39.67363" lon="2.49704">
        <ele>185.5</ele>
      </trkpt>
      <trkpt lat="39.67364" lon="2.49704">
        <ele>185.8</ele>
      </trkpt>
      <trkpt lat="39.67379" lon="2.49693">
        <ele>185.2</ele>
      </trkpt>
      <trkpt lat="39.67383" lon="2.4969">
        <ele>185.0</ele>
      </trkpt>
      <trkpt lat="39.67393" lon="2.4968">
        <ele>183.0</ele>
      </trkpt>
      <trkpt lat="39.67394" lon="2.4968">
        <ele>183.3</ele>
      </trkpt>
      <trkpt lat="39.67403" lon="2.49671">
        <ele>181.2</ele>
      </trkpt>
      <trkpt lat="39.67409" lon="2.49667">
        <ele>180.9</ele>
      </trkpt>
      <trkpt lat="39.67424" lon="2.49656">
        <ele>180.6</ele>
      </trkpt>
      <trkpt lat="39.67431" lon="2.49649">
        <ele>179.3</ele>
      </trkpt>
      <trkpt lat="39.67438" lon="2.4964">
        <ele>177.0</ele>
      </trkpt>
      <trkpt lat="39.67445" lon="2.49633">
        <ele>175.2</ele>
      </trkpt>
      <trkpt lat="39.67452" lon="2.49627">
        <ele>173.8</ele>
      </trkpt>
      <trkpt lat="39.67453" lon="2.49627">
        <ele>174.0</ele>
      </trkpt>
      <trkpt lat="39.67458" lon="2.49625">
        <ele>173.9</ele>
      </trkpt>
      <trkpt lat="39.67462" lon="2.49625">
        <ele>174.7</ele>
      </trkpt>
      <trkpt lat="39.67467" lon="2.49626">
        <ele>176.2</ele>
      </trkpt>
      <trkpt lat="39.6747" lon="2.49628">
        <ele>177.8</ele>
      </trkpt>
      <trkpt lat="39.67471" lon="2.49629">
        <ele>178.6</ele>
      </trkpt>
      <trkpt lat="39.67477" lon="2.49636">
        <ele>183.6</ele>
      </trkpt>
      <trkpt lat="39.67485" lon="2.4964">
        <ele>187.6</ele>
      </trkpt>
      <trkpt lat="39.67486" lon="2.4964">
        <ele>187.8</ele>
      </trkpt>
      <trkpt lat="39.675" lon="2.49642">
        <ele>192.2</ele>
      </trkpt>
      <trkpt lat="39.67503" lon="2.49642">
        <ele>191.9</ele>
      </trkpt>
      <trkpt lat="39.67521" lon="2.4964">
        <ele>188.9</ele>
      </trkpt>
      <trkpt lat="39.67523" lon="2.4964">
        <ele>188.7</ele>
      </trkpt>
      <trkpt lat="39.67539" lon="2.49641">
        <ele>187.6</ele>
      </trkpt>
      <trkpt lat="39.67545" lon="2.49641">
        <ele>187.0</ele>
      </trkpt>
      <trkpt lat="39.67551" lon="2.49641">
        <ele>186.4</ele>
      </trkpt>
      <trkpt lat="39.67557" lon="2.49643">
        <ele>186.9</ele>
      </trkpt>
      <trkpt lat="39.67574" lon="2.49649">
        <ele>188.5</ele>
      </trkpt>
      <trkpt lat="39.67609" lon="2.4966">
        <ele>187.3</ele>
      </trkpt>
      <trkpt lat="39.67625" lon="2.49666">
        <ele>186.6</ele>
      </trkpt>
      <trkpt lat="39.67626" lon="2.49666">
        <ele>186.4</ele>
      </trkpt>
      <trkpt lat="39.67643" lon="2.49675">
        <ele>189.2</ele>
      </trkpt>
      <trkpt lat="39.67659" lon="2.49684">
        <ele>192.5</ele>
      </trkpt>
      <trkpt lat="39.67676" lon="2.49693">
        <ele>193.5</ele>
      </trkpt>
      <trkpt lat="39.6768" lon="2.49695">
        <ele>193.2</ele>
      </trkpt>
      <trkpt lat="39.67691" lon="2.49705">
        <ele>195.6</ele>
      </trkpt>
      <trkpt lat="39.67695" lon="2.49708">
        <ele>196.0</ele>
      </trkpt>
      <trkpt lat="39.67704" lon="2.49717">
        <ele>198.3</ele>
      </trkpt>
      <trkpt lat="39.67705" lon="2.4972">
        <ele>200.0</ele>
      </trkpt>
      <trkpt lat="39.67716" lon="2.49738">
        <ele>207.6</ele>
      </trkpt>
      <trkpt lat="39.67717" lon="2.49741">
        <ele>209.3</ele>
      </trkpt>
      <trkpt lat="39.67721" lon="2.4975">
        <ele>213.7</ele>
      </trkpt>
      <trkpt lat="39.67725" lon="2.49757">
        <ele>216.1</ele>
      </trkpt>
      <trkpt lat="39.67726" lon="2.49758">
        <ele>216.2</ele>
      </trkpt>
      <trkpt lat="39.67729" lon="2.49763">
        <ele>218.0</ele>
      </trkpt>
      <trkpt lat="39.67733" lon="2.49767">
        <ele>218.7</ele>
      </trkpt>
      <trkpt lat="39.67737" lon="2.49772">
        <ele>220.1</ele>
      </trkpt>
      <trkpt lat="39.67739" lon="2.49773">
        <ele>219.8</ele>
      </trkpt>
      <trkpt lat="39.67741" lon="2.49774">
        <ele>219.6</ele>
      </trkpt>
      <trkpt lat="39.67757" lon="2.49778">
        <ele>214.0</ele>
      </trkpt>
      <trkpt lat="39.67772" lon="2.49782">
        <ele>207.6</ele>
      </trkpt>
      <trkpt lat="39.67785" lon="2.4979">
        <ele>204.9</ele>
      </trkpt>
      <trkpt lat="39.6783" lon="2.49832">
        <ele>199.7</ele>
      </trkpt>
      <trkpt lat="39.67834" lon="2.49835">
        <ele>199.1</ele>
      </trkpt>
      <trkpt lat="39.6785" lon="2.49846">
        <ele>201.5</ele>
      </trkpt>
      <trkpt lat="39.67861" lon="2.49852">
        <ele>202.1</ele>
      </trkpt>
      <trkpt lat="39.67872" lon="2.49859">
        <ele>203.7</ele>
      </trkpt>
      <trkpt lat="39.67904" lon="2.49867">
        <ele>198.0</ele>
      </trkpt>
      <trkpt lat="39.67919" lon="2.49871">
        <ele>195.8</ele>
      </trkpt>
      <trkpt lat="39.67936" lon="2.49876">
        <ele>193.8</ele>
      </trkpt>
      <trkpt lat="39.67946" lon="2.49879">
        <ele>192.4</ele>
      </trkpt>
      <trkpt lat="39.67969" lon="2.49891">
        <ele>191.8</ele>
      </trkpt>
      <trkpt lat="39.67991" lon="2.49895">
        <ele>184.3</ele>
      </trkpt>
      <trkpt lat="39.68006" lon="2.49895">
        <ele>177.9</ele>
      </trkpt>
      <trkpt lat="39.68021" lon="2.499">
        <ele>175.6</ele>
      </trkpt>
      <trkpt lat="39.68023" lon="2.49901">
        <ele>175.5</ele>
      </trkpt>
      <trkpt lat="39.68039" lon="2.49908">
        <ele>173.9</ele>
      </trkpt>
      <trkpt lat="39.6804" lon="2.49908">
        <ele>173.5</ele>
      </trkpt>
      <trkpt lat="39.68057" lon="2.49918">
        <ele>173.5</ele>
      </trkpt>
      <trkpt lat="39.68059" lon="2.49919">
        <ele>173.5</ele>
      </trkpt>
      <trkpt lat="39.68073" lon="2.49929">
        <ele>176.0</ele>
      </trkpt>
      <trkpt lat="39.68075" lon="2.4993">
        <ele>176.0</ele>
      </trkpt>
      <trkpt lat="39.68085" lon="2.49937">
        <ele>177.8</ele>
      </trkpt>
      <trkpt lat="39.68089" lon="2.49938">
        <ele>177.7</ele>
      </trkpt>
      <trkpt lat="39.68094" lon="2.49939">
        <ele>177.4</ele>
      </trkpt>
      <trkpt lat="39.68107" lon="2.49938">
        <ele>174.0</ele>
      </trkpt>
      <trkpt lat="39.6812" lon="2.49935">
        <ele>169.3</ele>
      </trkpt>
      <trkpt lat="39.68125" lon="2.49934">
        <ele>167.6</ele>
      </trkpt>
      <trkpt lat="39.68128" lon="2.49933">
        <ele>166.3</ele>
      </trkpt>
      <trkpt lat="39.68137" lon="2.49934">
        <ele>165.2</ele>
      </trkpt>
      <trkpt lat="39.68143" lon="2.49935">
        <ele>164.6</ele>
      </trkpt>
      <trkpt lat="39.68147" lon="2.49936">
        <ele>164.5</ele>
      </trkpt>
      <trkpt lat="39.68153" lon="2.49939">
        <ele>165.3</ele>
      </trkpt>
      <trkpt lat="39.68159" lon="2.49944">
        <ele>167.3</ele>
      </trkpt>
      <trkpt lat="39.68191" lon="2.49967">
        <ele>170.4</ele>
      </trkpt>
      <trkpt lat="39.68193" lon="2.49969">
        <ele>170.8</ele>
      </trkpt>
      <trkpt lat="39.68206" lon="2.49979">
        <ele>171.1</ele>
      </trkpt>
      <trkpt lat="39.68217" lon="2.49988">
        <ele>171.2</ele>
      </trkpt>
      <trkpt lat="39.68222" lon="2.49991">
        <ele>170.5</ele>
      </trkpt>
      <trkpt lat="39.68238" lon="2.50001">
        <ele>168.4</ele>
      </trkpt>
      <trkpt lat="39.68245" lon="2.50005">
        <ele>167.4</ele>
      </trkpt>
      <trkpt lat="39.68255" lon="2.50009">
        <ele>166.2</ele>
      </trkpt>
      <trkpt lat="39.68256" lon="2.50009">
        <ele>166.0</ele>
      </trkpt>
      <trkpt lat="39.68272" lon="2.50015">
        <ele>165.6</ele>
      </trkpt>
      <trkpt lat="39.68289" lon="2.50022">
        <ele>165.2</ele>
      </trkpt>
      <trkpt lat="39.68296" lon="2.50028">
        <ele>166.6</ele>
      </trkpt>
      <trkpt lat="39.68302" lon="2.50032">
        <ele>167.2</ele>
      </trkpt>
      <trkpt lat="39.68312" lon="2.50035">
        <ele>166.1</ele>
      </trkpt>
      <trkpt lat="39.6832" lon="2.50036">
        <ele>164.4</ele>
      </trkpt>
      <trkpt lat="39.68327" lon="2.50038">
        <ele>163.5</ele>
      </trkpt>
      <trkpt lat="39.68338" lon="2.50041">
        <ele>160.8</ele>
      </trkpt>
      <trkpt lat="39.68355" lon="2.50048">
        <ele>156.0</ele>
      </trkpt>
      <trkpt lat="39.68367" lon="2.50052">
        <ele>152.3</ele>
      </trkpt>
      <trkpt lat="39.68372" lon="2.50055">
        <ele>151.5</ele>
      </trkpt>
      <trkpt lat="39.68378" lon="2.5006">
        <ele>151.3</ele>
      </trkpt>
      <trkpt lat="39.68382" lon="2.50064">
        <ele>151.7</ele>
      </trkpt>
      <trkpt lat="39.68385" lon="2.50071">
        <ele>154.2</ele>
      </trkpt>
      <trkpt lat="39.68386" lon="2.50071">
        <ele>153.7</ele>
      </trkpt>
      <trkpt lat="39.68389" lon="2.50085">
        <ele>159.8</ele>
      </trkpt>
      <trkpt lat="39.68391" lon="2.50093">
        <ele>161.4</ele>
      </trkpt>
      <trkpt lat="39.68397" lon="2.50114">
        <ele>164.9</ele>
      </trkpt>
      <trkpt lat="39.68404" lon="2.50136">
        <ele>167.7</ele>
      </trkpt>
      <trkpt lat="39.68406" lon="2.50146">
        <ele>169.4</ele>
      </trkpt>
      <trkpt lat="39.68409" lon="2.50159">
        <ele>171.4</ele>
      </trkpt>
      <trkpt lat="39.68415" lon="2.50181">
        <ele>171.9</ele>
      </trkpt>
      <trkpt lat="39.6842" lon="2.50203">
        <ele>171.0</ele>
      </trkpt>
      <trkpt lat="39.68426" lon="2.50225">
        <ele>169.1</ele>
      </trkpt>
      <trkpt lat="39.6843" lon="2.50248">
        <ele>169.4</ele>
      </trkpt>
      <trkpt lat="39.68433" lon="2.5026">
        <ele>169.6</ele>
      </trkpt>
      <trkpt lat="39.68436" lon="2.5027">
        <ele>169.6</ele>
      </trkpt>
      <trkpt lat="39.68442" lon="2.50292">
        <ele>170.2</ele>
      </trkpt>
      <trkpt lat="39.68447" lon="2.50312">
        <ele>171.2</ele>
      </trkpt>
      <trkpt lat="39.68468" lon="2.50353">
        <ele>163.4</ele>
      </trkpt>
      <trkpt lat="39.68478" lon="2.50372">
        <ele>157.8</ele>
      </trkpt>
      <trkpt lat="39.68479" lon="2.50372">
        <ele>157.1</ele>
      </trkpt>
      <trkpt lat="39.68484" lon="2.50387">
        <ele>154.6</ele>
      </trkpt>
      <trkpt lat="39.68485" lon="2.50394">
        <ele>154.4</ele>
      </trkpt>
      <trkpt lat="39.68486" lon="2.50402">
        <ele>154.2</ele>
      </trkpt>
      <trkpt lat="39.68484" lon="2.50417">
        <ele>156.6</ele>
      </trkpt>
      <trkpt lat="39.68484" lon="2.5042">
        <ele>156.1</ele>
      </trkpt>
      <trkpt lat="39.68477" lon="2.50438">
        <ele>158.1</ele>
      </trkpt>
      <trkpt lat="39.68473" lon="2.50449">
        <ele>159.2</ele>
      </trkpt>
      <trkpt lat="39.68469" lon="2.50459">
        <ele>160.4</ele>
      </trkpt>
      <trkpt lat="39.68464" lon="2.50472">
        <ele>161.9</ele>
      </trkpt>
      <trkpt lat="39.68461" lon="2.5048">
        <ele>162.8</ele>
      </trkpt>
      <trkpt lat="39.6846" lon="2.50482">
        <ele>163.3</ele>
      </trkpt>
      <trkpt lat="39.68454" lon="2.5049">
        <ele>166.4</ele>
      </trkpt>
      <trkpt lat="39.68447" lon="2.50494">
        <ele>171.0</ele>
      </trkpt>
      <trkpt lat="39.68445" lon="2.50496">
        <ele>172.2</ele>
      </trkpt>
      <trkpt lat="39.68434" lon="2.50502">
        <ele>179.6</ele>
      </trkpt>
      <trkpt lat="39.68431" lon="2.50504">
        <ele>181.6</ele>
      </trkpt>
      <trkpt lat="39.68422" lon="2.50509">
        <ele>187.5</ele>
      </trkpt>
      <trkpt lat="39.68417" lon="2.50515">
        <ele>190.2</ele>
      </trkpt>
      <trkpt lat="39.68416" lon="2.50517">
        <ele>190.6</ele>
      </trkpt>
      <trkpt lat="39.68415" lon="2.50517">
        <ele>191.3</ele>
      </trkpt>
      <trkpt lat="39.68414" lon="2.50521">
        <ele>191.3</ele>
      </trkpt>
      <trkpt lat="39.68412" lon="2.50526">
        <ele>191.8</ele>
      </trkpt>
      <trkpt lat="39.68412" lon="2.50532">
        <ele>190.8</ele>
      </trkpt>
      <trkpt lat="39.68412" lon="2.50537">
        <ele>190.0</ele>
      </trkpt>
      <trkpt lat="39.68412" lon="2.50539">
        <ele>189.6</ele>
      </trkpt>
      <trkpt lat="39.68414" lon="2.50548">
        <ele>186.8</ele>
      </trkpt>
      <trkpt lat="39.68415" lon="2.50559">
        <ele>184.2</ele>
      </trkpt>
      <trkpt lat="39.68415" lon="2.50562">
        <ele>183.7</ele>
      </trkpt>
      <trkpt lat="39.68416" lon="2.50571">
        <ele>181.5</ele>
      </trkpt>
      <trkpt lat="39.68419" lon="2.50583">
        <ele>177.7</ele>
      </trkpt>
      <trkpt lat="39.6842" lon="2.50584">
        <ele>177.1</ele>
      </trkpt>
      <trkpt lat="39.68424" lon="2.50592">
        <ele>175.3</ele>
      </trkpt>
      <trkpt lat="39.68431" lon="2.50602">
        <ele>172.1</ele>
      </trkpt>
      <trkpt lat="39.68434" lon="2.50606">
        <ele>170.8</ele>
      </trkpt>
      <trkpt lat="39.68447" lon="2.50614">
        <ele>164.7</ele>
      </trkpt>
      <trkpt lat="39.68463" lon="2.50624">
        <ele>157.8</ele>
      </trkpt>
      <trkpt lat="39.68464" lon="2.50625">
        <ele>157.4</ele>
      </trkpt>
      <trkpt lat="39.6848" lon="2.50633">
        <ele>150.8</ele>
      </trkpt>
      <trkpt lat="39.68486" lon="2.50636">
        <ele>148.4</ele>
      </trkpt>
      <trkpt lat="39.68489" lon="2.50639">
        <ele>147.5</ele>
      </trkpt>
      <trkpt lat="39.68491" lon="2.50641">
        <ele>147.0</ele>
      </trkpt>
      <trkpt lat="39.68496" lon="2.50649">
        <ele>146.2</ele>
      </trkpt>
      <trkpt lat="39.685" lon="2.50658">
        <ele>146.2</ele>
      </trkpt>
      <trkpt lat="39.68503" lon="2.50666">
        <ele>147.0</ele>
      </trkpt>
      <trkpt lat="39.6852" lon="2.50707">
        <ele>144.5</ele>
      </trkpt>
      <trkpt lat="39.6854" lon="2.50763">
        <ele>142.6</ele>
      </trkpt>
      <trkpt lat="39.68542" lon="2.50776">
        <ele>143.1</ele>
      </trkpt>
      <trkpt lat="39.68542" lon="2.5079">
        <ele>144.3</ele>
      </trkpt>
      <trkpt lat="39.68543" lon="2.50797">
        <ele>144.5</ele>
      </trkpt>
      <trkpt lat="39.68545" lon="2.50802">
        <ele>144.4</ele>
      </trkpt>
      <trkpt lat="39.68551" lon="2.50816">
        <ele>143.7</ele>
      </trkpt>
      <trkpt lat="39.68553" lon="2.50821">
        <ele>143.5</ele>
      </trkpt>
      <trkpt lat="39.68554" lon="2.50823">
        <ele>143.3</ele>
      </trkpt>
      <trkpt lat="39.68562" lon="2.50834">
        <ele>141.7</ele>
      </trkpt>
      <trkpt lat="39.68566" lon="2.50839">
        <ele>140.8</ele>
      </trkpt>
      <trkpt lat="39.6858" lon="2.50855">
        <ele>137.6</ele>
      </trkpt>
      <trkpt lat="39.6859" lon="2.50867">
        <ele>135.3</ele>
      </trkpt>
      <trkpt lat="39.68603" lon="2.50889">
        <ele>132.9</ele>
      </trkpt>
      <trkpt lat="39.68603" lon="2.5089">
        <ele>132.9</ele>
      </trkpt>
      <trkpt lat="39.68605" lon="2.50895">
        <ele>132.7</ele>
      </trkpt>
      <trkpt lat="39.68607" lon="2.50903">
        <ele>132.6</ele>
      </trkpt>
      <trkpt lat="39.68606" lon="2.5091">
        <ele>133.4</ele>
      </trkpt>
      <trkpt lat="39.68605" lon="2.50912">
        <ele>133.9</ele>
      </trkpt>
      <trkpt lat="39.68605" lon="2.50914">
        <ele>134.0</ele>
      </trkpt>
      <trkpt lat="39.68603" lon="2.50917">
        <ele>134.9</ele>
      </trkpt>
      <trkpt lat="39.686" lon="2.50923">
        <ele>136.1</ele>
      </trkpt>
      <trkpt lat="39.68596" lon="2.5093">
        <ele>137.7</ele>
      </trkpt>
      <trkpt lat="39.68594" lon="2.50937">
        <ele>138.6</ele>
      </trkpt>
      <trkpt lat="39.68593" lon="2.50947">
        <ele>139.4</ele>
      </trkpt>
      <trkpt lat="39.68594" lon="2.50951">
        <ele>139.3</ele>
      </trkpt>
      <trkpt lat="39.68594" lon="2.50953">
        <ele>139.4</ele>
      </trkpt>
      <trkpt lat="39.68595" lon="2.50954">
        <ele>139.1</ele>
      </trkpt>
      <trkpt lat="39.68596" lon="2.50957">
        <ele>139.0</ele>
      </trkpt>
      <trkpt lat="39.68597" lon="2.50959">
        <ele>138.8</ele>
      </trkpt>
      <trkpt lat="39.68602" lon="2.50966">
        <ele>137.9</ele>
      </trkpt>
      <trkpt lat="39.68616" lon="2.50998">
        <ele>136.4</ele>
      </trkpt>
      <trkpt lat="39.68618" lon="2.51003">
        <ele>136.1</ele>
      </trkpt>
      <trkpt lat="39.68628" lon="2.51015">
        <ele>133.8</ele>
      </trkpt>
      <trkpt lat="39.68631" lon="2.51019">
        <ele>133.2</ele>
      </trkpt>
      <trkpt lat="39.68632" lon="2.51019">
        <ele>133.0</ele>
      </trkpt>
      <trkpt lat="39.68635" lon="2.51021">
        <ele>132.3</ele>
      </trkpt>
      <trkpt lat="39.68638" lon="2.51023">
        <ele>131.7</ele>
      </trkpt>
      <trkpt lat="39.68643" lon="2.51026">
        <ele>130.7</ele>
      </trkpt>
      <trkpt lat="39.68651" lon="2.51031">
        <ele>129.0</ele>
      </trkpt>
      <trkpt lat="39.68653" lon="2.51034">
        <ele>128.7</ele>
      </trkpt>
      <trkpt lat="39.68657" lon="2.5104">
        <ele>127.9</ele>
      </trkpt>
      <trkpt lat="39.68661" lon="2.51046">
        <ele>127.2</ele>
      </trkpt>
      <trkpt lat="39.68664" lon="2.5105">
        <ele>126.7</ele>
      </trkpt>
      <trkpt lat="39.68666" lon="2.51057">
        <ele>126.5</ele>
      </trkpt>
      <trkpt lat="39.68667" lon="2.51058">
        <ele>126.3</ele>
      </trkpt>
      <trkpt lat="39.68667" lon="2.51065">
        <ele>126.5</ele>
      </trkpt>
      <trkpt lat="39.68666" lon="2.51072">
        <ele>126.8</ele>
      </trkpt>
      <trkpt lat="39.68664" lon="2.51087">
        <ele>126.9</ele>
      </trkpt>
      <trkpt lat="39.6866" lon="2.51119">
        <ele>122.2</ele>
      </trkpt>
      <trkpt lat="39.68658" lon="2.51131">
        <ele>120.6</ele>
      </trkpt>
      <trkpt lat="39.68655" lon="2.51142">
        <ele>119.3</ele>
      </trkpt>
      <trkpt lat="39.6865" lon="2.51157">
        <ele>117.8</ele>
      </trkpt>
      <trkpt lat="39.68647" lon="2.51163">
        <ele>117.4</ele>
      </trkpt>
      <trkpt lat="39.68643" lon="2.51168">
        <ele>117.5</ele>
      </trkpt>
      <trkpt lat="39.68636" lon="2.51175">
        <ele>118.4</ele>
      </trkpt>
      <trkpt lat="39.68634" lon="2.51176">
        <ele>118.8</ele>
      </trkpt>
      <trkpt lat="39.68632" lon="2.51178">
        <ele>119.1</ele>
      </trkpt>
      <trkpt lat="39.68628" lon="2.51181">
        <ele>119.7</ele>
      </trkpt>
      <trkpt lat="39.68619" lon="2.51183">
        <ele>121.4</ele>
      </trkpt>
      <trkpt lat="39.68618" lon="2.51183">
        <ele>121.6</ele>
      </trkpt>
      <trkpt lat="39.68615" lon="2.51184">
        <ele>122.2</ele>
      </trkpt>
      <trkpt lat="39.68604" lon="2.51184">
        <ele>124.4</ele>
      </trkpt>
      <trkpt lat="39.686" lon="2.51185">
        <ele>125.2</ele>
      </trkpt>
      <trkpt lat="39.68597" lon="2.51186">
        <ele>125.8</ele>
      </trkpt>
      <trkpt lat="39.68591" lon="2.51189">
        <ele>126.9</ele>
      </trkpt>
      <trkpt lat="39.68589" lon="2.51191">
        <ele>127.2</ele>
      </trkpt>
      <trkpt lat="39.68587" lon="2.51192">
        <ele>127.6</ele>
      </trkpt>
      <trkpt lat="39.68586" lon="2.51194">
        <ele>127.8</ele>
      </trkpt>
      <trkpt lat="39.68585" lon="2.51196">
        <ele>127.9</ele>
      </trkpt>
      <trkpt lat="39.68584" lon="2.51198">
        <ele>128.1</ele>
      </trkpt>
      <trkpt lat="39.68584" lon="2.51201">
        <ele>128.0</ele>
      </trkpt>
      <trkpt lat="39.68583" lon="2.51208">
        <ele>128.1</ele>
      </trkpt>
      <trkpt lat="39.68583" lon="2.51213">
        <ele>128.0</ele>
      </trkpt>
      <trkpt lat="39.68584" lon="2.51217">
        <ele>127.6</ele>
      </trkpt>
      <trkpt lat="39.68585" lon="2.5122">
        <ele>127.3</ele>
      </trkpt>
      <trkpt lat="39.68586" lon="2.51222">
        <ele>127.1</ele>
      </trkpt>
      <trkpt lat="39.68587" lon="2.51223">
        <ele>126.8</ele>
      </trkpt>
      <trkpt lat="39.68588" lon="2.51225">
        <ele>126.5</ele>
      </trkpt>
      <trkpt lat="39.686" lon="2.51236">
        <ele>123.5</ele>
      </trkpt>
      <trkpt lat="39.68605" lon="2.51239">
        <ele>122.2</ele>
      </trkpt>
      <trkpt lat="39.68611" lon="2.51242">
        <ele>120.7</ele>
      </trkpt>
      <trkpt lat="39.68617" lon="2.51246">
        <ele>119.1</ele>
      </trkpt>
      <trkpt lat="39.6863" lon="2.51255">
        <ele>117.0</ele>
      </trkpt>
      <trkpt lat="39.68646" lon="2.51266">
        <ele>115.3</ele>
      </trkpt>
      <trkpt lat="39.68651" lon="2.5127">
        <ele>114.8</ele>
      </trkpt>
      <trkpt lat="39.6866" lon="2.5128">
        <ele>114.3</ele>
      </trkpt>
      <trkpt lat="39.68662" lon="2.51282">
        <ele>114.1</ele>
      </trkpt>
      <trkpt lat="39.68666" lon="2.51287">
        <ele>113.9</ele>
      </trkpt>
      <trkpt lat="39.6867" lon="2.51291">
        <ele>113.6</ele>
      </trkpt>
      <trkpt lat="39.68674" lon="2.51295">
        <ele>113.4</ele>
      </trkpt>
      <trkpt lat="39.68684" lon="2.51302">
        <ele>112.3</ele>
      </trkpt>
      <trkpt lat="39.6869" lon="2.51306">
        <ele>111.6</ele>
      </trkpt>
      <trkpt lat="39.68695" lon="2.5131">
        <ele>111.1</ele>
      </trkpt>
      <trkpt lat="39.68698" lon="2.51311">
        <ele>110.6</ele>
      </trkpt>
      <trkpt lat="39.68708" lon="2.51315">
        <ele>108.9</ele>
      </trkpt>
      <trkpt lat="39.68714" lon="2.51319">
        <ele>108.2</ele>
      </trkpt>
      <trkpt lat="39.68716" lon="2.51322">
        <ele>108.2</ele>
      </trkpt>
      <trkpt lat="39.68718" lon="2.51326">
        <ele>108.4</ele>
      </trkpt>
      <trkpt lat="39.68721" lon="2.51335">
        <ele>109.1</ele>
      </trkpt>
      <trkpt lat="39.68723" lon="2.51343">
        <ele>109.3</ele>
      </trkpt>
      <trkpt lat="39.68725" lon="2.5135">
        <ele>109.5</ele>
      </trkpt>
      <trkpt lat="39.68722" lon="2.51363">
        <ele>111.3</ele>
      </trkpt>
      <trkpt lat="39.68724" lon="2.51373">
        <ele>111.7</ele>
      </trkpt>
      <trkpt lat="39.68727" lon="2.51387">
        <ele>112.3</ele>
      </trkpt>
      <trkpt lat="39.68734" lon="2.51406">
        <ele>112.5</ele>
      </trkpt>
      <trkpt lat="39.68738" lon="2.51414">
        <ele>112.3</ele>
      </trkpt>
      <trkpt lat="39.68749" lon="2.51439">
        <ele>112.1</ele>
      </trkpt>
      <trkpt lat="39.68758" lon="2.51459">
        <ele>111.2</ele>
      </trkpt>
      <trkpt lat="39.68769" lon="2.51487">
        <ele>110.0</ele>
      </trkpt>
      <trkpt lat="39.68795" lon="2.5155">
        <ele>105.4</ele>
      </trkpt>
      <trkpt lat="39.68806" lon="2.51578">
        <ele>103.2</ele>
      </trkpt>
      <trkpt lat="39.68807" lon="2.51584">
        <ele>103.1</ele>
      </trkpt>
      <trkpt lat="39.68808" lon="2.51592">
        <ele>102.7</ele>
      </trkpt>
      <trkpt lat="39.68807" lon="2.51599">
        <ele>102.9</ele>
      </trkpt>
      <trkpt lat="39.68804" lon="2.51607">
        <ele>103.8</ele>
      </trkpt>
      <trkpt lat="39.68797" lon="2.51622">
        <ele>105.8</ele>
      </trkpt>
      <trkpt lat="39.68793" lon="2.51633">
        <ele>106.9</ele>
      </trkpt>
      <trkpt lat="39.68788" lon="2.51643">
        <ele>108.2</ele>
      </trkpt>
      <trkpt lat="39.6878" lon="2.51663">
        <ele>110.1</ele>
      </trkpt>
      <trkpt lat="39.68777" lon="2.51668">
        <ele>110.9</ele>
      </trkpt>
      <trkpt lat="39.68775" lon="2.51674">
        <ele>111.3</ele>
      </trkpt>
      <trkpt lat="39.68772" lon="2.51684">
        <ele>111.9</ele>
      </trkpt>
      <trkpt lat="39.68769" lon="2.51692">
        <ele>112.6</ele>
      </trkpt>
      <trkpt lat="39.68765" lon="2.51711">
        <ele>113.0</ele>
      </trkpt>
      <trkpt lat="39.68765" lon="2.51729">
        <ele>112.4</ele>
      </trkpt>
      <trkpt lat="39.68765" lon="2.51731">
        <ele>112.4</ele>
      </trkpt>
      <trkpt lat="39.68764" lon="2.51744">
        <ele>112.2</ele>
      </trkpt>
      <trkpt lat="39.68763" lon="2.51752">
        <ele>112.2</ele>
      </trkpt>
      <trkpt lat="39.68763" lon="2.51759">
        <ele>112.0</ele>
      </trkpt>
      <trkpt lat="39.68762" lon="2.51765">
        <ele>112.2</ele>
      </trkpt>
      <trkpt lat="39.6876" lon="2.51773">
        <ele>112.5</ele>
      </trkpt>
      <trkpt lat="39.68759" lon="2.51775">
        <ele>112.7</ele>
      </trkpt>
      <trkpt lat="39.68755" lon="2.51787">
        <ele>113.4</ele>
      </trkpt>
      <trkpt lat="39.68751" lon="2.51795">
        <ele>114.2</ele>
      </trkpt>
      <trkpt lat="39.68746" lon="2.51803">
        <ele>115.9</ele>
      </trkpt>
      <trkpt lat="39.68739" lon="2.51814">
        <ele>118.4</ele>
      </trkpt>
      <trkpt lat="39.68739" lon="2.51815">
        <ele>118.4</ele>
      </trkpt>
      <trkpt lat="39.68736" lon="2.51823">
        <ele>119.5</ele>
      </trkpt>
      <trkpt lat="39.68735" lon="2.51825">
        <ele>119.9</ele>
      </trkpt>
      <trkpt lat="39.68735" lon="2.51827">
        <ele>119.8</ele>
      </trkpt>
      <trkpt lat="39.68735" lon="2.51832">
        <ele>119.8</ele>
      </trkpt>
      <trkpt lat="39.68735" lon="2.51836">
        <ele>120.0</ele>
      </trkpt>
      <trkpt lat="39.68736" lon="2.51839">
        <ele>119.9</ele>
      </trkpt>
      <trkpt lat="39.68738" lon="2.51849">
        <ele>120.1</ele>
      </trkpt>
      <trkpt lat="39.68741" lon="2.51854">
        <ele>119.5</ele>
      </trkpt>
      <trkpt lat="39.68743" lon="2.51862">
        <ele>119.6</ele>
      </trkpt>
      <trkpt lat="39.68743" lon="2.51865">
        <ele>119.9</ele>
      </trkpt>
      <trkpt lat="39.68744" lon="2.51873">
        <ele>120.4</ele>
      </trkpt>
      <trkpt lat="39.68744" lon="2.51882">
        <ele>121.3</ele>
      </trkpt>
      <trkpt lat="39.68744" lon="2.51897">
        <ele>122.8</ele>
      </trkpt>
      <trkpt lat="39.68745" lon="2.51901">
        <ele>122.9</ele>
      </trkpt>
      <trkpt lat="39.68747" lon="2.51905">
        <ele>122.7</ele>
      </trkpt>
      <trkpt lat="39.68749" lon="2.51909">
        <ele>122.5</ele>
      </trkpt>
      <trkpt lat="39.68758" lon="2.5192">
        <ele>120.9</ele>
      </trkpt>
      <trkpt lat="39.6876" lon="2.51922">
        <ele>120.4</ele>
      </trkpt>
      <trkpt lat="39.68785" lon="2.51948">
        <ele>114.1</ele>
      </trkpt>
      <trkpt lat="39.68787" lon="2.51951">
        <ele>113.6</ele>
      </trkpt>
      <trkpt lat="39.68789" lon="2.51956">
        <ele>113.2</ele>
      </trkpt>
      <trkpt lat="39.68789" lon="2.5196">
        <ele>113.3</ele>
      </trkpt>
      <trkpt lat="39.68789" lon="2.51967">
        <ele>113.4</ele>
      </trkpt>
      <trkpt lat="39.68787" lon="2.51972">
        <ele>114.1</ele>
      </trkpt>
      <trkpt lat="39.68785" lon="2.51976">
        <ele>114.8</ele>
      </trkpt>
      <trkpt lat="39.68779" lon="2.51988">
        <ele>116.7</ele>
      </trkpt>
      <trkpt lat="39.68778" lon="2.5199">
        <ele>117.0</ele>
      </trkpt>
      <trkpt lat="39.68768" lon="2.5201">
        <ele>118.4</ele>
      </trkpt>
      <trkpt lat="39.68767" lon="2.52013">
        <ele>118.2</ele>
      </trkpt>
      <trkpt lat="39.68764" lon="2.52016">
        <ele>118.5</ele>
      </trkpt>
      <trkpt lat="39.68761" lon="2.52018">
        <ele>118.9</ele>
      </trkpt>
      <trkpt lat="39.68758" lon="2.5202">
        <ele>119.2</ele>
      </trkpt>
      <trkpt lat="39.68747" lon="2.52022">
        <ele>121.7</ele>
      </trkpt>
      <trkpt lat="39.68742" lon="2.52023">
        <ele>123.2</ele>
      </trkpt>
      <trkpt lat="39.68736" lon="2.52025">
        <ele>124.8</ele>
      </trkpt>
      <trkpt lat="39.68731" lon="2.52029">
        <ele>125.8</ele>
      </trkpt>
      <trkpt lat="39.68727" lon="2.52033">
        <ele>126.5</ele>
      </trkpt>
      <trkpt lat="39.68716" lon="2.52045">
        <ele>128.8</ele>
      </trkpt>
      <trkpt lat="39.68714" lon="2.52049">
        <ele>129.1</ele>
      </trkpt>
      <trkpt lat="39.68704" lon="2.52065">
        <ele>131.2</ele>
      </trkpt>
      <trkpt lat="39.68703" lon="2.52067">
        <ele>131.4</ele>
      </trkpt>
      <trkpt lat="39.68699" lon="2.52076">
        <ele>132.3</ele>
      </trkpt>
      <trkpt lat="39.68696" lon="2.52084">
        <ele>133.0</ele>
      </trkpt>
      <trkpt lat="39.68693" lon="2.52093">
        <ele>134.9</ele>
      </trkpt>
      <trkpt lat="39.68693" lon="2.52104">
        <ele>135.6</ele>
      </trkpt>
      <trkpt lat="39.68694" lon="2.5211">
        <ele>135.6</ele>
      </trkpt>
      <trkpt lat="39.68696" lon="2.52117">
        <ele>135.4</ele>
      </trkpt>
      <trkpt lat="39.68698" lon="2.5212">
        <ele>134.8</ele>
      </trkpt>
      <trkpt lat="39.68706" lon="2.52136">
        <ele>133.3</ele>
      </trkpt>
      <trkpt lat="39.68725" lon="2.52156">
        <ele>129.5</ele>
      </trkpt>
      <trkpt lat="39.68732" lon="2.52163">
        <ele>128.4</ele>
      </trkpt>
      <trkpt lat="39.68738" lon="2.52169">
        <ele>128.0</ele>
      </trkpt>
      <trkpt lat="39.68745" lon="2.52174">
        <ele>127.5</ele>
      </trkpt>
      <trkpt lat="39.68746" lon="2.52176">
        <ele>127.8</ele>
      </trkpt>
      <trkpt lat="39.68755" lon="2.5218">
        <ele>126.9</ele>
      </trkpt>
      <trkpt lat="39.68764" lon="2.52187">
        <ele>127.1</ele>
      </trkpt>
      <trkpt lat="39.68766" lon="2.52188">
        <ele>127.0</ele>
      </trkpt>
      <trkpt lat="39.68773" lon="2.52192">
        <ele>126.7</ele>
      </trkpt>
      <trkpt lat="39.68777" lon="2.52195">
        <ele>126.6</ele>
      </trkpt>
      <trkpt lat="39.68782" lon="2.52199">
        <ele>126.6</ele>
      </trkpt>
      <trkpt lat="39.6879" lon="2.52207">
        <ele>126.8</ele>
      </trkpt>
      <trkpt lat="39.68798" lon="2.52217">
        <ele>127.3</ele>
      </trkpt>
      <trkpt lat="39.68805" lon="2.52228">
        <ele>128.0</ele>
      </trkpt>
      <trkpt lat="39.68811" lon="2.52239">
        <ele>128.9</ele>
      </trkpt>
      <trkpt lat="39.68815" lon="2.52247">
        <ele>129.4</ele>
      </trkpt>
      <trkpt lat="39.68817" lon="2.52251">
        <ele>129.6</ele>
      </trkpt>
      <trkpt lat="39.68823" lon="2.52265">
        <ele>129.9</ele>
      </trkpt>
      <trkpt lat="39.68824" lon="2.52268">
        <ele>130.0</ele>
      </trkpt>
      <trkpt lat="39.68824" lon="2.5227">
        <ele>130.3</ele>
      </trkpt>
      <trkpt lat="39.68825" lon="2.52275">
        <ele>130.7</ele>
      </trkpt>
      <trkpt lat="39.68825" lon="2.52289">
        <ele>132.5</ele>
      </trkpt>
      <trkpt lat="39.68825" lon="2.52291">
        <ele>132.8</ele>
      </trkpt>
      <trkpt lat="39.68823" lon="2.52302">
        <ele>134.9</ele>
      </trkpt>
      <trkpt lat="39.68819" lon="2.52313">
        <ele>137.5</ele>
      </trkpt>
      <trkpt lat="39.68812" lon="2.52335">
        <ele>142.6</ele>
      </trkpt>
      <trkpt lat="39.68812" lon="2.52337">
        <ele>142.9</ele>
      </trkpt>
      <trkpt lat="39.68795" lon="2.52394">
        <ele>153.6</ele>
      </trkpt>
      <trkpt lat="39.68793" lon="2.524">
        <ele>154.6</ele>
      </trkpt>
      <trkpt lat="39.68792" lon="2.52405">
        <ele>155.3</ele>
      </trkpt>
      <trkpt lat="39.6879" lon="2.52412">
        <ele>156.4</ele>
      </trkpt>
      <trkpt lat="39.6879" lon="2.52416">
        <ele>156.7</ele>
      </trkpt>
      <trkpt lat="39.68791" lon="2.52421">
        <ele>157.4</ele>
      </trkpt>
      <trkpt lat="39.68792" lon="2.52424">
        <ele>157.7</ele>
      </trkpt>
      <trkpt lat="39.68792" lon="2.52426">
        <ele>158.1</ele>
      </trkpt>
      <trkpt lat="39.68794" lon="2.52429">
        <ele>158.3</ele>
      </trkpt>
      <trkpt lat="39.68797" lon="2.52433">
        <ele>158.6</ele>
      </trkpt>
      <trkpt lat="39.68799" lon="2.52435">
        <ele>158.7</ele>
      </trkpt>
      <trkpt lat="39.68801" lon="2.52436">
        <ele>158.6</ele>
      </trkpt>
      <trkpt lat="39.68804" lon="2.52438">
        <ele>158.6</ele>
      </trkpt>
      <trkpt lat="39.68807" lon="2.52438">
        <ele>158.3</ele>
      </trkpt>
      <trkpt lat="39.68812" lon="2.52437">
        <ele>157.4</ele>
      </trkpt>
      <trkpt lat="39.68813" lon="2.52437">
        <ele>157.3</ele>
      </trkpt>
      <trkpt lat="39.68819" lon="2.52436">
        <ele>156.2</ele>
      </trkpt>
      <trkpt lat="39.68822" lon="2.52434">
        <ele>155.3</ele>
      </trkpt>
      <trkpt lat="39.68829" lon="2.52429">
        <ele>153.1</ele>
      </trkpt>
      <trkpt lat="39.6883" lon="2.52429">
        <ele>152.9</ele>
      </trkpt>
      <trkpt lat="39.68846" lon="2.52418">
        <ele>151.0</ele>
      </trkpt>
      <trkpt lat="39.6885" lon="2.52415">
        <ele>150.9</ele>
      </trkpt>
      <trkpt lat="39.6886" lon="2.52403">
        <ele>150.4</ele>
      </trkpt>
      <trkpt lat="39.68865" lon="2.52398">
        <ele>150.3</ele>
      </trkpt>
      <trkpt lat="39.6887" lon="2.52394">
        <ele>150.3</ele>
      </trkpt>
      <trkpt lat="39.68874" lon="2.52393">
        <ele>150.7</ele>
      </trkpt>
      <trkpt lat="39.68876" lon="2.52393">
        <ele>150.9</ele>
      </trkpt>
      <trkpt lat="39.68881" lon="2.52391">
        <ele>151.3</ele>
      </trkpt>
      <trkpt lat="39.68888" lon="2.52391">
        <ele>152.2</ele>
      </trkpt>
      <trkpt lat="39.68895" lon="2.52392">
        <ele>153.3</ele>
      </trkpt>
      <trkpt lat="39.68906" lon="2.52398">
        <ele>155.7</ele>
      </trkpt>
      <trkpt lat="39.6891" lon="2.524">
        <ele>156.5</ele>
      </trkpt>
      <trkpt lat="39.68913" lon="2.52401">
        <ele>157.1</ele>
      </trkpt>
      <trkpt lat="39.68919" lon="2.52404">
        <ele>158.8</ele>
      </trkpt>
      <trkpt lat="39.68925" lon="2.52406">
        <ele>161.0</ele>
      </trkpt>
      <trkpt lat="39.68927" lon="2.52407">
        <ele>161.8</ele>
      </trkpt>
      <trkpt lat="39.68932" lon="2.52407">
        <ele>163.4</ele>
      </trkpt>
      <trkpt lat="39.68936" lon="2.52406">
        <ele>164.6</ele>
      </trkpt>
      <trkpt lat="39.68939" lon="2.52404">
        <ele>165.3</ele>
      </trkpt>
      <trkpt lat="39.68943" lon="2.524">
        <ele>166.2</ele>
      </trkpt>
      <trkpt lat="39.68944" lon="2.52399">
        <ele>166.4</ele>
      </trkpt>
      <trkpt lat="39.68946" lon="2.52396">
        <ele>166.8</ele>
      </trkpt>
      <trkpt lat="39.68948" lon="2.52393">
        <ele>167.2</ele>
      </trkpt>
      <trkpt lat="39.68949" lon="2.52387">
        <ele>167.0</ele>
      </trkpt>
      <trkpt lat="39.6895" lon="2.52378">
        <ele>166.6</ele>
      </trkpt>
      <trkpt lat="39.68949" lon="2.52356">
        <ele>164.2</ele>
      </trkpt>
      <trkpt lat="39.68948" lon="2.52321">
        <ele>160.7</ele>
      </trkpt>
      <trkpt lat="39.68948" lon="2.52308">
        <ele>159.6</ele>
      </trkpt>
      <trkpt lat="39.68948" lon="2.52285">
        <ele>157.8</ele>
      </trkpt>
      <trkpt lat="39.68952" lon="2.52251">
        <ele>156.8</ele>
      </trkpt>
      <trkpt lat="39.68954" lon="2.52238">
        <ele>156.4</ele>
      </trkpt>
      <trkpt lat="39.68958" lon="2.52205">
        <ele>155.0</ele>
      </trkpt>
      <trkpt lat="39.68958" lon="2.52201">
        <ele>154.7</ele>
      </trkpt>
      <trkpt lat="39.68961" lon="2.52184">
        <ele>154.3</ele>
      </trkpt>
      <trkpt lat="39.68962" lon="2.52182">
        <ele>154.5</ele>
      </trkpt>
      <trkpt lat="39.68966" lon="2.52171">
        <ele>155.2</ele>
      </trkpt>
      <trkpt lat="39.6897" lon="2.52165">
        <ele>156.0</ele>
      </trkpt>
      <trkpt lat="39.68972" lon="2.52163">
        <ele>156.4</ele>
      </trkpt>
      <trkpt lat="39.68976" lon="2.52159">
        <ele>157.3</ele>
      </trkpt>
      <trkpt lat="39.68981" lon="2.52157">
        <ele>159.0</ele>
      </trkpt>
      <trkpt lat="39.68985" lon="2.52155">
        <ele>160.2</ele>
      </trkpt>
      <trkpt lat="39.68989" lon="2.52155">
        <ele>161.9</ele>
      </trkpt>
      <trkpt lat="39.68991" lon="2.52157">
        <ele>163.2</ele>
      </trkpt>
      <trkpt lat="39.68996" lon="2.5216">
        <ele>166.0</ele>
      </trkpt>
      <trkpt lat="39.68998" lon="2.52162">
        <ele>167.2</ele>
      </trkpt>
      <trkpt lat="39.69" lon="2.52166">
        <ele>168.9</ele>
      </trkpt>
      <trkpt lat="39.69002" lon="2.5217">
        <ele>170.0</ele>
      </trkpt>
      <trkpt lat="39.69003" lon="2.52175">
        <ele>170.8</ele>
      </trkpt>
      <trkpt lat="39.69002" lon="2.52191">
        <ele>172.3</ele>
      </trkpt>
      <trkpt lat="39.69001" lon="2.52215">
        <ele>174.6</ele>
      </trkpt>
      <trkpt lat="39.68999" lon="2.52238">
        <ele>176.3</ele>
      </trkpt>
      <trkpt lat="39.68997" lon="2.52258">
        <ele>177.4</ele>
      </trkpt>
      <trkpt lat="39.68997" lon="2.52261">
        <ele>177.7</ele>
      </trkpt>
      <trkpt lat="39.68996" lon="2.52285">
        <ele>179.6</ele>
      </trkpt>
      <trkpt lat="39.68995" lon="2.52308">
        <ele>181.3</ele>
      </trkpt>
      <trkpt lat="39.68994" lon="2.5232">
        <ele>181.9</ele>
      </trkpt>
      <trkpt lat="39.68995" lon="2.52331">
        <ele>183.4</ele>
      </trkpt>
      <trkpt lat="39.68996" lon="2.52344">
        <ele>184.1</ele>
      </trkpt>
      <trkpt lat="39.68997" lon="2.52354">
        <ele>184.5</ele>
      </trkpt>
      <trkpt lat="39.68998" lon="2.52362">
        <ele>184.8</ele>
      </trkpt>
      <trkpt lat="39.69" lon="2.52381">
        <ele>185.4</ele>
      </trkpt>
      <trkpt lat="39.69004" lon="2.52401">
        <ele>187.0</ele>
      </trkpt>
      <trkpt lat="39.69012" lon="2.52433">
        <ele>191.4</ele>
      </trkpt>
      <trkpt lat="39.69018" lon="2.52447">
        <ele>194.9</ele>
      </trkpt>
      <trkpt lat="39.69024" lon="2.52458">
        <ele>198.2</ele>
      </trkpt>
      <trkpt lat="39.69042" lon="2.52476">
        <ele>206.9</ele>
      </trkpt>
      <trkpt lat="39.6905" lon="2.52486">
        <ele>210.7</ele>
      </trkpt>
      <trkpt lat="39.69054" lon="2.52493">
        <ele>212.7</ele>
      </trkpt>
      <trkpt lat="39.69055" lon="2.52494">
        <ele>213.2</ele>
      </trkpt>
      <trkpt lat="39.69059" lon="2.52503">
        <ele>215.1</ele>
      </trkpt>
      <trkpt lat="39.69061" lon="2.52512">
        <ele>216.1</ele>
      </trkpt>
      <trkpt lat="39.69061" lon="2.52514">
        <ele>216.1</ele>
      </trkpt>
      <trkpt lat="39.69061" lon="2.52522">
        <ele>216.2</ele>
      </trkpt>
      <trkpt lat="39.69061" lon="2.52536">
        <ele>216.4</ele>
      </trkpt>
      <trkpt lat="39.69061" lon="2.52538">
        <ele>216.5</ele>
      </trkpt>
      <trkpt lat="39.69059" lon="2.52558">
        <ele>216.4</ele>
      </trkpt>
      <trkpt lat="39.69059" lon="2.52561">
        <ele>216.5</ele>
      </trkpt>
      <trkpt lat="39.69059" lon="2.52584">
        <ele>217.0</ele>
      </trkpt>
      <trkpt lat="39.69059" lon="2.52591">
        <ele>217.3</ele>
      </trkpt>
      <trkpt lat="39.69055" lon="2.52607">
        <ele>217.7</ele>
      </trkpt>
      <trkpt lat="39.69054" lon="2.52611">
        <ele>217.8</ele>
      </trkpt>
      <trkpt lat="39.69046" lon="2.52627">
        <ele>217.9</ele>
      </trkpt>
      <trkpt lat="39.6904" lon="2.52637">
        <ele>218.0</ele>
      </trkpt>
      <trkpt lat="39.69035" lon="2.52645">
        <ele>218.0</ele>
      </trkpt>
      <trkpt lat="39.69034" lon="2.52646">
        <ele>218.0</ele>
      </trkpt>
      <trkpt lat="39.69031" lon="2.52652">
        <ele>218.1</ele>
      </trkpt>
      <trkpt lat="39.6903" lon="2.52657">
        <ele>218.3</ele>
      </trkpt>
      <trkpt lat="39.69029" lon="2.52662">
        <ele>218.5</ele>
      </trkpt>
      <trkpt lat="39.69029" lon="2.52667">
        <ele>218.8</ele>
      </trkpt>
      <trkpt lat="39.6903" lon="2.52672">
        <ele>219.2</ele>
      </trkpt>
      <trkpt lat="39.69031" lon="2.5268">
        <ele>219.8</ele>
      </trkpt>
      <trkpt lat="39.69032" lon="2.52684">
        <ele>220.2</ele>
      </trkpt>
      <trkpt lat="39.69033" lon="2.52687">
        <ele>220.5</ele>
      </trkpt>
      <trkpt lat="39.69034" lon="2.52689">
        <ele>220.6</ele>
      </trkpt>
      <trkpt lat="39.69037" lon="2.52693">
        <ele>221.0</ele>
      </trkpt>
      <trkpt lat="39.69048" lon="2.52704">
        <ele>222.2</ele>
      </trkpt>
      <trkpt lat="39.69066" lon="2.52715">
        <ele>223.3</ele>
      </trkpt>
      <trkpt lat="39.69081" lon="2.52725">
        <ele>224.1</ele>
      </trkpt>
      <trkpt lat="39.69084" lon="2.52727">
        <ele>224.3</ele>
      </trkpt>
      <trkpt lat="39.69086" lon="2.52729">
        <ele>224.8</ele>
      </trkpt>
      <trkpt lat="39.69088" lon="2.52732">
        <ele>225.4</ele>
      </trkpt>
      <trkpt lat="39.69089" lon="2.52736">
        <ele>225.7</ele>
      </trkpt>
      <trkpt lat="39.69091" lon="2.52741">
        <ele>226.3</ele>
      </trkpt>
      <trkpt lat="39.69091" lon="2.52742">
        <ele>226.3</ele>
      </trkpt>
      <trkpt lat="39.69092" lon="2.52746">
        <ele>226.7</ele>
      </trkpt>
      <trkpt lat="39.69091" lon="2.52752">
        <ele>226.8</ele>
      </trkpt>
      <trkpt lat="39.69091" lon="2.52755">
        <ele>227.1</ele>
      </trkpt>
      <trkpt lat="39.6909" lon="2.5276">
        <ele>227.5</ele>
      </trkpt>
      <trkpt lat="39.69087" lon="2.52763">
        <ele>227.3</ele>
      </trkpt>
      <trkpt lat="39.69087" lon="2.52764">
        <ele>227.4</ele>
      </trkpt>
      <trkpt lat="39.69085" lon="2.52767">
        <ele>227.4</ele>
      </trkpt>
      <trkpt lat="39.69082" lon="2.5277">
        <ele>227.4</ele>
      </trkpt>
      <trkpt lat="39.69079" lon="2.52773">
        <ele>227.8</ele>
      </trkpt>
      <trkpt lat="39.69075" lon="2.52774">
        <ele>228.1</ele>
      </trkpt>
      <trkpt lat="39.69072" lon="2.52775">
        <ele>228.2</ele>
      </trkpt>
      <trkpt lat="39.69071" lon="2.52776">
        <ele>228.4</ele>
      </trkpt>
      <trkpt lat="39.69067" lon="2.52776">
        <ele>228.5</ele>
      </trkpt>
      <trkpt lat="39.69064" lon="2.52775">
        <ele>228.4</ele>
      </trkpt>
      <trkpt lat="39.69055" lon="2.5277">
        <ele>227.9</ele>
      </trkpt>
      <trkpt lat="39.69021" lon="2.52753">
        <ele>225.5</ele>
      </trkpt>
      <trkpt lat="39.69005" lon="2.52743">
        <ele>224.4</ele>
      </trkpt>
      <trkpt lat="39.68996" lon="2.52738">
        <ele>224.4</ele>
      </trkpt>
      <trkpt lat="39.68988" lon="2.52735">
        <ele>225.1</ele>
      </trkpt>
      <trkpt lat="39.68979" lon="2.52731">
        <ele>225.9</ele>
      </trkpt>
      <trkpt lat="39.68975" lon="2.52731">
        <ele>226.4</ele>
      </trkpt>
      <trkpt lat="39.68969" lon="2.52731">
        <ele>227.2</ele>
      </trkpt>
      <trkpt lat="39.68961" lon="2.52734">
        <ele>228.5</ele>
      </trkpt>
      <trkpt lat="39.68957" lon="2.52737">
        <ele>229.3</ele>
      </trkpt>
      <trkpt lat="39.68955" lon="2.52738">
        <ele>229.7</ele>
      </trkpt>
      <trkpt lat="39.68953" lon="2.52742">
        <ele>230.4</ele>
      </trkpt>
      <trkpt lat="39.68952" lon="2.52748">
        <ele>231.1</ele>
      </trkpt>
      <trkpt lat="39.6895" lon="2.52752">
        <ele>232.0</ele>
      </trkpt>
      <trkpt lat="39.68949" lon="2.52756">
        <ele>232.9</ele>
      </trkpt>
      <trkpt lat="39.68951" lon="2.52763">
        <ele>234.1</ele>
      </trkpt>
      <trkpt lat="39.68953" lon="2.52768">
        <ele>234.8</ele>
      </trkpt>
      <trkpt lat="39.68961" lon="2.52781">
        <ele>236.3</ele>
      </trkpt>
      <trkpt lat="39.68966" lon="2.52789">
        <ele>237.2</ele>
      </trkpt>
      <trkpt lat="39.68969" lon="2.52794">
        <ele>237.7</ele>
      </trkpt>
      <trkpt lat="39.68981" lon="2.52806">
        <ele>238.4</ele>
      </trkpt>
      <trkpt lat="39.69002" lon="2.52817">
        <ele>237.7</ele>
      </trkpt>
      <trkpt lat="39.69019" lon="2.52823">
        <ele>237.8</ele>
      </trkpt>
      <trkpt lat="39.69027" lon="2.52826">
        <ele>237.8</ele>
      </trkpt>
      <trkpt lat="39.69035" lon="2.52829">
        <ele>237.8</ele>
      </trkpt>
      <trkpt lat="39.69037" lon="2.5283">
        <ele>237.8</ele>
      </trkpt>
      <trkpt lat="39.69043" lon="2.52835">
        <ele>238.3</ele>
      </trkpt>
      <trkpt lat="39.69047" lon="2.5284">
        <ele>239.1</ele>
      </trkpt>
      <trkpt lat="39.6905" lon="2.52843">
        <ele>239.5</ele>
      </trkpt>
      <trkpt lat="39.69051" lon="2.52844">
        <ele>239.6</ele>
      </trkpt>
      <trkpt lat="39.69053" lon="2.52846">
        <ele>239.9</ele>
      </trkpt>
      <trkpt lat="39.69055" lon="2.52849">
        <ele>240.4</ele>
      </trkpt>
      <trkpt lat="39.69063" lon="2.52858">
        <ele>241.6</ele>
      </trkpt>
      <trkpt lat="39.69064" lon="2.52858">
        <ele>241.5</ele>
      </trkpt>
      <trkpt lat="39.69065" lon="2.52859">
        <ele>241.6</ele>
      </trkpt>
      <trkpt lat="39.69074" lon="2.52867">
        <ele>242.4</ele>
      </trkpt>
      <trkpt lat="39.6908" lon="2.5287">
        <ele>242.4</ele>
      </trkpt>
      <trkpt lat="39.69081" lon="2.5287">
        <ele>242.3</ele>
      </trkpt>
      <trkpt lat="39.69097" lon="2.52873">
        <ele>244.1</ele>
      </trkpt>
      <trkpt lat="39.69098" lon="2.52873">
        <ele>244.2</ele>
      </trkpt>
      <trkpt lat="39.69103" lon="2.52874">
        <ele>245.0</ele>
      </trkpt>
      <trkpt lat="39.69107" lon="2.52877">
        <ele>245.9</ele>
      </trkpt>
      <trkpt lat="39.6911" lon="2.52879">
        <ele>246.6</ele>
      </trkpt>
      <trkpt lat="39.69112" lon="2.52882">
        <ele>247.3</ele>
      </trkpt>
      <trkpt lat="39.69113" lon="2.52884">
        <ele>247.7</ele>
      </trkpt>
      <trkpt lat="39.69113" lon="2.52885">
        <ele>247.9</ele>
      </trkpt>
      <trkpt lat="39.69114" lon="2.52886">
        <ele>248.1</ele>
      </trkpt>
      <trkpt lat="39.69115" lon="2.5289">
        <ele>248.9</ele>
      </trkpt>
      <trkpt lat="39.69116" lon="2.52894">
        <ele>249.6</ele>
      </trkpt>
      <trkpt lat="39.69117" lon="2.52899">
        <ele>250.5</ele>
      </trkpt>
      <trkpt lat="39.69116" lon="2.52905">
        <ele>251.4</ele>
      </trkpt>
      <trkpt lat="39.69115" lon="2.5291">
        <ele>252.2</ele>
      </trkpt>
      <trkpt lat="39.69114" lon="2.52916">
        <ele>253.1</ele>
      </trkpt>
      <trkpt lat="39.6911" lon="2.52922">
        <ele>253.9</ele>
      </trkpt>
      <trkpt lat="39.69107" lon="2.52925">
        <ele>254.3</ele>
      </trkpt>
      <trkpt lat="39.69106" lon="2.52926">
        <ele>254.4</ele>
      </trkpt>
      <trkpt lat="39.69104" lon="2.52927">
        <ele>254.5</ele>
      </trkpt>
      <trkpt lat="39.691" lon="2.52928">
        <ele>254.4</ele>
      </trkpt>
      <trkpt lat="39.69096" lon="2.52928">
        <ele>254.2</ele>
      </trkpt>
      <trkpt lat="39.69071" lon="2.5292">
        <ele>253.3</ele>
      </trkpt>
      <trkpt lat="39.69065" lon="2.52917">
        <ele>253.5</ele>
      </trkpt>
      <trkpt lat="39.69021" lon="2.52899">
        <ele>255.0</ele>
      </trkpt>
      <trkpt lat="39.6902" lon="2.52899">
        <ele>255.2</ele>
      </trkpt>
      <trkpt lat="39.69018" lon="2.52899">
        <ele>255.4</ele>
      </trkpt>
      <trkpt lat="39.69003" lon="2.52894">
        <ele>255.9</ele>
      </trkpt>
      <trkpt lat="39.69002" lon="2.52894">
        <ele>256.1</ele>
      </trkpt>
      <trkpt lat="39.69" lon="2.52893">
        <ele>256.0</ele>
      </trkpt>
      <trkpt lat="39.68989" lon="2.5289">
        <ele>256.8</ele>
      </trkpt>
      <trkpt lat="39.68985" lon="2.52891">
        <ele>257.6</ele>
      </trkpt>
      <trkpt lat="39.6898" lon="2.52891">
        <ele>258.2</ele>
      </trkpt>
      <trkpt lat="39.68975" lon="2.52893">
        <ele>259.4</ele>
      </trkpt>
      <trkpt lat="39.68971" lon="2.52896">
        <ele>260.7</ele>
      </trkpt>
      <trkpt lat="39.68969" lon="2.52898">
        <ele>261.5</ele>
      </trkpt>
      <trkpt lat="39.68966" lon="2.52901">
        <ele>262.6</ele>
      </trkpt>
      <trkpt lat="39.68962" lon="2.52907">
        <ele>264.6</ele>
      </trkpt>
      <trkpt lat="39.6896" lon="2.52912">
        <ele>266.1</ele>
      </trkpt>
      <trkpt lat="39.68959" lon="2.52915">
        <ele>267.0</ele>
      </trkpt>
      <trkpt lat="39.6896" lon="2.5292">
        <ele>268.3</ele>
      </trkpt>
      <trkpt lat="39.68962" lon="2.52927">
        <ele>270.2</ele>
      </trkpt>
      <trkpt lat="39.68964" lon="2.52933">
        <ele>271.7</ele>
      </trkpt>
      <trkpt lat="39.68966" lon="2.52936">
        <ele>272.3</ele>
      </trkpt>
      <trkpt lat="39.68967" lon="2.52938">
        <ele>272.8</ele>
      </trkpt>
      <trkpt lat="39.68968" lon="2.52938">
        <ele>272.6</ele>
      </trkpt>
      <trkpt lat="39.68969" lon="2.5294">
        <ele>273.1</ele>
      </trkpt>
      <trkpt lat="39.68971" lon="2.52942">
        <ele>273.3</ele>
      </trkpt>
      <trkpt lat="39.68975" lon="2.52944">
        <ele>273.3</ele>
      </trkpt>
      <trkpt lat="39.6898" lon="2.52945">
        <ele>272.9</ele>
      </trkpt>
      <trkpt lat="39.68984" lon="2.52945">
        <ele>272.3</ele>
      </trkpt>
      <trkpt lat="39.68985" lon="2.52945">
        <ele>272.1</ele>
      </trkpt>
      <trkpt lat="39.68991" lon="2.52944">
        <ele>270.9</ele>
      </trkpt>
      <trkpt lat="39.68995" lon="2.52943">
        <ele>270.0</ele>
      </trkpt>
      <trkpt lat="39.69002" lon="2.52943">
        <ele>269.0</ele>
      </trkpt>
      <trkpt lat="39.69007" lon="2.52942">
        <ele>267.9</ele>
      </trkpt>
      <trkpt lat="39.69012" lon="2.52944">
        <ele>267.7</ele>
      </trkpt>
      <trkpt lat="39.69019" lon="2.52947">
        <ele>267.4</ele>
      </trkpt>
      <trkpt lat="39.69024" lon="2.5295">
        <ele>267.3</ele>
      </trkpt>
      <trkpt lat="39.6903" lon="2.52956">
        <ele>267.9</ele>
      </trkpt>
      <trkpt lat="39.69038" lon="2.52965">
        <ele>268.7</ele>
      </trkpt>
      <trkpt lat="39.69044" lon="2.52976">
        <ele>270.3</ele>
      </trkpt>
      <trkpt lat="39.69051" lon="2.52987">
        <ele>271.6</ele>
      </trkpt>
      <trkpt lat="39.69057" lon="2.52997">
        <ele>272.7</ele>
      </trkpt>
      <trkpt lat="39.69059" lon="2.53001">
        <ele>273.2</ele>
      </trkpt>
      <trkpt lat="39.69068" lon="2.53016">
        <ele>275.0</ele>
      </trkpt>
      <trkpt lat="39.69076" lon="2.5303">
        <ele>276.8</ele>
      </trkpt>
      <trkpt lat="39.6909" lon="2.53052">
        <ele>280.5</ele>
      </trkpt>
      <trkpt lat="39.69103" lon="2.53066">
        <ele>283.6</ele>
      </trkpt>
      <trkpt lat="39.69104" lon="2.53067">
        <ele>283.8</ele>
      </trkpt>
      <trkpt lat="39.69116" lon="2.53077">
        <ele>285.8</ele>
      </trkpt>
      <trkpt lat="39.69119" lon="2.5308">
        <ele>286.4</ele>
      </trkpt>
      <trkpt lat="39.69122" lon="2.53082">
        <ele>286.8</ele>
      </trkpt>
      <trkpt lat="39.69134" lon="2.53088">
        <ele>287.7</ele>
      </trkpt>
      <trkpt lat="39.69135" lon="2.53089">
        <ele>287.9</ele>
      </trkpt>
      <trkpt lat="39.69141" lon="2.5309">
        <ele>287.9</ele>
      </trkpt>
      <trkpt lat="39.69151" lon="2.53088">
        <ele>287.3</ele>
      </trkpt>
      <trkpt lat="39.69153" lon="2.53087">
        <ele>287.0</ele>
      </trkpt>
      <trkpt lat="39.69159" lon="2.53084">
        <ele>286.3</ele>
      </trkpt>
      <trkpt lat="39.69165" lon="2.5308">
        <ele>285.4</ele>
      </trkpt>
      <trkpt lat="39.69169" lon="2.53077">
        <ele>285.2</ele>
      </trkpt>
      <trkpt lat="39.69185" lon="2.53066">
        <ele>285.9</ele>
      </trkpt>
      <trkpt lat="39.69187" lon="2.53065">
        <ele>286.1</ele>
      </trkpt>
      <trkpt lat="39.69191" lon="2.53062">
        <ele>286.3</ele>
      </trkpt>
      <trkpt lat="39.69196" lon="2.53059">
        <ele>286.6</ele>
      </trkpt>
      <trkpt lat="39.69202" lon="2.53057">
        <ele>287.3</ele>
      </trkpt>
      <trkpt lat="39.69219" lon="2.53049">
        <ele>289.0</ele>
      </trkpt>
      <trkpt lat="39.69223" lon="2.53047">
        <ele>289.4</ele>
      </trkpt>
      <trkpt lat="39.69235" lon="2.5304">
        <ele>290.6</ele>
      </trkpt>
      <trkpt lat="39.69241" lon="2.53038">
        <ele>291.4</ele>
      </trkpt>
      <trkpt lat="39.69249" lon="2.53036">
        <ele>292.6</ele>
      </trkpt>
      <trkpt lat="39.69252" lon="2.53036">
        <ele>293.2</ele>
      </trkpt>
      <trkpt lat="39.69255" lon="2.53036">
        <ele>293.9</ele>
      </trkpt>
      <trkpt lat="39.69261" lon="2.53039">
        <ele>295.6</ele>
      </trkpt>
      <trkpt lat="39.69264" lon="2.53041">
        <ele>296.5</ele>
      </trkpt>
      <trkpt lat="39.69266" lon="2.53043">
        <ele>297.2</ele>
      </trkpt>
      <trkpt lat="39.69267" lon="2.53046">
        <ele>297.8</ele>
      </trkpt>
      <trkpt lat="39.69268" lon="2.53047">
        <ele>298.2</ele>
      </trkpt>
      <trkpt lat="39.69268" lon="2.53049">
        <ele>298.4</ele>
      </trkpt>
      <trkpt lat="39.69269" lon="2.53054">
        <ele>299.3</ele>
      </trkpt>
      <trkpt lat="39.69269" lon="2.53063">
        <ele>300.4</ele>
      </trkpt>
      <trkpt lat="39.69268" lon="2.53068">
        <ele>300.8</ele>
      </trkpt>
      <trkpt lat="39.69265" lon="2.53076">
        <ele>301.1</ele>
      </trkpt>
      <trkpt lat="39.69265" lon="2.53077">
        <ele>301.3</ele>
      </trkpt>
      <trkpt lat="39.69259" lon="2.53084">
        <ele>301.0</ele>
      </trkpt>
      <trkpt lat="39.69252" lon="2.53091">
        <ele>301.1</ele>
      </trkpt>
      <trkpt lat="39.69252" lon="2.53092">
        <ele>301.4</ele>
      </trkpt>
      <trkpt lat="39.69243" lon="2.53097">
        <ele>301.0</ele>
      </trkpt>
      <trkpt lat="39.69236" lon="2.53103">
        <ele>301.2</ele>
      </trkpt>
      <trkpt lat="39.69235" lon="2.53103">
        <ele>301.0</ele>
      </trkpt>
      <trkpt lat="39.6922" lon="2.53115">
        <ele>301.1</ele>
      </trkpt>
      <trkpt lat="39.69208" lon="2.53129">
        <ele>302.0</ele>
      </trkpt>
      <trkpt lat="39.69207" lon="2.5313">
        <ele>302.1</ele>
      </trkpt>
      <trkpt lat="39.69194" lon="2.53145">
        <ele>302.8</ele>
      </trkpt>
      <trkpt lat="39.69193" lon="2.53146">
        <ele>302.9</ele>
      </trkpt>
      <trkpt lat="39.69184" lon="2.53158">
        <ele>303.6</ele>
      </trkpt>
      <trkpt lat="39.6918" lon="2.53162">
        <ele>303.6</ele>
      </trkpt>
      <trkpt lat="39.69172" lon="2.53171">
        <ele>303.5</ele>
      </trkpt>
      <trkpt lat="39.69166" lon="2.53177">
        <ele>303.1</ele>
      </trkpt>
      <trkpt lat="39.69152" lon="2.53191">
        <ele>304.8</ele>
      </trkpt>
      <trkpt lat="39.69147" lon="2.53197">
        <ele>305.3</ele>
      </trkpt>
      <trkpt lat="39.69139" lon="2.53206">
        <ele>305.9</ele>
      </trkpt>
      <trkpt lat="39.69125" lon="2.53222">
        <ele>306.3</ele>
      </trkpt>
      <trkpt lat="39.69122" lon="2.53226">
        <ele>306.4</ele>
      </trkpt>
      <trkpt lat="39.69111" lon="2.53237">
        <ele>306.1</ele>
      </trkpt>
      <trkpt lat="39.69106" lon="2.53242">
        <ele>305.8</ele>
      </trkpt>
      <trkpt lat="39.69097" lon="2.53252">
        <ele>304.8</ele>
      </trkpt>
      <trkpt lat="39.69092" lon="2.53258">
        <ele>303.4</ele>
      </trkpt>
      <trkpt lat="39.69078" lon="2.53273">
        <ele>300.8</ele>
      </trkpt>
      <trkpt lat="39.6907" lon="2.53282">
        <ele>300.7</ele>
      </trkpt>
      <trkpt lat="39.69057" lon="2.53298">
        <ele>300.3</ele>
      </trkpt>
      <trkpt lat="39.69049" lon="2.53307">
        <ele>300.2</ele>
      </trkpt>
      <trkpt lat="39.69043" lon="2.53313">
        <ele>300.3</ele>
      </trkpt>
      <trkpt lat="39.69034" lon="2.53324">
        <ele>300.1</ele>
      </trkpt>
      <trkpt lat="39.6903" lon="2.53329">
        <ele>300.0</ele>
      </trkpt>
      <trkpt lat="39.69017" lon="2.53344">
        <ele>299.2</ele>
      </trkpt>
      <trkpt lat="39.68989" lon="2.53375">
        <ele>296.8</ele>
      </trkpt>
      <trkpt lat="39.6898" lon="2.53386">
        <ele>295.9</ele>
      </trkpt>
      <trkpt lat="39.68976" lon="2.5339">
        <ele>295.7</ele>
      </trkpt>
      <trkpt lat="39.68962" lon="2.53406">
        <ele>294.5</ele>
      </trkpt>
      <trkpt lat="39.68949" lon="2.53421">
        <ele>293.5</ele>
      </trkpt>
      <trkpt lat="39.68934" lon="2.53435">
        <ele>293.5</ele>
      </trkpt>
      <trkpt lat="39.68931" lon="2.53438">
        <ele>293.5</ele>
      </trkpt>
      <trkpt lat="39.6892" lon="2.5345">
        <ele>293.1</ele>
      </trkpt>
      <trkpt lat="39.68918" lon="2.53452">
        <ele>293.1</ele>
      </trkpt>
      <trkpt lat="39.68913" lon="2.53461">
        <ele>292.7</ele>
      </trkpt>
      <trkpt lat="39.6891" lon="2.53471">
        <ele>291.5</ele>
      </trkpt>
      <trkpt lat="39.68908" lon="2.53482">
        <ele>289.7</ele>
      </trkpt>
      <trkpt lat="39.68906" lon="2.53506">
        <ele>285.2</ele>
      </trkpt>
      <trkpt lat="39.68905" lon="2.53518">
        <ele>283.5</ele>
      </trkpt>
      <trkpt lat="39.68903" lon="2.53528">
        <ele>282.4</ele>
      </trkpt>
      <trkpt lat="39.689" lon="2.53538">
        <ele>281.4</ele>
      </trkpt>
      <trkpt lat="39.68889" lon="2.5355">
        <ele>281.7</ele>
      </trkpt>
      <trkpt lat="39.68882" lon="2.53557">
        <ele>281.8</ele>
      </trkpt>
      <trkpt lat="39.68873" lon="2.53567">
        <ele>281.4</ele>
      </trkpt>
      <trkpt lat="39.68867" lon="2.53573">
        <ele>281.1</ele>
      </trkpt>
      <trkpt lat="39.68858" lon="2.5358">
        <ele>281.0</ele>
      </trkpt>
      <trkpt lat="39.68842" lon="2.53592">
        <ele>279.9</ele>
      </trkpt>
      <trkpt lat="39.68827" lon="2.53604">
        <ele>277.8</ele>
      </trkpt>
      <trkpt lat="39.6882" lon="2.53609">
        <ele>276.7</ele>
      </trkpt>
      <trkpt lat="39.68811" lon="2.53615">
        <ele>275.6</ele>
      </trkpt>
      <trkpt lat="39.68806" lon="2.53618">
        <ele>275.1</ele>
      </trkpt>
      <trkpt lat="39.68796" lon="2.53627">
        <ele>273.3</ele>
      </trkpt>
      <trkpt lat="39.68796" lon="2.53628">
        <ele>273.0</ele>
      </trkpt>
      <trkpt lat="39.68779" lon="2.53641">
        <ele>270.8</ele>
      </trkpt>
      <trkpt lat="39.68767" lon="2.53645">
        <ele>270.9</ele>
      </trkpt>
      <trkpt lat="39.68763" lon="2.53645">
        <ele>271.4</ele>
      </trkpt>
      <trkpt lat="39.68761" lon="2.53644">
        <ele>271.8</ele>
      </trkpt>
      <trkpt lat="39.68754" lon="2.53642">
        <ele>273.1</ele>
      </trkpt>
      <trkpt lat="39.68746" lon="2.53637">
        <ele>274.9</ele>
      </trkpt>
      <trkpt lat="39.6873" lon="2.53626">
        <ele>277.9</ele>
      </trkpt>
      <trkpt lat="39.68729" lon="2.53626">
        <ele>277.9</ele>
      </trkpt>
      <trkpt lat="39.68718" lon="2.53619">
        <ele>279.5</ele>
      </trkpt>
      <trkpt lat="39.68714" lon="2.53617">
        <ele>280.0</ele>
      </trkpt>
      <trkpt lat="39.687" lon="2.53613">
        <ele>280.7</ele>
      </trkpt>
      <trkpt lat="39.68696" lon="2.53613">
        <ele>280.7</ele>
      </trkpt>
      <trkpt lat="39.68673" lon="2.5361">
        <ele>280.9</ele>
      </trkpt>
      <trkpt lat="39.6866" lon="2.5361">
        <ele>282.8</ele>
      </trkpt>
      <trkpt lat="39.68659" lon="2.5361">
        <ele>283.0</ele>
      </trkpt>
      <trkpt lat="39.68642" lon="2.53611">
        <ele>287.9</ele>
      </trkpt>
      <trkpt lat="39.6864" lon="2.53612">
        <ele>288.4</ele>
      </trkpt>
      <trkpt lat="39.68631" lon="2.53616">
        <ele>290.8</ele>
      </trkpt>
      <trkpt lat="39.68626" lon="2.5362">
        <ele>292.1</ele>
      </trkpt>
      <trkpt lat="39.68626" lon="2.53621">
        <ele>292.1</ele>
      </trkpt>
      <trkpt lat="39.68622" lon="2.53626">
        <ele>293.2</ele>
      </trkpt>
      <trkpt lat="39.68618" lon="2.53633">
        <ele>294.4</ele>
      </trkpt>
      <trkpt lat="39.68616" lon="2.5364">
        <ele>295.0</ele>
      </trkpt>
      <trkpt lat="39.68616" lon="2.53641">
        <ele>294.9</ele>
      </trkpt>
      <trkpt lat="39.68615" lon="2.53648">
        <ele>295.2</ele>
      </trkpt>
      <trkpt lat="39.68617" lon="2.53663">
        <ele>294.1</ele>
      </trkpt>
      <trkpt lat="39.68617" lon="2.53664">
        <ele>294.1</ele>
      </trkpt>
      <trkpt lat="39.68618" lon="2.53677">
        <ele>293.9</ele>
      </trkpt>
      <trkpt lat="39.68621" lon="2.53684">
        <ele>292.9</ele>
      </trkpt>
      <trkpt lat="39.68621" lon="2.53686">
        <ele>292.9</ele>
      </trkpt>
      <trkpt lat="39.68625" lon="2.53692">
        <ele>291.4</ele>
      </trkpt>
      <trkpt lat="39.6863" lon="2.53699">
        <ele>289.5</ele>
      </trkpt>
      <trkpt lat="39.68633" lon="2.53704">
        <ele>288.5</ele>
      </trkpt>
      <trkpt lat="39.68638" lon="2.53711">
        <ele>286.6</ele>
      </trkpt>
      <trkpt lat="39.68645" lon="2.5372">
        <ele>284.1</ele>
      </trkpt>
      <trkpt lat="39.68647" lon="2.53722">
        <ele>283.4</ele>
      </trkpt>
      <trkpt lat="39.6865" lon="2.53728">
        <ele>282.5</ele>
      </trkpt>
      <trkpt lat="39.68655" lon="2.53736">
        <ele>280.9</ele>
      </trkpt>
      <trkpt lat="39.68656" lon="2.53739">
        <ele>280.6</ele>
      </trkpt>
      <trkpt lat="39.68658" lon="2.53745">
        <ele>280.2</ele>
      </trkpt>
      <trkpt lat="39.68659" lon="2.53754">
        <ele>280.0</ele>
      </trkpt>
      <trkpt lat="39.6866" lon="2.53766">
        <ele>279.7</ele>
      </trkpt>
      <trkpt lat="39.68658" lon="2.53796">
        <ele>280.5</ele>
      </trkpt>
      <trkpt lat="39.68652" lon="2.53831">
        <ele>283.1</ele>
      </trkpt>
      <trkpt lat="39.68649" lon="2.53848">
        <ele>284.6</ele>
      </trkpt>
      <trkpt lat="39.68648" lon="2.53854">
        <ele>285.1</ele>
      </trkpt>
      <trkpt lat="39.68648" lon="2.53858">
        <ele>285.2</ele>
      </trkpt>
      <trkpt lat="39.68648" lon="2.53868">
        <ele>285.3</ele>
      </trkpt>
      <trkpt lat="39.68649" lon="2.53877">
        <ele>285.0</ele>
      </trkpt>
      <trkpt lat="39.68651" lon="2.53886">
        <ele>284.4</ele>
      </trkpt>
      <trkpt lat="39.68655" lon="2.53899">
        <ele>283.0</ele>
      </trkpt>
      <trkpt lat="39.68656" lon="2.53904">
        <ele>282.7</ele>
      </trkpt>
      <trkpt lat="39.6866" lon="2.53921">
        <ele>281.0</ele>
      </trkpt>
      <trkpt lat="39.68662" lon="2.53931">
        <ele>279.2</ele>
      </trkpt>
      <trkpt lat="39.68663" lon="2.53939">
        <ele>278.0</ele>
      </trkpt>
      <trkpt lat="39.68662" lon="2.53944">
        <ele>277.8</ele>
      </trkpt>
      <trkpt lat="39.68662" lon="2.53947">
        <ele>277.5</ele>
      </trkpt>
      <trkpt lat="39.68659" lon="2.53954">
        <ele>277.6</ele>
      </trkpt>
      <trkpt lat="39.68654" lon="2.53961">
        <ele>278.1</ele>
      </trkpt>
      <trkpt lat="39.68652" lon="2.53963">
        <ele>278.3</ele>
      </trkpt>
      <trkpt lat="39.68649" lon="2.53965">
        <ele>278.8</ele>
      </trkpt>
      <trkpt lat="39.68645" lon="2.53968">
        <ele>279.4</ele>
      </trkpt>
      <trkpt lat="39.68639" lon="2.53969">
        <ele>280.7</ele>
      </trkpt>
      <trkpt lat="39.68634" lon="2.5397">
        <ele>281.8</ele>
      </trkpt>
      <trkpt lat="39.68628" lon="2.53971">
        <ele>283.0</ele>
      </trkpt>
      <trkpt lat="39.68613" lon="2.53971">
        <ele>286.6</ele>
      </trkpt>
      <trkpt lat="39.68605" lon="2.53972">
        <ele>288.3</ele>
      </trkpt>
      <trkpt lat="39.686" lon="2.53974">
        <ele>288.9</ele>
      </trkpt>
      <trkpt lat="39.68589" lon="2.53977">
        <ele>290.6</ele>
      </trkpt>
      <trkpt lat="39.68582" lon="2.53979">
        <ele>291.6</ele>
      </trkpt>
      <trkpt lat="39.6858" lon="2.5398">
        <ele>291.8</ele>
      </trkpt>
      <trkpt lat="39.68565" lon="2.53988">
        <ele>292.4</ele>
      </trkpt>
      <trkpt lat="39.68556" lon="2.53994">
        <ele>292.1</ele>
      </trkpt>
      <trkpt lat="39.68549" lon="2.53998">
        <ele>291.9</ele>
      </trkpt>
      <trkpt lat="39.68547" lon="2.53999">
        <ele>291.9</ele>
      </trkpt>
      <trkpt lat="39.68539" lon="2.54007">
        <ele>290.2</ele>
      </trkpt>
      <trkpt lat="39.68534" lon="2.54011">
        <ele>289.5</ele>
      </trkpt>
      <trkpt lat="39.6853" lon="2.54015">
        <ele>288.6</ele>
      </trkpt>
      <trkpt lat="39.68521" lon="2.54023">
        <ele>286.8</ele>
      </trkpt>
      <trkpt lat="39.68519" lon="2.54024">
        <ele>286.8</ele>
      </trkpt>
      <trkpt lat="39.68511" lon="2.54029">
        <ele>286.0</ele>
      </trkpt>
      <trkpt lat="39.68503" lon="2.5403">
        <ele>286.9</ele>
      </trkpt>
      <trkpt lat="39.68501" lon="2.5403">
        <ele>287.2</ele>
      </trkpt>
      <trkpt lat="39.68485" lon="2.54025">
        <ele>290.0</ele>
      </trkpt>
      <trkpt lat="39.68481" lon="2.54024">
        <ele>290.5</ele>
      </trkpt>
      <trkpt lat="39.6847" lon="2.54017">
        <ele>293.1</ele>
      </trkpt>
      <trkpt lat="39.68469" lon="2.54016">
        <ele>293.4</ele>
      </trkpt>
      <trkpt lat="39.68459" lon="2.54009">
        <ele>295.5</ele>
      </trkpt>
      <trkpt lat="39.68453" lon="2.54004">
        <ele>296.7</ele>
      </trkpt>
      <trkpt lat="39.68448" lon="2.54">
        <ele>297.5</ele>
      </trkpt>
      <trkpt lat="39.68433" lon="2.53979">
        <ele>305.9</ele>
      </trkpt>
      <trkpt lat="39.68426" lon="2.53973">
        <ele>308.0</ele>
      </trkpt>
      <trkpt lat="39.68424" lon="2.53971">
        <ele>308.7</ele>
      </trkpt>
      <trkpt lat="39.68411" lon="2.53966">
        <ele>311.5</ele>
      </trkpt>
      <trkpt lat="39.68409" lon="2.53966">
        <ele>312.0</ele>
      </trkpt>
      <trkpt lat="39.68405" lon="2.53966">
        <ele>312.8</ele>
      </trkpt>
      <trkpt lat="39.68401" lon="2.53968">
        <ele>312.9</ele>
      </trkpt>
      <trkpt lat="39.68398" lon="2.5397">
        <ele>312.9</ele>
      </trkpt>
      <trkpt lat="39.68397" lon="2.53978">
        <ele>310.2</ele>
      </trkpt>
      <trkpt lat="39.68394" lon="2.54001">
        <ele>303.0</ele>
      </trkpt>
      <trkpt lat="39.68392" lon="2.54022">
        <ele>301.3</ele>
      </trkpt>
      <trkpt lat="39.68393" lon="2.54035">
        <ele>299.5</ele>
      </trkpt>
      <trkpt lat="39.68394" lon="2.54047">
        <ele>297.8</ele>
      </trkpt>
      <trkpt lat="39.68394" lon="2.54049">
        <ele>297.6</ele>
      </trkpt>
      <trkpt lat="39.68394" lon="2.54075">
        <ele>294.7</ele>
      </trkpt>
      <trkpt lat="39.68393" lon="2.54087">
        <ele>293.8</ele>
      </trkpt>
      <trkpt lat="39.68391" lon="2.541">
        <ele>293.1</ele>
      </trkpt>
      <trkpt lat="39.68389" lon="2.54113">
        <ele>292.3</ele>
      </trkpt>
      <trkpt lat="39.68385" lon="2.54122">
        <ele>292.6</ele>
      </trkpt>
      <trkpt lat="39.68378" lon="2.54146">
        <ele>291.6</ele>
      </trkpt>
      <trkpt lat="39.68374" lon="2.54152">
        <ele>292.0</ele>
      </trkpt>
      <trkpt lat="39.6837" lon="2.54155">
        <ele>292.7</ele>
      </trkpt>
      <trkpt lat="39.68364" lon="2.5416">
        <ele>293.7</ele>
      </trkpt>
      <trkpt lat="39.68361" lon="2.54163">
        <ele>294.0</ele>
      </trkpt>
      <trkpt lat="39.68353" lon="2.54166">
        <ele>295.7</ele>
      </trkpt>
      <trkpt lat="39.68349" lon="2.54167">
        <ele>296.7</ele>
      </trkpt>
      <trkpt lat="39.68343" lon="2.54169">
        <ele>298.2</ele>
      </trkpt>
      <trkpt lat="39.68334" lon="2.54168">
        <ele>300.7</ele>
      </trkpt>
      <trkpt lat="39.68331" lon="2.54168">
        <ele>301.5</ele>
      </trkpt>
      <trkpt lat="39.68326" lon="2.54167">
        <ele>303.0</ele>
      </trkpt>
      <trkpt lat="39.68318" lon="2.54169">
        <ele>305.1</ele>
      </trkpt>
      <trkpt lat="39.68311" lon="2.54173">
        <ele>306.7</ele>
      </trkpt>
      <trkpt lat="39.68307" lon="2.54178">
        <ele>307.5</ele>
      </trkpt>
      <trkpt lat="39.68305" lon="2.54181">
        <ele>307.8</ele>
      </trkpt>
      <trkpt lat="39.68303" lon="2.54187">
        <ele>308.0</ele>
      </trkpt>
      <trkpt lat="39.68302" lon="2.54189">
        <ele>308.1</ele>
      </trkpt>
      <trkpt lat="39.68301" lon="2.54192">
        <ele>308.2</ele>
      </trkpt>
      <trkpt lat="39.683" lon="2.54198">
        <ele>308.1</ele>
      </trkpt>
      <trkpt lat="39.68302" lon="2.54223">
        <ele>305.8</ele>
      </trkpt>
      <trkpt lat="39.68305" lon="2.54244">
        <ele>303.6</ele>
      </trkpt>
      <trkpt lat="39.68309" lon="2.54267">
        <ele>303.8</ele>
      </trkpt>
      <trkpt lat="39.68314" lon="2.54277">
        <ele>303.7</ele>
      </trkpt>
      <trkpt lat="39.6832" lon="2.54284">
        <ele>303.2</ele>
      </trkpt>
      <trkpt lat="39.68321" lon="2.54284">
        <ele>303.0</ele>
      </trkpt>
      <trkpt lat="39.68327" lon="2.5429">
        <ele>302.6</ele>
      </trkpt>
      <trkpt lat="39.68336" lon="2.54294">
        <ele>301.6</ele>
      </trkpt>
      <trkpt lat="39.68337" lon="2.54294">
        <ele>301.6</ele>
      </trkpt>
      <trkpt lat="39.68345" lon="2.54294">
        <ele>300.9</ele>
      </trkpt>
      <trkpt lat="39.68355" lon="2.54294">
        <ele>300.1</ele>
      </trkpt>
      <trkpt lat="39.68373" lon="2.54295">
        <ele>298.8</ele>
      </trkpt>
      <trkpt lat="39.68375" lon="2.54295">
        <ele>298.6</ele>
      </trkpt>
      <trkpt lat="39.68391" lon="2.54292">
        <ele>296.7</ele>
      </trkpt>
      <trkpt lat="39.68416" lon="2.54287">
        <ele>293.5</ele>
      </trkpt>
      <trkpt lat="39.68426" lon="2.54285">
        <ele>291.9</ele>
      </trkpt>
      <trkpt lat="39.68427" lon="2.54284">
        <ele>291.6</ele>
      </trkpt>
      <trkpt lat="39.68438" lon="2.54281">
        <ele>289.7</ele>
      </trkpt>
      <trkpt lat="39.68444" lon="2.5428">
        <ele>288.8</ele>
      </trkpt>
      <trkpt lat="39.68448" lon="2.54279">
        <ele>288.2</ele>
      </trkpt>
      <trkpt lat="39.68453" lon="2.54279">
        <ele>287.6</ele>
      </trkpt>
      <trkpt lat="39.68458" lon="2.5428">
        <ele>287.3</ele>
      </trkpt>
      <trkpt lat="39.68461" lon="2.54282">
        <ele>287.3</ele>
      </trkpt>
      <trkpt lat="39.68464" lon="2.54283">
        <ele>287.1</ele>
      </trkpt>
      <trkpt lat="39.68468" lon="2.54289">
        <ele>287.6</ele>
      </trkpt>
      <trkpt lat="39.68472" lon="2.54298">
        <ele>288.5</ele>
      </trkpt>
      <trkpt lat="39.68473" lon="2.54299">
        <ele>288.5</ele>
      </trkpt>
      <trkpt lat="39.68475" lon="2.5431">
        <ele>289.9</ele>
      </trkpt>
      <trkpt lat="39.68476" lon="2.54316">
        <ele>290.7</ele>
      </trkpt>
      <trkpt lat="39.68477" lon="2.54324">
        <ele>291.7</ele>
      </trkpt>
      <trkpt lat="39.68476" lon="2.54345">
        <ele>294.2</ele>
      </trkpt>
      <trkpt lat="39.68474" lon="2.54386">
        <ele>297.6</ele>
      </trkpt>
      <trkpt lat="39.68473" lon="2.544">
        <ele>298.9</ele>
      </trkpt>
      <trkpt lat="39.68474" lon="2.54415">
        <ele>299.8</ele>
      </trkpt>
      <trkpt lat="39.68474" lon="2.54416">
        <ele>299.9</ele>
      </trkpt>
      <trkpt lat="39.68476" lon="2.54426">
        <ele>299.9</ele>
      </trkpt>
      <trkpt lat="39.68479" lon="2.54436">
        <ele>299.6</ele>
      </trkpt>
      <trkpt lat="39.6848" lon="2.54437">
        <ele>299.4</ele>
      </trkpt>
      <trkpt lat="39.68483" lon="2.54443">
        <ele>299.0</ele>
      </trkpt>
      <trkpt lat="39.68487" lon="2.54448">
        <ele>298.3</ele>
      </trkpt>
      <trkpt lat="39.68497" lon="2.54463">
        <ele>296.9</ele>
      </trkpt>
      <trkpt lat="39.68503" lon="2.54472">
        <ele>296.0</ele>
      </trkpt>
      <trkpt lat="39.68504" lon="2.54474">
        <ele>295.9</ele>
      </trkpt>
      <trkpt lat="39.6851" lon="2.54487">
        <ele>295.2</ele>
      </trkpt>
      <trkpt lat="39.68512" lon="2.54494">
        <ele>295.0</ele>
      </trkpt>
      <trkpt lat="39.68513" lon="2.54505">
        <ele>294.6</ele>
      </trkpt>
      <trkpt lat="39.68512" lon="2.54515">
        <ele>293.9</ele>
      </trkpt>
      <trkpt lat="39.68512" lon="2.54516">
        <ele>293.8</ele>
      </trkpt>
      <trkpt lat="39.6851" lon="2.54522">
        <ele>293.6</ele>
      </trkpt>
      <trkpt lat="39.68506" lon="2.54538">
        <ele>292.8</ele>
      </trkpt>
      <trkpt lat="39.68503" lon="2.54546">
        <ele>292.5</ele>
      </trkpt>
      <trkpt lat="39.68497" lon="2.54558">
        <ele>292.4</ele>
      </trkpt>
      <trkpt lat="39.68495" lon="2.5456">
        <ele>292.7</ele>
      </trkpt>
      <trkpt lat="39.68486" lon="2.54573">
        <ele>293.6</ele>
      </trkpt>
      <trkpt lat="39.68484" lon="2.54575">
        <ele>293.8</ele>
      </trkpt>
      <trkpt lat="39.68474" lon="2.54584">
        <ele>295.3</ele>
      </trkpt>
      <trkpt lat="39.6847" lon="2.54588">
        <ele>295.1</ele>
      </trkpt>
      <trkpt lat="39.68461" lon="2.54595">
        <ele>295.2</ele>
      </trkpt>
      <trkpt lat="39.68453" lon="2.54599">
        <ele>295.9</ele>
      </trkpt>
      <trkpt lat="39.68444" lon="2.54603">
        <ele>296.9</ele>
      </trkpt>
      <trkpt lat="39.68436" lon="2.54606">
        <ele>297.9</ele>
      </trkpt>
      <trkpt lat="39.68428" lon="2.54609">
        <ele>298.9</ele>
      </trkpt>
      <trkpt lat="39.68426" lon="2.54611">
        <ele>298.8</ele>
      </trkpt>
      <trkpt lat="39.68419" lon="2.54613">
        <ele>299.8</ele>
      </trkpt>
      <trkpt lat="39.68415" lon="2.54614">
        <ele>300.6</ele>
      </trkpt>
      <trkpt lat="39.68404" lon="2.54618">
        <ele>303.1</ele>
      </trkpt>
      <trkpt lat="39.68402" lon="2.54618">
        <ele>303.8</ele>
      </trkpt>
      <trkpt lat="39.68392" lon="2.54622">
        <ele>306.2</ele>
      </trkpt>
      <trkpt lat="39.68385" lon="2.54625">
        <ele>307.9</ele>
      </trkpt>
      <trkpt lat="39.68383" lon="2.54626">
        <ele>308.4</ele>
      </trkpt>
      <trkpt lat="39.68371" lon="2.54634">
        <ele>310.8</ele>
      </trkpt>
      <trkpt lat="39.68364" lon="2.54641">
        <ele>312.0</ele>
      </trkpt>
      <trkpt lat="39.68354" lon="2.54657">
        <ele>312.7</ele>
      </trkpt>
      <trkpt lat="39.6835" lon="2.54677">
        <ele>309.7</ele>
      </trkpt>
      <trkpt lat="39.68345" lon="2.5469">
        <ele>308.2</ele>
      </trkpt>
      <trkpt lat="39.6834" lon="2.54697">
        <ele>308.2</ele>
      </trkpt>
      <trkpt lat="39.68333" lon="2.54702">
        <ele>309.4</ele>
      </trkpt>
      <trkpt lat="39.68324" lon="2.54705">
        <ele>309.9</ele>
      </trkpt>
      <trkpt lat="39.68322" lon="2.54706">
        <ele>310.0</ele>
      </trkpt>
      <trkpt lat="39.68314" lon="2.54706">
        <ele>311.2</ele>
      </trkpt>
      <trkpt lat="39.68305" lon="2.54703">
        <ele>313.5</ele>
      </trkpt>
      <trkpt lat="39.68297" lon="2.547">
        <ele>315.6</ele>
      </trkpt>
      <trkpt lat="39.68287" lon="2.54697">
        <ele>318.0</ele>
      </trkpt>
      <trkpt lat="39.68278" lon="2.54693">
        <ele>320.5</ele>
      </trkpt>
      <trkpt lat="39.68269" lon="2.54691">
        <ele>322.4</ele>
      </trkpt>
      <trkpt lat="39.68267" lon="2.5469">
        <ele>323.0</ele>
      </trkpt>
      <trkpt lat="39.68255" lon="2.54688">
        <ele>325.4</ele>
      </trkpt>
      <trkpt lat="39.68249" lon="2.54689">
        <ele>326.0</ele>
      </trkpt>
      <trkpt lat="39.68245" lon="2.54692">
        <ele>326.1</ele>
      </trkpt>
      <trkpt lat="39.68244" lon="2.54693">
        <ele>326.0</ele>
      </trkpt>
      <trkpt lat="39.68239" lon="2.547">
        <ele>325.3</ele>
      </trkpt>
      <trkpt lat="39.68235" lon="2.54706">
        <ele>324.7</ele>
      </trkpt>
      <trkpt lat="39.68226" lon="2.54719">
        <ele>323.8</ele>
      </trkpt>
      <trkpt lat="39.68219" lon="2.54731">
        <ele>322.9</ele>
      </trkpt>
      <trkpt lat="39.68211" lon="2.54745">
        <ele>322.2</ele>
      </trkpt>
      <trkpt lat="39.68203" lon="2.54757">
        <ele>322.6</ele>
      </trkpt>
      <trkpt lat="39.68199" lon="2.54764">
        <ele>322.8</ele>
      </trkpt>
      <trkpt lat="39.68195" lon="2.54769">
        <ele>323.4</ele>
      </trkpt>
      <trkpt lat="39.68185" lon="2.54779">
        <ele>325.3</ele>
      </trkpt>
      <trkpt lat="39.68172" lon="2.5479">
        <ele>328.3</ele>
      </trkpt>
      <trkpt lat="39.68164" lon="2.54796">
        <ele>330.5</ele>
      </trkpt>
      <trkpt lat="39.68161" lon="2.54801">
        <ele>331.0</ele>
      </trkpt>
      <trkpt lat="39.68159" lon="2.54805">
        <ele>331.2</ele>
      </trkpt>
      <trkpt lat="39.68157" lon="2.54814">
        <ele>330.9</ele>
      </trkpt>
      <trkpt lat="39.68155" lon="2.54832">
        <ele>329.5</ele>
      </trkpt>
      <trkpt lat="39.68155" lon="2.54838">
        <ele>328.5</ele>
      </trkpt>
      <trkpt lat="39.68154" lon="2.54844">
        <ele>327.8</ele>
      </trkpt>
      <trkpt lat="39.68152" lon="2.54852">
        <ele>327.1</ele>
      </trkpt>
      <trkpt lat="39.6815" lon="2.54857">
        <ele>327.0</ele>
      </trkpt>
      <trkpt lat="39.68147" lon="2.54861">
        <ele>327.4</ele>
      </trkpt>
      <trkpt lat="39.68142" lon="2.54864">
        <ele>328.8</ele>
      </trkpt>
      <trkpt lat="39.68132" lon="2.54867">
        <ele>332.0</ele>
      </trkpt>
      <trkpt lat="39.68126" lon="2.54869">
        <ele>333.9</ele>
      </trkpt>
      <trkpt lat="39.68119" lon="2.5487">
        <ele>336.4</ele>
      </trkpt>
      <trkpt lat="39.68114" lon="2.54871">
        <ele>338.1</ele>
      </trkpt>
      <trkpt lat="39.68112" lon="2.54872">
        <ele>338.7</ele>
      </trkpt>
      <trkpt lat="39.68101" lon="2.54878">
        <ele>341.8</ele>
      </trkpt>
      <trkpt lat="39.68098" lon="2.54881">
        <ele>342.4</ele>
      </trkpt>
      <trkpt lat="39.68096" lon="2.54882">
        <ele>343.0</ele>
      </trkpt>
      <trkpt lat="39.68093" lon="2.54888">
        <ele>343.1</ele>
      </trkpt>
      <trkpt lat="39.68091" lon="2.54893">
        <ele>343.0</ele>
      </trkpt>
      <trkpt lat="39.6809" lon="2.54899">
        <ele>342.4</ele>
      </trkpt>
      <trkpt lat="39.6809" lon="2.54901">
        <ele>342.1</ele>
      </trkpt>
      <trkpt lat="39.6809" lon="2.54906">
        <ele>341.2</ele>
      </trkpt>
      <trkpt lat="39.68091" lon="2.54916">
        <ele>339.2</ele>
      </trkpt>
      <trkpt lat="39.68093" lon="2.54922">
        <ele>338.1</ele>
      </trkpt>
      <trkpt lat="39.68094" lon="2.54923">
        <ele>337.7</ele>
      </trkpt>
      <trkpt lat="39.68098" lon="2.54929">
        <ele>336.0</ele>
      </trkpt>
      <trkpt lat="39.68103" lon="2.54936">
        <ele>333.9</ele>
      </trkpt>
      <trkpt lat="39.68106" lon="2.5494">
        <ele>332.7</ele>
      </trkpt>
      <trkpt lat="39.68112" lon="2.54945">
        <ele>330.4</ele>
      </trkpt>
      <trkpt lat="39.6812" lon="2.54953">
        <ele>327.5</ele>
      </trkpt>
      <trkpt lat="39.68121" lon="2.54954">
        <ele>327.2</ele>
      </trkpt>
      <trkpt lat="39.68129" lon="2.54962">
        <ele>324.4</ele>
      </trkpt>
      <trkpt lat="39.68134" lon="2.54969">
        <ele>322.7</ele>
      </trkpt>
      <trkpt lat="39.68138" lon="2.54974">
        <ele>321.4</ele>
      </trkpt>
      <trkpt lat="39.68148" lon="2.54985">
        <ele>318.3</ele>
      </trkpt>
      <trkpt lat="39.68155" lon="2.54999">
        <ele>316.5</ele>
      </trkpt>
      <trkpt lat="39.68158" lon="2.55009">
        <ele>315.9</ele>
      </trkpt>
      <trkpt lat="39.6816" lon="2.5502">
        <ele>315.7</ele>
      </trkpt>
      <trkpt lat="39.68159" lon="2.55028">
        <ele>316.2</ele>
      </trkpt>
      <trkpt lat="39.68159" lon="2.5503">
        <ele>316.3</ele>
      </trkpt>
      <trkpt lat="39.68157" lon="2.55041">
        <ele>317.1</ele>
      </trkpt>
      <trkpt lat="39.68153" lon="2.55049">
        <ele>318.1</ele>
      </trkpt>
      <trkpt lat="39.68153" lon="2.55051">
        <ele>318.1</ele>
      </trkpt>
      <trkpt lat="39.68147" lon="2.55062">
        <ele>319.4</ele>
      </trkpt>
      <trkpt lat="39.68143" lon="2.55068">
        <ele>320.1</ele>
      </trkpt>
      <trkpt lat="39.68139" lon="2.55074">
        <ele>320.7</ele>
      </trkpt>
      <trkpt lat="39.68131" lon="2.55086">
        <ele>321.2</ele>
      </trkpt>
      <trkpt lat="39.6813" lon="2.55087">
        <ele>321.2</ele>
      </trkpt>
      <trkpt lat="39.68121" lon="2.55098">
        <ele>320.3</ele>
      </trkpt>
      <trkpt lat="39.68091" lon="2.55123">
        <ele>318.6</ele>
      </trkpt>
      <trkpt lat="39.68073" lon="2.55134">
        <ele>318.8</ele>
      </trkpt>
      <trkpt lat="39.68071" lon="2.55136">
        <ele>318.8</ele>
      </trkpt>
      <trkpt lat="39.68066" lon="2.55142">
        <ele>318.5</ele>
      </trkpt>
      <trkpt lat="39.68061" lon="2.55148">
        <ele>318.3</ele>
      </trkpt>
      <trkpt lat="39.68058" lon="2.55154">
        <ele>317.8</ele>
      </trkpt>
      <trkpt lat="39.68057" lon="2.55157">
        <ele>317.4</ele>
      </trkpt>
      <trkpt lat="39.68055" lon="2.55165">
        <ele>316.4</ele>
      </trkpt>
      <trkpt lat="39.68054" lon="2.55175">
        <ele>316.6</ele>
      </trkpt>
      <trkpt lat="39.68054" lon="2.55177">
        <ele>316.7</ele>
      </trkpt>
      <trkpt lat="39.68055" lon="2.55184">
        <ele>316.7</ele>
      </trkpt>
      <trkpt lat="39.68056" lon="2.55194">
        <ele>316.7</ele>
      </trkpt>
      <trkpt lat="39.68057" lon="2.55199">
        <ele>316.6</ele>
      </trkpt>
      <trkpt lat="39.68058" lon="2.55204">
        <ele>316.5</ele>
      </trkpt>
      <trkpt lat="39.68062" lon="2.55213">
        <ele>315.5</ele>
      </trkpt>
      <trkpt lat="39.68065" lon="2.55222">
        <ele>314.7</ele>
      </trkpt>
      <trkpt lat="39.68068" lon="2.55231">
        <ele>313.8</ele>
      </trkpt>
      <trkpt lat="39.68069" lon="2.55241">
        <ele>313.5</ele>
      </trkpt>
      <trkpt lat="39.68069" lon="2.55243">
        <ele>313.5</ele>
      </trkpt>
      <trkpt lat="39.6807" lon="2.5525">
        <ele>313.1</ele>
      </trkpt>
      <trkpt lat="39.6807" lon="2.55263">
        <ele>315.1</ele>
      </trkpt>
      <trkpt lat="39.68067" lon="2.55274">
        <ele>318.1</ele>
      </trkpt>
      <trkpt lat="39.68067" lon="2.55286">
        <ele>320.0</ele>
      </trkpt>
      <trkpt lat="39.68067" lon="2.55289">
        <ele>320.5</ele>
      </trkpt>
      <trkpt lat="39.68068" lon="2.55302">
        <ele>322.1</ele>
      </trkpt>
      <trkpt lat="39.6807" lon="2.55312">
        <ele>322.7</ele>
      </trkpt>
      <trkpt lat="39.68071" lon="2.55318">
        <ele>323.2</ele>
      </trkpt>
      <trkpt lat="39.68075" lon="2.55333">
        <ele>323.3</ele>
      </trkpt>
      <trkpt lat="39.68075" lon="2.55334">
        <ele>323.6</ele>
      </trkpt>
      <trkpt lat="39.68083" lon="2.55349">
        <ele>323.5</ele>
      </trkpt>
      <trkpt lat="39.68085" lon="2.55353">
        <ele>323.9</ele>
      </trkpt>
      <trkpt lat="39.68092" lon="2.55363">
        <ele>324.3</ele>
      </trkpt>
      <trkpt lat="39.68098" lon="2.5537">
        <ele>324.0</ele>
      </trkpt>
      <trkpt lat="39.68103" lon="2.55377">
        <ele>324.0</ele>
      </trkpt>
      <trkpt lat="39.68112" lon="2.55385">
        <ele>322.7</ele>
      </trkpt>
      <trkpt lat="39.68129" lon="2.55401">
        <ele>320.0</ele>
      </trkpt>
      <trkpt lat="39.68141" lon="2.55412">
        <ele>317.5</ele>
      </trkpt>
      <trkpt lat="39.68148" lon="2.55425">
        <ele>317.1</ele>
      </trkpt>
      <trkpt lat="39.68151" lon="2.55431">
        <ele>317.0</ele>
      </trkpt>
      <trkpt lat="39.68152" lon="2.55433">
        <ele>316.9</ele>
      </trkpt>
      <trkpt lat="39.68154" lon="2.55437">
        <ele>316.9</ele>
      </trkpt>
      <trkpt lat="39.68158" lon="2.55445">
        <ele>316.8</ele>
      </trkpt>
      <trkpt lat="39.68159" lon="2.55452">
        <ele>317.7</ele>
      </trkpt>
      <trkpt lat="39.6816" lon="2.55455">
        <ele>317.9</ele>
      </trkpt>
      <trkpt lat="39.68161" lon="2.5546">
        <ele>318.5</ele>
      </trkpt>
      <trkpt lat="39.68165" lon="2.55477">
        <ele>320.2</ele>
      </trkpt>
      <trkpt lat="39.68168" lon="2.55491">
        <ele>321.7</ele>
      </trkpt>
      <trkpt lat="39.68169" lon="2.55506">
        <ele>322.4</ele>
      </trkpt>
      <trkpt lat="39.68172" lon="2.5552">
        <ele>320.0</ele>
      </trkpt>
      <trkpt lat="39.68173" lon="2.55523">
        <ele>319.4</ele>
      </trkpt>
      <trkpt lat="39.68173" lon="2.55534">
        <ele>318.6</ele>
      </trkpt>
      <trkpt lat="39.68173" lon="2.55543">
        <ele>318.0</ele>
      </trkpt>
      <trkpt lat="39.68172" lon="2.55547">
        <ele>318.2</ele>
      </trkpt>
      <trkpt lat="39.68171" lon="2.55549">
        <ele>318.5</ele>
      </trkpt>
      <trkpt lat="39.68169" lon="2.55557">
        <ele>318.8</ele>
      </trkpt>
      <trkpt lat="39.68164" lon="2.55564">
        <ele>320.2</ele>
      </trkpt>
      <trkpt lat="39.68162" lon="2.55567">
        <ele>320.5</ele>
      </trkpt>
      <trkpt lat="39.68153" lon="2.55581">
        <ele>322.0</ele>
      </trkpt>
      <trkpt lat="39.68144" lon="2.55596">
        <ele>322.4</ele>
      </trkpt>
      <trkpt lat="39.68136" lon="2.55612">
        <ele>322.2</ele>
      </trkpt>
      <trkpt lat="39.68132" lon="2.55619">
        <ele>322.1</ele>
      </trkpt>
      <trkpt lat="39.6813" lon="2.55622">
        <ele>322.2</ele>
      </trkpt>
      <trkpt lat="39.68127" lon="2.55628">
        <ele>322.0</ele>
      </trkpt>
      <trkpt lat="39.68118" lon="2.55644">
        <ele>321.7</ele>
      </trkpt>
      <trkpt lat="39.68106" lon="2.5566">
        <ele>321.9</ele>
      </trkpt>
      <trkpt lat="39.6809" lon="2.55674">
        <ele>324.0</ele>
      </trkpt>
      <trkpt lat="39.68076" lon="2.5569">
        <ele>325.5</ele>
      </trkpt>
      <trkpt lat="39.68069" lon="2.55695">
        <ele>326.0</ele>
      </trkpt>
      <trkpt lat="39.68062" lon="2.55704">
        <ele>326.2</ele>
      </trkpt>
      <trkpt lat="39.6805" lon="2.55715">
        <ele>326.9</ele>
      </trkpt>
      <trkpt lat="39.68048" lon="2.55718">
        <ele>326.9</ele>
      </trkpt>
      <trkpt lat="39.68034" lon="2.55732">
        <ele>327.5</ele>
      </trkpt>
      <trkpt lat="39.68022" lon="2.55745">
        <ele>328.0</ele>
      </trkpt>
      <trkpt lat="39.68007" lon="2.55761">
        <ele>329.2</ele>
      </trkpt>
      <trkpt lat="39.67996" lon="2.55772">
        <ele>329.7</ele>
      </trkpt>
      <trkpt lat="39.67992" lon="2.55776">
        <ele>329.7</ele>
      </trkpt>
      <trkpt lat="39.6799" lon="2.55778">
        <ele>329.7</ele>
      </trkpt>
      <trkpt lat="39.67979" lon="2.55787">
        <ele>329.5</ele>
      </trkpt>
      <trkpt lat="39.67979" lon="2.55787">
        <ele>329.5</ele>
      </trkpt>
      <trkpt lat="39.67983" lon="2.55794">
        <ele>329.4</ele>
      </trkpt>
      <trkpt lat="39.67986" lon="2.55802">
        <ele>329.2</ele>
      </trkpt>
      <trkpt lat="39.6799" lon="2.55811">
        <ele>329.1</ele>
      </trkpt>
      <trkpt lat="39.67993" lon="2.55817">
        <ele>329.1</ele>
      </trkpt>
      <trkpt lat="39.67996" lon="2.55821">
        <ele>329.1</ele>
      </trkpt>
      <trkpt lat="39.68001" lon="2.55827">
        <ele>329.0</ele>
      </trkpt>
      <trkpt lat="39.68011" lon="2.55863">
        <ele>328.6</ele>
      </trkpt>
      <trkpt lat="39.68012" lon="2.55868">
        <ele>328.6</ele>
      </trkpt>
      <trkpt lat="39.68013" lon="2.55871">
        <ele>328.6</ele>
      </trkpt>
      <trkpt lat="39.68015" lon="2.55877">
        <ele>328.6</ele>
      </trkpt>
      <trkpt lat="39.68017" lon="2.55884">
        <ele>328.6</ele>
      </trkpt>
      <trkpt lat="39.6802" lon="2.559">
        <ele>328.8</ele>
      </trkpt>
      <trkpt lat="39.68024" lon="2.55915">
        <ele>329.0</ele>
      </trkpt>
      <trkpt lat="39.68024" lon="2.55916">
        <ele>329.0</ele>
      </trkpt>
      <trkpt lat="39.68028" lon="2.55929">
        <ele>329.5</ele>
      </trkpt>
      <trkpt lat="39.68028" lon="2.5593">
        <ele>329.6</ele>
      </trkpt>
      <trkpt lat="39.68031" lon="2.55943">
        <ele>330.2</ele>
      </trkpt>
      <trkpt lat="39.68034" lon="2.55957">
        <ele>330.8</ele>
      </trkpt>
      <trkpt lat="39.68035" lon="2.5596">
        <ele>331.0</ele>
      </trkpt>
      <trkpt lat="39.68037" lon="2.55973">
        <ele>331.6</ele>
      </trkpt>
      <trkpt lat="39.68038" lon="2.55974">
        <ele>331.7</ele>
      </trkpt>
      <trkpt lat="39.68038" lon="2.55982">
        <ele>332.1</ele>
      </trkpt>
      <trkpt lat="39.68039" lon="2.55989">
        <ele>332.4</ele>
      </trkpt>
      <trkpt lat="39.68039" lon="2.56004">
        <ele>333.1</ele>
      </trkpt>
      <trkpt lat="39.68039" lon="2.56006">
        <ele>333.2</ele>
      </trkpt>
      <trkpt lat="39.68038" lon="2.56016">
        <ele>333.7</ele>
      </trkpt>
      <trkpt lat="39.68036" lon="2.56027">
        <ele>334.2</ele>
      </trkpt>
      <trkpt lat="39.68034" lon="2.56037">
        <ele>334.7</ele>
      </trkpt>
      <trkpt lat="39.6803" lon="2.56054">
        <ele>335.5</ele>
      </trkpt>
      <trkpt lat="39.68023" lon="2.56084">
        <ele>337.0</ele>
      </trkpt>
      <trkpt lat="39.68004" lon="2.56153">
        <ele>341.8</ele>
      </trkpt>
      <trkpt lat="39.67994" lon="2.56198">
        <ele>344.3</ele>
      </trkpt>
      <trkpt lat="39.67991" lon="2.56209">
        <ele>344.7</ele>
      </trkpt>
      <trkpt lat="39.67988" lon="2.5622">
        <ele>345.1</ele>
      </trkpt>
      <trkpt lat="39.67985" lon="2.56234">
        <ele>345.5</ele>
      </trkpt>
      <trkpt lat="39.67972" lon="2.56283">
        <ele>347.3</ele>
      </trkpt>
      <trkpt lat="39.67968" lon="2.56299">
        <ele>347.8</ele>
      </trkpt>
      <trkpt lat="39.67962" lon="2.56321">
        <ele>348.3</ele>
      </trkpt>
      <trkpt lat="39.67958" lon="2.56337">
        <ele>348.7</ele>
      </trkpt>
      <trkpt lat="39.67948" lon="2.56382">
        <ele>350.4</ele>
      </trkpt>
      <trkpt lat="39.67946" lon="2.56393">
        <ele>350.7</ele>
      </trkpt>
      <trkpt lat="39.67943" lon="2.56404">
        <ele>350.9</ele>
      </trkpt>
      <trkpt lat="39.67941" lon="2.56416">
        <ele>351.2</ele>
      </trkpt>
      <trkpt lat="39.67941" lon="2.56426">
        <ele>351.3</ele>
      </trkpt>
      <trkpt lat="39.67943" lon="2.56445">
        <ele>351.8</ele>
      </trkpt>
      <trkpt lat="39.67945" lon="2.56456">
        <ele>352.2</ele>
      </trkpt>
      <trkpt lat="39.67949" lon="2.5647">
        <ele>352.9</ele>
      </trkpt>
      <trkpt lat="39.67951" lon="2.56474">
        <ele>353.2</ele>
      </trkpt>
      <trkpt lat="39.67954" lon="2.56484">
        <ele>353.7</ele>
      </trkpt>
      <trkpt lat="39.67959" lon="2.56493">
        <ele>354.5</ele>
      </trkpt>
      <trkpt lat="39.67962" lon="2.56502">
        <ele>355.0</ele>
      </trkpt>
      <trkpt lat="39.67967" lon="2.56511">
        <ele>356.0</ele>
      </trkpt>
      <trkpt lat="39.67972" lon="2.56522">
        <ele>357.0</ele>
      </trkpt>
      <trkpt lat="39.67975" lon="2.56532">
        <ele>357.7</ele>
      </trkpt>
      <trkpt lat="39.67975" lon="2.56534">
        <ele>357.8</ele>
      </trkpt>
      <trkpt lat="39.67975" lon="2.56546">
        <ele>358.2</ele>
      </trkpt>
      <trkpt lat="39.67974" lon="2.56553">
        <ele>358.3</ele>
      </trkpt>
      <trkpt lat="39.67973" lon="2.56563">
        <ele>358.5</ele>
      </trkpt>
      <trkpt lat="39.67966" lon="2.56579">
        <ele>358.0</ele>
      </trkpt>
      <trkpt lat="39.67965" lon="2.56581">
        <ele>357.9</ele>
      </trkpt>
      <trkpt lat="39.6796" lon="2.566">
        <ele>358.2</ele>
      </trkpt>
      <trkpt lat="39.67954" lon="2.56627">
        <ele>359.1</ele>
      </trkpt>
      <trkpt lat="39.67937" lon="2.56684">
        <ele>360.8</ele>
      </trkpt>
      <trkpt lat="39.67934" lon="2.56697">
        <ele>361.3</ele>
      </trkpt>
      <trkpt lat="39.67934" lon="2.56704">
        <ele>361.7</ele>
      </trkpt>
      <trkpt lat="39.67934" lon="2.56705">
        <ele>361.8</ele>
      </trkpt>
      <trkpt lat="39.67934" lon="2.5671">
        <ele>362.0</ele>
      </trkpt>
      <trkpt lat="39.67936" lon="2.56716">
        <ele>362.4</ele>
      </trkpt>
      <trkpt lat="39.67936" lon="2.56719">
        <ele>362.6</ele>
      </trkpt>
      <trkpt lat="39.67939" lon="2.56723">
        <ele>362.9</ele>
      </trkpt>
      <trkpt lat="39.6794" lon="2.56724">
        <ele>363.0</ele>
      </trkpt>
      <trkpt lat="39.67941" lon="2.56725">
        <ele>363.1</ele>
      </trkpt>
      <trkpt lat="39.67945" lon="2.56728">
        <ele>363.4</ele>
      </trkpt>
      <trkpt lat="39.67951" lon="2.56731">
        <ele>363.7</ele>
      </trkpt>
      <trkpt lat="39.67959" lon="2.56733">
        <ele>364.0</ele>
      </trkpt>
      <trkpt lat="39.67968" lon="2.56734">
        <ele>364.3</ele>
      </trkpt>
      <trkpt lat="39.67974" lon="2.56734">
        <ele>364.5</ele>
      </trkpt>
      <trkpt lat="39.67983" lon="2.56735">
        <ele>364.7</ele>
      </trkpt>
      <trkpt lat="39.67991" lon="2.56735">
        <ele>364.9</ele>
      </trkpt>
      <trkpt lat="39.67992" lon="2.56735">
        <ele>365.0</ele>
      </trkpt>
      <trkpt lat="39.67999" lon="2.56736">
        <ele>365.1</ele>
      </trkpt>
      <trkpt lat="39.68002" lon="2.56736">
        <ele>365.4</ele>
      </trkpt>
      <trkpt lat="39.6801" lon="2.56737">
        <ele>366.1</ele>
      </trkpt>
      <trkpt lat="39.68021" lon="2.56738">
        <ele>367.1</ele>
      </trkpt>
      <trkpt lat="39.68028" lon="2.5674">
        <ele>367.8</ele>
      </trkpt>
      <trkpt lat="39.68032" lon="2.56741">
        <ele>368.1</ele>
      </trkpt>
      <trkpt lat="39.6804" lon="2.56743">
        <ele>368.9</ele>
      </trkpt>
      <trkpt lat="39.68045" lon="2.56745">
        <ele>369.3</ele>
      </trkpt>
      <trkpt lat="39.68049" lon="2.56746">
        <ele>369.7</ele>
      </trkpt>
      <trkpt lat="39.68057" lon="2.5675">
        <ele>370.5</ele>
      </trkpt>
      <trkpt lat="39.68062" lon="2.56752">
        <ele>370.9</ele>
      </trkpt>
      <trkpt lat="39.68067" lon="2.56753">
        <ele>371.3</ele>
      </trkpt>
      <trkpt lat="39.68071" lon="2.56754">
        <ele>371.7</ele>
      </trkpt>
      <trkpt lat="39.68076" lon="2.56754">
        <ele>372.2</ele>
      </trkpt>
      <trkpt lat="39.6808" lon="2.56753">
        <ele>372.6</ele>
      </trkpt>
      <trkpt lat="39.68083" lon="2.56752">
        <ele>372.9</ele>
      </trkpt>
      <trkpt lat="39.68085" lon="2.56749">
        <ele>373.3</ele>
      </trkpt>
      <trkpt lat="39.68087" lon="2.56745">
        <ele>373.7</ele>
      </trkpt>
      <trkpt lat="39.6809" lon="2.56738">
        <ele>374.2</ele>
      </trkpt>
      <trkpt lat="39.68095" lon="2.56724">
        <ele>375.1</ele>
      </trkpt>
      <trkpt lat="39.68099" lon="2.56711">
        <ele>375.7</ele>
      </trkpt>
      <trkpt lat="39.68102" lon="2.56696">
        <ele>376.2</ele>
      </trkpt>
      <trkpt lat="39.68108" lon="2.56662">
        <ele>377.0</ele>
      </trkpt>
      <trkpt lat="39.68115" lon="2.56638">
        <ele>377.4</ele>
      </trkpt>
      <trkpt lat="39.68117" lon="2.5663">
        <ele>377.4</ele>
      </trkpt>
      <trkpt lat="39.68119" lon="2.56625">
        <ele>377.5</ele>
      </trkpt>
      <trkpt lat="39.68121" lon="2.5662">
        <ele>377.6</ele>
      </trkpt>
      <trkpt lat="39.68125" lon="2.56613">
        <ele>377.7</ele>
      </trkpt>
      <trkpt lat="39.68129" lon="2.56608">
        <ele>378.0</ele>
      </trkpt>
      <trkpt lat="39.6813" lon="2.56607">
        <ele>378.0</ele>
      </trkpt>
      <trkpt lat="39.68134" lon="2.56604">
        <ele>378.3</ele>
      </trkpt>
      <trkpt lat="39.68139" lon="2.56599">
        <ele>378.6</ele>
      </trkpt>
      <trkpt lat="39.68144" lon="2.56597">
        <ele>378.9</ele>
      </trkpt>
      <trkpt lat="39.68151" lon="2.56596">
        <ele>379.6</ele>
      </trkpt>
      <trkpt lat="39.68155" lon="2.56597">
        <ele>380.0</ele>
      </trkpt>
      <trkpt lat="39.6816" lon="2.56598">
        <ele>380.6</ele>
      </trkpt>
      <trkpt lat="39.68169" lon="2.56602">
        <ele>381.7</ele>
      </trkpt>
      <trkpt lat="39.68173" lon="2.56605">
        <ele>382.2</ele>
      </trkpt>
      <trkpt lat="39.68175" lon="2.56606">
        <ele>382.4</ele>
      </trkpt>
      <trkpt lat="39.68178" lon="2.56608">
        <ele>382.7</ele>
      </trkpt>
      <trkpt lat="39.68189" lon="2.56616">
        <ele>384.0</ele>
      </trkpt>
      <trkpt lat="39.68201" lon="2.56625">
        <ele>385.6</ele>
      </trkpt>
      <trkpt lat="39.68204" lon="2.56628">
        <ele>386.0</ele>
      </trkpt>
      <trkpt lat="39.6822" lon="2.56639">
        <ele>388.1</ele>
      </trkpt>
      <trkpt lat="39.68224" lon="2.56643">
        <ele>388.8</ele>
      </trkpt>
      <trkpt lat="39.68231" lon="2.56649">
        <ele>389.8</ele>
      </trkpt>
      <trkpt lat="39.68235" lon="2.56652">
        <ele>390.4</ele>
      </trkpt>
      <trkpt lat="39.6824" lon="2.56657">
        <ele>391.3</ele>
      </trkpt>
      <trkpt lat="39.68246" lon="2.56664">
        <ele>392.4</ele>
      </trkpt>
      <trkpt lat="39.6825" lon="2.56672">
        <ele>393.3</ele>
      </trkpt>
      <trkpt lat="39.68256" lon="2.56679">
        <ele>394.4</ele>
      </trkpt>
      <trkpt lat="39.68262" lon="2.5669">
        <ele>395.7</ele>
      </trkpt>
      <trkpt lat="39.6827" lon="2.56705">
        <ele>397.3</ele>
      </trkpt>
      <trkpt lat="39.68273" lon="2.56711">
        <ele>397.8</ele>
      </trkpt>
      <trkpt lat="39.68278" lon="2.56719">
        <ele>398.7</ele>
      </trkpt>
      <trkpt lat="39.68281" lon="2.56724">
        <ele>399.1</ele>
      </trkpt>
      <trkpt lat="39.68283" lon="2.56727">
        <ele>399.4</ele>
      </trkpt>
      <trkpt lat="39.68292" lon="2.56741">
        <ele>400.7</ele>
      </trkpt>
      <trkpt lat="39.68304" lon="2.56759">
        <ele>401.7</ele>
      </trkpt>
      <trkpt lat="39.68315" lon="2.56775">
        <ele>402.2</ele>
      </trkpt>
      <trkpt lat="39.68316" lon="2.56777">
        <ele>402.3</ele>
      </trkpt>
      <trkpt lat="39.68324" lon="2.56797">
        <ele>402.6</ele>
      </trkpt>
      <trkpt lat="39.68325" lon="2.56797">
        <ele>402.7</ele>
      </trkpt>
      <trkpt lat="39.68329" lon="2.56814">
        <ele>402.8</ele>
      </trkpt>
      <trkpt lat="39.6833" lon="2.56819">
        <ele>402.9</ele>
      </trkpt>
      <trkpt lat="39.68332" lon="2.56829">
        <ele>402.9</ele>
      </trkpt>
      <trkpt lat="39.68335" lon="2.56843">
        <ele>404.3</ele>
      </trkpt>
      <trkpt lat="39.68334" lon="2.56853">
        <ele>405.0</ele>
      </trkpt>
      <trkpt lat="39.68332" lon="2.56863">
        <ele>405.7</ele>
      </trkpt>
      <trkpt lat="39.68331" lon="2.56865">
        <ele>405.8</ele>
      </trkpt>
      <trkpt lat="39.68329" lon="2.5687">
        <ele>406.0</ele>
      </trkpt>
      <trkpt lat="39.68326" lon="2.56876">
        <ele>406.2</ele>
      </trkpt>
      <trkpt lat="39.68306" lon="2.56903">
        <ele>405.7</ele>
      </trkpt>
      <trkpt lat="39.68299" lon="2.56912">
        <ele>405.3</ele>
      </trkpt>
      <trkpt lat="39.68295" lon="2.56916">
        <ele>405.0</ele>
      </trkpt>
      <trkpt lat="39.68291" lon="2.56918">
        <ele>404.5</ele>
      </trkpt>
      <trkpt lat="39.68284" lon="2.56926">
        <ele>404.0</ele>
      </trkpt>
      <trkpt lat="39.68278" lon="2.56935">
        <ele>403.5</ele>
      </trkpt>
      <trkpt lat="39.68274" lon="2.56942">
        <ele>403.3</ele>
      </trkpt>
      <trkpt lat="39.68271" lon="2.5695">
        <ele>403.2</ele>
      </trkpt>
      <trkpt lat="39.6827" lon="2.5695">
        <ele>403.0</ele>
      </trkpt>
      <trkpt lat="39.68268" lon="2.56964">
        <ele>403.4</ele>
      </trkpt>
      <trkpt lat="39.68269" lon="2.56973">
        <ele>404.1</ele>
      </trkpt>
      <trkpt lat="39.68269" lon="2.56975">
        <ele>404.2</ele>
      </trkpt>
      <trkpt lat="39.6827" lon="2.56989">
        <ele>405.2</ele>
      </trkpt>
      <trkpt lat="39.68272" lon="2.57003">
        <ele>406.3</ele>
      </trkpt>
      <trkpt lat="39.68274" lon="2.57017">
        <ele>406.8</ele>
      </trkpt>
      <trkpt lat="39.68277" lon="2.57032">
        <ele>407.7</ele>
      </trkpt>
      <trkpt lat="39.6828" lon="2.57048">
        <ele>408.7</ele>
      </trkpt>
      <trkpt lat="39.6828" lon="2.57051">
        <ele>408.7</ele>
      </trkpt>
      <trkpt lat="39.68288" lon="2.57087">
        <ele>411.4</ele>
      </trkpt>
      <trkpt lat="39.6829" lon="2.57099">
        <ele>411.0</ele>
      </trkpt>
      <trkpt lat="39.68294" lon="2.57113">
        <ele>410.9</ele>
      </trkpt>
      <trkpt lat="39.68296" lon="2.57119">
        <ele>410.9</ele>
      </trkpt>
      <trkpt lat="39.68301" lon="2.57127">
        <ele>411.7</ele>
      </trkpt>
      <trkpt lat="39.68302" lon="2.57129">
        <ele>411.8</ele>
      </trkpt>
      <trkpt lat="39.68303" lon="2.5713">
        <ele>412.0</ele>
      </trkpt>
      <trkpt lat="39.68315" lon="2.57142">
        <ele>414.4</ele>
      </trkpt>
      <trkpt lat="39.68316" lon="2.57143">
        <ele>414.6</ele>
      </trkpt>
      <trkpt lat="39.68347" lon="2.57167">
        <ele>420.9</ele>
      </trkpt>
      <trkpt lat="39.68374" lon="2.57186">
        <ele>424.6</ele>
      </trkpt>
      <trkpt lat="39.6841" lon="2.57214">
        <ele>430.3</ele>
      </trkpt>
      <trkpt lat="39.68416" lon="2.57222">
        <ele>430.8</ele>
      </trkpt>
      <trkpt lat="39.6842" lon="2.57231">
        <ele>430.6</ele>
      </trkpt>
      <trkpt lat="39.6842" lon="2.57232">
        <ele>430.4</ele>
      </trkpt>
      <trkpt lat="39.68421" lon="2.57237">
        <ele>429.8</ele>
      </trkpt>
      <trkpt lat="39.68421" lon="2.57243">
        <ele>428.8</ele>
      </trkpt>
      <trkpt lat="39.68421" lon="2.57254">
        <ele>427.5</ele>
      </trkpt>
      <trkpt lat="39.6842" lon="2.57255">
        <ele>427.2</ele>
      </trkpt>
      <trkpt lat="39.68419" lon="2.57265">
        <ele>426.9</ele>
      </trkpt>
      <trkpt lat="39.68413" lon="2.57277">
        <ele>425.1</ele>
      </trkpt>
      <trkpt lat="39.68396" lon="2.57315">
        <ele>420.4</ele>
      </trkpt>
      <trkpt lat="39.68389" lon="2.57331">
        <ele>418.6</ele>
      </trkpt>
      <trkpt lat="39.68388" lon="2.57338">
        <ele>417.7</ele>
      </trkpt>
      <trkpt lat="39.68387" lon="2.57341">
        <ele>417.0</ele>
      </trkpt>
      <trkpt lat="39.68386" lon="2.57347">
        <ele>415.9</ele>
      </trkpt>
      <trkpt lat="39.68386" lon="2.57351">
        <ele>415.3</ele>
      </trkpt>
      <trkpt lat="39.68386" lon="2.57354">
        <ele>414.9</ele>
      </trkpt>
      <trkpt lat="39.68387" lon="2.57358">
        <ele>414.5</ele>
      </trkpt>
      <trkpt lat="39.68389" lon="2.5736">
        <ele>414.8</ele>
      </trkpt>
      <trkpt lat="39.68389" lon="2.57361">
        <ele>414.6</ele>
      </trkpt>
      <trkpt lat="39.68391" lon="2.57364">
        <ele>414.6</ele>
      </trkpt>
      <trkpt lat="39.68394" lon="2.57367">
        <ele>414.9</ele>
      </trkpt>
      <trkpt lat="39.68397" lon="2.57369">
        <ele>415.2</ele>
      </trkpt>
      <trkpt lat="39.68402" lon="2.5737">
        <ele>416.2</ele>
      </trkpt>
      <trkpt lat="39.68404" lon="2.5737">
        <ele>416.7</ele>
      </trkpt>
      <trkpt lat="39.68409" lon="2.5737">
        <ele>417.8</ele>
      </trkpt>
      <trkpt lat="39.68432" lon="2.57371">
        <ele>421.3</ele>
      </trkpt>
      <trkpt lat="39.68457" lon="2.57367">
        <ele>425.4</ele>
      </trkpt>
      <trkpt lat="39.68458" lon="2.57366">
        <ele>425.7</ele>
      </trkpt>
      <trkpt lat="39.68465" lon="2.57365">
        <ele>426.8</ele>
      </trkpt>
      <trkpt lat="39.68473" lon="2.57363">
        <ele>428.3</ele>
      </trkpt>
      <trkpt lat="39.68481" lon="2.57358">
        <ele>430.5</ele>
      </trkpt>
      <trkpt lat="39.68506" lon="2.57338">
        <ele>438.1</ele>
      </trkpt>
      <trkpt lat="39.68522" lon="2.57327">
        <ele>441.1</ele>
      </trkpt>
      <trkpt lat="39.68524" lon="2.57326">
        <ele>441.4</ele>
      </trkpt>
      <trkpt lat="39.68543" lon="2.57319">
        <ele>443.9</ele>
      </trkpt>
      <trkpt lat="39.68559" lon="2.57319">
        <ele>444.7</ele>
      </trkpt>
      <trkpt lat="39.68574" lon="2.57319">
        <ele>445.5</ele>
      </trkpt>
      <trkpt lat="39.68575" lon="2.5732">
        <ele>445.3</ele>
      </trkpt>
      <trkpt lat="39.68577" lon="2.5732">
        <ele>445.4</ele>
      </trkpt>
      <trkpt lat="39.68579" lon="2.57321">
        <ele>445.2</ele>
      </trkpt>
      <trkpt lat="39.68587" lon="2.57323">
        <ele>445.8</ele>
      </trkpt>
      <trkpt lat="39.68592" lon="2.57327">
        <ele>446.0</ele>
      </trkpt>
      <trkpt lat="39.68593" lon="2.57329">
        <ele>445.8</ele>
      </trkpt>
      <trkpt lat="39.68594" lon="2.57331">
        <ele>445.5</ele>
      </trkpt>
      <trkpt lat="39.68595" lon="2.57331">
        <ele>445.8</ele>
      </trkpt>
      <trkpt lat="39.68598" lon="2.57337">
        <ele>445.6</ele>
      </trkpt>
      <trkpt lat="39.68602" lon="2.5735">
        <ele>445.0</ele>
      </trkpt>
      <trkpt lat="39.68604" lon="2.57357">
        <ele>444.6</ele>
      </trkpt>
      <trkpt lat="39.68613" lon="2.57391">
        <ele>442.6</ele>
      </trkpt>
      <trkpt lat="39.68614" lon="2.57394">
        <ele>442.5</ele>
      </trkpt>
      <trkpt lat="39.68614" lon="2.57396">
        <ele>442.2</ele>
      </trkpt>
      <trkpt lat="39.68618" lon="2.5741">
        <ele>441.5</ele>
      </trkpt>
      <trkpt lat="39.68621" lon="2.57421">
        <ele>441.3</ele>
      </trkpt>
      <trkpt lat="39.6862" lon="2.5743">
        <ele>440.8</ele>
      </trkpt>
      <trkpt lat="39.68619" lon="2.57436">
        <ele>440.5</ele>
      </trkpt>
      <trkpt lat="39.68618" lon="2.57438">
        <ele>440.1</ele>
      </trkpt>
      <trkpt lat="39.68616" lon="2.57444">
        <ele>439.5</ele>
      </trkpt>
      <trkpt lat="39.68608" lon="2.57453">
        <ele>437.3</ele>
      </trkpt>
      <trkpt lat="39.68606" lon="2.57456">
        <ele>436.7</ele>
      </trkpt>
      <trkpt lat="39.68599" lon="2.57465">
        <ele>434.9</ele>
      </trkpt>
      <trkpt lat="39.68597" lon="2.57469">
        <ele>434.4</ele>
      </trkpt>
      <trkpt lat="39.68597" lon="2.57472">
        <ele>434.3</ele>
      </trkpt>
      <trkpt lat="39.68597" lon="2.57474">
        <ele>434.3</ele>
      </trkpt>
      <trkpt lat="39.68597" lon="2.57475">
        <ele>434.3</ele>
      </trkpt>
      <trkpt lat="39.68597" lon="2.57477">
        <ele>434.3</ele>
      </trkpt>
      <trkpt lat="39.68597" lon="2.57483">
        <ele>434.3</ele>
      </trkpt>
      <trkpt lat="39.68598" lon="2.57489">
        <ele>434.4</ele>
      </trkpt>
      <trkpt lat="39.68601" lon="2.57493">
        <ele>435.1</ele>
      </trkpt>
      <trkpt lat="39.68602" lon="2.57493">
        <ele>435.3</ele>
      </trkpt>
      <trkpt lat="39.68604" lon="2.57494">
        <ele>435.8</ele>
      </trkpt>
      <trkpt lat="39.68605" lon="2.57495">
        <ele>436.0</ele>
      </trkpt>
      <trkpt lat="39.68607" lon="2.57496">
        <ele>436.5</ele>
      </trkpt>
      <trkpt lat="39.68612" lon="2.57497">
        <ele>437.6</ele>
      </trkpt>
      <trkpt lat="39.68621" lon="2.57499">
        <ele>439.6</ele>
      </trkpt>
      <trkpt lat="39.68623" lon="2.57499">
        <ele>440.1</ele>
      </trkpt>
      <trkpt lat="39.68644" lon="2.57503">
        <ele>444.3</ele>
      </trkpt>
      <trkpt lat="39.68657" lon="2.57505">
        <ele>446.8</ele>
      </trkpt>
      <trkpt lat="39.68662" lon="2.57507">
        <ele>447.5</ele>
      </trkpt>
      <trkpt lat="39.68669" lon="2.57514">
        <ele>447.5</ele>
      </trkpt>
      <trkpt lat="39.68676" lon="2.57522">
        <ele>447.0</ele>
      </trkpt>
      <trkpt lat="39.68679" lon="2.57526">
        <ele>446.6</ele>
      </trkpt>
      <trkpt lat="39.68697" lon="2.57547">
        <ele>444.4</ele>
      </trkpt>
      <trkpt lat="39.68698" lon="2.57549">
        <ele>444.1</ele>
      </trkpt>
      <trkpt lat="39.68699" lon="2.57551">
        <ele>443.8</ele>
      </trkpt>
      <trkpt lat="39.68702" lon="2.57554">
        <ele>443.4</ele>
      </trkpt>
      <trkpt lat="39.68706" lon="2.57557">
        <ele>443.2</ele>
      </trkpt>
      <trkpt lat="39.68713" lon="2.57558">
        <ele>443.8</ele>
      </trkpt>
      <trkpt lat="39.68718" lon="2.57559">
        <ele>444.2</ele>
      </trkpt>
      <trkpt lat="39.68721" lon="2.57558">
        <ele>444.8</ele>
      </trkpt>
      <trkpt lat="39.6873" lon="2.5755">
        <ele>448.0</ele>
      </trkpt>
      <trkpt lat="39.68743" lon="2.57536">
        <ele>453.6</ele>
      </trkpt>
      <trkpt lat="39.68745" lon="2.57534">
        <ele>454.5</ele>
      </trkpt>
      <trkpt lat="39.68747" lon="2.57532">
        <ele>455.3</ele>
      </trkpt>
      <trkpt lat="39.68752" lon="2.57528">
        <ele>457.1</ele>
      </trkpt>
      <trkpt lat="39.68759" lon="2.57526">
        <ele>458.3</ele>
      </trkpt>
      <trkpt lat="39.68764" lon="2.57525">
        <ele>459.1</ele>
      </trkpt>
      <trkpt lat="39.68769" lon="2.57526">
        <ele>459.2</ele>
      </trkpt>
      <trkpt lat="39.68773" lon="2.57526">
        <ele>459.6</ele>
      </trkpt>
      <trkpt lat="39.68777" lon="2.57527">
        <ele>459.7</ele>
      </trkpt>
      <trkpt lat="39.68778" lon="2.57528">
        <ele>459.5</ele>
      </trkpt>
      <trkpt lat="39.68779" lon="2.57529">
        <ele>459.3</ele>
      </trkpt>
      <trkpt lat="39.68785" lon="2.57534">
        <ele>458.5</ele>
      </trkpt>
      <trkpt lat="39.6879" lon="2.57539">
        <ele>457.6</ele>
      </trkpt>
      <trkpt lat="39.68791" lon="2.57539">
        <ele>457.7</ele>
      </trkpt>
      <trkpt lat="39.68793" lon="2.5754">
        <ele>457.6</ele>
      </trkpt>
      <trkpt lat="39.68795" lon="2.5754">
        <ele>457.8</ele>
      </trkpt>
      <trkpt lat="39.68804" lon="2.57537">
        <ele>459.5</ele>
      </trkpt>
      <trkpt lat="39.68818" lon="2.57532">
        <ele>462.1</ele>
      </trkpt>
      <trkpt lat="39.68826" lon="2.5753">
        <ele>463.4</ele>
      </trkpt>
      <trkpt lat="39.68835" lon="2.57529">
        <ele>464.6</ele>
      </trkpt>
      <trkpt lat="39.68843" lon="2.57529">
        <ele>465.6</ele>
      </trkpt>
      <trkpt lat="39.6885" lon="2.5753">
        <ele>466.3</ele>
      </trkpt>
      <trkpt lat="39.68861" lon="2.5753">
        <ele>467.7</ele>
      </trkpt>
      <trkpt lat="39.68864" lon="2.5753">
        <ele>468.1</ele>
      </trkpt>
      <trkpt lat="39.68882" lon="2.5753">
        <ele>470.4</ele>
      </trkpt>
      <trkpt lat="39.68883" lon="2.5753">
        <ele>470.6</ele>
      </trkpt>
      <trkpt lat="39.68883" lon="2.57529">
        <ele>470.8</ele>
      </trkpt>
      <trkpt lat="39.68887" lon="2.57528">
        <ele>471.5</ele>
      </trkpt>
      <trkpt lat="39.68892" lon="2.57526">
        <ele>472.5</ele>
      </trkpt>
      <trkpt lat="39.68895" lon="2.57524">
        <ele>473.3</ele>
      </trkpt>
      <trkpt lat="39.68898" lon="2.57521">
        <ele>474.2</ele>
      </trkpt>
      <trkpt lat="39.68899" lon="2.5752">
        <ele>474.5</ele>
      </trkpt>
      <trkpt lat="39.68901" lon="2.57517">
        <ele>475.3</ele>
      </trkpt>
      <trkpt lat="39.68901" lon="2.57513">
        <ele>476.1</ele>
      </trkpt>
      <trkpt lat="39.68901" lon="2.5751">
        <ele>476.6</ele>
      </trkpt>
      <trkpt lat="39.689" lon="2.57507">
        <ele>477.1</ele>
      </trkpt>
      <trkpt lat="39.68898" lon="2.57504">
        <ele>477.4</ele>
      </trkpt>
      <trkpt lat="39.68897" lon="2.57503">
        <ele>477.5</ele>
      </trkpt>
      <trkpt lat="39.68896" lon="2.57502">
        <ele>477.6</ele>
      </trkpt>
      <trkpt lat="39.68894" lon="2.57502">
        <ele>477.4</ele>
      </trkpt>
      <trkpt lat="39.68892" lon="2.57502">
        <ele>477.2</ele>
      </trkpt>
      <trkpt lat="39.68887" lon="2.57502">
        <ele>476.7</ele>
      </trkpt>
      <trkpt lat="39.68882" lon="2.57503">
        <ele>476.0</ele>
      </trkpt>
      <trkpt lat="39.68878" lon="2.57503">
        <ele>475.7</ele>
      </trkpt>
      <trkpt lat="39.68876" lon="2.57503">
        <ele>475.5</ele>
      </trkpt>
      <trkpt lat="39.68866" lon="2.57504">
        <ele>474.2</ele>
      </trkpt>
      <trkpt lat="39.68862" lon="2.57505">
        <ele>473.6</ele>
      </trkpt>
      <trkpt lat="39.6886" lon="2.57505">
        <ele>473.4</ele>
      </trkpt>
      <trkpt lat="39.68858" lon="2.57505">
        <ele>473.2</ele>
      </trkpt>
      <trkpt lat="39.68857" lon="2.57505">
        <ele>473.1</ele>
      </trkpt>
      <trkpt lat="39.68844" lon="2.57505">
        <ele>471.8</ele>
      </trkpt>
      <trkpt lat="39.68843" lon="2.57505">
        <ele>471.7</ele>
      </trkpt>
      <trkpt lat="39.6884" lon="2.57505">
        <ele>471.4</ele>
      </trkpt>
      <trkpt lat="39.68829" lon="2.57503">
        <ele>470.8</ele>
      </trkpt>
      <trkpt lat="39.68824" lon="2.57503">
        <ele>470.4</ele>
      </trkpt>
      <trkpt lat="39.68815" lon="2.57502">
        <ele>469.9</ele>
      </trkpt>
      <trkpt lat="39.68808" lon="2.57501">
        <ele>469.6</ele>
      </trkpt>
      <trkpt lat="39.68804" lon="2.575">
        <ele>469.5</ele>
      </trkpt>
      <trkpt lat="39.68793" lon="2.57498">
        <ele>469.0</ele>
      </trkpt>
      <trkpt lat="39.68791" lon="2.57497">
        <ele>469.0</ele>
      </trkpt>
      <trkpt lat="39.68788" lon="2.57497">
        <ele>468.7</ele>
      </trkpt>
      <trkpt lat="39.68787" lon="2.57497">
        <ele>468.6</ele>
      </trkpt>
      <trkpt lat="39.68752" lon="2.5749">
        <ele>466.3</ele>
      </trkpt>
      <trkpt lat="39.68737" lon="2.57485">
        <ele>464.1</ele>
      </trkpt>
      <trkpt lat="39.68734" lon="2.57483">
        <ele>463.8</ele>
      </trkpt>
      <trkpt lat="39.68727" lon="2.5748">
        <ele>462.7</ele>
      </trkpt>
      <trkpt lat="39.68725" lon="2.57475">
        <ele>462.8</ele>
      </trkpt>
      <trkpt lat="39.68724" lon="2.57471">
        <ele>462.9</ele>
      </trkpt>
      <trkpt lat="39.68724" lon="2.57467">
        <ele>463.3</ele>
      </trkpt>
      <trkpt lat="39.68724" lon="2.57457">
        <ele>464.2</ele>
      </trkpt>
      <trkpt lat="39.68725" lon="2.57449">
        <ele>465.1</ele>
      </trkpt>
      <trkpt lat="39.68725" lon="2.57446">
        <ele>465.4</ele>
      </trkpt>
      <trkpt lat="39.68727" lon="2.57432">
        <ele>467.1</ele>
      </trkpt>
      <trkpt lat="39.68729" lon="2.57426">
        <ele>468.1</ele>
      </trkpt>
      <trkpt lat="39.6873" lon="2.57423">
        <ele>468.6</ele>
      </trkpt>
      <trkpt lat="39.6873" lon="2.57422">
        <ele>468.7</ele>
      </trkpt>
      <trkpt lat="39.6873" lon="2.57421">
        <ele>468.8</ele>
      </trkpt>
      <trkpt lat="39.68733" lon="2.57414">
        <ele>470.3</ele>
      </trkpt>
      <trkpt lat="39.68734" lon="2.57407">
        <ele>471.5</ele>
      </trkpt>
      <trkpt lat="39.68735" lon="2.57401">
        <ele>472.6</ele>
      </trkpt>
      <trkpt lat="39.68735" lon="2.57399">
        <ele>472.9</ele>
      </trkpt>
      <trkpt lat="39.68736" lon="2.57392">
        <ele>474.1</ele>
      </trkpt>
      <trkpt lat="39.68736" lon="2.57384">
        <ele>475.3</ele>
      </trkpt>
      <trkpt lat="39.68735" lon="2.57379">
        <ele>475.7</ele>
      </trkpt>
      <trkpt lat="39.68733" lon="2.57375">
        <ele>475.8</ele>
      </trkpt>
      <trkpt lat="39.68731" lon="2.5737">
        <ele>476.0</ele>
      </trkpt>
      <trkpt lat="39.68729" lon="2.57367">
        <ele>476.0</ele>
      </trkpt>
      <trkpt lat="39.68724" lon="2.57364">
        <ele>475.2</ele>
      </trkpt>
      <trkpt lat="39.68706" lon="2.57359">
        <ele>471.4</ele>
      </trkpt>
      <trkpt lat="39.68688" lon="2.57357">
        <ele>467.2</ele>
      </trkpt>
      <trkpt lat="39.68683" lon="2.57357">
        <ele>465.9</ele>
      </trkpt>
      <trkpt lat="39.68675" lon="2.57353">
        <ele>464.5</ele>
      </trkpt>
      <trkpt lat="39.68672" lon="2.5735">
        <ele>464.1</ele>
      </trkpt>
      <trkpt lat="39.6867" lon="2.57349">
        <ele>463.8</ele>
      </trkpt>
      <trkpt lat="39.68667" lon="2.57346">
        <ele>463.4</ele>
      </trkpt>
      <trkpt lat="39.68666" lon="2.57342">
        <ele>463.7</ele>
      </trkpt>
      <trkpt lat="39.68665" lon="2.57338">
        <ele>463.9</ele>
      </trkpt>
      <trkpt lat="39.68665" lon="2.57327">
        <ele>465.3</ele>
      </trkpt>
      <trkpt lat="39.68665" lon="2.57325">
        <ele>465.6</ele>
      </trkpt>
      <trkpt lat="39.68666" lon="2.57311">
        <ele>467.5</ele>
      </trkpt>
      <trkpt lat="39.68667" lon="2.57307">
        <ele>468.3</ele>
      </trkpt>
      <trkpt lat="39.68668" lon="2.57304">
        <ele>468.9</ele>
      </trkpt>
      <trkpt lat="39.68668" lon="2.57302">
        <ele>469.1</ele>
      </trkpt>
      <trkpt lat="39.68669" lon="2.57298">
        <ele>469.9</ele>
      </trkpt>
      <trkpt lat="39.68672" lon="2.57284">
        <ele>472.4</ele>
      </trkpt>
      <trkpt lat="39.68672" lon="2.57282">
        <ele>472.6</ele>
      </trkpt>
      <trkpt lat="39.68673" lon="2.57279">
        <ele>473.3</ele>
      </trkpt>
      <trkpt lat="39.68673" lon="2.57277">
        <ele>473.5</ele>
      </trkpt>
      <trkpt lat="39.68677" lon="2.57265">
        <ele>476.1</ele>
      </trkpt>
      <trkpt lat="39.6868" lon="2.57259">
        <ele>477.7</ele>
      </trkpt>
      <trkpt lat="39.6868" lon="2.57258">
        <ele>477.8</ele>
      </trkpt>
      <trkpt lat="39.68683" lon="2.57254">
        <ele>479.2</ele>
      </trkpt>
      <trkpt lat="39.68686" lon="2.57252">
        <ele>480.3</ele>
      </trkpt>
      <trkpt lat="39.6869" lon="2.57251">
        <ele>481.6</ele>
      </trkpt>
      <trkpt lat="39.68692" lon="2.57252">
        <ele>482.0</ele>
      </trkpt>
      <trkpt lat="39.68693" lon="2.57253">
        <ele>482.2</ele>
      </trkpt>
      <trkpt lat="39.68694" lon="2.57253">
        <ele>482.5</ele>
      </trkpt>
      <trkpt lat="39.68695" lon="2.57255">
        <ele>482.5</ele>
      </trkpt>
      <trkpt lat="39.68696" lon="2.57257">
        <ele>482.5</ele>
      </trkpt>
      <trkpt lat="39.68698" lon="2.57264">
        <ele>482.2</ele>
      </trkpt>
      <trkpt lat="39.68699" lon="2.57272">
        <ele>481.4</ele>
      </trkpt>
      <trkpt lat="39.687" lon="2.57295">
        <ele>478.6</ele>
      </trkpt>
      <trkpt lat="39.68701" lon="2.57305">
        <ele>477.5</ele>
      </trkpt>
      <trkpt lat="39.68703" lon="2.57317">
        <ele>476.4</ele>
      </trkpt>
      <trkpt lat="39.68704" lon="2.57318">
        <ele>476.5</ele>
      </trkpt>
      <trkpt lat="39.68705" lon="2.57321">
        <ele>476.3</ele>
      </trkpt>
      <trkpt lat="39.68706" lon="2.57323">
        <ele>476.3</ele>
      </trkpt>
      <trkpt lat="39.68707" lon="2.57324">
        <ele>476.5</ele>
      </trkpt>
      <trkpt lat="39.68718" lon="2.57332">
        <ele>478.1</ele>
      </trkpt>
      <trkpt lat="39.6872" lon="2.57333">
        <ele>478.5</ele>
      </trkpt>
      <trkpt lat="39.68724" lon="2.57335">
        <ele>479.2</ele>
      </trkpt>
      <trkpt lat="39.68737" lon="2.57338">
        <ele>482.1</ele>
      </trkpt>
      <trkpt lat="39.68744" lon="2.57339">
        <ele>483.7</ele>
      </trkpt>
      <trkpt lat="39.6875" lon="2.57342">
        <ele>484.8</ele>
      </trkpt>
      <trkpt lat="39.68754" lon="2.57345">
        <ele>485.5</ele>
      </trkpt>
      <trkpt lat="39.68755" lon="2.57347">
        <ele>485.5</ele>
      </trkpt>
      <trkpt lat="39.68759" lon="2.57351">
        <ele>486.0</ele>
      </trkpt>
      <trkpt lat="39.68762" lon="2.57357">
        <ele>486.0</ele>
      </trkpt>
      <trkpt lat="39.68764" lon="2.57363">
        <ele>485.6</ele>
      </trkpt>
      <trkpt lat="39.68764" lon="2.57364">
        <ele>485.5</ele>
      </trkpt>
      <trkpt lat="39.68765" lon="2.57366">
        <ele>485.4</ele>
      </trkpt>
      <trkpt lat="39.68768" lon="2.57382">
        <ele>483.8</ele>
      </trkpt>
      <trkpt lat="39.68771" lon="2.57399">
        <ele>481.9</ele>
      </trkpt>
      <trkpt lat="39.68774" lon="2.57408">
        <ele>481.2</ele>
      </trkpt>
      <trkpt lat="39.68778" lon="2.57416">
        <ele>480.8</ele>
      </trkpt>
      <trkpt lat="39.68782" lon="2.57423">
        <ele>480.6</ele>
      </trkpt>
      <trkpt lat="39.68784" lon="2.57425">
        <ele>480.7</ele>
      </trkpt>
      <trkpt lat="39.68785" lon="2.57427">
        <ele>480.6</ele>
      </trkpt>
      <trkpt lat="39.68787" lon="2.57429">
        <ele>480.7</ele>
      </trkpt>
      <trkpt lat="39.68788" lon="2.5743">
        <ele>480.7</ele>
      </trkpt>
      <trkpt lat="39.68796" lon="2.57439">
        <ele>480.7</ele>
      </trkpt>
      <trkpt lat="39.68804" lon="2.57444">
        <ele>481.2</ele>
      </trkpt>
      <trkpt lat="39.68813" lon="2.57447">
        <ele>482.3</ele>
      </trkpt>
      <trkpt lat="39.68825" lon="2.57447">
        <ele>484.5</ele>
      </trkpt>
      <trkpt lat="39.68832" lon="2.57447">
        <ele>485.7</ele>
      </trkpt>
      <trkpt lat="39.68837" lon="2.57446">
        <ele>486.5</ele>
      </trkpt>
      <trkpt lat="39.6884" lon="2.57445">
        <ele>487.0</ele>
      </trkpt>
      <trkpt lat="39.68841" lon="2.57445">
        <ele>487.1</ele>
      </trkpt>
      <trkpt lat="39.6885" lon="2.57445">
        <ele>487.7</ele>
      </trkpt>
      <trkpt lat="39.68851" lon="2.57444">
        <ele>488.1</ele>
      </trkpt>
      <trkpt lat="39.68869" lon="2.57443">
        <ele>489.6</ele>
      </trkpt>
      <trkpt lat="39.68871" lon="2.57442">
        <ele>490.0</ele>
      </trkpt>
      <trkpt lat="39.68881" lon="2.57441">
        <ele>490.9</ele>
      </trkpt>
      <trkpt lat="39.68886" lon="2.5744">
        <ele>491.5</ele>
      </trkpt>
      <trkpt lat="39.68894" lon="2.57439">
        <ele>492.3</ele>
      </trkpt>
      <trkpt lat="39.68904" lon="2.57438">
        <ele>493.3</ele>
      </trkpt>
      <trkpt lat="39.68915" lon="2.57436">
        <ele>494.5</ele>
      </trkpt>
      <trkpt lat="39.68922" lon="2.57435">
        <ele>495.2</ele>
      </trkpt>
      <trkpt lat="39.68926" lon="2.57435">
        <ele>495.5</ele>
      </trkpt>
      <trkpt lat="39.68937" lon="2.57434">
        <ele>496.6</ele>
      </trkpt>
      <trkpt lat="39.6894" lon="2.57434">
        <ele>496.8</ele>
      </trkpt>
      <trkpt lat="39.68949" lon="2.57433">
        <ele>497.7</ele>
      </trkpt>
      <trkpt lat="39.68956" lon="2.57432">
        <ele>498.4</ele>
      </trkpt>
      <trkpt lat="39.68958" lon="2.57432">
        <ele>498.5</ele>
      </trkpt>
      <trkpt lat="39.68959" lon="2.57432">
        <ele>498.6</ele>
      </trkpt>
      <trkpt lat="39.6896" lon="2.57432">
        <ele>498.7</ele>
      </trkpt>
      <trkpt lat="39.68962" lon="2.57432">
        <ele>498.8</ele>
      </trkpt>
      <trkpt lat="39.68963" lon="2.57432">
        <ele>498.9</ele>
      </trkpt>
      <trkpt lat="39.68971" lon="2.57433">
        <ele>499.3</ele>
      </trkpt>
      <trkpt lat="39.6898" lon="2.57436">
        <ele>499.4</ele>
      </trkpt>
      <trkpt lat="39.68989" lon="2.57438">
        <ele>499.8</ele>
      </trkpt>
      <trkpt lat="39.68995" lon="2.57441">
        <ele>499.8</ele>
      </trkpt>
      <trkpt lat="39.68997" lon="2.57441">
        <ele>500.0</ele>
      </trkpt>
      <trkpt lat="39.69011" lon="2.57452">
        <ele>499.7</ele>
      </trkpt>
      <trkpt lat="39.69013" lon="2.57453">
        <ele>499.8</ele>
      </trkpt>
      <trkpt lat="39.69025" lon="2.57462">
        <ele>500.0</ele>
      </trkpt>
      <trkpt lat="39.69026" lon="2.57462">
        <ele>500.2</ele>
      </trkpt>
      <trkpt lat="39.69027" lon="2.57463">
        <ele>500.2</ele>
      </trkpt>
      <trkpt lat="39.69029" lon="2.57464">
        <ele>500.3</ele>
      </trkpt>
      <trkpt lat="39.69036" lon="2.5747">
        <ele>500.5</ele>
      </trkpt>
      <trkpt lat="39.69041" lon="2.57473">
        <ele>500.8</ele>
      </trkpt>
      <trkpt lat="39.69042" lon="2.57474">
        <ele>500.9</ele>
      </trkpt>
      <trkpt lat="39.69044" lon="2.57475">
        <ele>501.0</ele>
      </trkpt>
      <trkpt lat="39.69051" lon="2.5748">
        <ele>501.5</ele>
      </trkpt>
      <trkpt lat="39.69059" lon="2.57483">
        <ele>502.4</ele>
      </trkpt>
      <trkpt lat="39.69062" lon="2.57484">
        <ele>502.8</ele>
      </trkpt>
      <trkpt lat="39.69066" lon="2.57485">
        <ele>503.3</ele>
      </trkpt>
      <trkpt lat="39.69079" lon="2.57488">
        <ele>505.1</ele>
      </trkpt>
      <trkpt lat="39.69093" lon="2.5749">
        <ele>505.2</ele>
      </trkpt>
      <trkpt lat="39.69098" lon="2.57491">
        <ele>505.0</ele>
      </trkpt>
      <trkpt lat="39.69138" lon="2.57493">
        <ele>503.3</ele>
      </trkpt>
      <trkpt lat="39.69156" lon="2.57495">
        <ele>502.5</ele>
      </trkpt>
      <trkpt lat="39.6921" lon="2.57501">
        <ele>499.1</ele>
      </trkpt>
      <trkpt lat="39.69213" lon="2.57501">
        <ele>498.8</ele>
      </trkpt>
      <trkpt lat="39.69221" lon="2.57502">
        <ele>498.4</ele>
      </trkpt>
      <trkpt lat="39.6923" lon="2.57505">
        <ele>498.3</ele>
      </trkpt>
      <trkpt lat="39.69244" lon="2.57508">
        <ele>497.7</ele>
      </trkpt>
      <trkpt lat="39.69252" lon="2.5751">
        <ele>497.2</ele>
      </trkpt>
      <trkpt lat="39.69259" lon="2.57514">
        <ele>496.5</ele>
      </trkpt>
      <trkpt lat="39.69262" lon="2.57517">
        <ele>496.3</ele>
      </trkpt>
      <trkpt lat="39.69264" lon="2.57519">
        <ele>496.2</ele>
      </trkpt>
      <trkpt lat="39.69267" lon="2.57523">
        <ele>496.2</ele>
      </trkpt>
      <trkpt lat="39.69272" lon="2.57532">
        <ele>496.3</ele>
      </trkpt>
      <trkpt lat="39.69273" lon="2.57534">
        <ele>496.3</ele>
      </trkpt>
      <trkpt lat="39.69281" lon="2.57554">
        <ele>496.8</ele>
      </trkpt>
      <trkpt lat="39.69282" lon="2.57555">
        <ele>496.7</ele>
      </trkpt>
      <trkpt lat="39.69291" lon="2.57574">
        <ele>496.3</ele>
      </trkpt>
      <trkpt lat="39.69292" lon="2.57574">
        <ele>496.0</ele>
      </trkpt>
      <trkpt lat="39.69304" lon="2.57599">
        <ele>495.0</ele>
      </trkpt>
      <trkpt lat="39.69313" lon="2.57612">
        <ele>493.6</ele>
      </trkpt>
      <trkpt lat="39.69327" lon="2.57627">
        <ele>490.6</ele>
      </trkpt>
      <trkpt lat="39.69335" lon="2.57636">
        <ele>488.9</ele>
      </trkpt>
      <trkpt lat="39.69342" lon="2.57642">
        <ele>487.2</ele>
      </trkpt>
      <trkpt lat="39.69357" lon="2.57657">
        <ele>483.5</ele>
      </trkpt>
      <trkpt lat="39.69364" lon="2.57666">
        <ele>481.7</ele>
      </trkpt>
      <trkpt lat="39.6937" lon="2.57674">
        <ele>480.3</ele>
      </trkpt>
      <trkpt lat="39.69375" lon="2.57683">
        <ele>479.3</ele>
      </trkpt>
      <trkpt lat="39.69379" lon="2.5769">
        <ele>478.4</ele>
      </trkpt>
      <trkpt lat="39.69382" lon="2.57702">
        <ele>478.2</ele>
      </trkpt>
      <trkpt lat="39.69383" lon="2.57713">
        <ele>478.7</ele>
      </trkpt>
      <trkpt lat="39.69383" lon="2.57715">
        <ele>478.8</ele>
      </trkpt>
      <trkpt lat="39.69385" lon="2.57734">
        <ele>479.4</ele>
      </trkpt>
      <trkpt lat="39.69385" lon="2.57736">
        <ele>479.5</ele>
      </trkpt>
      <trkpt lat="39.69385" lon="2.57764">
        <ele>480.7</ele>
      </trkpt>
      <trkpt lat="39.69388" lon="2.5781">
        <ele>480.1</ele>
      </trkpt>
      <trkpt lat="39.69388" lon="2.5783">
        <ele>480.3</ele>
      </trkpt>
      <trkpt lat="39.69388" lon="2.57841">
        <ele>480.3</ele>
      </trkpt>
      <trkpt lat="39.69387" lon="2.57853">
        <ele>480.5</ele>
      </trkpt>
      <trkpt lat="39.69386" lon="2.57871">
        <ele>480.7</ele>
      </trkpt>
      <trkpt lat="39.69384" lon="2.579">
        <ele>481.3</ele>
      </trkpt>
      <trkpt lat="39.69383" lon="2.57916">
        <ele>481.5</ele>
      </trkpt>
      <trkpt lat="39.69384" lon="2.57928">
        <ele>481.9</ele>
      </trkpt>
      <trkpt lat="39.69384" lon="2.57933">
        <ele>482.2</ele>
      </trkpt>
      <trkpt lat="39.69387" lon="2.57945">
        <ele>481.8</ele>
      </trkpt>
      <trkpt lat="39.6939" lon="2.57955">
        <ele>481.3</ele>
      </trkpt>
      <trkpt lat="39.69394" lon="2.57964">
        <ele>480.3</ele>
      </trkpt>
      <trkpt lat="39.69397" lon="2.57974">
        <ele>479.8</ele>
      </trkpt>
      <trkpt lat="39.694" lon="2.57981">
        <ele>479.1</ele>
      </trkpt>
      <trkpt lat="39.69405" lon="2.57986">
        <ele>477.5</ele>
      </trkpt>
      <trkpt lat="39.69406" lon="2.57988">
        <ele>477.3</ele>
      </trkpt>
      <trkpt lat="39.69411" lon="2.57992">
        <ele>475.6</ele>
      </trkpt>
      <trkpt lat="39.69415" lon="2.57993">
        <ele>474.1</ele>
      </trkpt>
      <trkpt lat="39.69419" lon="2.57994">
        <ele>473.3</ele>
      </trkpt>
      <trkpt lat="39.69422" lon="2.57994">
        <ele>473.1</ele>
      </trkpt>
      <trkpt lat="39.69428" lon="2.57994">
        <ele>472.7</ele>
      </trkpt>
      <trkpt lat="39.69435" lon="2.57992">
        <ele>472.0</ele>
      </trkpt>
      <trkpt lat="39.69444" lon="2.5799">
        <ele>471.1</ele>
      </trkpt>
      <trkpt lat="39.69452" lon="2.57987">
        <ele>470.2</ele>
      </trkpt>
      <trkpt lat="39.69461" lon="2.57984">
        <ele>469.3</ele>
      </trkpt>
      <trkpt lat="39.6947" lon="2.57981">
        <ele>468.3</ele>
      </trkpt>
      <trkpt lat="39.69478" lon="2.57978">
        <ele>467.3</ele>
      </trkpt>
      <trkpt lat="39.69489" lon="2.57976">
        <ele>466.3</ele>
      </trkpt>
      <trkpt lat="39.69492" lon="2.57976">
        <ele>466.0</ele>
      </trkpt>
      <trkpt lat="39.69499" lon="2.57975">
        <ele>465.4</ele>
      </trkpt>
      <trkpt lat="39.69509" lon="2.57971">
        <ele>465.2</ele>
      </trkpt>
      <trkpt lat="39.69515" lon="2.57969">
        <ele>465.1</ele>
      </trkpt>
      <trkpt lat="39.69527" lon="2.57962">
        <ele>464.6</ele>
      </trkpt>
      <trkpt lat="39.69535" lon="2.57956">
        <ele>464.0</ele>
      </trkpt>
      <trkpt lat="39.69549" lon="2.57942">
        <ele>462.5</ele>
      </trkpt>
      <trkpt lat="39.69555" lon="2.57935">
        <ele>461.6</ele>
      </trkpt>
      <trkpt lat="39.6956" lon="2.57931">
        <ele>461.0</ele>
      </trkpt>
      <trkpt lat="39.69568" lon="2.57919">
        <ele>459.3</ele>
      </trkpt>
      <trkpt lat="39.69571" lon="2.57917">
        <ele>459.1</ele>
      </trkpt>
      <trkpt lat="39.69581" lon="2.57904">
        <ele>458.5</ele>
      </trkpt>
      <trkpt lat="39.69592" lon="2.57893">
        <ele>458.6</ele>
      </trkpt>
      <trkpt lat="39.69602" lon="2.57882">
        <ele>458.4</ele>
      </trkpt>
      <trkpt lat="39.69612" lon="2.57871">
        <ele>457.9</ele>
      </trkpt>
      <trkpt lat="39.6962" lon="2.57863">
        <ele>457.3</ele>
      </trkpt>
      <trkpt lat="39.69623" lon="2.57859">
        <ele>457.0</ele>
      </trkpt>
      <trkpt lat="39.69634" lon="2.57849">
        <ele>455.9</ele>
      </trkpt>
      <trkpt lat="39.69638" lon="2.57846">
        <ele>455.5</ele>
      </trkpt>
      <trkpt lat="39.69646" lon="2.57842">
        <ele>454.8</ele>
      </trkpt>
      <trkpt lat="39.69659" lon="2.5784">
        <ele>454.2</ele>
      </trkpt>
      <trkpt lat="39.69672" lon="2.5784">
        <ele>453.5</ele>
      </trkpt>
      <trkpt lat="39.69673" lon="2.5784">
        <ele>453.5</ele>
      </trkpt>
      <trkpt lat="39.69686" lon="2.57842">
        <ele>452.6</ele>
      </trkpt>
      <trkpt lat="39.69691" lon="2.57843">
        <ele>452.3</ele>
      </trkpt>
      <trkpt lat="39.697" lon="2.57844">
        <ele>451.6</ele>
      </trkpt>
      <trkpt lat="39.69709" lon="2.57846">
        <ele>451.1</ele>
      </trkpt>
      <trkpt lat="39.69715" lon="2.57848">
        <ele>451.0</ele>
      </trkpt>
      <trkpt lat="39.69731" lon="2.57852">
        <ele>450.3</ele>
      </trkpt>
      <trkpt lat="39.69749" lon="2.57856">
        <ele>449.4</ele>
      </trkpt>
      <trkpt lat="39.69785" lon="2.57865">
        <ele>447.0</ele>
      </trkpt>
      <trkpt lat="39.69806" lon="2.5787">
        <ele>445.4</ele>
      </trkpt>
      <trkpt lat="39.69832" lon="2.57877">
        <ele>443.5</ele>
      </trkpt>
      <trkpt lat="39.69845" lon="2.57881">
        <ele>443.7</ele>
      </trkpt>
      <trkpt lat="39.6985" lon="2.57883">
        <ele>443.8</ele>
      </trkpt>
      <trkpt lat="39.69861" lon="2.57886">
        <ele>443.8</ele>
      </trkpt>
      <trkpt lat="39.69877" lon="2.57892">
        <ele>443.6</ele>
      </trkpt>
      <trkpt lat="39.69892" lon="2.57899">
        <ele>443.1</ele>
      </trkpt>
      <trkpt lat="39.69905" lon="2.57906">
        <ele>442.2</ele>
      </trkpt>
      <trkpt lat="39.69917" lon="2.57915">
        <ele>441.0</ele>
      </trkpt>
      <trkpt lat="39.69929" lon="2.57925">
        <ele>440.5</ele>
      </trkpt>
      <trkpt lat="39.69945" lon="2.57939">
        <ele>439.1</ele>
      </trkpt>
      <trkpt lat="39.69954" lon="2.57948">
        <ele>437.7</ele>
      </trkpt>
      <trkpt lat="39.6996" lon="2.57956">
        <ele>436.5</ele>
      </trkpt>
      <trkpt lat="39.6996" lon="2.57957">
        <ele>436.5</ele>
      </trkpt>
      <trkpt lat="39.69962" lon="2.57965">
        <ele>435.8</ele>
      </trkpt>
      <trkpt lat="39.69965" lon="2.57976">
        <ele>434.7</ele>
      </trkpt>
      <trkpt lat="39.69964" lon="2.57984">
        <ele>434.5</ele>
      </trkpt>
      <trkpt lat="39.69963" lon="2.57988">
        <ele>434.6</ele>
      </trkpt>
      <trkpt lat="39.69962" lon="2.57997">
        <ele>434.5</ele>
      </trkpt>
      <trkpt lat="39.69961" lon="2.58011">
        <ele>435.1</ele>
      </trkpt>
      <trkpt lat="39.69961" lon="2.58019">
        <ele>435.4</ele>
      </trkpt>
      <trkpt lat="39.69962" lon="2.58029">
        <ele>435.5</ele>
      </trkpt>
      <trkpt lat="39.69963" lon="2.58034">
        <ele>435.4</ele>
      </trkpt>
      <trkpt lat="39.69964" lon="2.58037">
        <ele>435.1</ele>
      </trkpt>
      <trkpt lat="39.69969" lon="2.5805">
        <ele>433.9</ele>
      </trkpt>
      <trkpt lat="39.69972" lon="2.58054">
        <ele>432.9</ele>
      </trkpt>
      <trkpt lat="39.69979" lon="2.58065">
        <ele>430.7</ele>
      </trkpt>
      <trkpt lat="39.69984" lon="2.58071">
        <ele>428.9</ele>
      </trkpt>
      <trkpt lat="39.69996" lon="2.58086">
        <ele>424.7</ele>
      </trkpt>
      <trkpt lat="39.69998" lon="2.58088">
        <ele>424.0</ele>
      </trkpt>
      <trkpt lat="39.70002" lon="2.58093">
        <ele>423.1</ele>
      </trkpt>
      <trkpt lat="39.70006" lon="2.58104">
        <ele>422.7</ele>
      </trkpt>
      <trkpt lat="39.70006" lon="2.58108">
        <ele>422.9</ele>
      </trkpt>
      <trkpt lat="39.70008" lon="2.58116">
        <ele>422.8</ele>
      </trkpt>
      <trkpt lat="39.70009" lon="2.58131">
        <ele>423.2</ele>
      </trkpt>
      <trkpt lat="39.70009" lon="2.58135">
        <ele>423.3</ele>
      </trkpt>
      <trkpt lat="39.70008" lon="2.58154">
        <ele>424.4</ele>
      </trkpt>
      <trkpt lat="39.70008" lon="2.58168">
        <ele>424.9</ele>
      </trkpt>
      <trkpt lat="39.70008" lon="2.58177">
        <ele>424.8</ele>
      </trkpt>
      <trkpt lat="39.70009" lon="2.58191">
        <ele>424.4</ele>
      </trkpt>
      <trkpt lat="39.70009" lon="2.58214">
        <ele>424.2</ele>
      </trkpt>
      <trkpt lat="39.7001" lon="2.58233">
        <ele>423.8</ele>
      </trkpt>
      <trkpt lat="39.70009" lon="2.5827">
        <ele>422.6</ele>
      </trkpt>
      <trkpt lat="39.70008" lon="2.58281">
        <ele>422.1</ele>
      </trkpt>
      <trkpt lat="39.70006" lon="2.58293">
        <ele>421.7</ele>
      </trkpt>
      <trkpt lat="39.70006" lon="2.58294">
        <ele>421.7</ele>
      </trkpt>
      <trkpt lat="39.70003" lon="2.58311">
        <ele>421.1</ele>
      </trkpt>
      <trkpt lat="39.70002" lon="2.58316">
        <ele>420.9</ele>
      </trkpt>
      <trkpt lat="39.7" lon="2.5833">
        <ele>420.2</ele>
      </trkpt>
      <trkpt lat="39.69999" lon="2.5834">
        <ele>420.2</ele>
      </trkpt>
      <trkpt lat="39.69998" lon="2.58345">
        <ele>420.4</ele>
      </trkpt>
      <trkpt lat="39.69997" lon="2.58361">
        <ele>420.3</ele>
      </trkpt>
      <trkpt lat="39.69996" lon="2.58375">
        <ele>420.1</ele>
      </trkpt>
      <trkpt lat="39.69996" lon="2.58386">
        <ele>419.8</ele>
      </trkpt>
      <trkpt lat="39.69996" lon="2.58388">
        <ele>419.7</ele>
      </trkpt>
      <trkpt lat="39.69998" lon="2.584">
        <ele>418.9</ele>
      </trkpt>
      <trkpt lat="39.69998" lon="2.58402">
        <ele>418.8</ele>
      </trkpt>
      <trkpt lat="39.69999" lon="2.58409">
        <ele>418.4</ele>
      </trkpt>
      <trkpt lat="39.69999" lon="2.5841">
        <ele>418.4</ele>
      </trkpt>
      <trkpt lat="39.70001" lon="2.58415">
        <ele>417.9</ele>
      </trkpt>
      <trkpt lat="39.70005" lon="2.58422">
        <ele>417.4</ele>
      </trkpt>
      <trkpt lat="39.70006" lon="2.58424">
        <ele>417.3</ele>
      </trkpt>
      <trkpt lat="39.70009" lon="2.58428">
        <ele>416.9</ele>
      </trkpt>
      <trkpt lat="39.70012" lon="2.58434">
        <ele>416.6</ele>
      </trkpt>
      <trkpt lat="39.70023" lon="2.58448">
        <ele>415.3</ele>
      </trkpt>
      <trkpt lat="39.70034" lon="2.5846">
        <ele>414.0</ele>
      </trkpt>
      <trkpt lat="39.70056" lon="2.58484">
        <ele>411.4</ele>
      </trkpt>
      <trkpt lat="39.70066" lon="2.58494">
        <ele>410.2</ele>
      </trkpt>
      <trkpt lat="39.70076" lon="2.58506">
        <ele>409.1</ele>
      </trkpt>
      <trkpt lat="39.70089" lon="2.58518">
        <ele>407.7</ele>
      </trkpt>
      <trkpt lat="39.7009" lon="2.5852">
        <ele>407.6</ele>
      </trkpt>
      <trkpt lat="39.70101" lon="2.58531">
        <ele>406.6</ele>
      </trkpt>
      <trkpt lat="39.70105" lon="2.58537">
        <ele>406.3</ele>
      </trkpt>
      <trkpt lat="39.70114" lon="2.5855">
        <ele>405.6</ele>
      </trkpt>
      <trkpt lat="39.70127" lon="2.58569">
        <ele>404.8</ele>
      </trkpt>
      <trkpt lat="39.70139" lon="2.58585">
        <ele>404.0</ele>
      </trkpt>
      <trkpt lat="39.7015" lon="2.586">
        <ele>403.0</ele>
      </trkpt>
      <trkpt lat="39.70153" lon="2.58604">
        <ele>402.8</ele>
      </trkpt>
      <trkpt lat="39.7016" lon="2.58614">
        <ele>402.1</ele>
      </trkpt>
      <trkpt lat="39.70165" lon="2.58621">
        <ele>401.6</ele>
      </trkpt>
      <trkpt lat="39.7017" lon="2.58629">
        <ele>401.0</ele>
      </trkpt>
      <trkpt lat="39.7018" lon="2.58647">
        <ele>399.4</ele>
      </trkpt>
      <trkpt lat="39.70183" lon="2.58658">
        <ele>399.0</ele>
      </trkpt>
      <trkpt lat="39.70185" lon="2.58668">
        <ele>398.7</ele>
      </trkpt>
      <trkpt lat="39.70186" lon="2.58681">
        <ele>398.3</ele>
      </trkpt>
      <trkpt lat="39.70187" lon="2.58698">
        <ele>397.8</ele>
      </trkpt>
      <trkpt lat="39.70187" lon="2.58707">
        <ele>397.6</ele>
      </trkpt>
      <trkpt lat="39.70186" lon="2.5876">
        <ele>396.2</ele>
      </trkpt>
      <trkpt lat="39.70184" lon="2.58777">
        <ele>395.2</ele>
      </trkpt>
      <trkpt lat="39.70181" lon="2.58785">
        <ele>395.0</ele>
      </trkpt>
      <trkpt lat="39.70176" lon="2.58798">
        <ele>394.7</ele>
      </trkpt>
      <trkpt lat="39.70172" lon="2.58807">
        <ele>394.5</ele>
      </trkpt>
      <trkpt lat="39.70166" lon="2.58817">
        <ele>394.5</ele>
      </trkpt>
      <trkpt lat="39.70164" lon="2.5882">
        <ele>394.8</ele>
      </trkpt>
      <trkpt lat="39.70155" lon="2.58837">
        <ele>395.9</ele>
      </trkpt>
      <trkpt lat="39.7015" lon="2.58852">
        <ele>396.6</ele>
      </trkpt>
      <trkpt lat="39.70148" lon="2.58862">
        <ele>396.7</ele>
      </trkpt>
      <trkpt lat="39.70147" lon="2.58882">
        <ele>396.2</ele>
      </trkpt>
      <trkpt lat="39.70146" lon="2.58901">
        <ele>395.8</ele>
      </trkpt>
      <trkpt lat="39.70146" lon="2.58928">
        <ele>394.9</ele>
      </trkpt>
      <trkpt lat="39.70146" lon="2.58941">
        <ele>394.7</ele>
      </trkpt>
      <trkpt lat="39.70146" lon="2.58951">
        <ele>394.5</ele>
      </trkpt>
      <trkpt lat="39.70147" lon="2.58961">
        <ele>393.9</ele>
      </trkpt>
      <trkpt lat="39.70149" lon="2.58974">
        <ele>393.0</ele>
      </trkpt>
      <trkpt lat="39.7015" lon="2.58982">
        <ele>392.5</ele>
      </trkpt>
      <trkpt lat="39.70153" lon="2.58997">
        <ele>391.3</ele>
      </trkpt>
      <trkpt lat="39.70154" lon="2.59002">
        <ele>390.9</ele>
      </trkpt>
      <trkpt lat="39.70158" lon="2.59022">
        <ele>389.8</ele>
      </trkpt>
      <trkpt lat="39.70164" lon="2.5904">
        <ele>388.2</ele>
      </trkpt>
      <trkpt lat="39.70168" lon="2.59065">
        <ele>387.7</ele>
      </trkpt>
      <trkpt lat="39.70173" lon="2.59088">
        <ele>387.5</ele>
      </trkpt>
      <trkpt lat="39.70178" lon="2.59109">
        <ele>387.4</ele>
      </trkpt>
      <trkpt lat="39.70185" lon="2.59136">
        <ele>387.1</ele>
      </trkpt>
      <trkpt lat="39.70191" lon="2.59156">
        <ele>386.8</ele>
      </trkpt>
      <trkpt lat="39.70198" lon="2.59172">
        <ele>386.4</ele>
      </trkpt>
      <trkpt lat="39.70201" lon="2.59178">
        <ele>386.2</ele>
      </trkpt>
      <trkpt lat="39.70213" lon="2.59196">
        <ele>385.3</ele>
      </trkpt>
      <trkpt lat="39.70216" lon="2.592">
        <ele>385.1</ele>
      </trkpt>
      <trkpt lat="39.70225" lon="2.59213">
        <ele>384.5</ele>
      </trkpt>
      <trkpt lat="39.70249" lon="2.59251">
        <ele>383.0</ele>
      </trkpt>
      <trkpt lat="39.70264" lon="2.59274">
        <ele>381.4</ele>
      </trkpt>
      <trkpt lat="39.70279" lon="2.59299">
        <ele>379.7</ele>
      </trkpt>
      <trkpt lat="39.70288" lon="2.59312">
        <ele>378.8</ele>
      </trkpt>
      <trkpt lat="39.70311" lon="2.59346">
        <ele>376.2</ele>
      </trkpt>
      <trkpt lat="39.70324" lon="2.59368">
        <ele>374.7</ele>
      </trkpt>
      <trkpt lat="39.70328" lon="2.59376">
        <ele>374.3</ele>
      </trkpt>
      <trkpt lat="39.70335" lon="2.59388">
        <ele>373.6</ele>
      </trkpt>
      <trkpt lat="39.70339" lon="2.59394">
        <ele>373.2</ele>
      </trkpt>
      <trkpt lat="39.70347" lon="2.59407">
        <ele>372.5</ele>
      </trkpt>
      <trkpt lat="39.70355" lon="2.59418">
        <ele>371.9</ele>
      </trkpt>
      <trkpt lat="39.70363" lon="2.59431">
        <ele>371.4</ele>
      </trkpt>
      <trkpt lat="39.70387" lon="2.59466">
        <ele>370.0</ele>
      </trkpt>
      <trkpt lat="39.70409" lon="2.59501">
        <ele>369.2</ele>
      </trkpt>
      <trkpt lat="39.70419" lon="2.59516">
        <ele>368.9</ele>
      </trkpt>
      <trkpt lat="39.70428" lon="2.59531">
        <ele>368.4</ele>
      </trkpt>
      <trkpt lat="39.70452" lon="2.59567">
        <ele>367.6</ele>
      </trkpt>
      <trkpt lat="39.70474" lon="2.596">
        <ele>367.1</ele>
      </trkpt>
      <trkpt lat="39.70476" lon="2.59603">
        <ele>367.1</ele>
      </trkpt>
      <trkpt lat="39.70521" lon="2.59675">
        <ele>366.3</ele>
      </trkpt>
      <trkpt lat="39.70543" lon="2.59709">
        <ele>365.7</ele>
      </trkpt>
      <trkpt lat="39.70544" lon="2.5971">
        <ele>365.7</ele>
      </trkpt>
      <trkpt lat="39.70566" lon="2.59744">
        <ele>364.8</ele>
      </trkpt>
      <trkpt lat="39.70574" lon="2.59757">
        <ele>364.8</ele>
      </trkpt>
      <trkpt lat="39.70574" lon="2.59758">
        <ele>364.9</ele>
      </trkpt>
      <trkpt lat="39.70578" lon="2.59763">
        <ele>364.9</ele>
      </trkpt>
      <trkpt lat="39.70584" lon="2.59772">
        <ele>365.0</ele>
      </trkpt>
      <trkpt lat="39.70597" lon="2.59793">
        <ele>365.4</ele>
      </trkpt>
      <trkpt lat="39.70601" lon="2.59798">
        <ele>365.4</ele>
      </trkpt>
      <trkpt lat="39.70609" lon="2.59811">
        <ele>365.6</ele>
      </trkpt>
      <trkpt lat="39.70615" lon="2.59821">
        <ele>365.6</ele>
      </trkpt>
      <trkpt lat="39.7062" lon="2.59829">
        <ele>365.6</ele>
      </trkpt>
      <trkpt lat="39.70624" lon="2.59835">
        <ele>365.6</ele>
      </trkpt>
      <trkpt lat="39.7063" lon="2.59844">
        <ele>365.6</ele>
      </trkpt>
      <trkpt lat="39.70632" lon="2.59847">
        <ele>365.6</ele>
      </trkpt>
      <trkpt lat="39.70643" lon="2.59864">
        <ele>365.7</ele>
      </trkpt>
      <trkpt lat="39.70655" lon="2.59882">
        <ele>365.9</ele>
      </trkpt>
      <trkpt lat="39.70661" lon="2.5989">
        <ele>366.0</ele>
      </trkpt>
      <trkpt lat="39.70671" lon="2.59908">
        <ele>366.4</ele>
      </trkpt>
      <trkpt lat="39.70682" lon="2.59925">
        <ele>366.8</ele>
      </trkpt>
      <trkpt lat="39.70682" lon="2.59926">
        <ele>366.9</ele>
      </trkpt>
      <trkpt lat="39.70689" lon="2.59937">
        <ele>367.0</ele>
      </trkpt>
      <trkpt lat="39.70693" lon="2.59944">
        <ele>367.2</ele>
      </trkpt>
      <trkpt lat="39.707" lon="2.59955">
        <ele>367.3</ele>
      </trkpt>
      <trkpt lat="39.70701" lon="2.59958">
        <ele>367.3</ele>
      </trkpt>
      <trkpt lat="39.70719" lon="2.59991">
        <ele>367.6</ele>
      </trkpt>
      <trkpt lat="39.70729" lon="2.60007">
        <ele>367.6</ele>
      </trkpt>
      <trkpt lat="39.70737" lon="2.60023">
        <ele>367.7</ele>
      </trkpt>
      <trkpt lat="39.70754" lon="2.60053">
        <ele>367.7</ele>
      </trkpt>
      <trkpt lat="39.70763" lon="2.60069">
        <ele>367.9</ele>
      </trkpt>
      <trkpt lat="39.70766" lon="2.60076">
        <ele>368.0</ele>
      </trkpt>
      <trkpt lat="39.7077" lon="2.60083">
        <ele>368.0</ele>
      </trkpt>
      <trkpt lat="39.70777" lon="2.60095">
        <ele>368.4</ele>
      </trkpt>
      <trkpt lat="39.70787" lon="2.60112">
        <ele>368.8</ele>
      </trkpt>
      <trkpt lat="39.70803" lon="2.60143">
        <ele>369.6</ele>
      </trkpt>
      <trkpt lat="39.7083" lon="2.60191">
        <ele>370.4</ele>
      </trkpt>
      <trkpt lat="39.70852" lon="2.60231">
        <ele>371.0</ele>
      </trkpt>
      <trkpt lat="39.70875" lon="2.60273">
        <ele>371.7</ele>
      </trkpt>
      <trkpt lat="39.70883" lon="2.60287">
        <ele>371.9</ele>
      </trkpt>
      <trkpt lat="39.7089" lon="2.60302">
        <ele>372.1</ele>
      </trkpt>
      <trkpt lat="39.70897" lon="2.60318">
        <ele>372.2</ele>
      </trkpt>
      <trkpt lat="39.709" lon="2.60325">
        <ele>372.2</ele>
      </trkpt>
      <trkpt lat="39.70906" lon="2.60338">
        <ele>372.2</ele>
      </trkpt>
      <trkpt lat="39.70906" lon="2.60339">
        <ele>372.2</ele>
      </trkpt>
      <trkpt lat="39.70909" lon="2.60346">
        <ele>372.2</ele>
      </trkpt>
      <trkpt lat="39.70914" lon="2.60359">
        <ele>372.2</ele>
      </trkpt>
      <trkpt lat="39.70917" lon="2.60367">
        <ele>372.2</ele>
      </trkpt>
      <trkpt lat="39.70921" lon="2.6038">
        <ele>372.4</ele>
      </trkpt>
      <trkpt lat="39.70922" lon="2.60381">
        <ele>372.3</ele>
      </trkpt>
      <trkpt lat="39.70927" lon="2.60395">
        <ele>372.4</ele>
      </trkpt>
      <trkpt lat="39.70933" lon="2.60415">
        <ele>372.6</ele>
      </trkpt>
      <trkpt lat="39.70934" lon="2.60418">
        <ele>372.6</ele>
      </trkpt>
      <trkpt lat="39.70953" lon="2.60488">
        <ele>371.9</ele>
      </trkpt>
      <trkpt lat="39.70958" lon="2.6051">
        <ele>371.9</ele>
      </trkpt>
      <trkpt lat="39.70965" lon="2.60532">
        <ele>371.9</ele>
      </trkpt>
      <trkpt lat="39.70971" lon="2.60557">
        <ele>372.2</ele>
      </trkpt>
      <trkpt lat="39.70977" lon="2.6058">
        <ele>372.4</ele>
      </trkpt>
      <trkpt lat="39.70986" lon="2.60607">
        <ele>372.4</ele>
      </trkpt>
      <trkpt lat="39.70993" lon="2.60629">
        <ele>372.4</ele>
      </trkpt>
      <trkpt lat="39.70995" lon="2.60634">
        <ele>372.4</ele>
      </trkpt>
      <trkpt lat="39.71001" lon="2.60662">
        <ele>372.7</ele>
      </trkpt>
      <trkpt lat="39.71008" lon="2.60689">
        <ele>372.8</ele>
      </trkpt>
      <trkpt lat="39.71013" lon="2.60706">
        <ele>372.8</ele>
      </trkpt>
      <trkpt lat="39.71016" lon="2.60717">
        <ele>372.7</ele>
      </trkpt>
      <trkpt lat="39.71018" lon="2.60723">
        <ele>372.7</ele>
      </trkpt>
      <trkpt lat="39.71028" lon="2.60761">
        <ele>373.0</ele>
      </trkpt>
      <trkpt lat="39.71029" lon="2.60765">
        <ele>373.1</ele>
      </trkpt>
      <trkpt lat="39.71034" lon="2.60779">
        <ele>373.5</ele>
      </trkpt>
      <trkpt lat="39.71043" lon="2.60804">
        <ele>374.1</ele>
      </trkpt>
      <trkpt lat="39.71043" lon="2.60805">
        <ele>374.2</ele>
      </trkpt>
      <trkpt lat="39.71048" lon="2.60817">
        <ele>374.4</ele>
      </trkpt>
      <trkpt lat="39.71053" lon="2.60828">
        <ele>374.6</ele>
      </trkpt>
      <trkpt lat="39.71054" lon="2.60831">
        <ele>374.7</ele>
      </trkpt>
      <trkpt lat="39.71058" lon="2.60839">
        <ele>374.8</ele>
      </trkpt>
      <trkpt lat="39.71062" lon="2.60847">
        <ele>374.8</ele>
      </trkpt>
      <trkpt lat="39.71067" lon="2.60859">
        <ele>375.0</ele>
      </trkpt>
      <trkpt lat="39.71076" lon="2.60878">
        <ele>375.0</ele>
      </trkpt>
      <trkpt lat="39.71077" lon="2.60881">
        <ele>375.0</ele>
      </trkpt>
      <trkpt lat="39.71078" lon="2.60885">
        <ele>375.1</ele>
      </trkpt>
      <trkpt lat="39.71082" lon="2.60895">
        <ele>375.1</ele>
      </trkpt>
      <trkpt lat="39.71086" lon="2.60906">
        <ele>375.3</ele>
      </trkpt>
      <trkpt lat="39.71087" lon="2.60911">
        <ele>375.4</ele>
      </trkpt>
      <trkpt lat="39.71091" lon="2.60925">
        <ele>375.5</ele>
      </trkpt>
      <trkpt lat="39.71092" lon="2.60931">
        <ele>375.5</ele>
      </trkpt>
      <trkpt lat="39.71096" lon="2.60951">
        <ele>375.5</ele>
      </trkpt>
      <trkpt lat="39.71097" lon="2.60962">
        <ele>375.6</ele>
      </trkpt>
      <trkpt lat="39.71097" lon="2.60974">
        <ele>375.8</ele>
      </trkpt>
      <trkpt lat="39.71098" lon="2.60987">
        <ele>375.9</ele>
      </trkpt>
      <trkpt lat="39.71099" lon="2.61001">
        <ele>376.1</ele>
      </trkpt>
      <trkpt lat="39.71101" lon="2.61052">
        <ele>377.8</ele>
      </trkpt>
      <trkpt lat="39.71101" lon="2.61052">
        <ele>377.8</ele>
      </trkpt>
      <trkpt lat="39.71105" lon="2.6105">
        <ele>377.5</ele>
      </trkpt>
      <trkpt lat="39.71119" lon="2.61044">
        <ele>376.4</ele>
      </trkpt>
      <trkpt lat="39.71134" lon="2.61034">
        <ele>375.2</ele>
      </trkpt>
      <trkpt lat="39.71137" lon="2.61032">
        <ele>374.9</ele>
      </trkpt>
      <trkpt lat="39.71146" lon="2.61027">
        <ele>374.2</ele>
      </trkpt>
      <trkpt lat="39.71155" lon="2.61021">
        <ele>373.5</ele>
      </trkpt>
      <trkpt lat="39.71159" lon="2.61019">
        <ele>373.1</ele>
      </trkpt>
      <trkpt lat="39.71167" lon="2.61014">
        <ele>372.5</ele>
      </trkpt>
      <trkpt lat="39.71173" lon="2.6101">
        <ele>372.7</ele>
      </trkpt>
      <trkpt lat="39.71183" lon="2.61004">
        <ele>373.0</ele>
      </trkpt>
      <trkpt lat="39.71215" lon="2.60984">
        <ele>373.6</ele>
      </trkpt>
      <trkpt lat="39.71219" lon="2.60981">
        <ele>373.7</ele>
      </trkpt>
      <trkpt lat="39.71231" lon="2.60974">
        <ele>373.9</ele>
      </trkpt>
      <trkpt lat="39.71296" lon="2.60932">
        <ele>373.8</ele>
      </trkpt>
      <trkpt lat="39.713" lon="2.60928">
        <ele>373.7</ele>
      </trkpt>
      <trkpt lat="39.71315" lon="2.60919">
        <ele>373.7</ele>
      </trkpt>
      <trkpt lat="39.71341" lon="2.60903">
        <ele>373.7</ele>
      </trkpt>
      <trkpt lat="39.71342" lon="2.60902">
        <ele>373.7</ele>
      </trkpt>
      <trkpt lat="39.71373" lon="2.60884">
        <ele>374.0</ele>
      </trkpt>
      <trkpt lat="39.71389" lon="2.60874">
        <ele>374.1</ele>
      </trkpt>
      <trkpt lat="39.7139" lon="2.60874">
        <ele>374.2</ele>
      </trkpt>
      <trkpt lat="39.71418" lon="2.60859">
        <ele>374.7</ele>
      </trkpt>
      <trkpt lat="39.71439" lon="2.60848">
        <ele>375.3</ele>
      </trkpt>
      <trkpt lat="39.7144" lon="2.60847">
        <ele>375.3</ele>
      </trkpt>
      <trkpt lat="39.71447" lon="2.60844">
        <ele>375.4</ele>
      </trkpt>
      <trkpt lat="39.71498" lon="2.60819">
        <ele>375.9</ele>
      </trkpt>
      <trkpt lat="39.71518" lon="2.6081">
        <ele>376.3</ele>
      </trkpt>
      <trkpt lat="39.71528" lon="2.60805">
        <ele>376.5</ele>
      </trkpt>
      <trkpt lat="39.71535" lon="2.60802">
        <ele>376.7</ele>
      </trkpt>
      <trkpt lat="39.71567" lon="2.60786">
        <ele>377.7</ele>
      </trkpt>
      <trkpt lat="39.71603" lon="2.60769">
        <ele>379.4</ele>
      </trkpt>
      <trkpt lat="39.71619" lon="2.6076">
        <ele>380.1</ele>
      </trkpt>
      <trkpt lat="39.71628" lon="2.60754">
        <ele>380.4</ele>
      </trkpt>
      <trkpt lat="39.71643" lon="2.60744">
        <ele>380.7</ele>
      </trkpt>
      <trkpt lat="39.7165" lon="2.60739">
        <ele>380.7</ele>
      </trkpt>
      <trkpt lat="39.71659" lon="2.60733">
        <ele>380.7</ele>
      </trkpt>
      <trkpt lat="39.7166" lon="2.60732">
        <ele>380.6</ele>
      </trkpt>
      <trkpt lat="39.71675" lon="2.60722">
        <ele>380.4</ele>
      </trkpt>
      <trkpt lat="39.71685" lon="2.60714">
        <ele>380.1</ele>
      </trkpt>
      <trkpt lat="39.71698" lon="2.60707">
        <ele>380.0</ele>
      </trkpt>
      <trkpt lat="39.71707" lon="2.60703">
        <ele>380.1</ele>
      </trkpt>
      <trkpt lat="39.71717" lon="2.607">
        <ele>380.3</ele>
      </trkpt>
      <trkpt lat="39.71725" lon="2.60698">
        <ele>380.4</ele>
      </trkpt>
      <trkpt lat="39.71732" lon="2.60696">
        <ele>380.6</ele>
      </trkpt>
      <trkpt lat="39.71743" lon="2.60695">
        <ele>381.0</ele>
      </trkpt>
      <trkpt lat="39.71753" lon="2.60694">
        <ele>381.3</ele>
      </trkpt>
      <trkpt lat="39.71761" lon="2.60692">
        <ele>381.1</ele>
      </trkpt>
      <trkpt lat="39.71779" lon="2.6069">
        <ele>380.9</ele>
      </trkpt>
      <trkpt lat="39.71797" lon="2.60687">
        <ele>380.6</ele>
      </trkpt>
      <trkpt lat="39.71814" lon="2.60684">
        <ele>380.4</ele>
      </trkpt>
      <trkpt lat="39.71832" lon="2.60682">
        <ele>380.3</ele>
      </trkpt>
      <trkpt lat="39.71841" lon="2.6068">
        <ele>380.6</ele>
      </trkpt>
      <trkpt lat="39.7185" lon="2.60679">
        <ele>381.1</ele>
      </trkpt>
      <trkpt lat="39.71868" lon="2.60676">
        <ele>382.1</ele>
      </trkpt>
      <trkpt lat="39.71922" lon="2.60669">
        <ele>385.3</ele>
      </trkpt>
      <trkpt lat="39.71929" lon="2.60668">
        <ele>385.6</ele>
      </trkpt>
      <trkpt lat="39.71975" lon="2.60661">
        <ele>387.6</ele>
      </trkpt>
      <trkpt lat="39.71998" lon="2.60657">
        <ele>388.6</ele>
      </trkpt>
      <trkpt lat="39.72029" lon="2.60655">
        <ele>391.2</ele>
      </trkpt>
      <trkpt lat="39.72102" lon="2.60649">
        <ele>398.6</ele>
      </trkpt>
      <trkpt lat="39.72123" lon="2.60647">
        <ele>401.6</ele>
      </trkpt>
      <trkpt lat="39.72141" lon="2.60645">
        <ele>404.1</ele>
      </trkpt>
      <trkpt lat="39.72159" lon="2.60643">
        <ele>406.5</ele>
      </trkpt>
      <trkpt lat="39.72168" lon="2.60642">
        <ele>407.7</ele>
      </trkpt>
      <trkpt lat="39.72181" lon="2.60641">
        <ele>410.1</ele>
      </trkpt>
      <trkpt lat="39.72196" lon="2.60636">
        <ele>412.4</ele>
      </trkpt>
      <trkpt lat="39.72201" lon="2.60634">
        <ele>413.1</ele>
      </trkpt>
      <trkpt lat="39.72206" lon="2.60631">
        <ele>413.6</ele>
      </trkpt>
      <trkpt lat="39.72209" lon="2.60628">
        <ele>413.8</ele>
      </trkpt>
      <trkpt lat="39.7221" lon="2.60627">
        <ele>413.9</ele>
      </trkpt>
      <trkpt lat="39.72215" lon="2.60622">
        <ele>414.2</ele>
      </trkpt>
      <trkpt lat="39.72224" lon="2.60612">
        <ele>414.6</ele>
      </trkpt>
      <trkpt lat="39.72234" lon="2.60601">
        <ele>415.1</ele>
      </trkpt>
      <trkpt lat="39.72243" lon="2.60593">
        <ele>415.9</ele>
      </trkpt>
      <trkpt lat="39.72254" lon="2.60586">
        <ele>416.9</ele>
      </trkpt>
      <trkpt lat="39.72265" lon="2.60582">
        <ele>418.1</ele>
      </trkpt>
      <trkpt lat="39.72271" lon="2.60581">
        <ele>418.9</ele>
      </trkpt>
      <trkpt lat="39.72281" lon="2.6058">
        <ele>420.3</ele>
      </trkpt>
      <trkpt lat="39.72289" lon="2.6058">
        <ele>421.5</ele>
      </trkpt>
      <trkpt lat="39.72296" lon="2.6058">
        <ele>422.5</ele>
      </trkpt>
      <trkpt lat="39.72307" lon="2.60583">
        <ele>424.2</ele>
      </trkpt>
      <trkpt lat="39.72311" lon="2.60584">
        <ele>424.9</ele>
      </trkpt>
      <trkpt lat="39.7232" lon="2.60585">
        <ele>426.4</ele>
      </trkpt>
      <trkpt lat="39.72325" lon="2.60587">
        <ele>427.6</ele>
      </trkpt>
      <trkpt lat="39.72329" lon="2.60588">
        <ele>428.4</ele>
      </trkpt>
      <trkpt lat="39.72347" lon="2.60592">
        <ele>429.8</ele>
      </trkpt>
      <trkpt lat="39.72364" lon="2.60597">
        <ele>430.6</ele>
      </trkpt>
      <trkpt lat="39.72374" lon="2.60599">
        <ele>430.8</ele>
      </trkpt>
      <trkpt lat="39.72392" lon="2.60602">
        <ele>431.1</ele>
      </trkpt>
      <trkpt lat="39.72401" lon="2.60604">
        <ele>431.3</ele>
      </trkpt>
      <trkpt lat="39.7241" lon="2.60605">
        <ele>431.3</ele>
      </trkpt>
      <trkpt lat="39.72428" lon="2.60608">
        <ele>429.8</ele>
      </trkpt>
      <trkpt lat="39.72436" lon="2.60609">
        <ele>428.7</ele>
      </trkpt>
      <trkpt lat="39.72464" lon="2.60612">
        <ele>424.6</ele>
      </trkpt>
      <trkpt lat="39.72466" lon="2.60612">
        <ele>424.2</ele>
      </trkpt>
      <trkpt lat="39.72482" lon="2.60614">
        <ele>422.0</ele>
      </trkpt>
      <trkpt lat="39.72487" lon="2.60615">
        <ele>421.4</ele>
      </trkpt>
      <trkpt lat="39.72497" lon="2.60618">
        <ele>420.4</ele>
      </trkpt>
      <trkpt lat="39.72499" lon="2.60619">
        <ele>420.3</ele>
      </trkpt>
      <trkpt lat="39.72502" lon="2.6062">
        <ele>420.1</ele>
      </trkpt>
      <trkpt lat="39.72514" lon="2.60627">
        <ele>419.9</ele>
      </trkpt>
      <trkpt lat="39.72516" lon="2.60628">
        <ele>419.8</ele>
      </trkpt>
      <trkpt lat="39.72532" lon="2.60639">
        <ele>419.8</ele>
      </trkpt>
      <trkpt lat="39.72537" lon="2.60642">
        <ele>419.7</ele>
      </trkpt>
      <trkpt lat="39.72562" lon="2.60656">
        <ele>419.0</ele>
      </trkpt>
      <trkpt lat="39.72565" lon="2.60657">
        <ele>418.7</ele>
      </trkpt>
      <trkpt lat="39.72568" lon="2.60659">
        <ele>418.7</ele>
      </trkpt>
      <trkpt lat="39.72572" lon="2.60659">
        <ele>418.1</ele>
      </trkpt>
      <trkpt lat="39.72578" lon="2.60657">
        <ele>416.7</ele>
      </trkpt>
      <trkpt lat="39.72582" lon="2.60656">
        <ele>415.9</ele>
      </trkpt>
      <trkpt lat="39.72602" lon="2.60649">
        <ele>413.5</ele>
      </trkpt>
      <trkpt lat="39.72618" lon="2.60643">
        <ele>411.6</ele>
      </trkpt>
      <trkpt lat="39.72624" lon="2.60642">
        <ele>411.1</ele>
      </trkpt>
      <trkpt lat="39.7263" lon="2.60641">
        <ele>410.6</ele>
      </trkpt>
      <trkpt lat="39.72631" lon="2.60642">
        <ele>410.9</ele>
      </trkpt>
      <trkpt lat="39.72639" lon="2.60642">
        <ele>410.5</ele>
      </trkpt>
      <trkpt lat="39.72647" lon="2.60645">
        <ele>411.0</ele>
      </trkpt>
      <trkpt lat="39.72659" lon="2.60648">
        <ele>411.3</ele>
      </trkpt>
      <trkpt lat="39.72671" lon="2.60655">
        <ele>412.4</ele>
      </trkpt>
      <trkpt lat="39.72678" lon="2.60661">
        <ele>413.0</ele>
      </trkpt>
      <trkpt lat="39.72682" lon="2.60664">
        <ele>413.3</ele>
      </trkpt>
      <trkpt lat="39.72689" lon="2.6067">
        <ele>414.0</ele>
      </trkpt>
      <trkpt lat="39.72698" lon="2.60678">
        <ele>415.0</ele>
      </trkpt>
      <trkpt lat="39.7271" lon="2.60692">
        <ele>417.4</ele>
      </trkpt>
      <trkpt lat="39.72711" lon="2.60693">
        <ele>417.6</ele>
      </trkpt>
      <trkpt lat="39.72718" lon="2.607">
        <ele>418.8</ele>
      </trkpt>
      <trkpt lat="39.72725" lon="2.60706">
        <ele>419.7</ele>
      </trkpt>
      <trkpt lat="39.72741" lon="2.60715">
        <ele>420.5</ele>
      </trkpt>
      <trkpt lat="39.72746" lon="2.60718">
        <ele>420.8</ele>
      </trkpt>
      <trkpt lat="39.72764" lon="2.60725">
        <ele>419.5</ele>
      </trkpt>
      <trkpt lat="39.72766" lon="2.60726">
        <ele>419.4</ele>
      </trkpt>
      <trkpt lat="39.72782" lon="2.60733">
        <ele>418.2</ele>
      </trkpt>
      <trkpt lat="39.728" lon="2.60738">
        <ele>416.0</ele>
      </trkpt>
      <trkpt lat="39.72824" lon="2.60751">
        <ele>415.2</ele>
      </trkpt>
      <trkpt lat="39.72834" lon="2.60756">
        <ele>415.0</ele>
      </trkpt>
      <trkpt lat="39.72843" lon="2.6076">
        <ele>415.8</ele>
      </trkpt>
      <trkpt lat="39.72862" lon="2.60767">
        <ele>417.1</ele>
      </trkpt>
      <trkpt lat="39.72869" lon="2.60767">
        <ele>416.7</ele>
      </trkpt>
      <trkpt lat="39.72872" lon="2.60768">
        <ele>416.8</ele>
      </trkpt>
      <trkpt lat="39.7288" lon="2.60768">
        <ele>416.4</ele>
      </trkpt>
      <trkpt lat="39.72893" lon="2.60766">
        <ele>414.9</ele>
      </trkpt>
      <trkpt lat="39.72904" lon="2.60762">
        <ele>412.9</ele>
      </trkpt>
      <trkpt lat="39.72912" lon="2.60759">
        <ele>411.4</ele>
      </trkpt>
      <trkpt lat="39.72919" lon="2.60756">
        <ele>409.8</ele>
      </trkpt>
      <trkpt lat="39.72922" lon="2.60756">
        <ele>409.4</ele>
      </trkpt>
      <trkpt lat="39.72927" lon="2.60755">
        <ele>408.5</ele>
      </trkpt>
      <trkpt lat="39.72939" lon="2.60755">
        <ele>407.0</ele>
      </trkpt>
      <trkpt lat="39.7294" lon="2.60755">
        <ele>406.9</ele>
      </trkpt>
      <trkpt lat="39.72956" lon="2.60756">
        <ele>405.2</ele>
      </trkpt>
      <trkpt lat="39.72973" lon="2.60758">
        <ele>403.8</ele>
      </trkpt>
      <trkpt lat="39.72983" lon="2.6076">
        <ele>403.1</ele>
      </trkpt>
      <trkpt lat="39.72991" lon="2.60766">
        <ele>404.0</ele>
      </trkpt>
      <trkpt lat="39.72992" lon="2.60767">
        <ele>404.1</ele>
      </trkpt>
      <trkpt lat="39.72998" lon="2.60773">
        <ele>405.2</ele>
      </trkpt>
      <trkpt lat="39.7301" lon="2.60783">
        <ele>404.4</ele>
      </trkpt>
      <trkpt lat="39.73018" lon="2.60792">
        <ele>404.3</ele>
      </trkpt>
      <trkpt lat="39.73036" lon="2.60812">
        <ele>404.3</ele>
      </trkpt>
      <trkpt lat="39.73048" lon="2.60825">
        <ele>404.3</ele>
      </trkpt>
      <trkpt lat="39.73057" lon="2.60834">
        <ele>404.1</ele>
      </trkpt>
      <trkpt lat="39.73069" lon="2.60847">
        <ele>404.6</ele>
      </trkpt>
      <trkpt lat="39.73079" lon="2.60859">
        <ele>405.2</ele>
      </trkpt>
      <trkpt lat="39.73089" lon="2.60871">
        <ele>406.3</ele>
      </trkpt>
      <trkpt lat="39.73098" lon="2.6088">
        <ele>407.2</ele>
      </trkpt>
      <trkpt lat="39.73103" lon="2.60885">
        <ele>407.6</ele>
      </trkpt>
      <trkpt lat="39.73118" lon="2.60898">
        <ele>408.0</ele>
      </trkpt>
      <trkpt lat="39.73121" lon="2.60901">
        <ele>408.2</ele>
      </trkpt>
      <trkpt lat="39.73144" lon="2.60917">
        <ele>407.1</ele>
      </trkpt>
      <trkpt lat="39.7315" lon="2.6092">
        <ele>406.4</ele>
      </trkpt>
      <trkpt lat="39.73171" lon="2.60929">
        <ele>403.9</ele>
      </trkpt>
      <trkpt lat="39.73184" lon="2.60935">
        <ele>403.3</ele>
      </trkpt>
      <trkpt lat="39.73196" lon="2.6094">
        <ele>402.5</ele>
      </trkpt>
      <trkpt lat="39.73215" lon="2.60946">
        <ele>400.4</ele>
      </trkpt>
      <trkpt lat="39.73219" lon="2.60946">
        <ele>399.7</ele>
      </trkpt>
      <trkpt lat="39.73222" lon="2.60946">
        <ele>399.1</ele>
      </trkpt>
      <trkpt lat="39.73229" lon="2.60945">
        <ele>397.6</ele>
      </trkpt>
      <trkpt lat="39.73243" lon="2.60945">
        <ele>395.1</ele>
      </trkpt>
      <trkpt lat="39.73255" lon="2.60945">
        <ele>392.9</ele>
      </trkpt>
      <trkpt lat="39.73263" lon="2.60946">
        <ele>391.6</ele>
      </trkpt>
      <trkpt lat="39.73268" lon="2.60949">
        <ele>391.1</ele>
      </trkpt>
      <trkpt lat="39.73271" lon="2.60951">
        <ele>390.8</ele>
      </trkpt>
      <trkpt lat="39.73277" lon="2.60958">
        <ele>390.6</ele>
      </trkpt>
      <trkpt lat="39.73285" lon="2.60968">
        <ele>390.3</ele>
      </trkpt>
      <trkpt lat="39.73292" lon="2.60979">
        <ele>390.0</ele>
      </trkpt>
      <trkpt lat="39.73305" lon="2.60999">
        <ele>389.0</ele>
      </trkpt>
      <trkpt lat="39.73309" lon="2.61004">
        <ele>388.8</ele>
      </trkpt>
      <trkpt lat="39.73317" lon="2.61017">
        <ele>388.7</ele>
      </trkpt>
      <trkpt lat="39.73324" lon="2.61028">
        <ele>388.2</ele>
      </trkpt>
      <trkpt lat="39.73327" lon="2.61036">
        <ele>388.3</ele>
      </trkpt>
      <trkpt lat="39.73333" lon="2.61049">
        <ele>388.0</ele>
      </trkpt>
      <trkpt lat="39.73355" lon="2.61108">
        <ele>389.8</ele>
      </trkpt>
      <trkpt lat="39.7336" lon="2.61119">
        <ele>390.5</ele>
      </trkpt>
      <trkpt lat="39.73364" lon="2.6113">
        <ele>391.5</ele>
      </trkpt>
      <trkpt lat="39.7337" lon="2.61144">
        <ele>392.6</ele>
      </trkpt>
      <trkpt lat="39.73377" lon="2.61155">
        <ele>393.0</ele>
      </trkpt>
      <trkpt lat="39.7338" lon="2.61158">
        <ele>392.8</ele>
      </trkpt>
      <trkpt lat="39.73384" lon="2.61161">
        <ele>392.4</ele>
      </trkpt>
      <trkpt lat="39.7339" lon="2.61166">
        <ele>391.9</ele>
      </trkpt>
      <trkpt lat="39.73395" lon="2.61169">
        <ele>391.2</ele>
      </trkpt>
      <trkpt lat="39.73403" lon="2.61174">
        <ele>390.3</ele>
      </trkpt>
      <trkpt lat="39.73412" lon="2.61178">
        <ele>388.9</ele>
      </trkpt>
      <trkpt lat="39.7342" lon="2.61181">
        <ele>388.2</ele>
      </trkpt>
      <trkpt lat="39.73429" lon="2.61186">
        <ele>388.7</ele>
      </trkpt>
      <trkpt lat="39.73439" lon="2.61194">
        <ele>389.6</ele>
      </trkpt>
      <trkpt lat="39.73447" lon="2.61201">
        <ele>390.4</ele>
      </trkpt>
      <trkpt lat="39.73455" lon="2.61209">
        <ele>391.2</ele>
      </trkpt>
      <trkpt lat="39.73458" lon="2.61213">
        <ele>391.7</ele>
      </trkpt>
      <trkpt lat="39.73472" lon="2.61228">
        <ele>393.0</ele>
      </trkpt>
      <trkpt lat="39.73478" lon="2.61234">
        <ele>393.3</ele>
      </trkpt>
      <trkpt lat="39.73497" lon="2.61259">
        <ele>395.0</ele>
      </trkpt>
      <trkpt lat="39.73498" lon="2.6126">
        <ele>395.0</ele>
      </trkpt>
      <trkpt lat="39.73509" lon="2.61279">
        <ele>394.9</ele>
      </trkpt>
      <trkpt lat="39.73512" lon="2.61283">
        <ele>394.6</ele>
      </trkpt>
      <trkpt lat="39.73519" lon="2.61298">
        <ele>394.8</ele>
      </trkpt>
      <trkpt lat="39.73524" lon="2.61307">
        <ele>394.6</ele>
      </trkpt>
      <trkpt lat="39.73533" lon="2.61324">
        <ele>394.4</ele>
      </trkpt>
      <trkpt lat="39.73541" lon="2.61336">
        <ele>393.8</ele>
      </trkpt>
      <trkpt lat="39.73543" lon="2.61339">
        <ele>393.9</ele>
      </trkpt>
      <trkpt lat="39.73553" lon="2.61353">
        <ele>393.4</ele>
      </trkpt>
      <trkpt lat="39.73557" lon="2.61358">
        <ele>392.9</ele>
      </trkpt>
      <trkpt lat="39.73564" lon="2.61371">
        <ele>392.7</ele>
      </trkpt>
      <trkpt lat="39.73565" lon="2.61373">
        <ele>392.7</ele>
      </trkpt>
      <trkpt lat="39.7357" lon="2.61383">
        <ele>392.5</ele>
      </trkpt>
      <trkpt lat="39.73575" lon="2.61393">
        <ele>392.0</ele>
      </trkpt>
      <trkpt lat="39.73582" lon="2.61411">
        <ele>391.8</ele>
      </trkpt>
      <trkpt lat="39.73585" lon="2.61416">
        <ele>391.3</ele>
      </trkpt>
      <trkpt lat="39.73591" lon="2.61428">
        <ele>392.0</ele>
      </trkpt>
      <trkpt lat="39.73598" lon="2.6144">
        <ele>392.2</ele>
      </trkpt>
      <trkpt lat="39.73602" lon="2.61445">
        <ele>391.8</ele>
      </trkpt>
      <trkpt lat="39.73606" lon="2.61448">
        <ele>391.0</ele>
      </trkpt>
      <trkpt lat="39.73615" lon="2.61455">
        <ele>389.0</ele>
      </trkpt>
      <trkpt lat="39.73625" lon="2.6146">
        <ele>386.1</ele>
      </trkpt>
      <trkpt lat="39.73631" lon="2.61464">
        <ele>384.4</ele>
      </trkpt>
      <trkpt lat="39.73636" lon="2.61469">
        <ele>383.3</ele>
      </trkpt>
      <trkpt lat="39.73642" lon="2.61475">
        <ele>381.8</ele>
      </trkpt>
      <trkpt lat="39.73646" lon="2.61482">
        <ele>381.3</ele>
      </trkpt>
      <trkpt lat="39.73648" lon="2.61487">
        <ele>381.3</ele>
      </trkpt>
      <trkpt lat="39.7365" lon="2.61492">
        <ele>381.2</ele>
      </trkpt>
      <trkpt lat="39.73656" lon="2.61512">
        <ele>381.3</ele>
      </trkpt>
      <trkpt lat="39.73661" lon="2.6153">
        <ele>381.2</ele>
      </trkpt>
      <trkpt lat="39.73666" lon="2.61549">
        <ele>381.2</ele>
      </trkpt>
      <trkpt lat="39.73669" lon="2.61562">
        <ele>381.2</ele>
      </trkpt>
      <trkpt lat="39.7367" lon="2.61573">
        <ele>381.9</ele>
      </trkpt>
      <trkpt lat="39.7367" lon="2.61577">
        <ele>382.4</ele>
      </trkpt>
      <trkpt lat="39.7367" lon="2.61596">
        <ele>384.0</ele>
      </trkpt>
      <trkpt lat="39.7367" lon="2.61609">
        <ele>385.0</ele>
      </trkpt>
      <trkpt lat="39.7367" lon="2.61619">
        <ele>385.7</ele>
      </trkpt>
      <trkpt lat="39.73669" lon="2.61643">
        <ele>388.0</ele>
      </trkpt>
      <trkpt lat="39.73667" lon="2.61666">
        <ele>390.8</ele>
      </trkpt>
      <trkpt lat="39.73666" lon="2.61672">
        <ele>392.1</ele>
      </trkpt>
      <trkpt lat="39.73668" lon="2.61685">
        <ele>393.2</ele>
      </trkpt>
      <trkpt lat="39.73669" lon="2.61689">
        <ele>393.3</ele>
      </trkpt>
      <trkpt lat="39.7367" lon="2.61694">
        <ele>393.6</ele>
      </trkpt>
      <trkpt lat="39.73674" lon="2.61702">
        <ele>393.0</ele>
      </trkpt>
      <trkpt lat="39.73677" lon="2.61709">
        <ele>392.8</ele>
      </trkpt>
      <trkpt lat="39.73678" lon="2.61709">
        <ele>392.4</ele>
      </trkpt>
      <trkpt lat="39.73684" lon="2.61715">
        <ele>390.8</ele>
      </trkpt>
      <trkpt lat="39.73693" lon="2.61721">
        <ele>388.0</ele>
      </trkpt>
      <trkpt lat="39.7374" lon="2.61751">
        <ele>376.9</ele>
      </trkpt>
      <trkpt lat="39.73758" lon="2.61761">
        <ele>373.2</ele>
      </trkpt>
      <trkpt lat="39.73765" lon="2.61764">
        <ele>371.8</ele>
      </trkpt>
      <trkpt lat="39.73785" lon="2.61776">
        <ele>368.3</ele>
      </trkpt>
      <trkpt lat="39.738" lon="2.61785">
        <ele>365.3</ele>
      </trkpt>
      <trkpt lat="39.73804" lon="2.61788">
        <ele>364.6</ele>
      </trkpt>
      <trkpt lat="39.73807" lon="2.6179">
        <ele>364.0</ele>
      </trkpt>
      <trkpt lat="39.73808" lon="2.61791">
        <ele>363.8</ele>
      </trkpt>
      <trkpt lat="39.73811" lon="2.61794">
        <ele>363.3</ele>
      </trkpt>
      <trkpt lat="39.73813" lon="2.61797">
        <ele>363.1</ele>
      </trkpt>
      <trkpt lat="39.73814" lon="2.618">
        <ele>363.2</ele>
      </trkpt>
      <trkpt lat="39.73815" lon="2.61805">
        <ele>363.6</ele>
      </trkpt>
      <trkpt lat="39.73815" lon="2.61809">
        <ele>364.2</ele>
      </trkpt>
      <trkpt lat="39.73815" lon="2.6181">
        <ele>364.3</ele>
      </trkpt>
      <trkpt lat="39.73815" lon="2.61816">
        <ele>365.1</ele>
      </trkpt>
      <trkpt lat="39.73813" lon="2.61833">
        <ele>368.3</ele>
      </trkpt>
      <trkpt lat="39.73813" lon="2.61836">
        <ele>368.2</ele>
      </trkpt>
      <trkpt lat="39.73811" lon="2.61856">
        <ele>368.3</ele>
      </trkpt>
      <trkpt lat="39.73809" lon="2.61873">
        <ele>368.5</ele>
      </trkpt>
      <trkpt lat="39.73809" lon="2.6188">
        <ele>368.3</ele>
      </trkpt>
      <trkpt lat="39.73809" lon="2.61893">
        <ele>367.9</ele>
      </trkpt>
      <trkpt lat="39.73809" lon="2.61897">
        <ele>367.8</ele>
      </trkpt>
      <trkpt lat="39.73809" lon="2.61921">
        <ele>366.9</ele>
      </trkpt>
      <trkpt lat="39.73808" lon="2.61934">
        <ele>366.2</ele>
      </trkpt>
      <trkpt lat="39.73806" lon="2.61944">
        <ele>366.1</ele>
      </trkpt>
      <trkpt lat="39.73805" lon="2.61953">
        <ele>365.7</ele>
      </trkpt>
      <trkpt lat="39.73797" lon="2.61989">
        <ele>365.1</ele>
      </trkpt>
      <trkpt lat="39.73797" lon="2.62001">
        <ele>364.2</ele>
      </trkpt>
      <trkpt lat="39.73797" lon="2.62009">
        <ele>364.8</ele>
      </trkpt>
      <trkpt lat="39.738" lon="2.62021">
        <ele>364.9</ele>
      </trkpt>
      <trkpt lat="39.7381" lon="2.62046">
        <ele>363.9</ele>
      </trkpt>
      <trkpt lat="39.73816" lon="2.62058">
        <ele>363.1</ele>
      </trkpt>
      <trkpt lat="39.73837" lon="2.6209">
        <ele>359.7</ele>
      </trkpt>
      <trkpt lat="39.73856" lon="2.62121">
        <ele>358.1</ele>
      </trkpt>
      <trkpt lat="39.73875" lon="2.62146">
        <ele>356.4</ele>
      </trkpt>
      <trkpt lat="39.73886" lon="2.62159">
        <ele>355.4</ele>
      </trkpt>
      <trkpt lat="39.7389" lon="2.62162">
        <ele>354.9</ele>
      </trkpt>
      <trkpt lat="39.73899" lon="2.62168">
        <ele>353.7</ele>
      </trkpt>
      <trkpt lat="39.73906" lon="2.62173">
        <ele>352.7</ele>
      </trkpt>
      <trkpt lat="39.73922" lon="2.62184">
        <ele>350.6</ele>
      </trkpt>
      <trkpt lat="39.73935" lon="2.62194">
        <ele>349.3</ele>
      </trkpt>
      <trkpt lat="39.73937" lon="2.62195">
        <ele>349.0</ele>
      </trkpt>
      <trkpt lat="39.73945" lon="2.622">
        <ele>348.2</ele>
      </trkpt>
      <trkpt lat="39.73969" lon="2.62217">
        <ele>345.8</ele>
      </trkpt>
      <trkpt lat="39.73985" lon="2.62228">
        <ele>344.3</ele>
      </trkpt>
      <trkpt lat="39.73998" lon="2.62237">
        <ele>343.1</ele>
      </trkpt>
      <trkpt lat="39.73999" lon="2.62238">
        <ele>343.0</ele>
      </trkpt>
      <trkpt lat="39.74004" lon="2.62241">
        <ele>342.6</ele>
      </trkpt>
      <trkpt lat="39.74014" lon="2.62247">
        <ele>341.8</ele>
      </trkpt>
      <trkpt lat="39.74022" lon="2.62253">
        <ele>341.5</ele>
      </trkpt>
      <trkpt lat="39.7403" lon="2.62258">
        <ele>341.1</ele>
      </trkpt>
      <trkpt lat="39.74046" lon="2.62269">
        <ele>340.3</ele>
      </trkpt>
      <trkpt lat="39.74061" lon="2.6228">
        <ele>339.6</ele>
      </trkpt>
      <trkpt lat="39.74092" lon="2.62301">
        <ele>337.9</ele>
      </trkpt>
      <trkpt lat="39.74101" lon="2.62309">
        <ele>337.6</ele>
      </trkpt>
      <trkpt lat="39.74108" lon="2.62315">
        <ele>337.2</ele>
      </trkpt>
      <trkpt lat="39.74113" lon="2.6232">
        <ele>337.0</ele>
      </trkpt>
      <trkpt lat="39.74122" lon="2.6233">
        <ele>336.6</ele>
      </trkpt>
      <trkpt lat="39.74122" lon="2.62331">
        <ele>336.7</ele>
      </trkpt>
      <trkpt lat="39.7413" lon="2.62343">
        <ele>336.0</ele>
      </trkpt>
      <trkpt lat="39.74145" lon="2.62368">
        <ele>334.3</ele>
      </trkpt>
      <trkpt lat="39.74177" lon="2.62429">
        <ele>331.3</ele>
      </trkpt>
      <trkpt lat="39.74207" lon="2.62487">
        <ele>329.6</ele>
      </trkpt>
      <trkpt lat="39.74223" lon="2.62517">
        <ele>327.8</ele>
      </trkpt>
      <trkpt lat="39.74227" lon="2.62526">
        <ele>327.3</ele>
      </trkpt>
      <trkpt lat="39.74237" lon="2.62546">
        <ele>325.6</ele>
      </trkpt>
      <trkpt lat="39.74237" lon="2.62547">
        <ele>325.7</ele>
      </trkpt>
      <trkpt lat="39.74245" lon="2.62566">
        <ele>324.1</ele>
      </trkpt>
      <trkpt lat="39.74254" lon="2.62587">
        <ele>322.6</ele>
      </trkpt>
      <trkpt lat="39.74262" lon="2.62608">
        <ele>322.3</ele>
      </trkpt>
      <trkpt lat="39.74271" lon="2.62628">
        <ele>321.6</ele>
      </trkpt>
      <trkpt lat="39.74279" lon="2.62649">
        <ele>320.9</ele>
      </trkpt>
      <trkpt lat="39.74282" lon="2.62655">
        <ele>320.5</ele>
      </trkpt>
      <trkpt lat="39.7429" lon="2.62671">
        <ele>319.5</ele>
      </trkpt>
      <trkpt lat="39.74298" lon="2.62686">
        <ele>318.6</ele>
      </trkpt>
      <trkpt lat="39.74299" lon="2.62688">
        <ele>318.5</ele>
      </trkpt>
      <trkpt lat="39.74307" lon="2.62701">
        <ele>317.6</ele>
      </trkpt>
      <trkpt lat="39.7433" lon="2.62735">
        <ele>314.9</ele>
      </trkpt>
      <trkpt lat="39.74338" lon="2.62745">
        <ele>314.1</ele>
      </trkpt>
      <trkpt lat="39.74343" lon="2.6275">
        <ele>313.6</ele>
      </trkpt>
      <trkpt lat="39.74348" lon="2.62755">
        <ele>313.3</ele>
      </trkpt>
      <trkpt lat="39.74362" lon="2.62769">
        <ele>312.5</ele>
      </trkpt>
      <trkpt lat="39.74385" lon="2.62787">
        <ele>311.0</ele>
      </trkpt>
      <trkpt lat="39.74416" lon="2.6281">
        <ele>309.6</ele>
      </trkpt>
      <trkpt lat="39.74427" lon="2.62818">
        <ele>308.0</ele>
      </trkpt>
      <trkpt lat="39.74432" lon="2.62822">
        <ele>307.5</ele>
      </trkpt>
      <trkpt lat="39.74448" lon="2.62833">
        <ele>306.7</ele>
      </trkpt>
      <trkpt lat="39.74481" lon="2.62857">
        <ele>305.9</ele>
      </trkpt>
      <trkpt lat="39.74489" lon="2.62863">
        <ele>306.1</ele>
      </trkpt>
      <trkpt lat="39.74495" lon="2.62867">
        <ele>306.2</ele>
      </trkpt>
      <trkpt lat="39.745" lon="2.6287">
        <ele>306.4</ele>
      </trkpt>
      <trkpt lat="39.74512" lon="2.62874">
        <ele>306.2</ele>
      </trkpt>
      <trkpt lat="39.74515" lon="2.62876">
        <ele>306.5</ele>
      </trkpt>
      <trkpt lat="39.74529" lon="2.62879">
        <ele>306.1</ele>
      </trkpt>
      <trkpt lat="39.74547" lon="2.62882">
        <ele>305.6</ele>
      </trkpt>
      <trkpt lat="39.74574" lon="2.62888">
        <ele>305.6</ele>
      </trkpt>
      <trkpt lat="39.74601" lon="2.62893">
        <ele>306.5</ele>
      </trkpt>
      <trkpt lat="39.74616" lon="2.62896">
        <ele>307.0</ele>
      </trkpt>
      <trkpt lat="39.74618" lon="2.62897">
        <ele>307.2</ele>
      </trkpt>
      <trkpt lat="39.74636" lon="2.62902">
        <ele>307.9</ele>
      </trkpt>
      <trkpt lat="39.74639" lon="2.62903">
        <ele>308.0</ele>
      </trkpt>
      <trkpt lat="39.74648" lon="2.62908">
        <ele>308.6</ele>
      </trkpt>
      <trkpt lat="39.74652" lon="2.62911">
        <ele>309.0</ele>
      </trkpt>
      <trkpt lat="39.74658" lon="2.62916">
        <ele>309.5</ele>
      </trkpt>
      <trkpt lat="39.74667" lon="2.62925">
        <ele>310.1</ele>
      </trkpt>
      <trkpt lat="39.74677" lon="2.62936">
        <ele>309.3</ele>
      </trkpt>
      <trkpt lat="39.74694" lon="2.62955">
        <ele>308.0</ele>
      </trkpt>
      <trkpt lat="39.74722" lon="2.62985">
        <ele>305.6</ele>
      </trkpt>
      <trkpt lat="39.74726" lon="2.6299">
        <ele>305.3</ele>
      </trkpt>
      <trkpt lat="39.74742" lon="2.63008">
        <ele>304.2</ele>
      </trkpt>
      <trkpt lat="39.74759" lon="2.63027">
        <ele>303.3</ele>
      </trkpt>
      <trkpt lat="39.74772" lon="2.63044">
        <ele>303.4</ele>
      </trkpt>
      <trkpt lat="39.74789" lon="2.63059">
        <ele>302.4</ele>
      </trkpt>
      <trkpt lat="39.74791" lon="2.6306">
        <ele>302.2</ele>
      </trkpt>
      <trkpt lat="39.74806" lon="2.63068">
        <ele>300.6</ele>
      </trkpt>
      <trkpt lat="39.74807" lon="2.63069">
        <ele>300.6</ele>
      </trkpt>
      <trkpt lat="39.74828" lon="2.63077">
        <ele>297.9</ele>
      </trkpt>
      <trkpt lat="39.74884" lon="2.63102">
        <ele>293.5</ele>
      </trkpt>
      <trkpt lat="39.74905" lon="2.6311">
        <ele>292.0</ele>
      </trkpt>
      <trkpt lat="39.7491" lon="2.63111">
        <ele>291.4</ele>
      </trkpt>
      <trkpt lat="39.74916" lon="2.63113">
        <ele>290.9</ele>
      </trkpt>
      <trkpt lat="39.74921" lon="2.63113">
        <ele>291.6</ele>
      </trkpt>
      <trkpt lat="39.74926" lon="2.63112">
        <ele>292.1</ele>
      </trkpt>
      <trkpt lat="39.74928" lon="2.63112">
        <ele>292.4</ele>
      </trkpt>
      <trkpt lat="39.74934" lon="2.63109">
        <ele>292.6</ele>
      </trkpt>
      <trkpt lat="39.74944" lon="2.63101">
        <ele>292.0</ele>
      </trkpt>
      <trkpt lat="39.74949" lon="2.63096">
        <ele>291.3</ele>
      </trkpt>
      <trkpt lat="39.74954" lon="2.63092">
        <ele>290.9</ele>
      </trkpt>
      <trkpt lat="39.7497" lon="2.63079">
        <ele>289.6</ele>
      </trkpt>
      <trkpt lat="39.74975" lon="2.63074">
        <ele>288.9</ele>
      </trkpt>
      <trkpt lat="39.74987" lon="2.63065">
        <ele>287.9</ele>
      </trkpt>
      <trkpt lat="39.74991" lon="2.63063">
        <ele>287.8</ele>
      </trkpt>
      <trkpt lat="39.75002" lon="2.63057">
        <ele>287.3</ele>
      </trkpt>
      <trkpt lat="39.75008" lon="2.63055">
        <ele>287.2</ele>
      </trkpt>
      <trkpt lat="39.75025" lon="2.6305">
        <ele>287.0</ele>
      </trkpt>
      <trkpt lat="39.7503" lon="2.63048">
        <ele>286.8</ele>
      </trkpt>
      <trkpt lat="39.75043" lon="2.63044">
        <ele>286.6</ele>
      </trkpt>
      <trkpt lat="39.7507" lon="2.63036">
        <ele>286.1</ele>
      </trkpt>
      <trkpt lat="39.75094" lon="2.63024">
        <ele>283.1</ele>
      </trkpt>
      <trkpt lat="39.75097" lon="2.63023">
        <ele>282.8</ele>
      </trkpt>
      <trkpt lat="39.75111" lon="2.63015">
        <ele>280.4</ele>
      </trkpt>
      <trkpt lat="39.75139" lon="2.63001">
        <ele>277.3</ele>
      </trkpt>
      <trkpt lat="39.75145" lon="2.62998">
        <ele>276.9</ele>
      </trkpt>
      <trkpt lat="39.75161" lon="2.62989">
        <ele>276.0</ele>
      </trkpt>
      <trkpt lat="39.75164" lon="2.62988">
        <ele>275.9</ele>
      </trkpt>
      <trkpt lat="39.75178" lon="2.62982">
        <ele>273.7</ele>
      </trkpt>
      <trkpt lat="39.75183" lon="2.6298">
        <ele>272.8</ele>
      </trkpt>
      <trkpt lat="39.75196" lon="2.62978">
        <ele>271.0</ele>
      </trkpt>
      <trkpt lat="39.75206" lon="2.62975">
        <ele>269.4</ele>
      </trkpt>
      <trkpt lat="39.75212" lon="2.62976">
        <ele>268.9</ele>
      </trkpt>
      <trkpt lat="39.75213" lon="2.62976">
        <ele>268.8</ele>
      </trkpt>
      <trkpt lat="39.75222" lon="2.62977">
        <ele>268.0</ele>
      </trkpt>
      <trkpt lat="39.7523" lon="2.6298">
        <ele>267.6</ele>
      </trkpt>
      <trkpt lat="39.75238" lon="2.62984">
        <ele>267.4</ele>
      </trkpt>
      <trkpt lat="39.75246" lon="2.62991">
        <ele>267.8</ele>
      </trkpt>
      <trkpt lat="39.75253" lon="2.62997">
        <ele>267.4</ele>
      </trkpt>
      <trkpt lat="39.75259" lon="2.63006">
        <ele>266.1</ele>
      </trkpt>
      <trkpt lat="39.75266" lon="2.63013">
        <ele>264.0</ele>
      </trkpt>
      <trkpt lat="39.75271" lon="2.63026">
        <ele>263.1</ele>
      </trkpt>
      <trkpt lat="39.75276" lon="2.63041">
        <ele>262.2</ele>
      </trkpt>
      <trkpt lat="39.75277" lon="2.63046">
        <ele>262.2</ele>
      </trkpt>
      <trkpt lat="39.7528" lon="2.63069">
        <ele>262.6</ele>
      </trkpt>
      <trkpt lat="39.75281" lon="2.63078">
        <ele>262.9</ele>
      </trkpt>
      <trkpt lat="39.75283" lon="2.63092">
        <ele>262.6</ele>
      </trkpt>
      <trkpt lat="39.75284" lon="2.63104">
        <ele>262.4</ele>
      </trkpt>
      <trkpt lat="39.75286" lon="2.63115">
        <ele>261.9</ele>
      </trkpt>
      <trkpt lat="39.75294" lon="2.63138">
        <ele>259.8</ele>
      </trkpt>
      <trkpt lat="39.75306" lon="2.63161">
        <ele>257.0</ele>
      </trkpt>
      <trkpt lat="39.75315" lon="2.63176">
        <ele>255.2</ele>
      </trkpt>
      <trkpt lat="39.75326" lon="2.63191">
        <ele>253.2</ele>
      </trkpt>
      <trkpt lat="39.75327" lon="2.63192">
        <ele>253.0</ele>
      </trkpt>
      <trkpt lat="39.75339" lon="2.63206">
        <ele>250.9</ele>
      </trkpt>
      <trkpt lat="39.7534" lon="2.63207">
        <ele>250.8</ele>
      </trkpt>
      <trkpt lat="39.75354" lon="2.63221">
        <ele>248.7</ele>
      </trkpt>
      <trkpt lat="39.75356" lon="2.63223">
        <ele>248.4</ele>
      </trkpt>
      <trkpt lat="39.75373" lon="2.63235">
        <ele>246.3</ele>
      </trkpt>
      <trkpt lat="39.75386" lon="2.63242">
        <ele>244.9</ele>
      </trkpt>
      <trkpt lat="39.754" lon="2.63249">
        <ele>243.6</ele>
      </trkpt>
      <trkpt lat="39.75403" lon="2.6325">
        <ele>243.3</ele>
      </trkpt>
      <trkpt lat="39.75422" lon="2.63257">
        <ele>240.7</ele>
      </trkpt>
      <trkpt lat="39.75439" lon="2.63263">
        <ele>238.9</ele>
      </trkpt>
      <trkpt lat="39.75467" lon="2.6327">
        <ele>235.6</ele>
      </trkpt>
      <trkpt lat="39.75526" lon="2.63282">
        <ele>228.1</ele>
      </trkpt>
      <trkpt lat="39.75559" lon="2.63289">
        <ele>224.0</ele>
      </trkpt>
      <trkpt lat="39.75572" lon="2.63291">
        <ele>222.4</ele>
      </trkpt>
      <trkpt lat="39.75577" lon="2.63292">
        <ele>221.9</ele>
      </trkpt>
      <trkpt lat="39.75595" lon="2.63296">
        <ele>220.1</ele>
      </trkpt>
      <trkpt lat="39.75604" lon="2.633">
        <ele>219.5</ele>
      </trkpt>
      <trkpt lat="39.75611" lon="2.63305">
        <ele>219.2</ele>
      </trkpt>
      <trkpt lat="39.75612" lon="2.63306">
        <ele>219.2</ele>
      </trkpt>
      <trkpt lat="39.75621" lon="2.63313">
        <ele>218.7</ele>
      </trkpt>
      <trkpt lat="39.75626" lon="2.63318">
        <ele>218.6</ele>
      </trkpt>
      <trkpt lat="39.7563" lon="2.63322">
        <ele>218.5</ele>
      </trkpt>
      <trkpt lat="39.75647" lon="2.63344">
        <ele>217.4</ele>
      </trkpt>
      <trkpt lat="39.75651" lon="2.63351">
        <ele>216.9</ele>
      </trkpt>
      <trkpt lat="39.75658" lon="2.63364">
        <ele>216.0</ele>
      </trkpt>
      <trkpt lat="39.7566" lon="2.63371">
        <ele>215.8</ele>
      </trkpt>
      <trkpt lat="39.75664" lon="2.63386">
        <ele>215.3</ele>
      </trkpt>
      <trkpt lat="39.75665" lon="2.63394">
        <ele>215.2</ele>
      </trkpt>
      <trkpt lat="39.75667" lon="2.63404">
        <ele>214.9</ele>
      </trkpt>
      <trkpt lat="39.75667" lon="2.63417">
        <ele>214.9</ele>
      </trkpt>
      <trkpt lat="39.75668" lon="2.6344">
        <ele>213.6</ele>
      </trkpt>
      <trkpt lat="39.75668" lon="2.6345">
        <ele>213.1</ele>
      </trkpt>
      <trkpt lat="39.75669" lon="2.63464">
        <ele>212.2</ele>
      </trkpt>
      <trkpt lat="39.75669" lon="2.63486">
        <ele>211.1</ele>
      </trkpt>
      <trkpt lat="39.75667" lon="2.63498">
        <ele>211.0</ele>
      </trkpt>
      <trkpt lat="39.75664" lon="2.6351">
        <ele>210.0</ele>
      </trkpt>
      <trkpt lat="39.75663" lon="2.63513">
        <ele>209.7</ele>
      </trkpt>
      <trkpt lat="39.75656" lon="2.6353">
        <ele>208.7</ele>
      </trkpt>
      <trkpt lat="39.75652" lon="2.63539">
        <ele>208.2</ele>
      </trkpt>
      <trkpt lat="39.7564" lon="2.63563">
        <ele>206.8</ele>
      </trkpt>
      <trkpt lat="39.75636" lon="2.63569">
        <ele>206.4</ele>
      </trkpt>
      <trkpt lat="39.75636" lon="2.6357">
        <ele>206.4</ele>
      </trkpt>
      <trkpt lat="39.75631" lon="2.63575">
        <ele>206.0</ele>
      </trkpt>
      <trkpt lat="39.7562" lon="2.63585">
        <ele>205.2</ele>
      </trkpt>
      <trkpt lat="39.7561" lon="2.6359">
        <ele>205.4</ele>
      </trkpt>
      <trkpt lat="39.75607" lon="2.63591">
        <ele>205.5</ele>
      </trkpt>
      <trkpt lat="39.75591" lon="2.63595">
        <ele>206.6</ele>
      </trkpt>
      <trkpt lat="39.75589" lon="2.63596">
        <ele>206.7</ele>
      </trkpt>
      <trkpt lat="39.75579" lon="2.63598">
        <ele>206.9</ele>
      </trkpt>
      <trkpt lat="39.75536" lon="2.63599">
        <ele>205.7</ele>
      </trkpt>
      <trkpt lat="39.75535" lon="2.63599">
        <ele>205.7</ele>
      </trkpt>
      <trkpt lat="39.75519" lon="2.63599">
        <ele>205.2</ele>
      </trkpt>
      <trkpt lat="39.75518" lon="2.63599">
        <ele>205.2</ele>
      </trkpt>
      <trkpt lat="39.755" lon="2.63597">
        <ele>205.0</ele>
      </trkpt>
      <trkpt lat="39.75488" lon="2.63595">
        <ele>206.7</ele>
      </trkpt>
      <trkpt lat="39.75482" lon="2.63596">
        <ele>207.2</ele>
      </trkpt>
      <trkpt lat="39.75479" lon="2.63596">
        <ele>207.6</ele>
      </trkpt>
      <trkpt lat="39.75473" lon="2.63601">
        <ele>207.6</ele>
      </trkpt>
      <trkpt lat="39.75469" lon="2.63606">
        <ele>207.4</ele>
      </trkpt>
      <trkpt lat="39.75468" lon="2.63609">
        <ele>207.1</ele>
      </trkpt>
      <trkpt lat="39.75465" lon="2.63616">
        <ele>206.6</ele>
      </trkpt>
      <trkpt lat="39.75463" lon="2.63631">
        <ele>204.9</ele>
      </trkpt>
      <trkpt lat="39.75458" lon="2.63679">
        <ele>198.2</ele>
      </trkpt>
      <trkpt lat="39.75455" lon="2.6369">
        <ele>196.0</ele>
      </trkpt>
      <trkpt lat="39.7545" lon="2.63703">
        <ele>193.5</ele>
      </trkpt>
      <trkpt lat="39.75445" lon="2.63711">
        <ele>192.0</ele>
      </trkpt>
      <trkpt lat="39.7544" lon="2.63717">
        <ele>190.8</ele>
      </trkpt>
      <trkpt lat="39.75439" lon="2.63718">
        <ele>190.6</ele>
      </trkpt>
      <trkpt lat="39.75436" lon="2.63721">
        <ele>190.1</ele>
      </trkpt>
      <trkpt lat="39.75424" lon="2.63726">
        <ele>189.5</ele>
      </trkpt>
      <trkpt lat="39.75423" lon="2.63727">
        <ele>189.3</ele>
      </trkpt>
      <trkpt lat="39.75409" lon="2.63734">
        <ele>188.8</ele>
      </trkpt>
      <trkpt lat="39.75407" lon="2.63734">
        <ele>189.1</ele>
      </trkpt>
      <trkpt lat="39.75391" lon="2.63741">
        <ele>189.5</ele>
      </trkpt>
      <trkpt lat="39.7539" lon="2.63741">
        <ele>189.6</ele>
      </trkpt>
      <trkpt lat="39.75372" lon="2.63748">
        <ele>190.1</ele>
      </trkpt>
      <trkpt lat="39.75371" lon="2.63748">
        <ele>190.2</ele>
      </trkpt>
      <trkpt lat="39.75355" lon="2.63756">
        <ele>189.8</ele>
      </trkpt>
      <trkpt lat="39.75352" lon="2.63757">
        <ele>189.8</ele>
      </trkpt>
      <trkpt lat="39.75345" lon="2.63764">
        <ele>188.3</ele>
      </trkpt>
      <trkpt lat="39.75341" lon="2.63768">
        <ele>187.4</ele>
      </trkpt>
      <trkpt lat="39.75332" lon="2.63781">
        <ele>183.9</ele>
      </trkpt>
      <trkpt lat="39.75328" lon="2.63784">
        <ele>183.0</ele>
      </trkpt>
      <trkpt lat="39.75319" lon="2.6379">
        <ele>181.2</ele>
      </trkpt>
      <trkpt lat="39.75298" lon="2.63796">
        <ele>179.9</ele>
      </trkpt>
      <trkpt lat="39.7526" lon="2.63808">
        <ele>176.7</ele>
      </trkpt>
      <trkpt lat="39.75257" lon="2.63809">
        <ele>176.4</ele>
      </trkpt>
      <trkpt lat="39.75245" lon="2.63812">
        <ele>174.7</ele>
      </trkpt>
      <trkpt lat="39.75239" lon="2.63813">
        <ele>173.5</ele>
      </trkpt>
      <trkpt lat="39.75235" lon="2.63813">
        <ele>172.9</ele>
      </trkpt>
      <trkpt lat="39.75227" lon="2.63812">
        <ele>172.2</ele>
      </trkpt>
      <trkpt lat="39.75222" lon="2.6381">
        <ele>172.3</ele>
      </trkpt>
      <trkpt lat="39.75209" lon="2.63803">
        <ele>173.3</ele>
      </trkpt>
      <trkpt lat="39.75173" lon="2.63781">
        <ele>177.2</ele>
      </trkpt>
      <trkpt lat="39.7517" lon="2.63779">
        <ele>177.6</ele>
      </trkpt>
      <trkpt lat="39.75162" lon="2.63776">
        <ele>178.4</ele>
      </trkpt>
      <trkpt lat="39.75155" lon="2.63774">
        <ele>179.2</ele>
      </trkpt>
      <trkpt lat="39.75153" lon="2.63774">
        <ele>179.2</ele>
      </trkpt>
      <trkpt lat="39.75143" lon="2.63775">
        <ele>178.7</ele>
      </trkpt>
      <trkpt lat="39.75138" lon="2.63778">
        <ele>177.6</ele>
      </trkpt>
      <trkpt lat="39.75126" lon="2.63785">
        <ele>175.0</ele>
      </trkpt>
      <trkpt lat="39.75109" lon="2.63795">
        <ele>171.5</ele>
      </trkpt>
      <trkpt lat="39.7509" lon="2.63801">
        <ele>169.7</ele>
      </trkpt>
      <trkpt lat="39.75052" lon="2.63811">
        <ele>174.4</ele>
      </trkpt>
      <trkpt lat="39.75051" lon="2.63811">
        <ele>174.7</ele>
      </trkpt>
      <trkpt lat="39.75045" lon="2.63816">
        <ele>174.8</ele>
      </trkpt>
      <trkpt lat="39.75041" lon="2.6382">
        <ele>174.8</ele>
      </trkpt>
      <trkpt lat="39.75039" lon="2.63827">
        <ele>173.4</ele>
      </trkpt>
      <trkpt lat="39.75038" lon="2.63839">
        <ele>172.4</ele>
      </trkpt>
      <trkpt lat="39.75038" lon="2.63846">
        <ele>172.8</ele>
      </trkpt>
      <trkpt lat="39.75041" lon="2.63854">
        <ele>172.2</ele>
      </trkpt>
      <trkpt lat="39.75042" lon="2.63857">
        <ele>172.0</ele>
      </trkpt>
      <trkpt lat="39.75049" lon="2.63875">
        <ele>170.2</ele>
      </trkpt>
      <trkpt lat="39.7507" lon="2.63913">
        <ele>161.5</ele>
      </trkpt>
      <trkpt lat="39.7508" lon="2.63932">
        <ele>157.8</ele>
      </trkpt>
      <trkpt lat="39.75085" lon="2.63939">
        <ele>156.3</ele>
      </trkpt>
      <trkpt lat="39.75104" lon="2.63979">
        <ele>151.3</ele>
      </trkpt>
      <trkpt lat="39.75107" lon="2.63992">
        <ele>150.4</ele>
      </trkpt>
      <trkpt lat="39.7511" lon="2.64002">
        <ele>149.1</ele>
      </trkpt>
      <trkpt lat="39.75112" lon="2.64017">
        <ele>147.1</ele>
      </trkpt>
      <trkpt lat="39.75112" lon="2.64042">
        <ele>145.5</ele>
      </trkpt>
      <trkpt lat="39.75109" lon="2.64061">
        <ele>145.8</ele>
      </trkpt>
      <trkpt lat="39.75101" lon="2.64107">
        <ele>143.9</ele>
      </trkpt>
      <trkpt lat="39.75097" lon="2.64122">
        <ele>142.7</ele>
      </trkpt>
      <trkpt lat="39.75094" lon="2.6413">
        <ele>142.2</ele>
      </trkpt>
      <trkpt lat="39.75088" lon="2.64138">
        <ele>142.8</ele>
      </trkpt>
      <trkpt lat="39.75082" lon="2.64145">
        <ele>143.0</ele>
      </trkpt>
      <trkpt lat="39.75073" lon="2.64156">
        <ele>140.7</ele>
      </trkpt>
      <trkpt lat="39.75069" lon="2.64161">
        <ele>139.5</ele>
      </trkpt>
      <trkpt lat="39.75062" lon="2.64167">
        <ele>137.9</ele>
      </trkpt>
      <trkpt lat="39.75054" lon="2.64174">
        <ele>135.7</ele>
      </trkpt>
      <trkpt lat="39.75049" lon="2.64178">
        <ele>134.3</ele>
      </trkpt>
      <trkpt lat="39.75045" lon="2.64179">
        <ele>134.0</ele>
      </trkpt>
      <trkpt lat="39.75041" lon="2.6418">
        <ele>133.6</ele>
      </trkpt>
      <trkpt lat="39.75038" lon="2.64179">
        <ele>133.9</ele>
      </trkpt>
      <trkpt lat="39.75037" lon="2.64179">
        <ele>133.9</ele>
      </trkpt>
      <trkpt lat="39.75028" lon="2.64176">
        <ele>134.8</ele>
      </trkpt>
      <trkpt lat="39.75012" lon="2.64166">
        <ele>138.2</ele>
      </trkpt>
      <trkpt lat="39.75005" lon="2.64161">
        <ele>140.2</ele>
      </trkpt>
      <trkpt lat="39.7498" lon="2.64145">
        <ele>146.3</ele>
      </trkpt>
      <trkpt lat="39.74978" lon="2.64144">
        <ele>146.7</ele>
      </trkpt>
      <trkpt lat="39.74963" lon="2.64137">
        <ele>149.3</ele>
      </trkpt>
      <trkpt lat="39.7496" lon="2.64135">
        <ele>150.1</ele>
      </trkpt>
      <trkpt lat="39.74955" lon="2.64134">
        <ele>150.5</ele>
      </trkpt>
      <trkpt lat="39.74949" lon="2.64134">
        <ele>150.4</ele>
      </trkpt>
      <trkpt lat="39.74944" lon="2.64136">
        <ele>149.5</ele>
      </trkpt>
      <trkpt lat="39.74939" lon="2.64138">
        <ele>148.6</ele>
      </trkpt>
      <trkpt lat="39.74938" lon="2.64139">
        <ele>148.2</ele>
      </trkpt>
      <trkpt lat="39.74932" lon="2.64142">
        <ele>146.9</ele>
      </trkpt>
      <trkpt lat="39.74923" lon="2.64152">
        <ele>142.4</ele>
      </trkpt>
      <trkpt lat="39.7491" lon="2.64173">
        <ele>135.5</ele>
      </trkpt>
      <trkpt lat="39.74905" lon="2.6418">
        <ele>134.6</ele>
      </trkpt>
      <trkpt lat="39.74901" lon="2.64188">
        <ele>133.1</ele>
      </trkpt>
      <trkpt lat="39.74892" lon="2.64202">
        <ele>131.1</ele>
      </trkpt>
      <trkpt lat="39.74881" lon="2.64217">
        <ele>129.3</ele>
      </trkpt>
      <trkpt lat="39.74867" lon="2.64236">
        <ele>127.1</ele>
      </trkpt>
      <trkpt lat="39.74863" lon="2.64242">
        <ele>126.4</ele>
      </trkpt>
      <trkpt lat="39.7486" lon="2.64246">
        <ele>126.0</ele>
      </trkpt>
      <trkpt lat="39.7485" lon="2.6425">
        <ele>127.2</ele>
      </trkpt>
      <trkpt lat="39.74843" lon="2.64251">
        <ele>128.6</ele>
      </trkpt>
      <trkpt lat="39.74834" lon="2.6425">
        <ele>130.8</ele>
      </trkpt>
      <trkpt lat="39.74832" lon="2.6425">
        <ele>131.1</ele>
      </trkpt>
      <trkpt lat="39.74825" lon="2.64248">
        <ele>132.1</ele>
      </trkpt>
      <trkpt lat="39.74819" lon="2.64247">
        <ele>132.7</ele>
      </trkpt>
      <trkpt lat="39.74815" lon="2.64245">
        <ele>133.4</ele>
      </trkpt>
      <trkpt lat="39.74814" lon="2.64244">
        <ele>133.7</ele>
      </trkpt>
      <trkpt lat="39.74808" lon="2.64238">
        <ele>135.2</ele>
      </trkpt>
      <trkpt lat="39.74803" lon="2.64231">
        <ele>136.8</ele>
      </trkpt>
      <trkpt lat="39.74801" lon="2.64229">
        <ele>137.2</ele>
      </trkpt>
      <trkpt lat="39.74793" lon="2.64217">
        <ele>139.4</ele>
      </trkpt>
      <trkpt lat="39.74778" lon="2.64193">
        <ele>142.3</ele>
      </trkpt>
      <trkpt lat="39.74774" lon="2.64187">
        <ele>142.4</ele>
      </trkpt>
      <trkpt lat="39.74771" lon="2.64184">
        <ele>142.5</ele>
      </trkpt>
      <trkpt lat="39.74767" lon="2.64181">
        <ele>142.7</ele>
      </trkpt>
      <trkpt lat="39.74764" lon="2.6418">
        <ele>142.8</ele>
      </trkpt>
      <trkpt lat="39.74762" lon="2.64179">
        <ele>142.8</ele>
      </trkpt>
      <trkpt lat="39.74758" lon="2.6418">
        <ele>143.0</ele>
      </trkpt>
      <trkpt lat="39.74755" lon="2.64181">
        <ele>143.1</ele>
      </trkpt>
      <trkpt lat="39.74752" lon="2.64181">
        <ele>143.2</ele>
      </trkpt>
      <trkpt lat="39.74748" lon="2.64184">
        <ele>143.3</ele>
      </trkpt>
      <trkpt lat="39.74747" lon="2.64185">
        <ele>143.3</ele>
      </trkpt>
      <trkpt lat="39.74742" lon="2.64192">
        <ele>143.5</ele>
      </trkpt>
      <trkpt lat="39.74738" lon="2.64199">
        <ele>143.8</ele>
      </trkpt>
      <trkpt lat="39.74732" lon="2.64223">
        <ele>145.1</ele>
      </trkpt>
      <trkpt lat="39.7473" lon="2.64236">
        <ele>145.6</ele>
      </trkpt>
      <trkpt lat="39.74731" lon="2.64261">
        <ele>144.3</ele>
      </trkpt>
      <trkpt lat="39.74732" lon="2.64293">
        <ele>141.8</ele>
      </trkpt>
      <trkpt lat="39.74732" lon="2.64307">
        <ele>140.9</ele>
      </trkpt>
      <trkpt lat="39.74733" lon="2.6432">
        <ele>139.6</ele>
      </trkpt>
      <trkpt lat="39.74733" lon="2.64333">
        <ele>138.8</ele>
      </trkpt>
      <trkpt lat="39.74732" lon="2.6434">
        <ele>138.2</ele>
      </trkpt>
      <trkpt lat="39.74732" lon="2.64343">
        <ele>137.7</ele>
      </trkpt>
      <trkpt lat="39.74731" lon="2.64344">
        <ele>138.0</ele>
      </trkpt>
      <trkpt lat="39.7473" lon="2.64352">
        <ele>137.2</ele>
      </trkpt>
      <trkpt lat="39.74726" lon="2.6436">
        <ele>137.6</ele>
      </trkpt>
      <trkpt lat="39.74721" lon="2.64368">
        <ele>138.3</ele>
      </trkpt>
      <trkpt lat="39.74713" lon="2.64375">
        <ele>140.4</ele>
      </trkpt>
      <trkpt lat="39.74684" lon="2.64393">
        <ele>148.1</ele>
      </trkpt>
      <trkpt lat="39.74672" lon="2.64403">
        <ele>150.3</ele>
      </trkpt>
      <trkpt lat="39.74656" lon="2.6442">
        <ele>152.4</ele>
      </trkpt>
      <trkpt lat="39.74633" lon="2.64452">
        <ele>152.0</ele>
      </trkpt>
      <trkpt lat="39.74633" lon="2.64453">
        <ele>151.7</ele>
      </trkpt>
      <trkpt lat="39.74632" lon="2.64454">
        <ele>151.7</ele>
      </trkpt>
      <trkpt lat="39.74621" lon="2.64466">
        <ele>151.2</ele>
      </trkpt>
      <trkpt lat="39.7462" lon="2.64467">
        <ele>151.1</ele>
      </trkpt>
      <trkpt lat="39.74612" lon="2.64473">
        <ele>151.2</ele>
      </trkpt>
      <trkpt lat="39.74604" lon="2.64478">
        <ele>151.3</ele>
      </trkpt>
      <trkpt lat="39.74592" lon="2.64485">
        <ele>151.4</ele>
      </trkpt>
      <trkpt lat="39.74591" lon="2.64485">
        <ele>151.6</ele>
      </trkpt>
      <trkpt lat="39.74587" lon="2.64487">
        <ele>151.7</ele>
      </trkpt>
      <trkpt lat="39.7457" lon="2.64492">
        <ele>152.9</ele>
      </trkpt>
      <trkpt lat="39.7456" lon="2.64495">
        <ele>153.6</ele>
      </trkpt>
      <trkpt lat="39.74553" lon="2.64497">
        <ele>154.1</ele>
      </trkpt>
      <trkpt lat="39.74552" lon="2.64498">
        <ele>153.8</ele>
      </trkpt>
      <trkpt lat="39.7452" lon="2.6451">
        <ele>158.8</ele>
      </trkpt>
      <trkpt lat="39.74495" lon="2.64519">
        <ele>163.2</ele>
      </trkpt>
      <trkpt lat="39.74485" lon="2.64524">
        <ele>164.4</ele>
      </trkpt>
      <trkpt lat="39.74481" lon="2.64527">
        <ele>164.9</ele>
      </trkpt>
      <trkpt lat="39.74475" lon="2.64537">
        <ele>165.8</ele>
      </trkpt>
      <trkpt lat="39.74474" lon="2.64545">
        <ele>166.1</ele>
      </trkpt>
      <trkpt lat="39.74475" lon="2.64552">
        <ele>166.0</ele>
      </trkpt>
      <trkpt lat="39.74476" lon="2.64556">
        <ele>165.9</ele>
      </trkpt>
      <trkpt lat="39.74479" lon="2.64562">
        <ele>165.4</ele>
      </trkpt>
      <trkpt lat="39.74507" lon="2.64585">
        <ele>160.0</ele>
      </trkpt>
      <trkpt lat="39.74522" lon="2.64599">
        <ele>161.2</ele>
      </trkpt>
      <trkpt lat="39.74548" lon="2.6463">
        <ele>162.7</ele>
      </trkpt>
      <trkpt lat="39.74558" lon="2.64642">
        <ele>162.2</ele>
      </trkpt>
      <trkpt lat="39.74563" lon="2.64646">
        <ele>161.2</ele>
      </trkpt>
      <trkpt lat="39.74576" lon="2.64662">
        <ele>159.4</ele>
      </trkpt>
      <trkpt lat="39.74585" lon="2.64672">
        <ele>157.6</ele>
      </trkpt>
      <trkpt lat="39.74589" lon="2.64679">
        <ele>158.0</ele>
      </trkpt>
      <trkpt lat="39.74602" lon="2.64731">
        <ele>163.4</ele>
      </trkpt>
      <trkpt lat="39.74604" lon="2.64737">
        <ele>163.8</ele>
      </trkpt>
      <trkpt lat="39.7461" lon="2.64764">
        <ele>165.8</ele>
      </trkpt>
      <trkpt lat="39.7462" lon="2.64806">
        <ele>167.6</ele>
      </trkpt>
      <trkpt lat="39.74625" lon="2.64829">
        <ele>168.6</ele>
      </trkpt>
      <trkpt lat="39.74625" lon="2.64832">
        <ele>168.9</ele>
      </trkpt>
      <trkpt lat="39.74628" lon="2.64852">
        <ele>170.3</ele>
      </trkpt>
      <trkpt lat="39.74631" lon="2.64875">
        <ele>172.3</ele>
      </trkpt>
      <trkpt lat="39.74632" lon="2.64877">
        <ele>172.3</ele>
      </trkpt>
      <trkpt lat="39.74633" lon="2.64894">
        <ele>174.1</ele>
      </trkpt>
      <trkpt lat="39.74635" lon="2.64907">
        <ele>175.3</ele>
      </trkpt>
      <trkpt lat="39.74635" lon="2.64915">
        <ele>176.3</ele>
      </trkpt>
      <trkpt lat="39.74634" lon="2.64922">
        <ele>177.2</ele>
      </trkpt>
      <trkpt lat="39.74633" lon="2.64929">
        <ele>178.0</ele>
      </trkpt>
      <trkpt lat="39.74629" lon="2.64941">
        <ele>179.9</ele>
      </trkpt>
      <trkpt lat="39.74627" lon="2.64949">
        <ele>181.0</ele>
      </trkpt>
      <trkpt lat="39.74627" lon="2.64953">
        <ele>181.4</ele>
      </trkpt>
      <trkpt lat="39.74627" lon="2.6496">
        <ele>182.1</ele>
      </trkpt>
      <trkpt lat="39.74629" lon="2.64963">
        <ele>182.0</ele>
      </trkpt>
      <trkpt lat="39.74631" lon="2.64965">
        <ele>181.8</ele>
      </trkpt>
      <trkpt lat="39.74633" lon="2.64966">
        <ele>181.6</ele>
      </trkpt>
      <trkpt lat="39.74636" lon="2.64967">
        <ele>181.2</ele>
      </trkpt>
      <trkpt lat="39.74638" lon="2.64967">
        <ele>180.8</ele>
      </trkpt>
      <trkpt lat="39.7464" lon="2.64968">
        <ele>180.6</ele>
      </trkpt>
      <trkpt lat="39.74656" lon="2.64967">
        <ele>177.8</ele>
      </trkpt>
      <trkpt lat="39.74666" lon="2.6496">
        <ele>175.3</ele>
      </trkpt>
      <trkpt lat="39.74675" lon="2.64949">
        <ele>175.3</ele>
      </trkpt>
      <trkpt lat="39.7468" lon="2.64943">
        <ele>175.4</ele>
      </trkpt>
      <trkpt lat="39.74686" lon="2.64932">
        <ele>175.0</ele>
      </trkpt>
      <trkpt lat="39.74696" lon="2.64912">
        <ele>173.9</ele>
      </trkpt>
      <trkpt lat="39.74706" lon="2.64893">
        <ele>172.4</ele>
      </trkpt>
      <trkpt lat="39.74717" lon="2.64874">
        <ele>171.2</ele>
      </trkpt>
      <trkpt lat="39.74725" lon="2.64867">
        <ele>171.4</ele>
      </trkpt>
      <trkpt lat="39.74736" lon="2.64859">
        <ele>171.8</ele>
      </trkpt>
      <trkpt lat="39.7474" lon="2.64857">
        <ele>172.1</ele>
      </trkpt>
      <trkpt lat="39.74744" lon="2.64857">
        <ele>172.8</ele>
      </trkpt>
      <trkpt lat="39.7475" lon="2.64856">
        <ele>173.5</ele>
      </trkpt>
      <trkpt lat="39.74753" lon="2.64856">
        <ele>173.9</ele>
      </trkpt>
      <trkpt lat="39.74758" lon="2.64855">
        <ele>174.3</ele>
      </trkpt>
      <trkpt lat="39.74762" lon="2.64855">
        <ele>174.8</ele>
      </trkpt>
      <trkpt lat="39.74766" lon="2.64858">
        <ele>175.6</ele>
      </trkpt>
      <trkpt lat="39.74767" lon="2.64858">
        <ele>175.7</ele>
      </trkpt>
      <trkpt lat="39.74772" lon="2.64862">
        <ele>176.7</ele>
      </trkpt>
      <trkpt lat="39.74783" lon="2.64869">
        <ele>178.5</ele>
      </trkpt>
      <trkpt lat="39.7479" lon="2.64874">
        <ele>179.5</ele>
      </trkpt>
      <trkpt lat="39.74803" lon="2.64884">
        <ele>181.1</ele>
      </trkpt>
      <trkpt lat="39.74819" lon="2.64894">
        <ele>182.4</ele>
      </trkpt>
      <trkpt lat="39.74822" lon="2.64896">
        <ele>182.6</ele>
      </trkpt>
      <trkpt lat="39.74831" lon="2.64902">
        <ele>182.9</ele>
      </trkpt>
      <trkpt lat="39.74835" lon="2.64904">
        <ele>183.0</ele>
      </trkpt>
      <trkpt lat="39.74836" lon="2.64904">
        <ele>183.1</ele>
      </trkpt>
      <trkpt lat="39.74839" lon="2.64904">
        <ele>183.1</ele>
      </trkpt>
      <trkpt lat="39.74843" lon="2.64904">
        <ele>183.2</ele>
      </trkpt>
      <trkpt lat="39.74844" lon="2.64904">
        <ele>183.2</ele>
      </trkpt>
      <trkpt lat="39.74847" lon="2.64903">
        <ele>183.3</ele>
      </trkpt>
      <trkpt lat="39.7485" lon="2.64901">
        <ele>183.3</ele>
      </trkpt>
      <trkpt lat="39.74852" lon="2.64899">
        <ele>183.3</ele>
      </trkpt>
      <trkpt lat="39.74853" lon="2.64899">
        <ele>183.3</ele>
      </trkpt>
      <trkpt lat="39.74859" lon="2.64893">
        <ele>183.2</ele>
      </trkpt>
      <trkpt lat="39.74864" lon="2.64888">
        <ele>183.1</ele>
      </trkpt>
      <trkpt lat="39.74867" lon="2.64885">
        <ele>183.0</ele>
      </trkpt>
      <trkpt lat="39.74871" lon="2.6488">
        <ele>182.8</ele>
      </trkpt>
      <trkpt lat="39.74877" lon="2.64873">
        <ele>182.4</ele>
      </trkpt>
      <trkpt lat="39.7488" lon="2.64869">
        <ele>182.1</ele>
      </trkpt>
      <trkpt lat="39.74893" lon="2.64853">
        <ele>180.8</ele>
      </trkpt>
      <trkpt lat="39.74894" lon="2.64852">
        <ele>180.7</ele>
      </trkpt>
      <trkpt lat="39.74898" lon="2.64848">
        <ele>180.2</ele>
      </trkpt>
      <trkpt lat="39.74901" lon="2.64844">
        <ele>179.8</ele>
      </trkpt>
      <trkpt lat="39.74905" lon="2.64843">
        <ele>179.5</ele>
      </trkpt>
      <trkpt lat="39.74909" lon="2.64842">
        <ele>179.2</ele>
      </trkpt>
      <trkpt lat="39.74926" lon="2.64843">
        <ele>178.8</ele>
      </trkpt>
      <trkpt lat="39.7495" lon="2.64844">
        <ele>178.6</ele>
      </trkpt>
      <trkpt lat="39.74955" lon="2.64844">
        <ele>178.5</ele>
      </trkpt>
      <trkpt lat="39.74965" lon="2.64844">
        <ele>178.4</ele>
      </trkpt>
      <trkpt lat="39.74973" lon="2.64843">
        <ele>178.1</ele>
      </trkpt>
      <trkpt lat="39.7498" lon="2.64842">
        <ele>177.7</ele>
      </trkpt>
      <trkpt lat="39.74984" lon="2.64841">
        <ele>177.4</ele>
      </trkpt>
      <trkpt lat="39.74988" lon="2.64838">
        <ele>176.6</ele>
      </trkpt>
      <trkpt lat="39.7499" lon="2.64836">
        <ele>176.0</ele>
      </trkpt>
      <trkpt lat="39.75003" lon="2.64821">
        <ele>173.5</ele>
      </trkpt>
      <trkpt lat="39.7503" lon="2.6479">
        <ele>171.6</ele>
      </trkpt>
      <trkpt lat="39.75044" lon="2.64775">
        <ele>169.7</ele>
      </trkpt>
      <trkpt lat="39.7505" lon="2.64766">
        <ele>168.1</ele>
      </trkpt>
      <trkpt lat="39.75054" lon="2.64762">
        <ele>167.4</ele>
      </trkpt>
      <trkpt lat="39.75075" lon="2.6474">
        <ele>163.5</ele>
      </trkpt>
      <trkpt lat="39.75083" lon="2.64735">
        <ele>162.8</ele>
      </trkpt>
      <trkpt lat="39.75093" lon="2.64732">
        <ele>163.2</ele>
      </trkpt>
      <trkpt lat="39.7512" lon="2.64729">
        <ele>165.5</ele>
      </trkpt>
      <trkpt lat="39.75124" lon="2.64728">
        <ele>165.7</ele>
      </trkpt>
      <trkpt lat="39.75128" lon="2.64728">
        <ele>166.2</ele>
      </trkpt>
      <trkpt lat="39.75132" lon="2.64727">
        <ele>166.4</ele>
      </trkpt>
      <trkpt lat="39.7514" lon="2.64725">
        <ele>166.8</ele>
      </trkpt>
      <trkpt lat="39.75151" lon="2.64722">
        <ele>167.3</ele>
      </trkpt>
      <trkpt lat="39.75156" lon="2.6472">
        <ele>167.3</ele>
      </trkpt>
      <trkpt lat="39.75164" lon="2.64716">
        <ele>167.2</ele>
      </trkpt>
      <trkpt lat="39.7517" lon="2.64711">
        <ele>166.2</ele>
      </trkpt>
      <trkpt lat="39.75177" lon="2.64706">
        <ele>165.2</ele>
      </trkpt>
      <trkpt lat="39.75194" lon="2.6469">
        <ele>162.0</ele>
      </trkpt>
      <trkpt lat="39.75201" lon="2.64684">
        <ele>160.9</ele>
      </trkpt>
      <trkpt lat="39.75204" lon="2.64682">
        <ele>160.6</ele>
      </trkpt>
      <trkpt lat="39.75216" lon="2.64672">
        <ele>159.1</ele>
      </trkpt>
      <trkpt lat="39.75217" lon="2.64671">
        <ele>158.9</ele>
      </trkpt>
      <trkpt lat="39.75219" lon="2.6467">
        <ele>158.8</ele>
      </trkpt>
      <trkpt lat="39.75225" lon="2.64667">
        <ele>158.6</ele>
      </trkpt>
      <trkpt lat="39.75228" lon="2.64667">
        <ele>158.7</ele>
      </trkpt>
      <trkpt lat="39.75232" lon="2.64669">
        <ele>159.4</ele>
      </trkpt>
      <trkpt lat="39.75233" lon="2.6467">
        <ele>159.6</ele>
      </trkpt>
      <trkpt lat="39.75274" lon="2.64715">
        <ele>166.4</ele>
      </trkpt>
      <trkpt lat="39.7528" lon="2.64721">
        <ele>166.9</ele>
      </trkpt>
      <trkpt lat="39.75284" lon="2.64722">
        <ele>166.7</ele>
      </trkpt>
      <trkpt lat="39.7529" lon="2.64722">
        <ele>166.1</ele>
      </trkpt>
      <trkpt lat="39.75308" lon="2.6472">
        <ele>164.0</ele>
      </trkpt>
      <trkpt lat="39.75317" lon="2.64719">
        <ele>163.0</ele>
      </trkpt>
      <trkpt lat="39.75333" lon="2.64717">
        <ele>161.1</ele>
      </trkpt>
      <trkpt lat="39.75336" lon="2.64716">
        <ele>160.7</ele>
      </trkpt>
      <trkpt lat="39.7534" lon="2.64716">
        <ele>160.3</ele>
      </trkpt>
      <trkpt lat="39.75351" lon="2.64715">
        <ele>159.3</ele>
      </trkpt>
      <trkpt lat="39.7536" lon="2.64716">
        <ele>158.7</ele>
      </trkpt>
      <trkpt lat="39.75367" lon="2.64718">
        <ele>158.5</ele>
      </trkpt>
      <trkpt lat="39.75374" lon="2.64721">
        <ele>158.4</ele>
      </trkpt>
      <trkpt lat="39.75377" lon="2.64723">
        <ele>158.5</ele>
      </trkpt>
      <trkpt lat="39.75379" lon="2.64725">
        <ele>158.6</ele>
      </trkpt>
      <trkpt lat="39.75393" lon="2.64735">
        <ele>159.0</ele>
      </trkpt>
      <trkpt lat="39.75394" lon="2.64736">
        <ele>159.0</ele>
      </trkpt>
      <trkpt lat="39.7544" lon="2.64768">
        <ele>161.9</ele>
      </trkpt>
      <trkpt lat="39.75454" lon="2.64779">
        <ele>164.0</ele>
      </trkpt>
      <trkpt lat="39.7546" lon="2.64782">
        <ele>164.7</ele>
      </trkpt>
      <trkpt lat="39.75461" lon="2.64783">
        <ele>164.9</ele>
      </trkpt>
      <trkpt lat="39.75467" lon="2.64785">
        <ele>165.4</ele>
      </trkpt>
      <trkpt lat="39.75471" lon="2.64785">
        <ele>165.5</ele>
      </trkpt>
      <trkpt lat="39.75475" lon="2.64784">
        <ele>165.3</ele>
      </trkpt>
      <trkpt lat="39.75478" lon="2.64782">
        <ele>165.0</ele>
      </trkpt>
      <trkpt lat="39.75479" lon="2.64781">
        <ele>164.8</ele>
      </trkpt>
      <trkpt lat="39.75492" lon="2.64766">
        <ele>161.6</ele>
      </trkpt>
      <trkpt lat="39.7552" lon="2.64728">
        <ele>155.3</ele>
      </trkpt>
      <trkpt lat="39.75524" lon="2.64724">
        <ele>154.8</ele>
      </trkpt>
      <trkpt lat="39.75528" lon="2.64721">
        <ele>154.5</ele>
      </trkpt>
      <trkpt lat="39.75534" lon="2.64718">
        <ele>154.2</ele>
      </trkpt>
      <trkpt lat="39.75558" lon="2.64713">
        <ele>154.3</ele>
      </trkpt>
      <trkpt lat="39.75574" lon="2.64709">
        <ele>154.2</ele>
      </trkpt>
      <trkpt lat="39.75577" lon="2.64708">
        <ele>154.2</ele>
      </trkpt>
      <trkpt lat="39.75586" lon="2.64702">
        <ele>153.2</ele>
      </trkpt>
      <trkpt lat="39.75593" lon="2.64697">
        <ele>152.0</ele>
      </trkpt>
      <trkpt lat="39.75599" lon="2.64692">
        <ele>150.9</ele>
      </trkpt>
      <trkpt lat="39.75603" lon="2.64689">
        <ele>150.1</ele>
      </trkpt>
      <trkpt lat="39.75611" lon="2.64684">
        <ele>148.9</ele>
      </trkpt>
      <trkpt lat="39.7562" lon="2.6468">
        <ele>147.9</ele>
      </trkpt>
      <trkpt lat="39.75621" lon="2.64679">
        <ele>147.7</ele>
      </trkpt>
      <trkpt lat="39.75627" lon="2.64679">
        <ele>147.5</ele>
      </trkpt>
      <trkpt lat="39.75638" lon="2.6468">
        <ele>147.5</ele>
      </trkpt>
      <trkpt lat="39.7566" lon="2.64688">
        <ele>148.7</ele>
      </trkpt>
      <trkpt lat="39.75671" lon="2.64692">
        <ele>148.9</ele>
      </trkpt>
      <trkpt lat="39.75703" lon="2.64703">
        <ele>147.1</ele>
      </trkpt>
      <trkpt lat="39.75724" lon="2.64712">
        <ele>146.2</ele>
      </trkpt>
      <trkpt lat="39.75729" lon="2.64714">
        <ele>145.9</ele>
      </trkpt>
      <trkpt lat="39.7573" lon="2.64714">
        <ele>145.8</ele>
      </trkpt>
      <trkpt lat="39.75749" lon="2.64721">
        <ele>144.6</ele>
      </trkpt>
      <trkpt lat="39.75764" lon="2.64727">
        <ele>142.1</ele>
      </trkpt>
      <trkpt lat="39.75769" lon="2.64729">
        <ele>141.1</ele>
      </trkpt>
      <trkpt lat="39.7578" lon="2.64735">
        <ele>139.1</ele>
      </trkpt>
      <trkpt lat="39.75785" lon="2.64741">
        <ele>138.4</ele>
      </trkpt>
      <trkpt lat="39.75789" lon="2.64746">
        <ele>137.9</ele>
      </trkpt>
      <trkpt lat="39.75792" lon="2.64752">
        <ele>137.4</ele>
      </trkpt>
      <trkpt lat="39.75794" lon="2.64758">
        <ele>136.7</ele>
      </trkpt>
      <trkpt lat="39.75795" lon="2.64765">
        <ele>136.2</ele>
      </trkpt>
      <trkpt lat="39.75796" lon="2.64773">
        <ele>135.8</ele>
      </trkpt>
      <trkpt lat="39.75794" lon="2.64792">
        <ele>136.1</ele>
      </trkpt>
      <trkpt lat="39.75784" lon="2.64807">
        <ele>139.7</ele>
      </trkpt>
      <trkpt lat="39.75771" lon="2.64819">
        <ele>144.9</ele>
      </trkpt>
      <trkpt lat="39.75765" lon="2.64826">
        <ele>147.5</ele>
      </trkpt>
      <trkpt lat="39.75762" lon="2.6483">
        <ele>148.9</ele>
      </trkpt>
      <trkpt lat="39.75758" lon="2.6484">
        <ele>150.6</ele>
      </trkpt>
      <trkpt lat="39.75757" lon="2.64847">
        <ele>151.0</ele>
      </trkpt>
      <trkpt lat="39.75757" lon="2.64848">
        <ele>151.0</ele>
      </trkpt>
      <trkpt lat="39.75758" lon="2.64858">
        <ele>150.6</ele>
      </trkpt>
      <trkpt lat="39.75768" lon="2.64891">
        <ele>146.3</ele>
      </trkpt>
      <trkpt lat="39.7577" lon="2.64899">
        <ele>145.4</ele>
      </trkpt>
      <trkpt lat="39.75774" lon="2.64913">
        <ele>143.6</ele>
      </trkpt>
      <trkpt lat="39.7578" lon="2.64936">
        <ele>142.8</ele>
      </trkpt>
      <trkpt lat="39.75788" lon="2.64959">
        <ele>142.1</ele>
      </trkpt>
      <trkpt lat="39.75791" lon="2.64979">
        <ele>143.3</ele>
      </trkpt>
      <trkpt lat="39.75791" lon="2.64981">
        <ele>143.5</ele>
      </trkpt>
      <trkpt lat="39.75789" lon="2.65">
        <ele>146.2</ele>
      </trkpt>
      <trkpt lat="39.75788" lon="2.65002">
        <ele>146.7</ele>
      </trkpt>
      <trkpt lat="39.75787" lon="2.65016">
        <ele>149.1</ele>
      </trkpt>
      <trkpt lat="39.75786" lon="2.65027">
        <ele>151.0</ele>
      </trkpt>
      <trkpt lat="39.75787" lon="2.65034">
        <ele>151.8</ele>
      </trkpt>
      <trkpt lat="39.75789" lon="2.65039">
        <ele>152.3</ele>
      </trkpt>
      <trkpt lat="39.75794" lon="2.65043">
        <ele>152.1</ele>
      </trkpt>
      <trkpt lat="39.75795" lon="2.65043">
        <ele>151.9</ele>
      </trkpt>
      <trkpt lat="39.75799" lon="2.65044">
        <ele>151.5</ele>
      </trkpt>
      <trkpt lat="39.75822" lon="2.65042">
        <ele>147.4</ele>
      </trkpt>
      <trkpt lat="39.7583" lon="2.65039">
        <ele>145.4</ele>
      </trkpt>
      <trkpt lat="39.75831" lon="2.65038">
        <ele>145.0</ele>
      </trkpt>
      <trkpt lat="39.75845" lon="2.65029">
        <ele>141.9</ele>
      </trkpt>
      <trkpt lat="39.75865" lon="2.65011">
        <ele>136.7</ele>
      </trkpt>
      <trkpt lat="39.75873" lon="2.65009">
        <ele>135.9</ele>
      </trkpt>
      <trkpt lat="39.75879" lon="2.6501">
        <ele>135.9</ele>
      </trkpt>
      <trkpt lat="39.75888" lon="2.65022">
        <ele>138.8</ele>
      </trkpt>
      <trkpt lat="39.75905" lon="2.65039">
        <ele>142.7</ele>
      </trkpt>
      <trkpt lat="39.75914" lon="2.65044">
        <ele>143.7</ele>
      </trkpt>
      <trkpt lat="39.75918" lon="2.65045">
        <ele>143.8</ele>
      </trkpt>
      <trkpt lat="39.75922" lon="2.65047">
        <ele>143.9</ele>
      </trkpt>
      <trkpt lat="39.75928" lon="2.65047">
        <ele>143.3</ele>
      </trkpt>
      <trkpt lat="39.75932" lon="2.65047">
        <ele>142.9</ele>
      </trkpt>
      <trkpt lat="39.7595" lon="2.65044">
        <ele>140.5</ele>
      </trkpt>
      <trkpt lat="39.75953" lon="2.65044">
        <ele>140.3</ele>
      </trkpt>
      <trkpt lat="39.75968" lon="2.65043">
        <ele>138.7</ele>
      </trkpt>
      <trkpt lat="39.7598" lon="2.65047">
        <ele>138.4</ele>
      </trkpt>
      <trkpt lat="39.75987" lon="2.6505">
        <ele>138.3</ele>
      </trkpt>
      <trkpt lat="39.75999" lon="2.65054">
        <ele>137.8</ele>
      </trkpt>
      <trkpt lat="39.76011" lon="2.65059">
        <ele>137.9</ele>
      </trkpt>
      <trkpt lat="39.76019" lon="2.65062">
        <ele>137.9</ele>
      </trkpt>
      <trkpt lat="39.76048" lon="2.65071">
        <ele>137.5</ele>
      </trkpt>
      <trkpt lat="39.76058" lon="2.65071">
        <ele>136.8</ele>
      </trkpt>
      <trkpt lat="39.76068" lon="2.65064">
        <ele>135.0</ele>
      </trkpt>
      <trkpt lat="39.7607" lon="2.65061">
        <ele>134.4</ele>
      </trkpt>
      <trkpt lat="39.76078" lon="2.6505">
        <ele>132.1</ele>
      </trkpt>
      <trkpt lat="39.76087" lon="2.65042">
        <ele>129.7</ele>
      </trkpt>
      <trkpt lat="39.76096" lon="2.6504">
        <ele>127.2</ele>
      </trkpt>
      <trkpt lat="39.761" lon="2.65041">
        <ele>126.4</ele>
      </trkpt>
      <trkpt lat="39.76105" lon="2.65044">
        <ele>125.7</ele>
      </trkpt>
      <trkpt lat="39.7611" lon="2.6505">
        <ele>125.4</ele>
      </trkpt>
      <trkpt lat="39.76118" lon="2.65073">
        <ele>127.1</ele>
      </trkpt>
      <trkpt lat="39.76122" lon="2.65081">
        <ele>127.4</ele>
      </trkpt>
      <trkpt lat="39.76138" lon="2.65123">
        <ele>131.5</ele>
      </trkpt>
      <trkpt lat="39.76141" lon="2.65131">
        <ele>132.2</ele>
      </trkpt>
      <trkpt lat="39.76147" lon="2.65142">
        <ele>132.6</ele>
      </trkpt>
      <trkpt lat="39.76149" lon="2.65145">
        <ele>132.5</ele>
      </trkpt>
      <trkpt lat="39.76157" lon="2.65158">
        <ele>132.5</ele>
      </trkpt>
      <trkpt lat="39.76165" lon="2.65168">
        <ele>131.7</ele>
      </trkpt>
      <trkpt lat="39.76172" lon="2.65176">
        <ele>131.0</ele>
      </trkpt>
      <trkpt lat="39.76183" lon="2.65186">
        <ele>129.7</ele>
      </trkpt>
      <trkpt lat="39.76192" lon="2.65196">
        <ele>129.0</ele>
      </trkpt>
      <trkpt lat="39.76204" lon="2.65217">
        <ele>129.5</ele>
      </trkpt>
      <trkpt lat="39.76209" lon="2.65226">
        <ele>129.8</ele>
      </trkpt>
      <trkpt lat="39.76213" lon="2.65229">
        <ele>129.4</ele>
      </trkpt>
      <trkpt lat="39.76223" lon="2.65233">
        <ele>127.8</ele>
      </trkpt>
      <trkpt lat="39.76232" lon="2.65238">
        <ele>126.7</ele>
      </trkpt>
      <trkpt lat="39.76242" lon="2.65245">
        <ele>125.8</ele>
      </trkpt>
      <trkpt lat="39.76256" lon="2.65261">
        <ele>124.9</ele>
      </trkpt>
      <trkpt lat="39.76259" lon="2.65263">
        <ele>124.4</ele>
      </trkpt>
      <trkpt lat="39.76262" lon="2.65266">
        <ele>124.0</ele>
      </trkpt>
      <trkpt lat="39.76274" lon="2.6527">
        <ele>121.4</ele>
      </trkpt>
      <trkpt lat="39.76287" lon="2.65274">
        <ele>118.7</ele>
      </trkpt>
      <trkpt lat="39.76298" lon="2.65284">
        <ele>117.7</ele>
      </trkpt>
      <trkpt lat="39.76326" lon="2.65309">
        <ele>116.1</ele>
      </trkpt>
      <trkpt lat="39.7635" lon="2.65335">
        <ele>114.6</ele>
      </trkpt>
      <trkpt lat="39.76356" lon="2.65345">
        <ele>114.1</ele>
      </trkpt>
      <trkpt lat="39.7636" lon="2.65354">
        <ele>114.2</ele>
      </trkpt>
      <trkpt lat="39.76361" lon="2.65355">
        <ele>114.0</ele>
      </trkpt>
      <trkpt lat="39.76366" lon="2.65376">
        <ele>115.7</ele>
      </trkpt>
      <trkpt lat="39.7637" lon="2.65392">
        <ele>117.0</ele>
      </trkpt>
      <trkpt lat="39.76371" lon="2.65398">
        <ele>117.6</ele>
      </trkpt>
      <trkpt lat="39.76373" lon="2.65411">
        <ele>119.1</ele>
      </trkpt>
      <trkpt lat="39.76374" lon="2.65416">
        <ele>119.7</ele>
      </trkpt>
      <trkpt lat="39.76375" lon="2.65421">
        <ele>120.3</ele>
      </trkpt>
      <trkpt lat="39.76379" lon="2.65432">
        <ele>121.3</ele>
      </trkpt>
      <trkpt lat="39.7638" lon="2.65433">
        <ele>121.3</ele>
      </trkpt>
      <trkpt lat="39.76385" lon="2.65443">
        <ele>122.0</ele>
      </trkpt>
      <trkpt lat="39.76389" lon="2.65449">
        <ele>122.2</ele>
      </trkpt>
      <trkpt lat="39.76391" lon="2.65451">
        <ele>122.2</ele>
      </trkpt>
      <trkpt lat="39.76398" lon="2.65456">
        <ele>121.6</ele>
      </trkpt>
      <trkpt lat="39.76404" lon="2.65461">
        <ele>121.4</ele>
      </trkpt>
      <trkpt lat="39.76441" lon="2.6549">
        <ele>120.8</ele>
      </trkpt>
      <trkpt lat="39.76464" lon="2.65511">
        <ele>121.3</ele>
      </trkpt>
      <trkpt lat="39.7647" lon="2.65515">
        <ele>121.2</ele>
      </trkpt>
      <trkpt lat="39.76506" lon="2.65539">
        <ele>119.3</ele>
      </trkpt>
      <trkpt lat="39.7653" lon="2.6557">
        <ele>121.0</ele>
      </trkpt>
      <trkpt lat="39.76555" lon="2.65593">
        <ele>120.3</ele>
      </trkpt>
      <trkpt lat="39.76561" lon="2.65602">
        <ele>120.8</ele>
      </trkpt>
      <trkpt lat="39.76565" lon="2.65611">
        <ele>121.8</ele>
      </trkpt>
      <trkpt lat="39.76577" lon="2.65636">
        <ele>124.5</ele>
      </trkpt>
      <trkpt lat="39.76588" lon="2.65654">
        <ele>125.4</ele>
      </trkpt>
      <trkpt lat="39.76594" lon="2.65671">
        <ele>127.0</ele>
      </trkpt>
      <trkpt lat="39.766" lon="2.65695">
        <ele>129.6</ele>
      </trkpt>
      <trkpt lat="39.76605" lon="2.65706">
        <ele>130.0</ele>
      </trkpt>
      <trkpt lat="39.76612" lon="2.65717">
        <ele>129.8</ele>
      </trkpt>
      <trkpt lat="39.76613" lon="2.65717">
        <ele>129.4</ele>
      </trkpt>
      <trkpt lat="39.76627" lon="2.65733">
        <ele>127.8</ele>
      </trkpt>
      <trkpt lat="39.76634" lon="2.65747">
        <ele>128.4</ele>
      </trkpt>
      <trkpt lat="39.76637" lon="2.65765">
        <ele>129.8</ele>
      </trkpt>
      <trkpt lat="39.76637" lon="2.65779">
        <ele>131.5</ele>
      </trkpt>
      <trkpt lat="39.76633" lon="2.65803">
        <ele>135.9</ele>
      </trkpt>
      <trkpt lat="39.76631" lon="2.6582">
        <ele>138.9</ele>
      </trkpt>
      <trkpt lat="39.76633" lon="2.65833">
        <ele>139.7</ele>
      </trkpt>
      <trkpt lat="39.76639" lon="2.65845">
        <ele>139.1</ele>
      </trkpt>
      <trkpt lat="39.76656" lon="2.65872">
        <ele>136.1</ele>
      </trkpt>
      <trkpt lat="39.76666" lon="2.659">
        <ele>135.9</ele>
      </trkpt>
      <trkpt lat="39.76681" lon="2.65942">
        <ele>137.7</ele>
      </trkpt>
      <trkpt lat="39.76688" lon="2.65968">
        <ele>139.6</ele>
      </trkpt>
      <trkpt lat="39.76692" lon="2.65997">
        <ele>143.0</ele>
      </trkpt>
      <trkpt lat="39.76704" lon="2.66039">
        <ele>147.0</ele>
      </trkpt>
      <trkpt lat="39.76713" lon="2.66071">
        <ele>150.0</ele>
      </trkpt>
      <trkpt lat="39.76717" lon="2.66078">
        <ele>149.9</ele>
      </trkpt>
      <trkpt lat="39.76723" lon="2.66083">
        <ele>148.7</ele>
      </trkpt>
      <trkpt lat="39.76723" lon="2.66084">
        <ele>148.9</ele>
      </trkpt>
      <trkpt lat="39.7674" lon="2.66091">
        <ele>145.0</ele>
      </trkpt>
      <trkpt lat="39.76747" lon="2.66094">
        <ele>143.6</ele>
      </trkpt>
      <trkpt lat="39.76755" lon="2.66099">
        <ele>143.3</ele>
      </trkpt>
      <trkpt lat="39.76765" lon="2.66106">
        <ele>143.7</ele>
      </trkpt>
      <trkpt lat="39.76784" lon="2.6613">
        <ele>147.6</ele>
      </trkpt>
      <trkpt lat="39.76797" lon="2.66139">
        <ele>147.7</ele>
      </trkpt>
      <trkpt lat="39.768" lon="2.6614">
        <ele>147.4</ele>
      </trkpt>
      <trkpt lat="39.76817" lon="2.66147">
        <ele>145.9</ele>
      </trkpt>
      <trkpt lat="39.76829" lon="2.66152">
        <ele>144.7</ele>
      </trkpt>
      <trkpt lat="39.76833" lon="2.66156">
        <ele>145.0</ele>
      </trkpt>
      <trkpt lat="39.76838" lon="2.66161">
        <ele>145.0</ele>
      </trkpt>
      <trkpt lat="39.76848" lon="2.6617">
        <ele>144.4</ele>
      </trkpt>
      <trkpt lat="39.76849" lon="2.66172">
        <ele>144.5</ele>
      </trkpt>
      <trkpt lat="39.76858" lon="2.6619">
        <ele>145.4</ele>
      </trkpt>
      <trkpt lat="39.7686" lon="2.66207">
        <ele>148.1</ele>
      </trkpt>
      <trkpt lat="39.7686" lon="2.66212">
        <ele>149.0</ele>
      </trkpt>
      <trkpt lat="39.76862" lon="2.66243">
        <ele>154.4</ele>
      </trkpt>
      <trkpt lat="39.76864" lon="2.66264">
        <ele>157.8</ele>
      </trkpt>
      <trkpt lat="39.76869" lon="2.66281">
        <ele>159.8</ele>
      </trkpt>
      <trkpt lat="39.76878" lon="2.66295">
        <ele>160.5</ele>
      </trkpt>
      <trkpt lat="39.76896" lon="2.66319">
        <ele>161.7</ele>
      </trkpt>
      <trkpt lat="39.76908" lon="2.66329">
        <ele>161.6</ele>
      </trkpt>
      <trkpt lat="39.7691" lon="2.66331">
        <ele>161.7</ele>
      </trkpt>
      <trkpt lat="39.76917" lon="2.66333">
        <ele>160.8</ele>
      </trkpt>
      <trkpt lat="39.76925" lon="2.66333">
        <ele>158.3</ele>
      </trkpt>
      <trkpt lat="39.76933" lon="2.66332">
        <ele>155.5</ele>
      </trkpt>
      <trkpt lat="39.76944" lon="2.66333">
        <ele>152.4</ele>
      </trkpt>
      <trkpt lat="39.76955" lon="2.66338">
        <ele>150.7</ele>
      </trkpt>
      <trkpt lat="39.7696" lon="2.66342">
        <ele>150.7</ele>
      </trkpt>
      <trkpt lat="39.76967" lon="2.66348">
        <ele>151.1</ele>
      </trkpt>
      <trkpt lat="39.76974" lon="2.66356">
        <ele>152.5</ele>
      </trkpt>
      <trkpt lat="39.76982" lon="2.66364">
        <ele>153.9</ele>
      </trkpt>
      <trkpt lat="39.76989" lon="2.66369">
        <ele>154.5</ele>
      </trkpt>
      <trkpt lat="39.77006" lon="2.66378">
        <ele>154.5</ele>
      </trkpt>
      <trkpt lat="39.77024" lon="2.66394">
        <ele>156.8</ele>
      </trkpt>
      <trkpt lat="39.77057" lon="2.66423">
        <ele>161.0</ele>
      </trkpt>
      <trkpt lat="39.77085" lon="2.66444">
        <ele>160.2</ele>
      </trkpt>
      <trkpt lat="39.77093" lon="2.66453">
        <ele>158.8</ele>
      </trkpt>
      <trkpt lat="39.77096" lon="2.6646">
        <ele>159.5</ele>
      </trkpt>
      <trkpt lat="39.77097" lon="2.66463">
        <ele>159.9</ele>
      </trkpt>
      <trkpt lat="39.77098" lon="2.66471">
        <ele>162.0</ele>
      </trkpt>
      <trkpt lat="39.77102" lon="2.66513">
        <ele>169.1</ele>
      </trkpt>
      <trkpt lat="39.77103" lon="2.66556">
        <ele>167.9</ele>
      </trkpt>
      <trkpt lat="39.77103" lon="2.6658">
        <ele>167.6</ele>
      </trkpt>
      <trkpt lat="39.77103" lon="2.66585">
        <ele>167.3</ele>
      </trkpt>
      <trkpt lat="39.77101" lon="2.66603">
        <ele>166.1</ele>
      </trkpt>
      <trkpt lat="39.77097" lon="2.66635">
        <ele>163.6</ele>
      </trkpt>
      <trkpt lat="39.77093" lon="2.66649">
        <ele>163.3</ele>
      </trkpt>
      <trkpt lat="39.77092" lon="2.66652">
        <ele>163.2</ele>
      </trkpt>
      <trkpt lat="39.77087" lon="2.6666">
        <ele>163.9</ele>
      </trkpt>
      <trkpt lat="39.77081" lon="2.66666">
        <ele>165.1</ele>
      </trkpt>
      <trkpt lat="39.77068" lon="2.66678">
        <ele>169.6</ele>
      </trkpt>
      <trkpt lat="39.77067" lon="2.66679">
        <ele>169.9</ele>
      </trkpt>
      <trkpt lat="39.77053" lon="2.66691">
        <ele>174.3</ele>
      </trkpt>
      <trkpt lat="39.77052" lon="2.66692">
        <ele>174.6</ele>
      </trkpt>
      <trkpt lat="39.77043" lon="2.66702">
        <ele>176.9</ele>
      </trkpt>
      <trkpt lat="39.77033" lon="2.66714">
        <ele>178.9</ele>
      </trkpt>
      <trkpt lat="39.77027" lon="2.66726">
        <ele>179.3</ele>
      </trkpt>
      <trkpt lat="39.77026" lon="2.66727">
        <ele>179.5</ele>
      </trkpt>
      <trkpt lat="39.77023" lon="2.66736">
        <ele>179.2</ele>
      </trkpt>
      <trkpt lat="39.77021" lon="2.6675">
        <ele>178.0</ele>
      </trkpt>
      <trkpt lat="39.77025" lon="2.66769">
        <ele>180.6</ele>
      </trkpt>
      <trkpt lat="39.77031" lon="2.66786">
        <ele>179.6</ele>
      </trkpt>
      <trkpt lat="39.77034" lon="2.66791">
        <ele>179.2</ele>
      </trkpt>
      <trkpt lat="39.77035" lon="2.66793">
        <ele>179.1</ele>
      </trkpt>
      <trkpt lat="39.77038" lon="2.66795">
        <ele>178.9</ele>
      </trkpt>
      <trkpt lat="39.77042" lon="2.66796">
        <ele>178.6</ele>
      </trkpt>
      <trkpt lat="39.7705" lon="2.66795">
        <ele>178.1</ele>
      </trkpt>
      <trkpt lat="39.77064" lon="2.66788">
        <ele>177.1</ele>
      </trkpt>
      <trkpt lat="39.77068" lon="2.66788">
        <ele>176.3</ele>
      </trkpt>
      <trkpt lat="39.77071" lon="2.66787">
        <ele>175.5</ele>
      </trkpt>
      <trkpt lat="39.77079" lon="2.66789">
        <ele>174.6</ele>
      </trkpt>
      <trkpt lat="39.77085" lon="2.66794">
        <ele>174.9</ele>
      </trkpt>
      <trkpt lat="39.77101" lon="2.6681">
        <ele>176.9</ele>
      </trkpt>
      <trkpt lat="39.77113" lon="2.66821">
        <ele>178.0</ele>
      </trkpt>
      <trkpt lat="39.77118" lon="2.66826">
        <ele>178.6</ele>
      </trkpt>
      <trkpt lat="39.77127" lon="2.6683">
        <ele>178.3</ele>
      </trkpt>
      <trkpt lat="39.77139" lon="2.6683">
        <ele>176.4</ele>
      </trkpt>
      <trkpt lat="39.77152" lon="2.66834">
        <ele>175.6</ele>
      </trkpt>
      <trkpt lat="39.77164" lon="2.6684">
        <ele>176.5</ele>
      </trkpt>
      <trkpt lat="39.77191" lon="2.66857">
        <ele>178.7</ele>
      </trkpt>
      <trkpt lat="39.77221" lon="2.66882">
        <ele>182.0</ele>
      </trkpt>
      <trkpt lat="39.77252" lon="2.66918">
        <ele>186.9</ele>
      </trkpt>
      <trkpt lat="39.77253" lon="2.66919">
        <ele>187.0</ele>
      </trkpt>
      <trkpt lat="39.77289" lon="2.66963">
        <ele>191.9</ele>
      </trkpt>
      <trkpt lat="39.77293" lon="2.66965">
        <ele>191.2</ele>
      </trkpt>
      <trkpt lat="39.77311" lon="2.66975">
        <ele>188.2</ele>
      </trkpt>
      <trkpt lat="39.77325" lon="2.6698">
        <ele>184.6</ele>
      </trkpt>
      <trkpt lat="39.77327" lon="2.66982">
        <ele>184.6</ele>
      </trkpt>
      <trkpt lat="39.77331" lon="2.66987">
        <ele>184.7</ele>
      </trkpt>
      <trkpt lat="39.77333" lon="2.6699">
        <ele>184.9</ele>
      </trkpt>
      <trkpt lat="39.77338" lon="2.67">
        <ele>186.8</ele>
      </trkpt>
      <trkpt lat="39.77341" lon="2.67005">
        <ele>187.0</ele>
      </trkpt>
      <trkpt lat="39.77342" lon="2.67006">
        <ele>187.0</ele>
      </trkpt>
      <trkpt lat="39.7735" lon="2.67037">
        <ele>190.4</ele>
      </trkpt>
      <trkpt lat="39.77352" lon="2.67066">
        <ele>194.8</ele>
      </trkpt>
      <trkpt lat="39.77359" lon="2.67089">
        <ele>196.1</ele>
      </trkpt>
      <trkpt lat="39.77367" lon="2.67105">
        <ele>195.6</ele>
      </trkpt>
      <trkpt lat="39.77371" lon="2.67117">
        <ele>195.9</ele>
      </trkpt>
      <trkpt lat="39.77373" lon="2.67129">
        <ele>197.0</ele>
      </trkpt>
      <trkpt lat="39.77376" lon="2.67154">
        <ele>199.6</ele>
      </trkpt>
      <trkpt lat="39.77381" lon="2.67168">
        <ele>199.4</ele>
      </trkpt>
      <trkpt lat="39.77387" lon="2.67182">
        <ele>199.0</ele>
      </trkpt>
      <trkpt lat="39.77393" lon="2.67199">
        <ele>198.9</ele>
      </trkpt>
      <trkpt lat="39.77394" lon="2.67202">
        <ele>199.0</ele>
      </trkpt>
      <trkpt lat="39.77406" lon="2.67267">
        <ele>203.5</ele>
      </trkpt>
      <trkpt lat="39.77407" lon="2.6727">
        <ele>203.5</ele>
      </trkpt>
      <trkpt lat="39.77412" lon="2.67285">
        <ele>203.3</ele>
      </trkpt>
      <trkpt lat="39.77414" lon="2.6729">
        <ele>203.1</ele>
      </trkpt>
      <trkpt lat="39.77415" lon="2.67292">
        <ele>202.9</ele>
      </trkpt>
      <trkpt lat="39.77424" lon="2.67303">
        <ele>201.0</ele>
      </trkpt>
      <trkpt lat="39.77426" lon="2.67306">
        <ele>200.7</ele>
      </trkpt>
      <trkpt lat="39.77427" lon="2.67308">
        <ele>200.7</ele>
      </trkpt>
      <trkpt lat="39.77433" lon="2.67315">
        <ele>199.5</ele>
      </trkpt>
      <trkpt lat="39.77438" lon="2.67325">
        <ele>199.2</ele>
      </trkpt>
      <trkpt lat="39.7744" lon="2.67337">
        <ele>200.1</ele>
      </trkpt>
      <trkpt lat="39.77447" lon="2.67374">
        <ele>201.5</ele>
      </trkpt>
      <trkpt lat="39.77449" lon="2.67414">
        <ele>205.2</ele>
      </trkpt>
      <trkpt lat="39.77447" lon="2.67434">
        <ele>206.6</ele>
      </trkpt>
      <trkpt lat="39.77442" lon="2.67449">
        <ele>208.5</ele>
      </trkpt>
      <trkpt lat="39.77435" lon="2.67466">
        <ele>210.8</ele>
      </trkpt>
      <trkpt lat="39.7743" lon="2.67479">
        <ele>212.4</ele>
      </trkpt>
      <trkpt lat="39.77429" lon="2.67488">
        <ele>212.8</ele>
      </trkpt>
      <trkpt lat="39.77428" lon="2.67517">
        <ele>213.6</ele>
      </trkpt>
      <trkpt lat="39.77419" lon="2.67562">
        <ele>216.9</ele>
      </trkpt>
      <trkpt lat="39.77416" lon="2.67584">
        <ele>218.3</ele>
      </trkpt>
      <trkpt lat="39.77417" lon="2.67596">
        <ele>219.4</ele>
      </trkpt>
      <trkpt lat="39.77418" lon="2.67598">
        <ele>219.5</ele>
      </trkpt>
      <trkpt lat="39.7742" lon="2.67602">
        <ele>219.5</ele>
      </trkpt>
      <trkpt lat="39.77424" lon="2.67607">
        <ele>219.2</ele>
      </trkpt>
      <trkpt lat="39.77427" lon="2.67608">
        <ele>218.7</ele>
      </trkpt>
      <trkpt lat="39.77433" lon="2.67609">
        <ele>217.5</ele>
      </trkpt>
      <trkpt lat="39.77437" lon="2.6761">
        <ele>216.7</ele>
      </trkpt>
      <trkpt lat="39.7744" lon="2.6761">
        <ele>216.1</ele>
      </trkpt>
      <trkpt lat="39.77445" lon="2.67611">
        <ele>215.1</ele>
      </trkpt>
      <trkpt lat="39.77451" lon="2.67611">
        <ele>213.8</ele>
      </trkpt>
      <trkpt lat="39.77452" lon="2.67611">
        <ele>213.5</ele>
      </trkpt>
      <trkpt lat="39.77458" lon="2.67613">
        <ele>212.5</ele>
      </trkpt>
      <trkpt lat="39.77462" lon="2.67617">
        <ele>212.1</ele>
      </trkpt>
      <trkpt lat="39.77464" lon="2.67624">
        <ele>212.6</ele>
      </trkpt>
      <trkpt lat="39.77464" lon="2.67624">
        <ele>212.6</ele>
      </trkpt>
      <trkpt lat="39.77464" lon="2.67627">
        <ele>213.0</ele>
      </trkpt>
      <trkpt lat="39.77462" lon="2.6763">
        <ele>213.9</ele>
      </trkpt>
      <trkpt lat="39.77461" lon="2.67631">
        <ele>214.2</ele>
      </trkpt>
      <trkpt lat="39.77459" lon="2.67631">
        <ele>214.6</ele>
      </trkpt>
      <trkpt lat="39.77436" lon="2.67632">
        <ele>219.7</ele>
      </trkpt>
      <trkpt lat="39.77425" lon="2.67632">
        <ele>222.1</ele>
      </trkpt>
      <trkpt lat="39.77421" lon="2.67632">
        <ele>222.9</ele>
      </trkpt>
      <trkpt lat="39.77412" lon="2.67634">
        <ele>224.6</ele>
      </trkpt>
      <trkpt lat="39.77408" lon="2.67636">
        <ele>225.2</ele>
      </trkpt>
      <trkpt lat="39.77403" lon="2.67638">
        <ele>225.9</ele>
      </trkpt>
      <trkpt lat="39.77388" lon="2.67648">
        <ele>227.3</ele>
      </trkpt>
      <trkpt lat="39.77374" lon="2.67655">
        <ele>227.7</ele>
      </trkpt>
      <trkpt lat="39.77364" lon="2.67656">
        <ele>227.8</ele>
      </trkpt>
      <trkpt lat="39.77357" lon="2.67657">
        <ele>227.8</ele>
      </trkpt>
      <trkpt lat="39.77352" lon="2.67657">
        <ele>227.9</ele>
      </trkpt>
      <trkpt lat="39.77339" lon="2.67658">
        <ele>227.9</ele>
      </trkpt>
      <trkpt lat="39.77333" lon="2.67658">
        <ele>228.0</ele>
      </trkpt>
      <trkpt lat="39.77315" lon="2.6766">
        <ele>228.3</ele>
      </trkpt>
      <trkpt lat="39.77308" lon="2.6766">
        <ele>228.6</ele>
      </trkpt>
      <trkpt lat="39.77297" lon="2.67661">
        <ele>228.8</ele>
      </trkpt>
      <trkpt lat="39.77292" lon="2.67662">
        <ele>228.7</ele>
      </trkpt>
      <trkpt lat="39.77279" lon="2.67663">
        <ele>229.0</ele>
      </trkpt>
      <trkpt lat="39.77272" lon="2.67664">
        <ele>229.0</ele>
      </trkpt>
      <trkpt lat="39.77261" lon="2.67665">
        <ele>229.1</ele>
      </trkpt>
      <trkpt lat="39.77256" lon="2.67665">
        <ele>229.3</ele>
      </trkpt>
      <trkpt lat="39.77251" lon="2.67667">
        <ele>228.9</ele>
      </trkpt>
      <trkpt lat="39.77247" lon="2.67671">
        <ele>229.5</ele>
      </trkpt>
      <trkpt lat="39.77245" lon="2.67674">
        <ele>229.9</ele>
      </trkpt>
      <trkpt lat="39.77244" lon="2.67677">
        <ele>229.9</ele>
      </trkpt>
      <trkpt lat="39.77242" lon="2.67686">
        <ele>229.7</ele>
      </trkpt>
      <trkpt lat="39.7724" lon="2.67696">
        <ele>229.4</ele>
      </trkpt>
      <trkpt lat="39.77239" lon="2.67697">
        <ele>229.7</ele>
      </trkpt>
      <trkpt lat="39.77239" lon="2.67708">
        <ele>228.6</ele>
      </trkpt>
      <trkpt lat="39.77242" lon="2.67718">
        <ele>226.4</ele>
      </trkpt>
      <trkpt lat="39.77243" lon="2.67719">
        <ele>226.0</ele>
      </trkpt>
      <trkpt lat="39.77248" lon="2.67734">
        <ele>222.5</ele>
      </trkpt>
      <trkpt lat="39.77249" lon="2.6774">
        <ele>221.5</ele>
      </trkpt>
      <trkpt lat="39.7725" lon="2.67747">
        <ele>220.3</ele>
      </trkpt>
      <trkpt lat="39.77252" lon="2.67761">
        <ele>219.4</ele>
      </trkpt>
      <trkpt lat="39.77254" lon="2.67809">
        <ele>217.1</ele>
      </trkpt>
      <trkpt lat="39.77259" lon="2.6785">
        <ele>214.9</ele>
      </trkpt>
      <trkpt lat="39.77262" lon="2.67868">
        <ele>214.2</ele>
      </trkpt>
      <trkpt lat="39.77264" lon="2.67879">
        <ele>213.6</ele>
      </trkpt>
      <trkpt lat="39.77264" lon="2.67884">
        <ele>213.7</ele>
      </trkpt>
      <trkpt lat="39.77266" lon="2.67902">
        <ele>213.0</ele>
      </trkpt>
      <trkpt lat="39.77268" lon="2.67919">
        <ele>212.4</ele>
      </trkpt>
      <trkpt lat="39.77268" lon="2.67925">
        <ele>212.6</ele>
      </trkpt>
      <trkpt lat="39.77269" lon="2.67938">
        <ele>212.6</ele>
      </trkpt>
      <trkpt lat="39.7727" lon="2.67953">
        <ele>212.7</ele>
      </trkpt>
      <trkpt lat="39.77271" lon="2.6797">
        <ele>212.9</ele>
      </trkpt>
      <trkpt lat="39.77271" lon="2.67972">
        <ele>213.0</ele>
      </trkpt>
      <trkpt lat="39.77273" lon="2.67983">
        <ele>212.7</ele>
      </trkpt>
      <trkpt lat="39.77276" lon="2.67993">
        <ele>212.0</ele>
      </trkpt>
      <trkpt lat="39.77277" lon="2.67994">
        <ele>211.7</ele>
      </trkpt>
      <trkpt lat="39.77284" lon="2.68">
        <ele>209.6</ele>
      </trkpt>
      <trkpt lat="39.77293" lon="2.68005">
        <ele>206.8</ele>
      </trkpt>
      <trkpt lat="39.77294" lon="2.68006">
        <ele>206.5</ele>
      </trkpt>
      <trkpt lat="39.77302" lon="2.68011">
        <ele>204.0</ele>
      </trkpt>
      <trkpt lat="39.77308" lon="2.68017">
        <ele>202.3</ele>
      </trkpt>
      <trkpt lat="39.77311" lon="2.68028">
        <ele>201.9</ele>
      </trkpt>
      <trkpt lat="39.77312" lon="2.68042">
        <ele>202.3</ele>
      </trkpt>
      <trkpt lat="39.7731" lon="2.6806">
        <ele>203.8</ele>
      </trkpt>
      <trkpt lat="39.77311" lon="2.68071">
        <ele>204.1</ele>
      </trkpt>
      <trkpt lat="39.77314" lon="2.68079">
        <ele>203.6</ele>
      </trkpt>
      <trkpt lat="39.77317" lon="2.68085">
        <ele>202.9</ele>
      </trkpt>
      <trkpt lat="39.77325" lon="2.68095">
        <ele>200.7</ele>
      </trkpt>
      <trkpt lat="39.77327" lon="2.681">
        <ele>200.1</ele>
      </trkpt>
      <trkpt lat="39.77328" lon="2.68108">
        <ele>199.9</ele>
      </trkpt>
      <trkpt lat="39.77329" lon="2.68123">
        <ele>199.8</ele>
      </trkpt>
      <trkpt lat="39.77328" lon="2.68138">
        <ele>200.4</ele>
      </trkpt>
      <trkpt lat="39.77327" lon="2.68155">
        <ele>200.9</ele>
      </trkpt>
      <trkpt lat="39.77328" lon="2.68172">
        <ele>200.7</ele>
      </trkpt>
      <trkpt lat="39.77329" lon="2.68176">
        <ele>200.2</ele>
      </trkpt>
      <trkpt lat="39.77332" lon="2.68197">
        <ele>198.7</ele>
      </trkpt>
      <trkpt lat="39.77335" lon="2.68214">
        <ele>197.4</ele>
      </trkpt>
      <trkpt lat="39.77339" lon="2.68232">
        <ele>195.9</ele>
      </trkpt>
      <trkpt lat="39.77341" lon="2.68251">
        <ele>195.1</ele>
      </trkpt>
      <trkpt lat="39.77346" lon="2.68289">
        <ele>193.7</ele>
      </trkpt>
      <trkpt lat="39.77349" lon="2.6831">
        <ele>192.9</ele>
      </trkpt>
      <trkpt lat="39.77352" lon="2.68322">
        <ele>192.1</ele>
      </trkpt>
      <trkpt lat="39.77354" lon="2.68326">
        <ele>191.6</ele>
      </trkpt>
      <trkpt lat="39.77357" lon="2.68331">
        <ele>190.8</ele>
      </trkpt>
      <trkpt lat="39.7736" lon="2.68333">
        <ele>190.0</ele>
      </trkpt>
      <trkpt lat="39.77375" lon="2.68344">
        <ele>186.7</ele>
      </trkpt>
      <trkpt lat="39.77379" lon="2.68348">
        <ele>185.9</ele>
      </trkpt>
      <trkpt lat="39.77388" lon="2.68362">
        <ele>184.5</ele>
      </trkpt>
      <trkpt lat="39.77394" lon="2.68371">
        <ele>183.6</ele>
      </trkpt>
      <trkpt lat="39.77397" lon="2.68384">
        <ele>183.7</ele>
      </trkpt>
      <trkpt lat="39.77399" lon="2.68398">
        <ele>184.2</ele>
      </trkpt>
      <trkpt lat="39.77398" lon="2.68417">
        <ele>185.7</ele>
      </trkpt>
      <trkpt lat="39.77396" lon="2.68435">
        <ele>186.5</ele>
      </trkpt>
      <trkpt lat="39.77398" lon="2.68484">
        <ele>186.7</ele>
      </trkpt>
      <trkpt lat="39.774" lon="2.68501">
        <ele>186.1</ele>
      </trkpt>
      <trkpt lat="39.77402" lon="2.68508">
        <ele>185.0</ele>
      </trkpt>
      <trkpt lat="39.77404" lon="2.68513">
        <ele>183.9</ele>
      </trkpt>
      <trkpt lat="39.77416" lon="2.6853">
        <ele>178.4</ele>
      </trkpt>
      <trkpt lat="39.77427" lon="2.68544">
        <ele>174.7</ele>
      </trkpt>
      <trkpt lat="39.77428" lon="2.68547">
        <ele>174.3</ele>
      </trkpt>
      <trkpt lat="39.7743" lon="2.68551">
        <ele>173.6</ele>
      </trkpt>
      <trkpt lat="39.77432" lon="2.68557">
        <ele>172.8</ele>
      </trkpt>
      <trkpt lat="39.77433" lon="2.68562">
        <ele>172.3</ele>
      </trkpt>
      <trkpt lat="39.77432" lon="2.68568">
        <ele>172.3</ele>
      </trkpt>
      <trkpt lat="39.77431" lon="2.68572">
        <ele>172.4</ele>
      </trkpt>
      <trkpt lat="39.77428" lon="2.68577">
        <ele>172.8</ele>
      </trkpt>
      <trkpt lat="39.77424" lon="2.6858">
        <ele>173.6</ele>
      </trkpt>
      <trkpt lat="39.77409" lon="2.68585">
        <ele>177.6</ele>
      </trkpt>
      <trkpt lat="39.77405" lon="2.68589">
        <ele>178.4</ele>
      </trkpt>
      <trkpt lat="39.77404" lon="2.68591">
        <ele>178.5</ele>
      </trkpt>
      <trkpt lat="39.77403" lon="2.68593">
        <ele>178.5</ele>
      </trkpt>
      <trkpt lat="39.77403" lon="2.68598">
        <ele>177.7</ele>
      </trkpt>
      <trkpt lat="39.77403" lon="2.68603">
        <ele>176.9</ele>
      </trkpt>
      <trkpt lat="39.77404" lon="2.68605">
        <ele>176.2</ele>
      </trkpt>
      <trkpt lat="39.77406" lon="2.68606">
        <ele>175.4</ele>
      </trkpt>
      <trkpt lat="39.77408" lon="2.68608">
        <ele>174.4</ele>
      </trkpt>
      <trkpt lat="39.77411" lon="2.68607">
        <ele>173.5</ele>
      </trkpt>
      <trkpt lat="39.77429" lon="2.68606">
        <ele>169.5</ele>
      </trkpt>
      <trkpt lat="39.7744" lon="2.68605">
        <ele>167.6</ele>
      </trkpt>
      <trkpt lat="39.77444" lon="2.68604">
        <ele>166.9</ele>
      </trkpt>
      <trkpt lat="39.77451" lon="2.68599">
        <ele>166.1</ele>
      </trkpt>
      <trkpt lat="39.77455" lon="2.68596">
        <ele>165.6</ele>
      </trkpt>
      <trkpt lat="39.77457" lon="2.68591">
        <ele>165.6</ele>
      </trkpt>
      <trkpt lat="39.77457" lon="2.68586">
        <ele>166.1</ele>
      </trkpt>
      <trkpt lat="39.77457" lon="2.68585">
        <ele>166.1</ele>
      </trkpt>
      <trkpt lat="39.77457" lon="2.68579">
        <ele>166.3</ele>
      </trkpt>
      <trkpt lat="39.7745" lon="2.68553">
        <ele>168.5</ele>
      </trkpt>
      <trkpt lat="39.77449" lon="2.68549">
        <ele>168.8</ele>
      </trkpt>
      <trkpt lat="39.77449" lon="2.68543">
        <ele>168.9</ele>
      </trkpt>
      <trkpt lat="39.7745" lon="2.6854">
        <ele>168.7</ele>
      </trkpt>
      <trkpt lat="39.7745" lon="2.68536">
        <ele>168.8</ele>
      </trkpt>
      <trkpt lat="39.77454" lon="2.68528">
        <ele>167.9</ele>
      </trkpt>
      <trkpt lat="39.77458" lon="2.68519">
        <ele>166.9</ele>
      </trkpt>
      <trkpt lat="39.7746" lon="2.68513">
        <ele>166.3</ele>
      </trkpt>
      <trkpt lat="39.77463" lon="2.68499">
        <ele>165.5</ele>
      </trkpt>
      <trkpt lat="39.77463" lon="2.68487">
        <ele>165.3</ele>
      </trkpt>
      <trkpt lat="39.77463" lon="2.68443">
        <ele>164.7</ele>
      </trkpt>
      <trkpt lat="39.7746" lon="2.68408">
        <ele>164.9</ele>
      </trkpt>
      <trkpt lat="39.77457" lon="2.68397">
        <ele>165.4</ele>
      </trkpt>
      <trkpt lat="39.77454" lon="2.6839">
        <ele>166.1</ele>
      </trkpt>
      <trkpt lat="39.77451" lon="2.68384">
        <ele>166.8</ele>
      </trkpt>
      <trkpt lat="39.77448" lon="2.6838">
        <ele>167.6</ele>
      </trkpt>
      <trkpt lat="39.77442" lon="2.68372">
        <ele>169.1</ele>
      </trkpt>
      <trkpt lat="39.77441" lon="2.68368">
        <ele>169.2</ele>
      </trkpt>
      <trkpt lat="39.7744" lon="2.68364">
        <ele>169.3</ele>
      </trkpt>
      <trkpt lat="39.77441" lon="2.6836">
        <ele>168.7</ele>
      </trkpt>
      <trkpt lat="39.77443" lon="2.68357">
        <ele>167.9</ele>
      </trkpt>
      <trkpt lat="39.77445" lon="2.68356">
        <ele>167.2</ele>
      </trkpt>
      <trkpt lat="39.7745" lon="2.68356">
        <ele>165.5</ele>
      </trkpt>
      <trkpt lat="39.77453" lon="2.68359">
        <ele>164.7</ele>
      </trkpt>
      <trkpt lat="39.77458" lon="2.68364">
        <ele>163.3</ele>
      </trkpt>
      <trkpt lat="39.77466" lon="2.68377">
        <ele>161.2</ele>
      </trkpt>
      <trkpt lat="39.77471" lon="2.68389">
        <ele>160.1</ele>
      </trkpt>
      <trkpt lat="39.77474" lon="2.68396">
        <ele>159.4</ele>
      </trkpt>
      <trkpt lat="39.7748" lon="2.68417">
        <ele>158.2</ele>
      </trkpt>
      <trkpt lat="39.7749" lon="2.68441">
        <ele>155.3</ele>
      </trkpt>
      <trkpt lat="39.77494" lon="2.6845">
        <ele>154.2</ele>
      </trkpt>
      <trkpt lat="39.77495" lon="2.68455">
        <ele>154.1</ele>
      </trkpt>
      <trkpt lat="39.77496" lon="2.68486">
        <ele>154.8</ele>
      </trkpt>
      <trkpt lat="39.77497" lon="2.68503">
        <ele>155.0</ele>
      </trkpt>
      <trkpt lat="39.77498" lon="2.68531">
        <ele>155.7</ele>
      </trkpt>
      <trkpt lat="39.77499" lon="2.68542">
        <ele>155.8</ele>
      </trkpt>
      <trkpt lat="39.77501" lon="2.68549">
        <ele>155.5</ele>
      </trkpt>
      <trkpt lat="39.77502" lon="2.68553">
        <ele>155.4</ele>
      </trkpt>
      <trkpt lat="39.77506" lon="2.68564">
        <ele>154.7</ele>
      </trkpt>
      <trkpt lat="39.77512" lon="2.68581">
        <ele>153.6</ele>
      </trkpt>
      <trkpt lat="39.77518" lon="2.68593">
        <ele>151.8</ele>
      </trkpt>
      <trkpt lat="39.77542" lon="2.68629">
        <ele>144.9</ele>
      </trkpt>
      <trkpt lat="39.77547" lon="2.68638">
        <ele>143.5</ele>
      </trkpt>
      <trkpt lat="39.77548" lon="2.68645">
        <ele>143.1</ele>
      </trkpt>
      <trkpt lat="39.77548" lon="2.68648">
        <ele>143.1</ele>
      </trkpt>
      <trkpt lat="39.77548" lon="2.68652">
        <ele>143.0</ele>
      </trkpt>
      <trkpt lat="39.77546" lon="2.68661">
        <ele>143.5</ele>
      </trkpt>
      <trkpt lat="39.7754" lon="2.68676">
        <ele>142.9</ele>
      </trkpt>
      <trkpt lat="39.77534" lon="2.68687">
        <ele>142.0</ele>
      </trkpt>
      <trkpt lat="39.77531" lon="2.6869">
        <ele>142.0</ele>
      </trkpt>
      <trkpt lat="39.77528" lon="2.68693">
        <ele>141.9</ele>
      </trkpt>
      <trkpt lat="39.77525" lon="2.68695">
        <ele>142.1</ele>
      </trkpt>
      <trkpt lat="39.77522" lon="2.68695">
        <ele>142.8</ele>
      </trkpt>
      <trkpt lat="39.77512" lon="2.68697">
        <ele>144.4</ele>
      </trkpt>
      <trkpt lat="39.77489" lon="2.68702">
        <ele>146.7</ele>
      </trkpt>
      <trkpt lat="39.77478" lon="2.68707">
        <ele>146.5</ele>
      </trkpt>
      <trkpt lat="39.77444" lon="2.68726">
        <ele>144.7</ele>
      </trkpt>
      <trkpt lat="39.77435" lon="2.68732">
        <ele>144.0</ele>
      </trkpt>
      <trkpt lat="39.77431" lon="2.68737">
        <ele>143.1</ele>
      </trkpt>
      <trkpt lat="39.77429" lon="2.68739">
        <ele>142.7</ele>
      </trkpt>
      <trkpt lat="39.77428" lon="2.6874">
        <ele>142.5</ele>
      </trkpt>
      <trkpt lat="39.7742" lon="2.6875">
        <ele>140.7</ele>
      </trkpt>
      <trkpt lat="39.77418" lon="2.68759">
        <ele>140.5</ele>
      </trkpt>
      <trkpt lat="39.77417" lon="2.68768">
        <ele>140.3</ele>
      </trkpt>
      <trkpt lat="39.77417" lon="2.68775">
        <ele>140.0</ele>
      </trkpt>
      <trkpt lat="39.77418" lon="2.68783">
        <ele>139.6</ele>
      </trkpt>
      <trkpt lat="39.77422" lon="2.68797">
        <ele>138.1</ele>
      </trkpt>
      <trkpt lat="39.77423" lon="2.68799">
        <ele>137.8</ele>
      </trkpt>
      <trkpt lat="39.77425" lon="2.68801">
        <ele>137.3</ele>
      </trkpt>
      <trkpt lat="39.7743" lon="2.68809">
        <ele>135.6</ele>
      </trkpt>
      <trkpt lat="39.77434" lon="2.68818">
        <ele>133.8</ele>
      </trkpt>
      <trkpt lat="39.77436" lon="2.6882">
        <ele>133.1</ele>
      </trkpt>
      <trkpt lat="39.7744" lon="2.68829">
        <ele>131.1</ele>
      </trkpt>
      <trkpt lat="39.77442" lon="2.68838">
        <ele>130.1</ele>
      </trkpt>
      <trkpt lat="39.77442" lon="2.68839">
        <ele>130.1</ele>
      </trkpt>
      <trkpt lat="39.77442" lon="2.68841">
        <ele>130.1</ele>
      </trkpt>
      <trkpt lat="39.77443" lon="2.68851">
        <ele>129.9</ele>
      </trkpt>
      <trkpt lat="39.77442" lon="2.68864">
        <ele>130.3</ele>
      </trkpt>
      <trkpt lat="39.77442" lon="2.68865">
        <ele>130.3</ele>
      </trkpt>
      <trkpt lat="39.77438" lon="2.6889">
        <ele>132.0</ele>
      </trkpt>
      <trkpt lat="39.77438" lon="2.68903">
        <ele>132.1</ele>
      </trkpt>
      <trkpt lat="39.7744" lon="2.68916">
        <ele>131.5</ele>
      </trkpt>
      <trkpt lat="39.77444" lon="2.68933">
        <ele>131.3</ele>
      </trkpt>
      <trkpt lat="39.77446" lon="2.6894">
        <ele>131.2</ele>
      </trkpt>
      <trkpt lat="39.77452" lon="2.68954">
        <ele>130.1</ele>
      </trkpt>
      <trkpt lat="39.7746" lon="2.68975">
        <ele>128.9</ele>
      </trkpt>
      <trkpt lat="39.77463" lon="2.68981">
        <ele>128.4</ele>
      </trkpt>
      <trkpt lat="39.77469" lon="2.68995">
        <ele>127.4</ele>
      </trkpt>
      <trkpt lat="39.77471" lon="2.68998">
        <ele>126.9</ele>
      </trkpt>
      <trkpt lat="39.77476" lon="2.69007">
        <ele>125.8</ele>
      </trkpt>
      <trkpt lat="39.77482" lon="2.69012">
        <ele>124.0</ele>
      </trkpt>
      <trkpt lat="39.77482" lon="2.69013">
        <ele>124.1</ele>
      </trkpt>
      <trkpt lat="39.77484" lon="2.69015">
        <ele>123.6</ele>
      </trkpt>
      <trkpt lat="39.77492" lon="2.69021">
        <ele>121.3</ele>
      </trkpt>
      <trkpt lat="39.77497" lon="2.69025">
        <ele>120.0</ele>
      </trkpt>
      <trkpt lat="39.77511" lon="2.69034">
        <ele>117.8</ele>
      </trkpt>
      <trkpt lat="39.77513" lon="2.69036">
        <ele>117.6</ele>
      </trkpt>
      <trkpt lat="39.77526" lon="2.69045">
        <ele>116.1</ele>
      </trkpt>
      <trkpt lat="39.77528" lon="2.69047">
        <ele>116.0</ele>
      </trkpt>
      <trkpt lat="39.77535" lon="2.69051">
        <ele>115.1</ele>
      </trkpt>
      <trkpt lat="39.77554" lon="2.69067">
        <ele>113.4</ele>
      </trkpt>
      <trkpt lat="39.77558" lon="2.69073">
        <ele>113.4</ele>
      </trkpt>
      <trkpt lat="39.77559" lon="2.69075">
        <ele>113.5</ele>
      </trkpt>
      <trkpt lat="39.77564" lon="2.69086">
        <ele>113.6</ele>
      </trkpt>
      <trkpt lat="39.77566" lon="2.69095">
        <ele>112.8</ele>
      </trkpt>
      <trkpt lat="39.7757" lon="2.69121">
        <ele>110.8</ele>
      </trkpt>
      <trkpt lat="39.7757" lon="2.69132">
        <ele>110.3</ele>
      </trkpt>
      <trkpt lat="39.77568" lon="2.6914">
        <ele>110.3</ele>
      </trkpt>
      <trkpt lat="39.77567" lon="2.69147">
        <ele>110.2</ele>
      </trkpt>
      <trkpt lat="39.77563" lon="2.69158">
        <ele>110.5</ele>
      </trkpt>
      <trkpt lat="39.77563" lon="2.69159">
        <ele>110.5</ele>
      </trkpt>
      <trkpt lat="39.77561" lon="2.69161">
        <ele>110.8</ele>
      </trkpt>
      <trkpt lat="39.77557" lon="2.69168">
        <ele>111.1</ele>
      </trkpt>
      <trkpt lat="39.77545" lon="2.69181">
        <ele>110.7</ele>
      </trkpt>
      <trkpt lat="39.77507" lon="2.69218">
        <ele>108.9</ele>
      </trkpt>
      <trkpt lat="39.77492" lon="2.69226">
        <ele>108.5</ele>
      </trkpt>
      <trkpt lat="39.77484" lon="2.69229">
        <ele>108.2</ele>
      </trkpt>
      <trkpt lat="39.77482" lon="2.6923">
        <ele>108.1</ele>
      </trkpt>
      <trkpt lat="39.77471" lon="2.69231">
        <ele>108.4</ele>
      </trkpt>
      <trkpt lat="39.7747" lon="2.69232">
        <ele>108.2</ele>
      </trkpt>
      <trkpt lat="39.77453" lon="2.69232">
        <ele>109.2</ele>
      </trkpt>
      <trkpt lat="39.77452" lon="2.69232">
        <ele>109.2</ele>
      </trkpt>
      <trkpt lat="39.77449" lon="2.69232">
        <ele>109.4</ele>
      </trkpt>
      <trkpt lat="39.7744" lon="2.69234">
        <ele>109.3</ele>
      </trkpt>
      <trkpt lat="39.77438" lon="2.69234">
        <ele>109.4</ele>
      </trkpt>
      <trkpt lat="39.77437" lon="2.69235">
        <ele>109.2</ele>
      </trkpt>
      <trkpt lat="39.77435" lon="2.69235">
        <ele>109.3</ele>
      </trkpt>
      <trkpt lat="39.77431" lon="2.69236">
        <ele>109.0</ele>
      </trkpt>
      <trkpt lat="39.7743" lon="2.69237">
        <ele>108.9</ele>
      </trkpt>
      <trkpt lat="39.77423" lon="2.69243">
        <ele>108.3</ele>
      </trkpt>
      <trkpt lat="39.7742" lon="2.69247">
        <ele>108.0</ele>
      </trkpt>
      <trkpt lat="39.77418" lon="2.69249">
        <ele>107.8</ele>
      </trkpt>
      <trkpt lat="39.77417" lon="2.6925">
        <ele>107.7</ele>
      </trkpt>
      <trkpt lat="39.77408" lon="2.69264">
        <ele>106.7</ele>
      </trkpt>
      <trkpt lat="39.77403" lon="2.69276">
        <ele>106.0</ele>
      </trkpt>
      <trkpt lat="39.77401" lon="2.69286">
        <ele>105.5</ele>
      </trkpt>
      <trkpt lat="39.77399" lon="2.69291">
        <ele>105.4</ele>
      </trkpt>
      <trkpt lat="39.77398" lon="2.69294">
        <ele>105.4</ele>
      </trkpt>
      <trkpt lat="39.77397" lon="2.69305">
        <ele>104.6</ele>
      </trkpt>
      <trkpt lat="39.77397" lon="2.69306">
        <ele>104.5</ele>
      </trkpt>
      <trkpt lat="39.77398" lon="2.69309">
        <ele>104.0</ele>
      </trkpt>
      <trkpt lat="39.77398" lon="2.69314">
        <ele>103.6</ele>
      </trkpt>
      <trkpt lat="39.77398" lon="2.69319">
        <ele>103.1</ele>
      </trkpt>
      <trkpt lat="39.77399" lon="2.69327">
        <ele>102.2</ele>
      </trkpt>
      <trkpt lat="39.77399" lon="2.69329">
        <ele>102.0</ele>
      </trkpt>
      <trkpt lat="39.774" lon="2.69331">
        <ele>101.6</ele>
      </trkpt>
      <trkpt lat="39.77402" lon="2.69336">
        <ele>101.3</ele>
      </trkpt>
      <trkpt lat="39.77413" lon="2.69348">
        <ele>100.2</ele>
      </trkpt>
      <trkpt lat="39.77424" lon="2.69362">
        <ele>98.8</ele>
      </trkpt>
      <trkpt lat="39.77426" lon="2.69364">
        <ele>98.4</ele>
      </trkpt>
      <trkpt lat="39.77439" lon="2.69381">
        <ele>96.1</ele>
      </trkpt>
      <trkpt lat="39.77442" lon="2.69385">
        <ele>95.5</ele>
      </trkpt>
      <trkpt lat="39.7745" lon="2.69397">
        <ele>93.8</ele>
      </trkpt>
      <trkpt lat="39.7745" lon="2.69398">
        <ele>93.8</ele>
      </trkpt>
      <trkpt lat="39.77456" lon="2.69411">
        <ele>92.5</ele>
      </trkpt>
      <trkpt lat="39.7746" lon="2.69418">
        <ele>91.6</ele>
      </trkpt>
      <trkpt lat="39.77465" lon="2.6943">
        <ele>91.0</ele>
      </trkpt>
      <trkpt lat="39.77469" lon="2.69439">
        <ele>90.5</ele>
      </trkpt>
      <trkpt lat="39.77473" lon="2.69447">
        <ele>90.0</ele>
      </trkpt>
      <trkpt lat="39.77477" lon="2.69453">
        <ele>89.3</ele>
      </trkpt>
      <trkpt lat="39.77485" lon="2.69458">
        <ele>87.2</ele>
      </trkpt>
      <trkpt lat="39.77509" lon="2.69476">
        <ele>82.1</ele>
      </trkpt>
      <trkpt lat="39.77523" lon="2.69492">
        <ele>80.0</ele>
      </trkpt>
      <trkpt lat="39.77525" lon="2.69495">
        <ele>79.7</ele>
      </trkpt>
      <trkpt lat="39.77529" lon="2.69502">
        <ele>78.9</ele>
      </trkpt>
      <trkpt lat="39.77533" lon="2.69515">
        <ele>77.1</ele>
      </trkpt>
      <trkpt lat="39.77534" lon="2.69516">
        <ele>76.8</ele>
      </trkpt>
      <trkpt lat="39.77535" lon="2.6953">
        <ele>75.8</ele>
      </trkpt>
      <trkpt lat="39.77536" lon="2.69541">
        <ele>75.0</ele>
      </trkpt>
      <trkpt lat="39.77534" lon="2.69556">
        <ele>74.8</ele>
      </trkpt>
      <trkpt lat="39.77533" lon="2.69558">
        <ele>75.0</ele>
      </trkpt>
      <trkpt lat="39.77532" lon="2.69561">
        <ele>75.1</ele>
      </trkpt>
      <trkpt lat="39.77531" lon="2.69566">
        <ele>75.1</ele>
      </trkpt>
      <trkpt lat="39.7753" lon="2.69569">
        <ele>75.2</ele>
      </trkpt>
      <trkpt lat="39.77524" lon="2.69579">
        <ele>76.2</ele>
      </trkpt>
      <trkpt lat="39.77523" lon="2.69581">
        <ele>76.3</ele>
      </trkpt>
      <trkpt lat="39.77518" lon="2.69587">
        <ele>76.8</ele>
      </trkpt>
      <trkpt lat="39.77509" lon="2.69596">
        <ele>77.3</ele>
      </trkpt>
      <trkpt lat="39.77505" lon="2.69597">
        <ele>78.0</ele>
      </trkpt>
      <trkpt lat="39.77494" lon="2.696">
        <ele>80.8</ele>
      </trkpt>
      <trkpt lat="39.77491" lon="2.69601">
        <ele>81.6</ele>
      </trkpt>
      <trkpt lat="39.7749" lon="2.69601">
        <ele>82.0</ele>
      </trkpt>
      <trkpt lat="39.77488" lon="2.69602">
        <ele>82.5</ele>
      </trkpt>
      <trkpt lat="39.77479" lon="2.69605">
        <ele>85.2</ele>
      </trkpt>
      <trkpt lat="39.77477" lon="2.69607">
        <ele>85.5</ele>
      </trkpt>
      <trkpt lat="39.77476" lon="2.69608">
        <ele>85.7</ele>
      </trkpt>
      <trkpt lat="39.77475" lon="2.69609">
        <ele>85.8</ele>
      </trkpt>
      <trkpt lat="39.77472" lon="2.69614">
        <ele>85.9</ele>
      </trkpt>
      <trkpt lat="39.7747" lon="2.69623">
        <ele>84.9</ele>
      </trkpt>
      <trkpt lat="39.77468" lon="2.69665">
        <ele>77.2</ele>
      </trkpt>
      <trkpt lat="39.77465" lon="2.69698">
        <ele>74.3</ele>
      </trkpt>
      <trkpt lat="39.77464" lon="2.69706">
        <ele>73.7</ele>
      </trkpt>
      <trkpt lat="39.77463" lon="2.69715">
        <ele>73.0</ele>
      </trkpt>
      <trkpt lat="39.77462" lon="2.69724">
        <ele>72.2</ele>
      </trkpt>
      <trkpt lat="39.7746" lon="2.69746">
        <ele>70.0</ele>
      </trkpt>
      <trkpt lat="39.77459" lon="2.69747">
        <ele>70.2</ele>
      </trkpt>
      <trkpt lat="39.77453" lon="2.69771">
        <ele>69.6</ele>
      </trkpt>
      <trkpt lat="39.77445" lon="2.69798">
        <ele>69.3</ele>
      </trkpt>
      <trkpt lat="39.7744" lon="2.69809">
        <ele>69.6</ele>
      </trkpt>
      <trkpt lat="39.77438" lon="2.69817">
        <ele>69.3</ele>
      </trkpt>
      <trkpt lat="39.77435" lon="2.69822">
        <ele>69.6</ele>
      </trkpt>
      <trkpt lat="39.77432" lon="2.6983">
        <ele>69.6</ele>
      </trkpt>
      <trkpt lat="39.77431" lon="2.69832">
        <ele>69.7</ele>
      </trkpt>
      <trkpt lat="39.77427" lon="2.69839">
        <ele>69.5</ele>
      </trkpt>
      <trkpt lat="39.77426" lon="2.69845">
        <ele>68.6</ele>
      </trkpt>
      <trkpt lat="39.77425" lon="2.69851">
        <ele>67.7</ele>
      </trkpt>
      <trkpt lat="39.77426" lon="2.69856">
        <ele>66.5</ele>
      </trkpt>
      <trkpt lat="39.77427" lon="2.6986">
        <ele>65.5</ele>
      </trkpt>
      <trkpt lat="39.77428" lon="2.69865">
        <ele>64.3</ele>
      </trkpt>
      <trkpt lat="39.7743" lon="2.69868">
        <ele>63.3</ele>
      </trkpt>
      <trkpt lat="39.77433" lon="2.6987">
        <ele>62.3</ele>
      </trkpt>
      <trkpt lat="39.77435" lon="2.69872">
        <ele>61.5</ele>
      </trkpt>
      <trkpt lat="39.77438" lon="2.69872">
        <ele>60.8</ele>
      </trkpt>
      <trkpt lat="39.77442" lon="2.69872">
        <ele>59.9</ele>
      </trkpt>
      <trkpt lat="39.77444" lon="2.69872">
        <ele>59.5</ele>
      </trkpt>
      <trkpt lat="39.77446" lon="2.69871">
        <ele>59.2</ele>
      </trkpt>
      <trkpt lat="39.77449" lon="2.69869">
        <ele>58.9</ele>
      </trkpt>
      <trkpt lat="39.7745" lon="2.69868">
        <ele>58.8</ele>
      </trkpt>
      <trkpt lat="39.77452" lon="2.69866">
        <ele>58.7</ele>
      </trkpt>
      <trkpt lat="39.77454" lon="2.69861">
        <ele>59.2</ele>
      </trkpt>
      <trkpt lat="39.77458" lon="2.69852">
        <ele>59.8</ele>
      </trkpt>
      <trkpt lat="39.77461" lon="2.69842">
        <ele>60.9</ele>
      </trkpt>
      <trkpt lat="39.77464" lon="2.69834">
        <ele>61.5</ele>
      </trkpt>
      <trkpt lat="39.77476" lon="2.69803">
        <ele>61.1</ele>
      </trkpt>
      <trkpt lat="39.77477" lon="2.69801">
        <ele>61.1</ele>
      </trkpt>
      <trkpt lat="39.77483" lon="2.69785">
        <ele>60.8</ele>
      </trkpt>
      <trkpt lat="39.77484" lon="2.69782">
        <ele>60.8</ele>
      </trkpt>
      <trkpt lat="39.77485" lon="2.69779">
        <ele>60.7</ele>
      </trkpt>
      <trkpt lat="39.77485" lon="2.69777">
        <ele>60.9</ele>
      </trkpt>
      <trkpt lat="39.77487" lon="2.69762">
        <ele>61.5</ele>
      </trkpt>
      <trkpt lat="39.77487" lon="2.69759">
        <ele>61.7</ele>
      </trkpt>
      <trkpt lat="39.77489" lon="2.69745">
        <ele>62.3</ele>
      </trkpt>
      <trkpt lat="39.7749" lon="2.69736">
        <ele>62.8</ele>
      </trkpt>
      <trkpt lat="39.77493" lon="2.6971">
        <ele>64.1</ele>
      </trkpt>
      <trkpt lat="39.77495" lon="2.69707">
        <ele>63.7</ele>
      </trkpt>
      <trkpt lat="39.77497" lon="2.69705">
        <ele>63.2</ele>
      </trkpt>
      <trkpt lat="39.77502" lon="2.69704">
        <ele>61.9</ele>
      </trkpt>
      <trkpt lat="39.77505" lon="2.69704">
        <ele>61.3</ele>
      </trkpt>
      <trkpt lat="39.77506" lon="2.69704">
        <ele>61.1</ele>
      </trkpt>
      <trkpt lat="39.77507" lon="2.69705">
        <ele>60.8</ele>
      </trkpt>
      <trkpt lat="39.77511" lon="2.69707">
        <ele>59.8</ele>
      </trkpt>
      <trkpt lat="39.77513" lon="2.69711">
        <ele>59.0</ele>
      </trkpt>
      <trkpt lat="39.77515" lon="2.69715">
        <ele>58.3</ele>
      </trkpt>
      <trkpt lat="39.77515" lon="2.69722">
        <ele>57.7</ele>
      </trkpt>
      <trkpt lat="39.77513" lon="2.69741">
        <ele>56.5</ele>
      </trkpt>
      <trkpt lat="39.77513" lon="2.69743">
        <ele>56.3</ele>
      </trkpt>
      <trkpt lat="39.77513" lon="2.69746">
        <ele>56.1</ele>
      </trkpt>
      <trkpt lat="39.77513" lon="2.69749">
        <ele>55.8</ele>
      </trkpt>
      <trkpt lat="39.77505" lon="2.69784">
        <ele>55.2</ele>
      </trkpt>
      <trkpt lat="39.77498" lon="2.69814">
        <ele>54.9</ele>
      </trkpt>
      <trkpt lat="39.77496" lon="2.69821">
        <ele>54.9</ele>
      </trkpt>
      <trkpt lat="39.77492" lon="2.69832">
        <ele>55.0</ele>
      </trkpt>
      <trkpt lat="39.77491" lon="2.69835">
        <ele>54.9</ele>
      </trkpt>
      <trkpt lat="39.77488" lon="2.69844">
        <ele>54.2</ele>
      </trkpt>
      <trkpt lat="39.77484" lon="2.69851">
        <ele>54.0</ele>
      </trkpt>
      <trkpt lat="39.77484" lon="2.69853">
        <ele>53.6</ele>
      </trkpt>
      <trkpt lat="39.77483" lon="2.69856">
        <ele>53.4</ele>
      </trkpt>
      <trkpt lat="39.77482" lon="2.69857">
        <ele>53.4</ele>
      </trkpt>
      <trkpt lat="39.77472" lon="2.69883">
        <ele>51.4</ele>
      </trkpt>
      <trkpt lat="39.77446" lon="2.69936">
        <ele>47.3</ele>
      </trkpt>
      <trkpt lat="39.77412" lon="2.69985">
        <ele>42.6</ele>
      </trkpt>
      <trkpt lat="39.77412" lon="2.69986">
        <ele>42.4</ele>
      </trkpt>
      <trkpt lat="39.77411" lon="2.69987">
        <ele>42.4</ele>
      </trkpt>
      <trkpt lat="39.7741" lon="2.69989">
        <ele>42.2</ele>
      </trkpt>
      <trkpt lat="39.77398" lon="2.70006">
        <ele>41.7</ele>
      </trkpt>
      <trkpt lat="39.77391" lon="2.70016">
        <ele>41.5</ele>
      </trkpt>
      <trkpt lat="39.77386" lon="2.70023">
        <ele>41.3</ele>
      </trkpt>
      <trkpt lat="39.77338" lon="2.70093">
        <ele>36.5</ele>
      </trkpt>
      <trkpt lat="39.77328" lon="2.70106">
        <ele>36.4</ele>
      </trkpt>
      <trkpt lat="39.77325" lon="2.7011">
        <ele>36.3</ele>
      </trkpt>
      <trkpt lat="39.77318" lon="2.70119">
        <ele>36.2</ele>
      </trkpt>
      <trkpt lat="39.77312" lon="2.70126">
        <ele>36.2</ele>
      </trkpt>
      <trkpt lat="39.77307" lon="2.70132">
        <ele>36.0</ele>
      </trkpt>
      <trkpt lat="39.77282" lon="2.70153">
        <ele>36.5</ele>
      </trkpt>
      <trkpt lat="39.77267" lon="2.70165">
        <ele>36.5</ele>
      </trkpt>
      <trkpt lat="39.77252" lon="2.70178">
        <ele>36.8</ele>
      </trkpt>
      <trkpt lat="39.77237" lon="2.7019">
        <ele>35.7</ele>
      </trkpt>
      <trkpt lat="39.77231" lon="2.70192">
        <ele>35.7</ele>
      </trkpt>
      <trkpt lat="39.77225" lon="2.70196">
        <ele>35.4</ele>
      </trkpt>
      <trkpt lat="39.77221" lon="2.70199">
        <ele>35.1</ele>
      </trkpt>
      <trkpt lat="39.77221" lon="2.702">
        <ele>34.9</ele>
      </trkpt>
      <trkpt lat="39.77214" lon="2.70208">
        <ele>34.0</ele>
      </trkpt>
      <trkpt lat="39.7721" lon="2.70215">
        <ele>33.1</ele>
      </trkpt>
      <trkpt lat="39.77209" lon="2.70216">
        <ele>33.0</ele>
      </trkpt>
      <trkpt lat="39.77206" lon="2.70221">
        <ele>32.3</ele>
      </trkpt>
      <trkpt lat="39.77204" lon="2.70225">
        <ele>31.8</ele>
      </trkpt>
      <trkpt lat="39.77182" lon="2.70277">
        <ele>31.1</ele>
      </trkpt>
      <trkpt lat="39.77174" lon="2.70297">
        <ele>30.9</ele>
      </trkpt>
      <trkpt lat="39.7717" lon="2.70307">
        <ele>30.8</ele>
      </trkpt>
      <trkpt lat="39.77148" lon="2.70364">
        <ele>30.2</ele>
      </trkpt>
      <trkpt lat="39.77143" lon="2.70377">
        <ele>30.0</ele>
      </trkpt>
      <trkpt lat="39.77128" lon="2.70412">
        <ele>29.5</ele>
      </trkpt>
      <trkpt lat="39.7712" lon="2.70434">
        <ele>29.2</ele>
      </trkpt>
      <trkpt lat="39.77101" lon="2.70479">
        <ele>28.7</ele>
      </trkpt>
      <trkpt lat="39.77097" lon="2.70491">
        <ele>28.5</ele>
      </trkpt>
      <trkpt lat="39.77079" lon="2.70542">
        <ele>27.7</ele>
      </trkpt>
      <trkpt lat="39.77077" lon="2.70548">
        <ele>27.6</ele>
      </trkpt>
      <trkpt lat="39.77075" lon="2.70551">
        <ele>27.6</ele>
      </trkpt>
      <trkpt lat="39.77073" lon="2.70555">
        <ele>27.6</ele>
      </trkpt>
      <trkpt lat="39.77071" lon="2.70557">
        <ele>27.6</ele>
      </trkpt>
      <trkpt lat="39.77071" lon="2.70557">
        <ele>27.6</ele>
      </trkpt>
      <trkpt lat="39.77084" lon="2.70575">
        <ele>26.3</ele>
      </trkpt>
      <trkpt lat="39.77087" lon="2.70578">
        <ele>26.0</ele>
      </trkpt>
      <trkpt lat="39.77089" lon="2.70581">
        <ele>25.8</ele>
      </trkpt>
      <trkpt lat="39.77091" lon="2.70584">
        <ele>25.6</ele>
      </trkpt>
      <trkpt lat="39.77092" lon="2.70587">
        <ele>25.5</ele>
      </trkpt>
      <trkpt lat="39.77092" lon="2.70588">
        <ele>25.5</ele>
      </trkpt>
      <trkpt lat="39.77093" lon="2.70589">
        <ele>25.5</ele>
      </trkpt>
      <trkpt lat="39.77094" lon="2.70592">
        <ele>25.4</ele>
      </trkpt>
      <trkpt lat="39.77094" lon="2.70594">
        <ele>25.4</ele>
      </trkpt>
      <trkpt lat="39.77095" lon="2.70597">
        <ele>25.3</ele>
      </trkpt>
      <trkpt lat="39.77095" lon="2.70599">
        <ele>25.3</ele>
      </trkpt>
      <trkpt lat="39.77095" lon="2.70601">
        <ele>25.3</ele>
      </trkpt>
      <trkpt lat="39.77095" lon="2.70605">
        <ele>25.2</ele>
      </trkpt>
      <trkpt lat="39.77095" lon="2.70605">
        <ele>25.2</ele>
      </trkpt>
      <trkpt lat="39.77093" lon="2.70607">
        <ele>25.3</ele>
      </trkpt>
      <trkpt lat="39.77093" lon="2.7061">
        <ele>25.3</ele>
      </trkpt>
      <trkpt lat="39.77092" lon="2.70612">
        <ele>25.3</ele>
      </trkpt>
      <trkpt lat="39.77092" lon="2.70614">
        <ele>25.3</ele>
      </trkpt>
      <trkpt lat="39.77092" lon="2.70615">
        <ele>25.2</ele>
      </trkpt>
      <trkpt lat="39.77092" lon="2.70617">
        <ele>25.2</ele>
      </trkpt>
      <trkpt lat="39.77093" lon="2.7062">
        <ele>25.1</ele>
      </trkpt>
      <trkpt lat="39.77093" lon="2.70622">
        <ele>25.1</ele>
      </trkpt>
      <trkpt lat="39.77095" lon="2.70624">
        <ele>25.0</ele>
      </trkpt>
      <trkpt lat="39.77096" lon="2.70626">
        <ele>25.0</ele>
      </trkpt>
      <trkpt lat="39.77097" lon="2.70627">
        <ele>24.9</ele>
      </trkpt>
      <trkpt lat="39.77098" lon="2.70628">
        <ele>24.9</ele>
      </trkpt>
      <trkpt lat="39.77099" lon="2.70628">
        <ele>24.8</ele>
      </trkpt>
      <trkpt lat="39.771" lon="2.70628">
        <ele>24.8</ele>
      </trkpt>
      <trkpt lat="39.771" lon="2.70629">
        <ele>24.8</ele>
      </trkpt>
      <trkpt lat="39.77101" lon="2.70629">
        <ele>24.7</ele>
      </trkpt>
      <trkpt lat="39.77102" lon="2.70629">
        <ele>24.7</ele>
      </trkpt>
      <trkpt lat="39.77103" lon="2.70629">
        <ele>24.6</ele>
      </trkpt>
      <trkpt lat="39.77104" lon="2.70629">
        <ele>24.6</ele>
      </trkpt>
      <trkpt lat="39.77105" lon="2.70629">
        <ele>24.6</ele>
      </trkpt>
      <trkpt lat="39.77106" lon="2.70628">
        <ele>24.5</ele>
      </trkpt>
      <trkpt lat="39.77107" lon="2.70628">
        <ele>24.5</ele>
      </trkpt>
      <trkpt lat="39.77108" lon="2.70628">
        <ele>24.4</ele>
      </trkpt>
      <trkpt lat="39.77108" lon="2.70627">
        <ele>24.4</ele>
      </trkpt>
      <trkpt lat="39.77109" lon="2.70627">
        <ele>24.4</ele>
      </trkpt>
      <trkpt lat="39.7711" lon="2.70626">
        <ele>24.4</ele>
      </trkpt>
      <trkpt lat="39.77111" lon="2.70625">
        <ele>24.3</ele>
      </trkpt>
      <trkpt lat="39.77111" lon="2.70624">
        <ele>24.3</ele>
      </trkpt>
      <trkpt lat="39.77112" lon="2.70624">
        <ele>24.3</ele>
      </trkpt>
      <trkpt lat="39.77112" lon="2.70623">
        <ele>24.3</ele>
      </trkpt>
      <trkpt lat="39.77113" lon="2.70622">
        <ele>24.3</ele>
      </trkpt>
      <trkpt lat="39.77113" lon="2.70621">
        <ele>24.3</ele>
      </trkpt>
      <trkpt lat="39.77113" lon="2.7062">
        <ele>24.3</ele>
      </trkpt>
      <trkpt lat="39.77122" lon="2.70617">
        <ele>23.9</ele>
      </trkpt>
      <trkpt lat="39.77133" lon="2.70612">
        <ele>23.5</ele>
      </trkpt>
      <trkpt lat="39.77178" lon="2.70594">
        <ele>21.7</ele>
      </trkpt>
      <trkpt lat="39.77202" lon="2.70585">
        <ele>21.1</ele>
      </trkpt>
      <trkpt lat="39.77212" lon="2.70581">
        <ele>21.0</ele>
      </trkpt>
      <trkpt lat="39.77217" lon="2.70579">
        <ele>20.9</ele>
      </trkpt>
      <trkpt lat="39.77235" lon="2.70573">
        <ele>20.5</ele>
      </trkpt>
      <trkpt lat="39.77263" lon="2.70564">
        <ele>19.8</ele>
      </trkpt>
      <trkpt lat="39.77271" lon="2.70562">
        <ele>19.5</ele>
      </trkpt>
      <trkpt lat="39.77285" lon="2.70559">
        <ele>19.0</ele>
      </trkpt>
      <trkpt lat="39.77302" lon="2.70555">
        <ele>18.5</ele>
      </trkpt>
      <trkpt lat="39.77319" lon="2.70552">
        <ele>17.9</ele>
      </trkpt>
      <trkpt lat="39.77328" lon="2.70551">
        <ele>17.6</ele>
      </trkpt>
      <trkpt lat="39.7733" lon="2.70551">
        <ele>17.5</ele>
      </trkpt>
      <trkpt lat="39.77332" lon="2.70551">
        <ele>17.4</ele>
      </trkpt>
      <trkpt lat="39.77335" lon="2.70551">
        <ele>17.3</ele>
      </trkpt>
      <trkpt lat="39.77346" lon="2.70551">
        <ele>16.7</ele>
      </trkpt>
      <trkpt lat="39.77351" lon="2.70551">
        <ele>16.5</ele>
      </trkpt>
      <trkpt lat="39.77363" lon="2.70551">
        <ele>15.8</ele>
      </trkpt>
      <trkpt lat="39.7741" lon="2.70553">
        <ele>13.3</ele>
      </trkpt>
      <trkpt lat="39.77421" lon="2.70553">
        <ele>13.0</ele>
      </trkpt>
      <trkpt lat="39.77457" lon="2.70555">
        <ele>12.8</ele>
      </trkpt>
      <trkpt lat="39.77462" lon="2.70553">
        <ele>12.8</ele>
      </trkpt>
      <trkpt lat="39.77485" lon="2.70555">
        <ele>12.7</ele>
      </trkpt>
      <trkpt lat="39.77497" lon="2.70556">
        <ele>12.6</ele>
      </trkpt>
      <trkpt lat="39.77518" lon="2.70558">
        <ele>12.6</ele>
      </trkpt>
      <trkpt lat="39.77545" lon="2.7056">
        <ele>12.6</ele>
      </trkpt>
      <trkpt lat="39.7755" lon="2.7056">
        <ele>12.6</ele>
      </trkpt>
      <trkpt lat="39.77584" lon="2.70564">
        <ele>12.5</ele>
      </trkpt>
      <trkpt lat="39.77602" lon="2.70565">
        <ele>12.2</ele>
      </trkpt>
      <trkpt lat="39.7761" lon="2.70565">
        <ele>12.1</ele>
      </trkpt>
      <trkpt lat="39.77614" lon="2.70566">
        <ele>12.0</ele>
      </trkpt>
      <trkpt lat="39.77624" lon="2.70566">
        <ele>11.8</ele>
      </trkpt>
      <trkpt lat="39.77629" lon="2.70569">
        <ele>11.7</ele>
      </trkpt>
      <trkpt lat="39.77639" lon="2.70569">
        <ele>11.5</ele>
      </trkpt>
      <trkpt lat="39.77669" lon="2.70567">
        <ele>11.0</ele>
      </trkpt>
      <trkpt lat="39.77671" lon="2.70567">
        <ele>10.9</ele>
      </trkpt>
      <trkpt lat="39.77674" lon="2.70568">
        <ele>10.9</ele>
      </trkpt>
      <trkpt lat="39.77675" lon="2.70568">
        <ele>10.9</ele>
      </trkpt>
      <trkpt lat="39.77677" lon="2.70568">
        <ele>10.9</ele>
      </trkpt>
      <trkpt lat="39.77679" lon="2.70569">
        <ele>10.9</ele>
      </trkpt>
      <trkpt lat="39.77682" lon="2.70571">
        <ele>10.8</ele>
      </trkpt>
      <trkpt lat="39.77684" lon="2.70572">
        <ele>10.8</ele>
      </trkpt>
      <trkpt lat="39.77686" lon="2.70572">
        <ele>10.8</ele>
      </trkpt>
      <trkpt lat="39.77689" lon="2.70572">
        <ele>10.7</ele>
      </trkpt>
      <trkpt lat="39.77691" lon="2.70572">
        <ele>10.7</ele>
      </trkpt>
      <trkpt lat="39.77693" lon="2.70572">
        <ele>10.7</ele>
      </trkpt>
      <trkpt lat="39.77695" lon="2.7057">
        <ele>10.7</ele>
      </trkpt>
      <trkpt lat="39.77697" lon="2.70569">
        <ele>10.6</ele>
      </trkpt>
      <trkpt lat="39.77704" lon="2.70559">
        <ele>10.6</ele>
      </trkpt>
      <trkpt lat="39.77709" lon="2.70553">
        <ele>10.5</ele>
      </trkpt>
      <trkpt lat="39.77713" lon="2.70548">
        <ele>10.4</ele>
      </trkpt>
      <trkpt lat="39.77716" lon="2.70545">
        <ele>10.4</ele>
      </trkpt>
      <trkpt lat="39.7772" lon="2.70541">
        <ele>10.4</ele>
      </trkpt>
      <trkpt lat="39.77722" lon="2.70538">
        <ele>10.3</ele>
      </trkpt>
      <trkpt lat="39.77728" lon="2.70533">
        <ele>10.3</ele>
      </trkpt>
      <trkpt lat="39.77734" lon="2.70527">
        <ele>10.2</ele>
      </trkpt>
      <trkpt lat="39.77746" lon="2.70518">
        <ele>10.0</ele>
      </trkpt>
      <trkpt lat="39.77808" lon="2.70465">
        <ele>10.0</ele>
      </trkpt>
      <trkpt lat="39.77818" lon="2.70458">
        <ele>10.0</ele>
      </trkpt>
      <trkpt lat="39.77824" lon="2.70454">
        <ele>10.0</ele>
      </trkpt>
      <trkpt lat="39.77828" lon="2.70452">
        <ele>10.0</ele>
      </trkpt>
      <trkpt lat="39.77831" lon="2.70451">
        <ele>10.0</ele>
      </trkpt>
      <trkpt lat="39.77841" lon="2.70449">
        <ele>9.9</ele>
      </trkpt>
      <trkpt lat="39.77842" lon="2.70449">
        <ele>9.9</ele>
      </trkpt>
      <trkpt lat="39.77843" lon="2.70449">
        <ele>9.9</ele>
      </trkpt>
      <trkpt lat="39.77844" lon="2.70449">
        <ele>9.9</ele>
      </trkpt>
      <trkpt lat="39.77845" lon="2.70449">
        <ele>9.9</ele>
      </trkpt>
      <trkpt lat="39.77846" lon="2.70449">
        <ele>9.9</ele>
      </trkpt>
      <trkpt lat="39.77847" lon="2.70448">
        <ele>9.9</ele>
      </trkpt>
      <trkpt lat="39.77848" lon="2.70448">
        <ele>9.9</ele>
      </trkpt>
      <trkpt lat="39.77848" lon="2.70447">
        <ele>9.9</ele>
      </trkpt>
      <trkpt lat="39.77849" lon="2.70447">
        <ele>9.9</ele>
      </trkpt>
      <trkpt lat="39.77849" lon="2.70446">
        <ele>9.9</ele>
      </trkpt>
      <trkpt lat="39.7785" lon="2.70446">
        <ele>9.9</ele>
      </trkpt>
      <trkpt lat="39.7785" lon="2.70445">
        <ele>9.9</ele>
      </trkpt>
      <trkpt lat="39.77851" lon="2.70444">
        <ele>9.9</ele>
      </trkpt>
      <trkpt lat="39.77851" lon="2.70443">
        <ele>9.9</ele>
      </trkpt>
      <trkpt lat="39.77852" lon="2.70443">
        <ele>9.8</ele>
      </trkpt>
      <trkpt lat="39.77852" lon="2.70442">
        <ele>9.8</ele>
      </trkpt>
      <trkpt lat="39.77852" lon="2.70441">
        <ele>9.8</ele>
      </trkpt>
      <trkpt lat="39.77853" lon="2.7044">
        <ele>9.8</ele>
      </trkpt>
      <trkpt lat="39.77853" lon="2.70439">
        <ele>9.8</ele>
      </trkpt>
      <trkpt lat="39.77853" lon="2.70438">
        <ele>9.8</ele>
      </trkpt>
      <trkpt lat="39.77853" lon="2.70437">
        <ele>9.8</ele>
      </trkpt>
      <trkpt lat="39.77853" lon="2.70436">
        <ele>9.8</ele>
      </trkpt>
      <trkpt lat="39.77853" lon="2.70435">
        <ele>9.8</ele>
      </trkpt>
      <trkpt lat="39.77853" lon="2.70434">
        <ele>9.8</ele>
      </trkpt>
      <trkpt lat="39.77853" lon="2.70433">
        <ele>9.8</ele>
      </trkpt>
      <trkpt lat="39.77853" lon="2.70432">
        <ele>9.8</ele>
      </trkpt>
      <trkpt lat="39.77853" lon="2.70431">
        <ele>9.8</ele>
      </trkpt>
      <trkpt lat="39.77853" lon="2.7043">
        <ele>9.8</ele>
      </trkpt>
      <trkpt lat="39.77852" lon="2.70429">
        <ele>9.8</ele>
      </trkpt>
      <trkpt lat="39.77852" lon="2.70428">
        <ele>9.8</ele>
      </trkpt>
      <trkpt lat="39.77852" lon="2.70427">
        <ele>9.8</ele>
      </trkpt>
      <trkpt lat="39.77851" lon="2.70427">
        <ele>9.8</ele>
      </trkpt>
      <trkpt lat="39.77854" lon="2.70409">
        <ele>9.8</ele>
      </trkpt>
      <trkpt lat="39.77856" lon="2.70403">
        <ele>9.7</ele>
      </trkpt>
      <trkpt lat="39.77857" lon="2.70399">
        <ele>9.7</ele>
      </trkpt>
      <trkpt lat="39.7786" lon="2.70394">
        <ele>9.7</ele>
      </trkpt>
      <trkpt lat="39.77864" lon="2.70385">
        <ele>9.6</ele>
      </trkpt>
      <trkpt lat="39.77865" lon="2.7038">
        <ele>9.6</ele>
      </trkpt>
      <trkpt lat="39.77878" lon="2.70362">
        <ele>9.5</ele>
      </trkpt>
      <trkpt lat="39.77882" lon="2.70357">
        <ele>9.4</ele>
      </trkpt>
      <trkpt lat="39.77911" lon="2.70319">
        <ele>8.9</ele>
      </trkpt>
      <trkpt lat="39.7794" lon="2.70281">
        <ele>8.2</ele>
      </trkpt>
      <trkpt lat="39.77967" lon="2.70244">
        <ele>8.0</ele>
      </trkpt>
      <trkpt lat="39.77983" lon="2.70222">
        <ele>8.3</ele>
      </trkpt>
      <trkpt lat="39.78007" lon="2.70187">
        <ele>8.6</ele>
      </trkpt>
      <trkpt lat="39.78028" lon="2.70158">
        <ele>8.1</ele>
      </trkpt>
      <trkpt lat="39.7803" lon="2.70155">
        <ele>8.1</ele>
      </trkpt>
      <trkpt lat="39.78053" lon="2.70128">
        <ele>7.6</ele>
      </trkpt>
      <trkpt lat="39.78057" lon="2.70123">
        <ele>7.5</ele>
      </trkpt>
      <trkpt lat="39.78061" lon="2.70119">
        <ele>7.4</ele>
      </trkpt>
      <trkpt lat="39.78067" lon="2.70113">
        <ele>7.2</ele>
      </trkpt>
      <trkpt lat="39.78073" lon="2.70108">
        <ele>7.1</ele>
      </trkpt>
      <trkpt lat="39.78083" lon="2.70101">
        <ele>6.8</ele>
      </trkpt>
      <trkpt lat="39.78086" lon="2.701">
        <ele>6.9</ele>
      </trkpt>
      <trkpt lat="39.78102" lon="2.70089">
        <ele>7.4</ele>
      </trkpt>
      <trkpt lat="39.78112" lon="2.70082">
        <ele>7.7</ele>
      </trkpt>
      <trkpt lat="39.78145" lon="2.70061">
        <ele>8.3</ele>
      </trkpt>
      <trkpt lat="39.78161" lon="2.70051">
        <ele>8.5</ele>
      </trkpt>
      <trkpt lat="39.78177" lon="2.7004">
        <ele>10.4</ele>
      </trkpt>
      <trkpt lat="39.78193" lon="2.7003">
        <ele>12.7</ele>
      </trkpt>
      <trkpt lat="39.78195" lon="2.70028">
        <ele>12.9</ele>
      </trkpt>
      <trkpt lat="39.78209" lon="2.70019">
        <ele>14.3</ele>
      </trkpt>
      <trkpt lat="39.7823" lon="2.70004">
        <ele>15.4</ele>
      </trkpt>
      <trkpt lat="39.78235" lon="2.70001">
        <ele>15.5</ele>
      </trkpt>
      <trkpt lat="39.78255" lon="2.69989">
        <ele>17.4</ele>
      </trkpt>
      <trkpt lat="39.78259" lon="2.69986">
        <ele>17.9</ele>
      </trkpt>
      <trkpt lat="39.78283" lon="2.69972">
        <ele>20.5</ele>
      </trkpt>
      <trkpt lat="39.78298" lon="2.69965">
        <ele>21.3</ele>
      </trkpt>
      <trkpt lat="39.78316" lon="2.69958">
        <ele>21.9</ele>
      </trkpt>
      <trkpt lat="39.78316" lon="2.69958">
        <ele>21.9</ele>
      </trkpt>
      <trkpt lat="39.78322" lon="2.69959">
        <ele>22.9</ele>
      </trkpt>
      <trkpt lat="39.78326" lon="2.69959">
        <ele>23.4</ele>
      </trkpt>
      <trkpt lat="39.78329" lon="2.69959">
        <ele>23.7</ele>
      </trkpt>
      <trkpt lat="39.78331" lon="2.69958">
        <ele>23.6</ele>
      </trkpt>
      <trkpt lat="39.78363" lon="2.69943">
        <ele>24.4</ele>
      </trkpt>
      <trkpt lat="39.78382" lon="2.69936">
        <ele>25.3</ele>
      </trkpt>
      <trkpt lat="39.78406" lon="2.69927">
        <ele>26.1</ele>
      </trkpt>
      <trkpt lat="39.78418" lon="2.69922">
        <ele>26.3</ele>
      </trkpt>
      <trkpt lat="39.78425" lon="2.69918">
        <ele>26.6</ele>
      </trkpt>
      <trkpt lat="39.78431" lon="2.69915">
        <ele>27.2</ele>
      </trkpt>
      <trkpt lat="39.78437" lon="2.69911">
        <ele>27.7</ele>
      </trkpt>
      <trkpt lat="39.78443" lon="2.69907">
        <ele>28.1</ele>
      </trkpt>
      <trkpt lat="39.78449" lon="2.69903">
        <ele>28.4</ele>
      </trkpt>
      <trkpt lat="39.78455" lon="2.69898">
        <ele>28.3</ele>
      </trkpt>
      <trkpt lat="39.78464" lon="2.69889">
        <ele>26.4</ele>
      </trkpt>
      <trkpt lat="39.7847" lon="2.69881">
        <ele>25.0</ele>
      </trkpt>
      <trkpt lat="39.78482" lon="2.69865">
        <ele>22.2</ele>
      </trkpt>
      <trkpt lat="39.78484" lon="2.69862">
        <ele>21.7</ele>
      </trkpt>
      <trkpt lat="39.78485" lon="2.69861">
        <ele>21.5</ele>
      </trkpt>
      <trkpt lat="39.7851" lon="2.69832">
        <ele>16.1</ele>
      </trkpt>
      <trkpt lat="39.78513" lon="2.69828">
        <ele>16.5</ele>
      </trkpt>
      <trkpt lat="39.78516" lon="2.69824">
        <ele>16.9</ele>
      </trkpt>
      <trkpt lat="39.78518" lon="2.6982">
        <ele>17.0</ele>
      </trkpt>
      <trkpt lat="39.78521" lon="2.69815">
        <ele>17.1</ele>
      </trkpt>
      <trkpt lat="39.78536" lon="2.69796">
        <ele>17.8</ele>
      </trkpt>
      <trkpt lat="39.78552" lon="2.69777">
        <ele>17.3</ele>
      </trkpt>
      <trkpt lat="39.78587" lon="2.69731">
        <ele>13.5</ele>
      </trkpt>
      <trkpt lat="39.78611" lon="2.69703">
        <ele>14.6</ele>
      </trkpt>
      <trkpt lat="39.78623" lon="2.69688">
        <ele>13.7</ele>
      </trkpt>
      <trkpt lat="39.78638" lon="2.6967">
        <ele>11.5</ele>
      </trkpt>
      <trkpt lat="39.78638" lon="2.6967">
        <ele>11.5</ele>
      </trkpt>
      <trkpt lat="39.78636" lon="2.69668">
        <ele>10.7</ele>
      </trkpt>
      <trkpt lat="39.78635" lon="2.69667">
        <ele>10.3</ele>
      </trkpt>
      <trkpt lat="39.78634" lon="2.69665">
        <ele>10.0</ele>
      </trkpt>
      <trkpt lat="39.78634" lon="2.69664">
        <ele>9.9</ele>
      </trkpt>
      <trkpt lat="39.78634" lon="2.69663">
        <ele>9.8</ele>
      </trkpt>
      <trkpt lat="39.78634" lon="2.69661">
        <ele>9.7</ele>
      </trkpt>
      <trkpt lat="39.78634" lon="2.6966">
        <ele>9.6</ele>
      </trkpt>
      <trkpt lat="39.78634" lon="2.69659">
        <ele>9.6</ele>
      </trkpt>
      <trkpt lat="39.78634" lon="2.69658">
        <ele>9.5</ele>
      </trkpt>
      <trkpt lat="39.78634" lon="2.69657">
        <ele>9.4</ele>
      </trkpt>
      <trkpt lat="39.78635" lon="2.69656">
        <ele>9.5</ele>
      </trkpt>
      <trkpt lat="39.78636" lon="2.69654">
        <ele>9.5</ele>
      </trkpt>
      <trkpt lat="39.78638" lon="2.69651">
        <ele>9.5</ele>
      </trkpt>
      <trkpt lat="39.7864" lon="2.69649">
        <ele>9.5</ele>
      </trkpt>
      <trkpt lat="39.78641" lon="2.69647">
        <ele>9.5</ele>
      </trkpt>
      <trkpt lat="39.78642" lon="2.69646">
        <ele>9.5</ele>
      </trkpt>
      <trkpt lat="39.78642" lon="2.69644">
        <ele>9.3</ele>
      </trkpt>
      <trkpt lat="39.78643" lon="2.69641">
        <ele>9.2</ele>
      </trkpt>
      <trkpt lat="39.78643" lon="2.69639">
        <ele>9.0</ele>
      </trkpt>
      <trkpt lat="39.78643" lon="2.69636">
        <ele>8.8</ele>
      </trkpt>
      <trkpt lat="39.78643" lon="2.69633">
        <ele>8.6</ele>
      </trkpt>
      <trkpt lat="39.78643" lon="2.69632">
        <ele>8.5</ele>
      </trkpt>
      <trkpt lat="39.78642" lon="2.69631">
        <ele>8.4</ele>
      </trkpt>
      <trkpt lat="39.78641" lon="2.69627">
        <ele>8.1</ele>
      </trkpt>
      <trkpt lat="39.78641" lon="2.69626">
        <ele>8.1</ele>
      </trkpt>
      <trkpt lat="39.78639" lon="2.69623">
        <ele>7.8</ele>
      </trkpt>
      <trkpt lat="39.78638" lon="2.69619">
        <ele>7.6</ele>
      </trkpt>
      <trkpt lat="39.78635" lon="2.69612">
        <ele>7.1</ele>
      </trkpt>
      <trkpt lat="39.78632" lon="2.69602">
        <ele>6.4</ele>
      </trkpt>
      <trkpt lat="39.7863" lon="2.69597">
        <ele>6.1</ele>
      </trkpt>
      <trkpt lat="39.78628" lon="2.69592">
        <ele>5.8</ele>
      </trkpt>
      <trkpt lat="39.78624" lon="2.69584">
        <ele>5.2</ele>
      </trkpt>
      <trkpt lat="39.78623" lon="2.69581">
        <ele>5.0</ele>
      </trkpt>
      <trkpt lat="39.78621" lon="2.69576">
        <ele>4.7</ele>
      </trkpt>
      <trkpt lat="39.78619" lon="2.69569">
        <ele>5.0</ele>
      </trkpt>
      <trkpt lat="39.78617" lon="2.69563">
        <ele>5.3</ele>
      </trkpt>
      <trkpt lat="39.78616" lon="2.6956">
        <ele>5.5</ele>
      </trkpt>
      <trkpt lat="39.78616" lon="2.69559">
        <ele>5.5</ele>
      </trkpt>
      <trkpt lat="39.78615" lon="2.69555">
        <ele>5.7</ele>
      </trkpt>
      <trkpt lat="39.78615" lon="2.69551">
        <ele>5.9</ele>
      </trkpt>
      <trkpt lat="39.78615" lon="2.69548">
        <ele>6.1</ele>
      </trkpt>
      <trkpt lat="39.78616" lon="2.69543">
        <ele>6.3</ele>
      </trkpt>
      <trkpt lat="39.78616" lon="2.69536">
        <ele>6.6</ele>
      </trkpt>
      <trkpt lat="39.78617" lon="2.69531">
        <ele>6.8</ele>
      </trkpt>
      <trkpt lat="39.78618" lon="2.69518">
        <ele>7.3</ele>
      </trkpt>
      <trkpt lat="39.78623" lon="2.69467">
        <ele>9.8</ele>
      </trkpt>
      <trkpt lat="39.78633" lon="2.69442">
        <ele>9.5</ele>
      </trkpt>
      <trkpt lat="39.78638" lon="2.6943">
        <ele>9.0</ele>
      </trkpt>
      <trkpt lat="39.78647" lon="2.69411">
        <ele>8.4</ele>
      </trkpt>
      <trkpt lat="39.78658" lon="2.69392">
        <ele>8.7</ele>
      </trkpt>
      <trkpt lat="39.78668" lon="2.69377">
        <ele>8.6</ele>
      </trkpt>
      <trkpt lat="39.7868" lon="2.69361">
        <ele>9.6</ele>
      </trkpt>
      <trkpt lat="39.7869" lon="2.69351">
        <ele>9.5</ele>
      </trkpt>
      <trkpt lat="39.78712" lon="2.6933">
        <ele>8.8</ele>
      </trkpt>
      <trkpt lat="39.78728" lon="2.69317">
        <ele>8.9</ele>
      </trkpt>
      <trkpt lat="39.78731" lon="2.69315">
        <ele>8.8</ele>
      </trkpt>
      <trkpt lat="39.78747" lon="2.69298">
        <ele>8.6</ele>
      </trkpt>
      <trkpt lat="39.78755" lon="2.69288">
        <ele>9.1</ele>
      </trkpt>
      <trkpt lat="39.7877" lon="2.69267">
        <ele>10.4</ele>
      </trkpt>
      <trkpt lat="39.78785" lon="2.69243">
        <ele>10.7</ele>
      </trkpt>
      <trkpt lat="39.78794" lon="2.6923">
        <ele>10.1</ele>
      </trkpt>
      <trkpt lat="39.78805" lon="2.69212">
        <ele>8.9</ele>
      </trkpt>
      <trkpt lat="39.78814" lon="2.69198">
        <ele>7.5</ele>
      </trkpt>
      <trkpt lat="39.78819" lon="2.69189">
        <ele>6.5</ele>
      </trkpt>
      <trkpt lat="39.78825" lon="2.69183">
        <ele>5.1</ele>
      </trkpt>
      <trkpt lat="39.78827" lon="2.69181">
        <ele>4.6</ele>
      </trkpt>
      <trkpt lat="39.78831" lon="2.69179">
        <ele>3.5</ele>
      </trkpt>
      <trkpt lat="39.78835" lon="2.69179">
        <ele>2.9</ele>
      </trkpt>
      <trkpt lat="39.78842" lon="2.6918">
        <ele>2.8</ele>
      </trkpt>
      <trkpt lat="39.7885" lon="2.69182">
        <ele>2.8</ele>
      </trkpt>
      <trkpt lat="39.78859" lon="2.69184">
        <ele>2.8</ele>
      </trkpt>
      <trkpt lat="39.78865" lon="2.69185">
        <ele>2.8</ele>
      </trkpt>
      <trkpt lat="39.78867" lon="2.69185">
        <ele>2.8</ele>
      </trkpt>
      <trkpt lat="39.7887" lon="2.69184">
        <ele>2.8</ele>
      </trkpt>
      <trkpt lat="39.78872" lon="2.69184">
        <ele>2.8</ele>
      </trkpt>
      <trkpt lat="39.78873" lon="2.69183">
        <ele>2.8</ele>
      </trkpt>
      <trkpt lat="39.78877" lon="2.69182">
        <ele>2.8</ele>
      </trkpt>
      <trkpt lat="39.78886" lon="2.69178">
        <ele>2.9</ele>
      </trkpt>
      <trkpt lat="39.78894" lon="2.69174">
        <ele>2.9</ele>
      </trkpt>
      <trkpt lat="39.78902" lon="2.6917">
        <ele>3.0</ele>
      </trkpt>
      <trkpt lat="39.78905" lon="2.69169">
        <ele>3.0</ele>
      </trkpt>
      <trkpt lat="39.78908" lon="2.69168">
        <ele>3.0</ele>
      </trkpt>
      <trkpt lat="39.78911" lon="2.69167">
        <ele>3.0</ele>
      </trkpt>
      <trkpt lat="39.78914" lon="2.69167">
        <ele>3.0</ele>
      </trkpt>
      <trkpt lat="39.78921" lon="2.69165">
        <ele>3.1</ele>
      </trkpt>
      <trkpt lat="39.78926" lon="2.69164">
        <ele>3.3</ele>
      </trkpt>
      <trkpt lat="39.78931" lon="2.69164">
        <ele>3.5</ele>
      </trkpt>
      <trkpt lat="39.78932" lon="2.69164">
        <ele>3.5</ele>
      </trkpt>
      <trkpt lat="39.7894" lon="2.69164">
        <ele>3.8</ele>
      </trkpt>
      <trkpt lat="39.78945" lon="2.69164">
        <ele>4.0</ele>
      </trkpt>
      <trkpt lat="39.7895" lon="2.69164">
        <ele>4.1</ele>
      </trkpt>
      <trkpt lat="39.78954" lon="2.69164">
        <ele>4.3</ele>
      </trkpt>
      <trkpt lat="39.78961" lon="2.69166">
        <ele>4.6</ele>
      </trkpt>
      <trkpt lat="39.78961" lon="2.69166">
        <ele>4.6</ele>
      </trkpt>
      <trkpt lat="39.78987" lon="2.69163">
        <ele>5.4</ele>
      </trkpt>
      <trkpt lat="39.79006" lon="2.69162">
        <ele>4.9</ele>
      </trkpt>
      <trkpt lat="39.79007" lon="2.69162">
        <ele>4.7</ele>
      </trkpt>
      <trkpt lat="39.79025" lon="2.69162">
        <ele>1.8</ele>
      </trkpt>
      <trkpt lat="39.79025" lon="2.69162">
        <ele>1.8</ele>
      </trkpt>
      <trkpt lat="39.79031" lon="2.692">
        <ele>2.0</ele>
      </trkpt>
      <trkpt lat="39.79042" lon="2.69246">
        <ele>2.8</ele>
      </trkpt>
      <trkpt lat="39.79044" lon="2.69252">
        <ele>2.9</ele>
      </trkpt>
      <trkpt lat="39.79049" lon="2.69274">
        <ele>3.0</ele>
      </trkpt>
      <trkpt lat="39.79051" lon="2.69281">
        <ele>3.0</ele>
      </trkpt>
      <trkpt lat="39.79055" lon="2.69296">
        <ele>3.3</ele>
      </trkpt>
      <trkpt lat="39.79064" lon="2.6933">
        <ele>4.4</ele>
      </trkpt>
      <trkpt lat="39.79068" lon="2.69344">
        <ele>4.9</ele>
      </trkpt>
      <trkpt lat="39.79075" lon="2.69374">
        <ele>5.6</ele>
      </trkpt>
      <trkpt lat="39.79081" lon="2.69396">
        <ele>6.2</ele>
      </trkpt>
      <trkpt lat="39.79087" lon="2.69419">
        <ele>6.9</ele>
      </trkpt>
      <trkpt lat="39.79091" lon="2.69436">
        <ele>8.5</ele>
      </trkpt>
      <trkpt lat="39.79093" lon="2.69454">
        <ele>10.3</ele>
      </trkpt>
      <trkpt lat="39.79096" lon="2.69472">
        <ele>12.0</ele>
      </trkpt>
      <trkpt lat="39.79096" lon="2.69472">
        <ele>12.0</ele>
      </trkpt>
      <trkpt lat="39.79104" lon="2.69477">
        <ele>12.0</ele>
      </trkpt>
      <trkpt lat="39.79111" lon="2.69482">
        <ele>12.0</ele>
      </trkpt>
      <trkpt lat="39.79118" lon="2.69488">
        <ele>12.1</ele>
      </trkpt>
      <trkpt lat="39.79128" lon="2.69496">
        <ele>12.3</ele>
      </trkpt>
      <trkpt lat="39.79141" lon="2.69507">
        <ele>13.3</ele>
      </trkpt>
      <trkpt lat="39.79156" lon="2.69519">
        <ele>14.4</ele>
      </trkpt>
      <trkpt lat="39.79172" lon="2.69532">
        <ele>14.7</ele>
      </trkpt>
      <trkpt lat="39.79196" lon="2.69558">
        <ele>13.2</ele>
      </trkpt>
      <trkpt lat="39.7923" lon="2.69586">
        <ele>6.7</ele>
      </trkpt>
      <trkpt lat="39.79234" lon="2.6959">
        <ele>6.7</ele>
      </trkpt>
      <trkpt lat="39.7927" lon="2.69617">
        <ele>7.6</ele>
      </trkpt>
      <trkpt lat="39.79295" lon="2.69634">
        <ele>8.4</ele>
      </trkpt>
      <trkpt lat="39.7931" lon="2.69643">
        <ele>7.7</ele>
      </trkpt>
      <trkpt lat="39.79329" lon="2.69654">
        <ele>5.8</ele>
      </trkpt>
      <trkpt lat="39.7935" lon="2.69664">
        <ele>4.8</ele>
      </trkpt>
      <trkpt lat="39.79362" lon="2.69669">
        <ele>4.6</ele>
      </trkpt>
      <trkpt lat="39.79371" lon="2.69673">
        <ele>4.7</ele>
      </trkpt>
      <trkpt lat="39.79385" lon="2.69677">
        <ele>4.5</ele>
      </trkpt>
      <trkpt lat="39.79399" lon="2.6968">
        <ele>4.2</ele>
      </trkpt>
      <trkpt lat="39.79412" lon="2.69682">
        <ele>3.8</ele>
      </trkpt>
      <trkpt lat="39.79434" lon="2.69684">
        <ele>3.7</ele>
      </trkpt>
      <trkpt lat="39.79485" lon="2.69688">
        <ele>3.6</ele>
      </trkpt>
      <trkpt lat="39.79521" lon="2.69688">
        <ele>3.7</ele>
      </trkpt>
      <trkpt lat="39.79545" lon="2.69688">
        <ele>4.1</ele>
      </trkpt>
      <trkpt lat="39.79556" lon="2.69688">
        <ele>4.3</ele>
      </trkpt>
      <trkpt lat="39.79556" lon="2.69688">
        <ele>4.3</ele>
      </trkpt>
      <trkpt lat="39.79559" lon="2.69711">
        <ele>6.0</ele>
      </trkpt>
      <trkpt lat="39.7956" lon="2.69733">
        <ele>7.5</ele>
      </trkpt>
      <trkpt lat="39.79562" lon="2.69763">
        <ele>9.3</ele>
      </trkpt>
      <trkpt lat="39.79562" lon="2.69767">
        <ele>9.5</ele>
      </trkpt>
      <trkpt lat="39.79562" lon="2.69767">
        <ele>9.5</ele>
      </trkpt>
      <trkpt lat="39.79589" lon="2.69773">
        <ele>7.5</ele>
      </trkpt>
      <trkpt lat="39.79617" lon="2.69779">
        <ele>7.6</ele>
      </trkpt>
    </trkseg>
  </trk>
</gpx>
