<?xml version="1.0" encoding="UTF-8"?>
<gpx xmlns:gpxdata="http://www.cluetrust.com/XML/GPXDATA/1/0" xmlns:xsi="http://www.w3.org/2001/XMLSchema-instance" xmlns="http://www.topografix.com/GPX/1/1" version="1.1" creator="http://ridewithgps.com/" xsi:schemaLocation="http://www.topografix.com/GPX/1/1 http://www.topografix.com/GPX/1/1/gpx.xsd http://www.cluetrust.com/XML/GPXDATA/1/0 http://www.cluetrust.com/Schemas/gpxdata10.xsd">
  <metadata>
    <name>Port de Soller - Sa Calobra - Port de Pollenca</name>
    <link href="https://ridewithgps.com/routes/53085198">
      <text>Port de Soller - Sa Calobra - Port de Pollenca</text>
    </link>
    <time>2025-10-20T18:29:00Z</time>
  </metadata>
  <wpt lat="39.79339787" lon="2.696571">
    <name>Port de Sóller</name>
    <cmt>generic</cmt>
    <sym>Dot</sym>
    <type>generic</type>
  </wpt>
  <wpt lat="39.850563" lon="2.799838">
    <name>Sa Calobra</name>
    <cmt>viewpoint</cmt>
    <sym>Dot</sym>
    <type>overlook</type>
  </wpt>
  <wpt lat="39.84026087298304" lon="3.126689736887272">
    <name>Port de Pollença</name>
    <cmt>generic</cmt>
    <sym>Dot</sym>
    <type>generic</type>
  </wpt>
  <trk>
    <name>Port de Soller - Sa Calobra - Port de Pollenca</name>
    <trkseg>
      <trkpt lat="39.79339" lon="2.6966">
        <ele>5.2</ele>
      </trkpt>
      <trkpt lat="39.79339" lon="2.6966">
        <ele>5.2</ele>
      </trkpt>
      <trkpt lat="39.79339" lon="2.6966">
        <ele>5.2</ele>
      </trkpt>
      <trkpt lat="39.79316" lon="2.69647">
        <ele>7.3</ele>
      </trkpt>
      <trkpt lat="39.79297" lon="2.69634">
        <ele>8.2</ele>
      </trkpt>
      <trkpt lat="39.79296" lon="2.69635">
        <ele>8.4</ele>
      </trkpt>
      <trkpt lat="39.79277" lon="2.69622">
        <ele>8.1</ele>
      </trkpt>
      <trkpt lat="39.79249" lon="2.696">
        <ele>4.9</ele>
      </trkpt>
      <trkpt lat="39.79211" lon="2.69569">
        <ele>10.5</ele>
      </trkpt>
      <trkpt lat="39.79167" lon="2.69526">
        <ele>14.6</ele>
      </trkpt>
      <trkpt lat="39.79113" lon="2.6948">
        <ele>11.6</ele>
      </trkpt>
      <trkpt lat="39.79106" lon="2.69475">
        <ele>11.6</ele>
      </trkpt>
      <trkpt lat="39.79098" lon="2.69471">
        <ele>11.8</ele>
      </trkpt>
      <trkpt lat="39.79089" lon="2.69468">
        <ele>12.1</ele>
      </trkpt>
      <trkpt lat="39.79078" lon="2.69467">
        <ele>12.1</ele>
      </trkpt>
      <trkpt lat="39.79059" lon="2.69467">
        <ele>11.0</ele>
      </trkpt>
      <trkpt lat="39.79024" lon="2.69471">
        <ele>9.3</ele>
      </trkpt>
      <trkpt lat="39.78988" lon="2.69479">
        <ele>7.8</ele>
      </trkpt>
      <trkpt lat="39.78975" lon="2.69483">
        <ele>7.2</ele>
      </trkpt>
      <trkpt lat="39.78951" lon="2.69493">
        <ele>6.2</ele>
      </trkpt>
      <trkpt lat="39.78887" lon="2.69523">
        <ele>5.2</ele>
      </trkpt>
      <trkpt lat="39.78822" lon="2.69553">
        <ele>5.3</ele>
      </trkpt>
      <trkpt lat="39.78791" lon="2.69565">
        <ele>6.3</ele>
      </trkpt>
      <trkpt lat="39.78725" lon="2.69586">
        <ele>7.7</ele>
      </trkpt>
      <trkpt lat="39.78697" lon="2.69603">
        <ele>9.5</ele>
      </trkpt>
      <trkpt lat="39.78665" lon="2.69634">
        <ele>10.3</ele>
      </trkpt>
      <trkpt lat="39.78633" lon="2.69671">
        <ele>11.1</ele>
      </trkpt>
      <trkpt lat="39.78585" lon="2.6973">
        <ele>12.8</ele>
      </trkpt>
      <trkpt lat="39.78537" lon="2.69789">
        <ele>16.7</ele>
      </trkpt>
      <trkpt lat="39.78507" lon="2.69821">
        <ele>13.9</ele>
      </trkpt>
      <trkpt lat="39.78498" lon="2.69828">
        <ele>12.4</ele>
      </trkpt>
      <trkpt lat="39.78423" lon="2.69878">
        <ele>17.2</ele>
      </trkpt>
      <trkpt lat="39.78347" lon="2.69928">
        <ele>16.8</ele>
      </trkpt>
      <trkpt lat="39.78312" lon="2.6995">
        <ele>19.5</ele>
      </trkpt>
      <trkpt lat="39.78285" lon="2.69966">
        <ele>19.8</ele>
      </trkpt>
      <trkpt lat="39.78272" lon="2.69976">
        <ele>19.2</ele>
      </trkpt>
      <trkpt lat="39.7826" lon="2.69987">
        <ele>18.2</ele>
      </trkpt>
      <trkpt lat="39.78238" lon="2.7">
        <ele>15.7</ele>
      </trkpt>
      <trkpt lat="39.78213" lon="2.70016">
        <ele>14.6</ele>
      </trkpt>
      <trkpt lat="39.78155" lon="2.70053">
        <ele>8.4</ele>
      </trkpt>
      <trkpt lat="39.78099" lon="2.7009">
        <ele>7.3</ele>
      </trkpt>
      <trkpt lat="39.78075" lon="2.70107">
        <ele>7.0</ele>
      </trkpt>
      <trkpt lat="39.78054" lon="2.70126">
        <ele>7.5</ele>
      </trkpt>
      <trkpt lat="39.78047" lon="2.70135">
        <ele>7.7</ele>
      </trkpt>
      <trkpt lat="39.78029" lon="2.70157">
        <ele>7.7</ele>
      </trkpt>
      <trkpt lat="39.78033" lon="2.70162">
        <ele>7.7</ele>
      </trkpt>
      <trkpt lat="39.78033" lon="2.70165">
        <ele>7.7</ele>
      </trkpt>
      <trkpt lat="39.78034" lon="2.70173">
        <ele>7.8</ele>
      </trkpt>
      <trkpt lat="39.78032" lon="2.70214">
        <ele>7.7</ele>
      </trkpt>
      <trkpt lat="39.78032" lon="2.70225">
        <ele>7.7</ele>
      </trkpt>
      <trkpt lat="39.7803" lon="2.70233">
        <ele>7.7</ele>
      </trkpt>
      <trkpt lat="39.78025" lon="2.70254">
        <ele>7.6</ele>
      </trkpt>
      <trkpt lat="39.78018" lon="2.70313">
        <ele>7.6</ele>
      </trkpt>
      <trkpt lat="39.78013" lon="2.70325">
        <ele>7.4</ele>
      </trkpt>
      <trkpt lat="39.77987" lon="2.70355">
        <ele>7.5</ele>
      </trkpt>
      <trkpt lat="39.77974" lon="2.70372">
        <ele>7.9</ele>
      </trkpt>
      <trkpt lat="39.77957" lon="2.70403">
        <ele>8.4</ele>
      </trkpt>
      <trkpt lat="39.77934" lon="2.7043">
        <ele>9.0</ele>
      </trkpt>
      <trkpt lat="39.77906" lon="2.70444">
        <ele>9.4</ele>
      </trkpt>
      <trkpt lat="39.77864" lon="2.70458">
        <ele>9.8</ele>
      </trkpt>
      <trkpt lat="39.77919" lon="2.70511">
        <ele>10.0</ele>
      </trkpt>
      <trkpt lat="39.77974" lon="2.70563">
        <ele>10.5</ele>
      </trkpt>
      <trkpt lat="39.78029" lon="2.70615">
        <ele>13.7</ele>
      </trkpt>
      <trkpt lat="39.78084" lon="2.70667">
        <ele>17.1</ele>
      </trkpt>
      <trkpt lat="39.7811" lon="2.70691">
        <ele>20.8</ele>
      </trkpt>
      <trkpt lat="39.78122" lon="2.70705">
        <ele>22.1</ele>
      </trkpt>
      <trkpt lat="39.78128" lon="2.70719">
        <ele>23.3</ele>
      </trkpt>
      <trkpt lat="39.78134" lon="2.70747">
        <ele>25.9</ele>
      </trkpt>
      <trkpt lat="39.78141" lon="2.7081">
        <ele>31.5</ele>
      </trkpt>
      <trkpt lat="39.7815" lon="2.70884">
        <ele>34.4</ele>
      </trkpt>
      <trkpt lat="39.7815" lon="2.70893">
        <ele>34.9</ele>
      </trkpt>
      <trkpt lat="39.78148" lon="2.70903">
        <ele>35.9</ele>
      </trkpt>
      <trkpt lat="39.78135" lon="2.70942">
        <ele>39.7</ele>
      </trkpt>
      <trkpt lat="39.78109" lon="2.71006">
        <ele>42.1</ele>
      </trkpt>
      <trkpt lat="39.78084" lon="2.71069">
        <ele>41.4</ele>
      </trkpt>
      <trkpt lat="39.78081" lon="2.71083">
        <ele>41.1</ele>
      </trkpt>
      <trkpt lat="39.7808" lon="2.71096">
        <ele>41.2</ele>
      </trkpt>
      <trkpt lat="39.78082" lon="2.71108">
        <ele>41.3</ele>
      </trkpt>
      <trkpt lat="39.78086" lon="2.71115">
        <ele>41.5</ele>
      </trkpt>
      <trkpt lat="39.78093" lon="2.71125">
        <ele>42.1</ele>
      </trkpt>
      <trkpt lat="39.78139" lon="2.71182">
        <ele>46.6</ele>
      </trkpt>
      <trkpt lat="39.78146" lon="2.71187">
        <ele>47.3</ele>
      </trkpt>
      <trkpt lat="39.78155" lon="2.71191">
        <ele>48.1</ele>
      </trkpt>
      <trkpt lat="39.78165" lon="2.71189">
        <ele>48.7</ele>
      </trkpt>
      <trkpt lat="39.78174" lon="2.71186">
        <ele>50.6</ele>
      </trkpt>
      <trkpt lat="39.78182" lon="2.71179">
        <ele>52.3</ele>
      </trkpt>
      <trkpt lat="39.78187" lon="2.71172">
        <ele>53.3</ele>
      </trkpt>
      <trkpt lat="39.78228" lon="2.71093">
        <ele>55.6</ele>
      </trkpt>
      <trkpt lat="39.78239" lon="2.71079">
        <ele>55.7</ele>
      </trkpt>
      <trkpt lat="39.78251" lon="2.71072">
        <ele>56.4</ele>
      </trkpt>
      <trkpt lat="39.78264" lon="2.71068">
        <ele>57.2</ele>
      </trkpt>
      <trkpt lat="39.78279" lon="2.71071">
        <ele>59.4</ele>
      </trkpt>
      <trkpt lat="39.78301" lon="2.71075">
        <ele>62.8</ele>
      </trkpt>
      <trkpt lat="39.7832" lon="2.71076">
        <ele>65.4</ele>
      </trkpt>
      <trkpt lat="39.78332" lon="2.71073">
        <ele>66.0</ele>
      </trkpt>
      <trkpt lat="39.7837" lon="2.71058">
        <ele>60.9</ele>
      </trkpt>
      <trkpt lat="39.78377" lon="2.71056">
        <ele>60.2</ele>
      </trkpt>
      <trkpt lat="39.78383" lon="2.71056">
        <ele>60.1</ele>
      </trkpt>
      <trkpt lat="39.78389" lon="2.71058">
        <ele>60.4</ele>
      </trkpt>
      <trkpt lat="39.78395" lon="2.71061">
        <ele>60.9</ele>
      </trkpt>
      <trkpt lat="39.784" lon="2.71068">
        <ele>62.3</ele>
      </trkpt>
      <trkpt lat="39.78404" lon="2.71077">
        <ele>64.2</ele>
      </trkpt>
      <trkpt lat="39.78406" lon="2.71086">
        <ele>66.0</ele>
      </trkpt>
      <trkpt lat="39.78405" lon="2.71097">
        <ele>68.2</ele>
      </trkpt>
      <trkpt lat="39.78399" lon="2.71108">
        <ele>70.6</ele>
      </trkpt>
      <trkpt lat="39.78391" lon="2.71117">
        <ele>72.8</ele>
      </trkpt>
      <trkpt lat="39.78384" lon="2.71119">
        <ele>73.6</ele>
      </trkpt>
      <trkpt lat="39.78377" lon="2.7112">
        <ele>74.2</ele>
      </trkpt>
      <trkpt lat="39.78322" lon="2.71115">
        <ele>73.7</ele>
      </trkpt>
      <trkpt lat="39.78308" lon="2.71118">
        <ele>72.0</ele>
      </trkpt>
      <trkpt lat="39.78298" lon="2.71122">
        <ele>71.0</ele>
      </trkpt>
      <trkpt lat="39.78286" lon="2.71133">
        <ele>70.9</ele>
      </trkpt>
      <trkpt lat="39.78276" lon="2.71151">
        <ele>71.9</ele>
      </trkpt>
      <trkpt lat="39.78271" lon="2.71166">
        <ele>73.2</ele>
      </trkpt>
      <trkpt lat="39.78268" lon="2.71183">
        <ele>73.8</ele>
      </trkpt>
      <trkpt lat="39.78269" lon="2.71197">
        <ele>74.9</ele>
      </trkpt>
      <trkpt lat="39.78273" lon="2.71215">
        <ele>77.1</ele>
      </trkpt>
      <trkpt lat="39.78287" lon="2.71261">
        <ele>83.6</ele>
      </trkpt>
      <trkpt lat="39.78313" lon="2.71343">
        <ele>92.6</ele>
      </trkpt>
      <trkpt lat="39.78314" lon="2.71364">
        <ele>95.1</ele>
      </trkpt>
      <trkpt lat="39.78313" lon="2.71378">
        <ele>96.2</ele>
      </trkpt>
      <trkpt lat="39.78308" lon="2.71393">
        <ele>96.4</ele>
      </trkpt>
      <trkpt lat="39.783" lon="2.71408">
        <ele>96.0</ele>
      </trkpt>
      <trkpt lat="39.78262" lon="2.71467">
        <ele>94.1</ele>
      </trkpt>
      <trkpt lat="39.78256" lon="2.71478">
        <ele>93.9</ele>
      </trkpt>
      <trkpt lat="39.78251" lon="2.71499">
        <ele>95.2</ele>
      </trkpt>
      <trkpt lat="39.78253" lon="2.71513">
        <ele>96.4</ele>
      </trkpt>
      <trkpt lat="39.78258" lon="2.71525">
        <ele>98.3</ele>
      </trkpt>
      <trkpt lat="39.78269" lon="2.71544">
        <ele>102.1</ele>
      </trkpt>
      <trkpt lat="39.78284" lon="2.71571">
        <ele>107.4</ele>
      </trkpt>
      <trkpt lat="39.7829" lon="2.71584">
        <ele>109.7</ele>
      </trkpt>
      <trkpt lat="39.78292" lon="2.71592">
        <ele>111.3</ele>
      </trkpt>
      <trkpt lat="39.78292" lon="2.71606">
        <ele>113.2</ele>
      </trkpt>
      <trkpt lat="39.7829" lon="2.71619">
        <ele>114.6</ele>
      </trkpt>
      <trkpt lat="39.78286" lon="2.71632">
        <ele>115.6</ele>
      </trkpt>
      <trkpt lat="39.78277" lon="2.71642">
        <ele>115.3</ele>
      </trkpt>
      <trkpt lat="39.78267" lon="2.71646">
        <ele>114.1</ele>
      </trkpt>
      <trkpt lat="39.78229" lon="2.71648">
        <ele>108.9</ele>
      </trkpt>
      <trkpt lat="39.78218" lon="2.71653">
        <ele>108.7</ele>
      </trkpt>
      <trkpt lat="39.78166" lon="2.71691">
        <ele>112.6</ele>
      </trkpt>
      <trkpt lat="39.7815" lon="2.71704">
        <ele>112.8</ele>
      </trkpt>
      <trkpt lat="39.78138" lon="2.71719">
        <ele>114.4</ele>
      </trkpt>
      <trkpt lat="39.78096" lon="2.71784">
        <ele>121.9</ele>
      </trkpt>
      <trkpt lat="39.78077" lon="2.71803">
        <ele>124.6</ele>
      </trkpt>
      <trkpt lat="39.78062" lon="2.71817">
        <ele>128.8</ele>
      </trkpt>
      <trkpt lat="39.78052" lon="2.71824">
        <ele>131.0</ele>
      </trkpt>
      <trkpt lat="39.78044" lon="2.71827">
        <ele>132.2</ele>
      </trkpt>
      <trkpt lat="39.78036" lon="2.71828">
        <ele>132.8</ele>
      </trkpt>
      <trkpt lat="39.78028" lon="2.71826">
        <ele>132.6</ele>
      </trkpt>
      <trkpt lat="39.7802" lon="2.71822">
        <ele>131.9</ele>
      </trkpt>
      <trkpt lat="39.77996" lon="2.71807">
        <ele>128.7</ele>
      </trkpt>
      <trkpt lat="39.77987" lon="2.71803">
        <ele>128.3</ele>
      </trkpt>
      <trkpt lat="39.77962" lon="2.71797">
        <ele>128.8</ele>
      </trkpt>
      <trkpt lat="39.7795" lon="2.71795">
        <ele>129.3</ele>
      </trkpt>
      <trkpt lat="39.77936" lon="2.71795">
        <ele>130.6</ele>
      </trkpt>
      <trkpt lat="39.77924" lon="2.71797">
        <ele>132.1</ele>
      </trkpt>
      <trkpt lat="39.77914" lon="2.71802">
        <ele>133.5</ele>
      </trkpt>
      <trkpt lat="39.77898" lon="2.71817">
        <ele>134.4</ele>
      </trkpt>
      <trkpt lat="39.77881" lon="2.71838">
        <ele>134.9</ele>
      </trkpt>
      <trkpt lat="39.77873" lon="2.71851">
        <ele>134.3</ele>
      </trkpt>
      <trkpt lat="39.7787" lon="2.71864">
        <ele>134.6</ele>
      </trkpt>
      <trkpt lat="39.7787" lon="2.71906">
        <ele>137.3</ele>
      </trkpt>
      <trkpt lat="39.7787" lon="2.71983">
        <ele>140.9</ele>
      </trkpt>
      <trkpt lat="39.77873" lon="2.72">
        <ele>142.1</ele>
      </trkpt>
      <trkpt lat="39.77879" lon="2.72009">
        <ele>143.3</ele>
      </trkpt>
      <trkpt lat="39.77886" lon="2.72014">
        <ele>144.7</ele>
      </trkpt>
      <trkpt lat="39.77898" lon="2.7202">
        <ele>147.0</ele>
      </trkpt>
      <trkpt lat="39.7792" lon="2.72028">
        <ele>151.4</ele>
      </trkpt>
      <trkpt lat="39.77926" lon="2.72034">
        <ele>152.8</ele>
      </trkpt>
      <trkpt lat="39.77934" lon="2.72044">
        <ele>154.8</ele>
      </trkpt>
      <trkpt lat="39.7794" lon="2.72056">
        <ele>156.7</ele>
      </trkpt>
      <trkpt lat="39.77943" lon="2.72071">
        <ele>158.1</ele>
      </trkpt>
      <trkpt lat="39.77943" lon="2.72081">
        <ele>158.5</ele>
      </trkpt>
      <trkpt lat="39.7794" lon="2.72093">
        <ele>159.3</ele>
      </trkpt>
      <trkpt lat="39.77932" lon="2.72108">
        <ele>159.4</ele>
      </trkpt>
      <trkpt lat="39.77914" lon="2.72126">
        <ele>157.6</ele>
      </trkpt>
      <trkpt lat="39.77897" lon="2.72146">
        <ele>157.0</ele>
      </trkpt>
      <trkpt lat="39.77888" lon="2.72162">
        <ele>157.5</ele>
      </trkpt>
      <trkpt lat="39.77882" lon="2.72176">
        <ele>157.8</ele>
      </trkpt>
      <trkpt lat="39.77878" lon="2.72195">
        <ele>158.7</ele>
      </trkpt>
      <trkpt lat="39.77874" lon="2.7223">
        <ele>161.0</ele>
      </trkpt>
      <trkpt lat="39.77875" lon="2.72243">
        <ele>162.4</ele>
      </trkpt>
      <trkpt lat="39.77878" lon="2.72255">
        <ele>163.3</ele>
      </trkpt>
      <trkpt lat="39.77884" lon="2.72265">
        <ele>163.8</ele>
      </trkpt>
      <trkpt lat="39.77898" lon="2.72285">
        <ele>165.2</ele>
      </trkpt>
      <trkpt lat="39.77916" lon="2.72303">
        <ele>167.4</ele>
      </trkpt>
      <trkpt lat="39.77935" lon="2.72322">
        <ele>170.3</ele>
      </trkpt>
      <trkpt lat="39.77982" lon="2.72351">
        <ele>178.2</ele>
      </trkpt>
      <trkpt lat="39.78035" lon="2.72382">
        <ele>188.7</ele>
      </trkpt>
      <trkpt lat="39.78041" lon="2.72397">
        <ele>189.2</ele>
      </trkpt>
      <trkpt lat="39.78041" lon="2.72413">
        <ele>188.1</ele>
      </trkpt>
      <trkpt lat="39.78033" lon="2.72445">
        <ele>184.9</ele>
      </trkpt>
      <trkpt lat="39.78034" lon="2.72474">
        <ele>184.8</ele>
      </trkpt>
      <trkpt lat="39.7804" lon="2.725">
        <ele>186.4</ele>
      </trkpt>
      <trkpt lat="39.78061" lon="2.72528">
        <ele>188.6</ele>
      </trkpt>
      <trkpt lat="39.78076" lon="2.72539">
        <ele>191.6</ele>
      </trkpt>
      <trkpt lat="39.78109" lon="2.7257">
        <ele>200.1</ele>
      </trkpt>
      <trkpt lat="39.78121" lon="2.72584">
        <ele>204.0</ele>
      </trkpt>
      <trkpt lat="39.78132" lon="2.72602">
        <ele>207.7</ele>
      </trkpt>
      <trkpt lat="39.78138" lon="2.72629">
        <ele>208.1</ele>
      </trkpt>
      <trkpt lat="39.78135" lon="2.72657">
        <ele>204.2</ele>
      </trkpt>
      <trkpt lat="39.78121" lon="2.7273">
        <ele>203.8</ele>
      </trkpt>
      <trkpt lat="39.78112" lon="2.728">
        <ele>205.6</ele>
      </trkpt>
      <trkpt lat="39.78109" lon="2.72868">
        <ele>207.5</ele>
      </trkpt>
      <trkpt lat="39.78113" lon="2.72891">
        <ele>209.2</ele>
      </trkpt>
      <trkpt lat="39.78123" lon="2.72907">
        <ele>212.8</ele>
      </trkpt>
      <trkpt lat="39.78135" lon="2.72926">
        <ele>216.8</ele>
      </trkpt>
      <trkpt lat="39.7814" lon="2.72946">
        <ele>218.6</ele>
      </trkpt>
      <trkpt lat="39.78141" lon="2.73014">
        <ele>219.5</ele>
      </trkpt>
      <trkpt lat="39.78145" lon="2.7305">
        <ele>220.7</ele>
      </trkpt>
      <trkpt lat="39.78153" lon="2.73076">
        <ele>223.4</ele>
      </trkpt>
      <trkpt lat="39.78165" lon="2.73097">
        <ele>226.8</ele>
      </trkpt>
      <trkpt lat="39.78189" lon="2.7311">
        <ele>230.1</ele>
      </trkpt>
      <trkpt lat="39.78204" lon="2.7311">
        <ele>232.4</ele>
      </trkpt>
      <trkpt lat="39.78227" lon="2.73103">
        <ele>236.3</ele>
      </trkpt>
      <trkpt lat="39.78244" lon="2.73096">
        <ele>239.3</ele>
      </trkpt>
      <trkpt lat="39.78283" lon="2.73066">
        <ele>243.7</ele>
      </trkpt>
      <trkpt lat="39.78322" lon="2.73035">
        <ele>248.2</ele>
      </trkpt>
      <trkpt lat="39.78333" lon="2.73029">
        <ele>249.2</ele>
      </trkpt>
      <trkpt lat="39.7834" lon="2.73026">
        <ele>250.6</ele>
      </trkpt>
      <trkpt lat="39.78348" lon="2.73025">
        <ele>252.0</ele>
      </trkpt>
      <trkpt lat="39.78355" lon="2.73026">
        <ele>253.0</ele>
      </trkpt>
      <trkpt lat="39.78366" lon="2.73033">
        <ele>254.0</ele>
      </trkpt>
      <trkpt lat="39.78374" lon="2.73043">
        <ele>254.2</ele>
      </trkpt>
      <trkpt lat="39.78381" lon="2.7306">
        <ele>253.6</ele>
      </trkpt>
      <trkpt lat="39.78383" lon="2.73073">
        <ele>252.6</ele>
      </trkpt>
      <trkpt lat="39.78382" lon="2.73084">
        <ele>251.4</ele>
      </trkpt>
      <trkpt lat="39.78379" lon="2.73093">
        <ele>251.8</ele>
      </trkpt>
      <trkpt lat="39.78371" lon="2.73107">
        <ele>251.8</ele>
      </trkpt>
      <trkpt lat="39.7835" lon="2.73134">
        <ele>250.3</ele>
      </trkpt>
      <trkpt lat="39.78347" lon="2.73145">
        <ele>250.8</ele>
      </trkpt>
      <trkpt lat="39.78346" lon="2.73158">
        <ele>251.9</ele>
      </trkpt>
      <trkpt lat="39.78347" lon="2.7317">
        <ele>253.0</ele>
      </trkpt>
      <trkpt lat="39.78351" lon="2.7318">
        <ele>254.1</ele>
      </trkpt>
      <trkpt lat="39.7838" lon="2.73221">
        <ele>259.5</ele>
      </trkpt>
      <trkpt lat="39.78389" lon="2.73237">
        <ele>260.6</ele>
      </trkpt>
      <trkpt lat="39.78399" lon="2.73269">
        <ele>261.4</ele>
      </trkpt>
      <trkpt lat="39.78419" lon="2.7334">
        <ele>262.8</ele>
      </trkpt>
      <trkpt lat="39.78424" lon="2.73353">
        <ele>262.5</ele>
      </trkpt>
      <trkpt lat="39.7843" lon="2.73365">
        <ele>262.5</ele>
      </trkpt>
      <trkpt lat="39.78439" lon="2.73378">
        <ele>263.1</ele>
      </trkpt>
      <trkpt lat="39.78459" lon="2.73393">
        <ele>266.1</ele>
      </trkpt>
      <trkpt lat="39.7848" lon="2.73404">
        <ele>269.7</ele>
      </trkpt>
      <trkpt lat="39.78497" lon="2.73411">
        <ele>272.9</ele>
      </trkpt>
      <trkpt lat="39.78504" lon="2.73417">
        <ele>274.3</ele>
      </trkpt>
      <trkpt lat="39.78509" lon="2.73423">
        <ele>275.5</ele>
      </trkpt>
      <trkpt lat="39.78513" lon="2.73431">
        <ele>276.2</ele>
      </trkpt>
      <trkpt lat="39.78515" lon="2.73441">
        <ele>276.1</ele>
      </trkpt>
      <trkpt lat="39.78517" lon="2.73454">
        <ele>275.8</ele>
      </trkpt>
      <trkpt lat="39.78518" lon="2.73522">
        <ele>271.9</ele>
      </trkpt>
      <trkpt lat="39.78519" lon="2.73532">
        <ele>271.9</ele>
      </trkpt>
      <trkpt lat="39.78522" lon="2.73543">
        <ele>272.6</ele>
      </trkpt>
      <trkpt lat="39.78526" lon="2.73555">
        <ele>273.5</ele>
      </trkpt>
      <trkpt lat="39.78554" lon="2.73617">
        <ele>278.8</ele>
      </trkpt>
      <trkpt lat="39.78581" lon="2.73679">
        <ele>283.7</ele>
      </trkpt>
      <trkpt lat="39.78604" lon="2.73728">
        <ele>287.2</ele>
      </trkpt>
      <trkpt lat="39.7861" lon="2.7374">
        <ele>287.8</ele>
      </trkpt>
      <trkpt lat="39.78618" lon="2.7375">
        <ele>288.9</ele>
      </trkpt>
      <trkpt lat="39.78631" lon="2.73763">
        <ele>289.5</ele>
      </trkpt>
      <trkpt lat="39.78642" lon="2.73769">
        <ele>290.9</ele>
      </trkpt>
      <trkpt lat="39.78716" lon="2.73808">
        <ele>298.2</ele>
      </trkpt>
      <trkpt lat="39.78766" lon="2.73832">
        <ele>301.0</ele>
      </trkpt>
      <trkpt lat="39.78775" lon="2.73834">
        <ele>301.6</ele>
      </trkpt>
      <trkpt lat="39.78783" lon="2.73833">
        <ele>302.6</ele>
      </trkpt>
      <trkpt lat="39.78789" lon="2.73829">
        <ele>304.0</ele>
      </trkpt>
      <trkpt lat="39.78794" lon="2.73824">
        <ele>305.3</ele>
      </trkpt>
      <trkpt lat="39.78797" lon="2.73818">
        <ele>306.6</ele>
      </trkpt>
      <trkpt lat="39.78799" lon="2.7381">
        <ele>308.1</ele>
      </trkpt>
      <trkpt lat="39.78799" lon="2.73801">
        <ele>309.5</ele>
      </trkpt>
      <trkpt lat="39.78797" lon="2.73793">
        <ele>310.7</ele>
      </trkpt>
      <trkpt lat="39.78792" lon="2.73784">
        <ele>311.8</ele>
      </trkpt>
      <trkpt lat="39.78787" lon="2.7378">
        <ele>312.2</ele>
      </trkpt>
      <trkpt lat="39.78779" lon="2.73773">
        <ele>312.9</ele>
      </trkpt>
      <trkpt lat="39.78742" lon="2.73752">
        <ele>314.1</ele>
      </trkpt>
      <trkpt lat="39.78715" lon="2.73736">
        <ele>311.4</ele>
      </trkpt>
      <trkpt lat="39.78707" lon="2.73728">
        <ele>311.0</ele>
      </trkpt>
      <trkpt lat="39.78702" lon="2.73721">
        <ele>311.0</ele>
      </trkpt>
      <trkpt lat="39.78699" lon="2.73713">
        <ele>311.5</ele>
      </trkpt>
      <trkpt lat="39.78696" lon="2.73699">
        <ele>312.8</ele>
      </trkpt>
      <trkpt lat="39.78684" lon="2.73599">
        <ele>321.2</ele>
      </trkpt>
      <trkpt lat="39.78676" lon="2.73517">
        <ele>328.0</ele>
      </trkpt>
      <trkpt lat="39.78672" lon="2.73451">
        <ele>333.2</ele>
      </trkpt>
      <trkpt lat="39.78672" lon="2.73428">
        <ele>335.4</ele>
      </trkpt>
      <trkpt lat="39.78674" lon="2.73382">
        <ele>338.5</ele>
      </trkpt>
      <trkpt lat="39.78679" lon="2.73298">
        <ele>343.3</ele>
      </trkpt>
      <trkpt lat="39.78684" lon="2.73215">
        <ele>345.8</ele>
      </trkpt>
      <trkpt lat="39.78686" lon="2.73205">
        <ele>346.5</ele>
      </trkpt>
      <trkpt lat="39.78689" lon="2.73198">
        <ele>347.9</ele>
      </trkpt>
      <trkpt lat="39.78695" lon="2.73186">
        <ele>350.8</ele>
      </trkpt>
      <trkpt lat="39.78709" lon="2.73164">
        <ele>357.9</ele>
      </trkpt>
      <trkpt lat="39.78713" lon="2.73156">
        <ele>360.3</ele>
      </trkpt>
      <trkpt lat="39.78715" lon="2.73148">
        <ele>361.5</ele>
      </trkpt>
      <trkpt lat="39.78716" lon="2.73137">
        <ele>362.1</ele>
      </trkpt>
      <trkpt lat="39.78714" lon="2.73113">
        <ele>361.3</ele>
      </trkpt>
      <trkpt lat="39.78711" lon="2.73086">
        <ele>359.9</ele>
      </trkpt>
      <trkpt lat="39.78701" lon="2.73021">
        <ele>358.0</ele>
      </trkpt>
      <trkpt lat="39.787" lon="2.73008">
        <ele>358.2</ele>
      </trkpt>
      <trkpt lat="39.78701" lon="2.72989">
        <ele>359.8</ele>
      </trkpt>
      <trkpt lat="39.78703" lon="2.72971">
        <ele>361.9</ele>
      </trkpt>
      <trkpt lat="39.78712" lon="2.72927">
        <ele>368.0</ele>
      </trkpt>
      <trkpt lat="39.78713" lon="2.72913">
        <ele>369.4</ele>
      </trkpt>
      <trkpt lat="39.7871" lon="2.72895">
        <ele>371.2</ele>
      </trkpt>
      <trkpt lat="39.78698" lon="2.72878">
        <ele>370.3</ele>
      </trkpt>
      <trkpt lat="39.78674" lon="2.72854">
        <ele>368.7</ele>
      </trkpt>
      <trkpt lat="39.78607" lon="2.7279">
        <ele>372.0</ele>
      </trkpt>
      <trkpt lat="39.78578" lon="2.72754">
        <ele>374.3</ele>
      </trkpt>
      <trkpt lat="39.7857" lon="2.72728">
        <ele>373.6</ele>
      </trkpt>
      <trkpt lat="39.78568" lon="2.72705">
        <ele>374.3</ele>
      </trkpt>
      <trkpt lat="39.78571" lon="2.72683">
        <ele>376.7</ele>
      </trkpt>
      <trkpt lat="39.78581" lon="2.72651">
        <ele>379.3</ele>
      </trkpt>
      <trkpt lat="39.7861" lon="2.72621">
        <ele>382.3</ele>
      </trkpt>
      <trkpt lat="39.78632" lon="2.72609">
        <ele>386.3</ele>
      </trkpt>
      <trkpt lat="39.78655" lon="2.72609">
        <ele>391.6</ele>
      </trkpt>
      <trkpt lat="39.78696" lon="2.72625">
        <ele>393.8</ele>
      </trkpt>
      <trkpt lat="39.78749" lon="2.72653">
        <ele>394.2</ele>
      </trkpt>
      <trkpt lat="39.78762" lon="2.72656">
        <ele>393.9</ele>
      </trkpt>
      <trkpt lat="39.78795" lon="2.72658">
        <ele>392.6</ele>
      </trkpt>
      <trkpt lat="39.78871" lon="2.72661">
        <ele>392.8</ele>
      </trkpt>
      <trkpt lat="39.78948" lon="2.72664">
        <ele>396.7</ele>
      </trkpt>
      <trkpt lat="39.78971" lon="2.72665">
        <ele>398.2</ele>
      </trkpt>
      <trkpt lat="39.78986" lon="2.72664">
        <ele>399.0</ele>
      </trkpt>
      <trkpt lat="39.78995" lon="2.72659">
        <ele>399.3</ele>
      </trkpt>
      <trkpt lat="39.79003" lon="2.7265">
        <ele>399.9</ele>
      </trkpt>
      <trkpt lat="39.79008" lon="2.7264">
        <ele>400.5</ele>
      </trkpt>
      <trkpt lat="39.79013" lon="2.72617">
        <ele>400.6</ele>
      </trkpt>
      <trkpt lat="39.7902" lon="2.72578">
        <ele>400.1</ele>
      </trkpt>
      <trkpt lat="39.79028" lon="2.72538">
        <ele>397.8</ele>
      </trkpt>
      <trkpt lat="39.79032" lon="2.72528">
        <ele>397.5</ele>
      </trkpt>
      <trkpt lat="39.79038" lon="2.72519">
        <ele>397.6</ele>
      </trkpt>
      <trkpt lat="39.79044" lon="2.72515">
        <ele>398.1</ele>
      </trkpt>
      <trkpt lat="39.79052" lon="2.72512">
        <ele>399.0</ele>
      </trkpt>
      <trkpt lat="39.7906" lon="2.72513">
        <ele>400.4</ele>
      </trkpt>
      <trkpt lat="39.79066" lon="2.72517">
        <ele>401.9</ele>
      </trkpt>
      <trkpt lat="39.79071" lon="2.72522">
        <ele>403.4</ele>
      </trkpt>
      <trkpt lat="39.79077" lon="2.72535">
        <ele>406.3</ele>
      </trkpt>
      <trkpt lat="39.79079" lon="2.72546">
        <ele>408.4</ele>
      </trkpt>
      <trkpt lat="39.79076" lon="2.72573">
        <ele>411.8</ele>
      </trkpt>
      <trkpt lat="39.79068" lon="2.72629">
        <ele>413.7</ele>
      </trkpt>
      <trkpt lat="39.7907" lon="2.72653">
        <ele>415.3</ele>
      </trkpt>
      <trkpt lat="39.79079" lon="2.72704">
        <ele>421.4</ele>
      </trkpt>
      <trkpt lat="39.79081" lon="2.72719">
        <ele>423.0</ele>
      </trkpt>
      <trkpt lat="39.7908" lon="2.72734">
        <ele>424.2</ele>
      </trkpt>
      <trkpt lat="39.79079" lon="2.72741">
        <ele>424.7</ele>
      </trkpt>
      <trkpt lat="39.79075" lon="2.72753">
        <ele>425.6</ele>
      </trkpt>
      <trkpt lat="39.7907" lon="2.72759">
        <ele>426.2</ele>
      </trkpt>
      <trkpt lat="39.7906" lon="2.72765">
        <ele>426.6</ele>
      </trkpt>
      <trkpt lat="39.78989" lon="2.7279">
        <ele>429.9</ele>
      </trkpt>
      <trkpt lat="39.78971" lon="2.72794">
        <ele>430.2</ele>
      </trkpt>
      <trkpt lat="39.78923" lon="2.72798">
        <ele>428.6</ele>
      </trkpt>
      <trkpt lat="39.78912" lon="2.72802">
        <ele>428.5</ele>
      </trkpt>
      <trkpt lat="39.78902" lon="2.72813">
        <ele>429.3</ele>
      </trkpt>
      <trkpt lat="39.78895" lon="2.7283">
        <ele>431.8</ele>
      </trkpt>
      <trkpt lat="39.7889" lon="2.72876">
        <ele>437.0</ele>
      </trkpt>
      <trkpt lat="39.78884" lon="2.7294">
        <ele>442.1</ele>
      </trkpt>
      <trkpt lat="39.78878" lon="2.73004">
        <ele>444.9</ele>
      </trkpt>
      <trkpt lat="39.7888" lon="2.73017">
        <ele>444.7</ele>
      </trkpt>
      <trkpt lat="39.78883" lon="2.73028">
        <ele>445.1</ele>
      </trkpt>
      <trkpt lat="39.78888" lon="2.7304">
        <ele>446.1</ele>
      </trkpt>
      <trkpt lat="39.7894" lon="2.73129">
        <ele>457.5</ele>
      </trkpt>
      <trkpt lat="39.78957" lon="2.7316">
        <ele>459.9</ele>
      </trkpt>
      <trkpt lat="39.78993" lon="2.73246">
        <ele>458.0</ele>
      </trkpt>
      <trkpt lat="39.79004" lon="2.73261">
        <ele>456.0</ele>
      </trkpt>
      <trkpt lat="39.79012" lon="2.73268">
        <ele>454.1</ele>
      </trkpt>
      <trkpt lat="39.79027" lon="2.73269">
        <ele>453.6</ele>
      </trkpt>
      <trkpt lat="39.79034" lon="2.73266">
        <ele>454.2</ele>
      </trkpt>
      <trkpt lat="39.7904" lon="2.73262">
        <ele>455.1</ele>
      </trkpt>
      <trkpt lat="39.79046" lon="2.73255">
        <ele>456.7</ele>
      </trkpt>
      <trkpt lat="39.79053" lon="2.73246">
        <ele>458.9</ele>
      </trkpt>
      <trkpt lat="39.79081" lon="2.732">
        <ele>473.7</ele>
      </trkpt>
      <trkpt lat="39.79094" lon="2.73182">
        <ele>479.0</ele>
      </trkpt>
      <trkpt lat="39.79106" lon="2.73169">
        <ele>481.9</ele>
      </trkpt>
      <trkpt lat="39.79118" lon="2.73161">
        <ele>481.8</ele>
      </trkpt>
      <trkpt lat="39.79129" lon="2.73156">
        <ele>481.2</ele>
      </trkpt>
      <trkpt lat="39.79139" lon="2.73154">
        <ele>480.4</ele>
      </trkpt>
      <trkpt lat="39.79164" lon="2.73158">
        <ele>477.3</ele>
      </trkpt>
      <trkpt lat="39.79197" lon="2.73174">
        <ele>481.0</ele>
      </trkpt>
      <trkpt lat="39.79232" lon="2.73189">
        <ele>486.5</ele>
      </trkpt>
      <trkpt lat="39.79241" lon="2.73194">
        <ele>488.0</ele>
      </trkpt>
      <trkpt lat="39.7925" lon="2.73201">
        <ele>489.3</ele>
      </trkpt>
      <trkpt lat="39.79256" lon="2.73212">
        <ele>489.9</ele>
      </trkpt>
      <trkpt lat="39.79259" lon="2.73224">
        <ele>489.6</ele>
      </trkpt>
      <trkpt lat="39.79258" lon="2.73237">
        <ele>488.0</ele>
      </trkpt>
      <trkpt lat="39.79254" lon="2.73251">
        <ele>485.7</ele>
      </trkpt>
      <trkpt lat="39.79218" lon="2.73291">
        <ele>483.3</ele>
      </trkpt>
      <trkpt lat="39.79205" lon="2.73308">
        <ele>481.4</ele>
      </trkpt>
      <trkpt lat="39.79198" lon="2.73325">
        <ele>481.3</ele>
      </trkpt>
      <trkpt lat="39.79195" lon="2.73348">
        <ele>482.0</ele>
      </trkpt>
      <trkpt lat="39.79191" lon="2.73446">
        <ele>485.2</ele>
      </trkpt>
      <trkpt lat="39.79188" lon="2.73543">
        <ele>493.7</ele>
      </trkpt>
      <trkpt lat="39.79184" lon="2.7364">
        <ele>503.4</ele>
      </trkpt>
      <trkpt lat="39.7918" lon="2.73738">
        <ele>502.1</ele>
      </trkpt>
      <trkpt lat="39.79177" lon="2.73758">
        <ele>501.8</ele>
      </trkpt>
      <trkpt lat="39.79175" lon="2.73769">
        <ele>501.7</ele>
      </trkpt>
      <trkpt lat="39.7916" lon="2.73819">
        <ele>501.0</ele>
      </trkpt>
      <trkpt lat="39.79156" lon="2.73834">
        <ele>498.7</ele>
      </trkpt>
      <trkpt lat="39.79157" lon="2.73845">
        <ele>499.6</ele>
      </trkpt>
      <trkpt lat="39.79163" lon="2.7388">
        <ele>504.4</ele>
      </trkpt>
      <trkpt lat="39.79181" lon="2.73965">
        <ele>516.8</ele>
      </trkpt>
      <trkpt lat="39.79198" lon="2.74057">
        <ele>521.7</ele>
      </trkpt>
      <trkpt lat="39.79209" lon="2.74088">
        <ele>525.1</ele>
      </trkpt>
      <trkpt lat="39.79233" lon="2.74148">
        <ele>529.5</ele>
      </trkpt>
      <trkpt lat="39.79256" lon="2.74207">
        <ele>533.1</ele>
      </trkpt>
      <trkpt lat="39.79263" lon="2.74229">
        <ele>532.3</ele>
      </trkpt>
      <trkpt lat="39.79266" lon="2.74248">
        <ele>530.7</ele>
      </trkpt>
      <trkpt lat="39.79264" lon="2.74276">
        <ele>529.5</ele>
      </trkpt>
      <trkpt lat="39.79252" lon="2.74347">
        <ele>528.2</ele>
      </trkpt>
      <trkpt lat="39.79239" lon="2.74418">
        <ele>531.9</ele>
      </trkpt>
      <trkpt lat="39.79239" lon="2.74445">
        <ele>532.8</ele>
      </trkpt>
      <trkpt lat="39.79241" lon="2.7447">
        <ele>534.3</ele>
      </trkpt>
      <trkpt lat="39.79245" lon="2.74487">
        <ele>536.2</ele>
      </trkpt>
      <trkpt lat="39.79253" lon="2.74504">
        <ele>537.5</ele>
      </trkpt>
      <trkpt lat="39.7927" lon="2.74529">
        <ele>534.4</ele>
      </trkpt>
      <trkpt lat="39.79337" lon="2.74585">
        <ele>525.0</ele>
      </trkpt>
      <trkpt lat="39.79411" lon="2.74644">
        <ele>526.1</ele>
      </trkpt>
      <trkpt lat="39.79452" lon="2.74681">
        <ele>529.4</ele>
      </trkpt>
      <trkpt lat="39.79502" lon="2.7472">
        <ele>534.4</ele>
      </trkpt>
      <trkpt lat="39.7951" lon="2.74732">
        <ele>535.2</ele>
      </trkpt>
      <trkpt lat="39.79516" lon="2.74746">
        <ele>535.6</ele>
      </trkpt>
      <trkpt lat="39.79517" lon="2.74757">
        <ele>536.1</ele>
      </trkpt>
      <trkpt lat="39.79515" lon="2.7477">
        <ele>536.7</ele>
      </trkpt>
      <trkpt lat="39.79505" lon="2.74794">
        <ele>536.9</ele>
      </trkpt>
      <trkpt lat="39.79465" lon="2.7486">
        <ele>536.0</ele>
      </trkpt>
      <trkpt lat="39.79453" lon="2.74885">
        <ele>537.6</ele>
      </trkpt>
      <trkpt lat="39.79435" lon="2.74939">
        <ele>542.5</ele>
      </trkpt>
      <trkpt lat="39.79416" lon="2.74994">
        <ele>546.8</ele>
      </trkpt>
      <trkpt lat="39.79403" lon="2.75036">
        <ele>544.8</ele>
      </trkpt>
      <trkpt lat="39.794" lon="2.75057">
        <ele>545.1</ele>
      </trkpt>
      <trkpt lat="39.794" lon="2.75074">
        <ele>546.6</ele>
      </trkpt>
      <trkpt lat="39.79403" lon="2.75092">
        <ele>549.1</ele>
      </trkpt>
      <trkpt lat="39.79424" lon="2.75157">
        <ele>559.2</ele>
      </trkpt>
      <trkpt lat="39.79444" lon="2.75222">
        <ele>563.1</ele>
      </trkpt>
      <trkpt lat="39.79458" lon="2.75269">
        <ele>563.5</ele>
      </trkpt>
      <trkpt lat="39.79474" lon="2.75304">
        <ele>563.6</ele>
      </trkpt>
      <trkpt lat="39.7952" lon="2.75371">
        <ele>572.3</ele>
      </trkpt>
      <trkpt lat="39.79527" lon="2.75385">
        <ele>574.1</ele>
      </trkpt>
      <trkpt lat="39.79552" lon="2.75459">
        <ele>577.6</ele>
      </trkpt>
      <trkpt lat="39.79581" lon="2.7554">
        <ele>579.4</ele>
      </trkpt>
      <trkpt lat="39.79598" lon="2.75572">
        <ele>581.1</ele>
      </trkpt>
      <trkpt lat="39.79638" lon="2.75641">
        <ele>587.7</ele>
      </trkpt>
      <trkpt lat="39.79643" lon="2.75652">
        <ele>588.1</ele>
      </trkpt>
      <trkpt lat="39.79663" lon="2.75742">
        <ele>587.5</ele>
      </trkpt>
      <trkpt lat="39.79683" lon="2.75832">
        <ele>590.3</ele>
      </trkpt>
      <trkpt lat="39.79684" lon="2.75845">
        <ele>590.9</ele>
      </trkpt>
      <trkpt lat="39.79683" lon="2.75854">
        <ele>591.2</ele>
      </trkpt>
      <trkpt lat="39.79656" lon="2.7594">
        <ele>596.5</ele>
      </trkpt>
      <trkpt lat="39.7963" lon="2.76026">
        <ele>608.1</ele>
      </trkpt>
      <trkpt lat="39.79619" lon="2.76057">
        <ele>612.6</ele>
      </trkpt>
      <trkpt lat="39.7961" lon="2.76069">
        <ele>613.1</ele>
      </trkpt>
      <trkpt lat="39.79556" lon="2.76125">
        <ele>611.5</ele>
      </trkpt>
      <trkpt lat="39.7955" lon="2.76135">
        <ele>611.6</ele>
      </trkpt>
      <trkpt lat="39.79544" lon="2.7616">
        <ele>614.6</ele>
      </trkpt>
      <trkpt lat="39.79531" lon="2.76218">
        <ele>616.4</ele>
      </trkpt>
      <trkpt lat="39.79529" lon="2.76243">
        <ele>618.2</ele>
      </trkpt>
      <trkpt lat="39.79529" lon="2.76265">
        <ele>619.2</ele>
      </trkpt>
      <trkpt lat="39.79532" lon="2.76289">
        <ele>621.0</ele>
      </trkpt>
      <trkpt lat="39.79543" lon="2.76351">
        <ele>626.6</ele>
      </trkpt>
      <trkpt lat="39.79545" lon="2.76377">
        <ele>628.2</ele>
      </trkpt>
      <trkpt lat="39.79539" lon="2.76464">
        <ele>630.9</ele>
      </trkpt>
      <trkpt lat="39.79538" lon="2.76501">
        <ele>633.1</ele>
      </trkpt>
      <trkpt lat="39.7954" lon="2.76523">
        <ele>634.7</ele>
      </trkpt>
      <trkpt lat="39.79549" lon="2.76586">
        <ele>639.5</ele>
      </trkpt>
      <trkpt lat="39.79558" lon="2.76649">
        <ele>642.6</ele>
      </trkpt>
      <trkpt lat="39.79556" lon="2.76668">
        <ele>642.9</ele>
      </trkpt>
      <trkpt lat="39.79555" lon="2.76677">
        <ele>643.7</ele>
      </trkpt>
      <trkpt lat="39.79551" lon="2.76689">
        <ele>644.5</ele>
      </trkpt>
      <trkpt lat="39.79543" lon="2.76717">
        <ele>646.7</ele>
      </trkpt>
      <trkpt lat="39.7954" lon="2.76729">
        <ele>647.8</ele>
      </trkpt>
      <trkpt lat="39.79539" lon="2.76742">
        <ele>649.2</ele>
      </trkpt>
      <trkpt lat="39.7954" lon="2.76752">
        <ele>650.5</ele>
      </trkpt>
      <trkpt lat="39.79542" lon="2.76761">
        <ele>651.7</ele>
      </trkpt>
      <trkpt lat="39.79546" lon="2.76769">
        <ele>653.1</ele>
      </trkpt>
      <trkpt lat="39.79553" lon="2.76775">
        <ele>654.6</ele>
      </trkpt>
      <trkpt lat="39.7956" lon="2.76778">
        <ele>655.8</ele>
      </trkpt>
      <trkpt lat="39.79568" lon="2.76779">
        <ele>656.9</ele>
      </trkpt>
      <trkpt lat="39.79573" lon="2.76778">
        <ele>657.4</ele>
      </trkpt>
      <trkpt lat="39.79581" lon="2.76773">
        <ele>657.8</ele>
      </trkpt>
      <trkpt lat="39.79584" lon="2.76769">
        <ele>657.7</ele>
      </trkpt>
      <trkpt lat="39.79608" lon="2.76718">
        <ele>659.1</ele>
      </trkpt>
      <trkpt lat="39.79631" lon="2.76666">
        <ele>660.2</ele>
      </trkpt>
      <trkpt lat="39.79638" lon="2.76656">
        <ele>662.6</ele>
      </trkpt>
      <trkpt lat="39.79645" lon="2.76652">
        <ele>664.8</ele>
      </trkpt>
      <trkpt lat="39.79654" lon="2.76649">
        <ele>667.6</ele>
      </trkpt>
      <trkpt lat="39.79661" lon="2.76651">
        <ele>669.5</ele>
      </trkpt>
      <trkpt lat="39.7967" lon="2.76655">
        <ele>672.1</ele>
      </trkpt>
      <trkpt lat="39.79676" lon="2.76662">
        <ele>673.7</ele>
      </trkpt>
      <trkpt lat="39.7968" lon="2.76671">
        <ele>675.3</ele>
      </trkpt>
      <trkpt lat="39.79681" lon="2.7668">
        <ele>676.6</ele>
      </trkpt>
      <trkpt lat="39.79679" lon="2.76697">
        <ele>677.8</ele>
      </trkpt>
      <trkpt lat="39.79672" lon="2.76711">
        <ele>677.0</ele>
      </trkpt>
      <trkpt lat="39.79628" lon="2.76752">
        <ele>668.8</ele>
      </trkpt>
      <trkpt lat="39.79621" lon="2.76759">
        <ele>667.9</ele>
      </trkpt>
      <trkpt lat="39.79615" lon="2.76774">
        <ele>668.6</ele>
      </trkpt>
      <trkpt lat="39.79613" lon="2.76781">
        <ele>669.1</ele>
      </trkpt>
      <trkpt lat="39.79612" lon="2.76807">
        <ele>673.0</ele>
      </trkpt>
      <trkpt lat="39.79613" lon="2.76911">
        <ele>682.4</ele>
      </trkpt>
      <trkpt lat="39.79615" lon="2.77015">
        <ele>685.9</ele>
      </trkpt>
      <trkpt lat="39.79613" lon="2.77042">
        <ele>687.7</ele>
      </trkpt>
      <trkpt lat="39.79611" lon="2.77058">
        <ele>688.8</ele>
      </trkpt>
      <trkpt lat="39.79605" lon="2.7708">
        <ele>689.8</ele>
      </trkpt>
      <trkpt lat="39.79594" lon="2.77104">
        <ele>691.8</ele>
      </trkpt>
      <trkpt lat="39.79581" lon="2.77122">
        <ele>693.2</ele>
      </trkpt>
      <trkpt lat="39.79565" lon="2.77136">
        <ele>696.4</ele>
      </trkpt>
      <trkpt lat="39.79548" lon="2.77145">
        <ele>698.9</ele>
      </trkpt>
      <trkpt lat="39.79525" lon="2.77154">
        <ele>702.0</ele>
      </trkpt>
      <trkpt lat="39.79504" lon="2.77154">
        <ele>703.4</ele>
      </trkpt>
      <trkpt lat="39.79483" lon="2.77147">
        <ele>705.0</ele>
      </trkpt>
      <trkpt lat="39.79458" lon="2.77132">
        <ele>706.0</ele>
      </trkpt>
      <trkpt lat="39.79399" lon="2.77086">
        <ele>707.2</ele>
      </trkpt>
      <trkpt lat="39.7934" lon="2.7704">
        <ele>711.8</ele>
      </trkpt>
      <trkpt lat="39.79325" lon="2.7703">
        <ele>713.0</ele>
      </trkpt>
      <trkpt lat="39.79316" lon="2.77027">
        <ele>713.3</ele>
      </trkpt>
      <trkpt lat="39.79308" lon="2.77027">
        <ele>713.8</ele>
      </trkpt>
      <trkpt lat="39.793" lon="2.7703">
        <ele>714.6</ele>
      </trkpt>
      <trkpt lat="39.79291" lon="2.77037">
        <ele>716.0</ele>
      </trkpt>
      <trkpt lat="39.79285" lon="2.77048">
        <ele>717.8</ele>
      </trkpt>
      <trkpt lat="39.79281" lon="2.77064">
        <ele>720.2</ele>
      </trkpt>
      <trkpt lat="39.79283" lon="2.77079">
        <ele>721.9</ele>
      </trkpt>
      <trkpt lat="39.79286" lon="2.7709">
        <ele>723.2</ele>
      </trkpt>
      <trkpt lat="39.79299" lon="2.77107">
        <ele>724.7</ele>
      </trkpt>
      <trkpt lat="39.79347" lon="2.77163">
        <ele>728.3</ele>
      </trkpt>
      <trkpt lat="39.79384" lon="2.77211">
        <ele>734.2</ele>
      </trkpt>
      <trkpt lat="39.79404" lon="2.77236">
        <ele>736.9</ele>
      </trkpt>
      <trkpt lat="39.79419" lon="2.77248">
        <ele>737.2</ele>
      </trkpt>
      <trkpt lat="39.79473" lon="2.77291">
        <ele>736.6</ele>
      </trkpt>
      <trkpt lat="39.79481" lon="2.77303">
        <ele>737.1</ele>
      </trkpt>
      <trkpt lat="39.79485" lon="2.77311">
        <ele>737.6</ele>
      </trkpt>
      <trkpt lat="39.79486" lon="2.77319">
        <ele>738.6</ele>
      </trkpt>
      <trkpt lat="39.79488" lon="2.77328">
        <ele>739.6</ele>
      </trkpt>
      <trkpt lat="39.79488" lon="2.77339">
        <ele>741.5</ele>
      </trkpt>
      <trkpt lat="39.79486" lon="2.77369">
        <ele>747.4</ele>
      </trkpt>
      <trkpt lat="39.79483" lon="2.77395">
        <ele>752.9</ele>
      </trkpt>
      <trkpt lat="39.79482" lon="2.77414">
        <ele>756.6</ele>
      </trkpt>
      <trkpt lat="39.79484" lon="2.77421">
        <ele>757.5</ele>
      </trkpt>
      <trkpt lat="39.79487" lon="2.77428">
        <ele>758.1</ele>
      </trkpt>
      <trkpt lat="39.79491" lon="2.77434">
        <ele>758.5</ele>
      </trkpt>
      <trkpt lat="39.79496" lon="2.77438">
        <ele>758.2</ele>
      </trkpt>
      <trkpt lat="39.79502" lon="2.77441">
        <ele>758.0</ele>
      </trkpt>
      <trkpt lat="39.79555" lon="2.77449">
        <ele>759.3</ele>
      </trkpt>
      <trkpt lat="39.79608" lon="2.77457">
        <ele>763.7</ele>
      </trkpt>
      <trkpt lat="39.79632" lon="2.77458">
        <ele>766.8</ele>
      </trkpt>
      <trkpt lat="39.7964" lon="2.77457">
        <ele>767.5</ele>
      </trkpt>
      <trkpt lat="39.79659" lon="2.7745">
        <ele>767.9</ele>
      </trkpt>
      <trkpt lat="39.79691" lon="2.77429">
        <ele>770.1</ele>
      </trkpt>
      <trkpt lat="39.79718" lon="2.77409">
        <ele>773.4</ele>
      </trkpt>
      <trkpt lat="39.79735" lon="2.77391">
        <ele>775.2</ele>
      </trkpt>
      <trkpt lat="39.7974" lon="2.77384">
        <ele>775.5</ele>
      </trkpt>
      <trkpt lat="39.79758" lon="2.77346">
        <ele>774.8</ele>
      </trkpt>
      <trkpt lat="39.79774" lon="2.77304">
        <ele>771.3</ele>
      </trkpt>
      <trkpt lat="39.79778" lon="2.77299">
        <ele>771.5</ele>
      </trkpt>
      <trkpt lat="39.79783" lon="2.77294">
        <ele>772.0</ele>
      </trkpt>
      <trkpt lat="39.7979" lon="2.7729">
        <ele>773.4</ele>
      </trkpt>
      <trkpt lat="39.79798" lon="2.77289">
        <ele>775.7</ele>
      </trkpt>
      <trkpt lat="39.79807" lon="2.77291">
        <ele>779.0</ele>
      </trkpt>
      <trkpt lat="39.79815" lon="2.773">
        <ele>783.6</ele>
      </trkpt>
      <trkpt lat="39.79819" lon="2.77307">
        <ele>786.4</ele>
      </trkpt>
      <trkpt lat="39.79822" lon="2.77316">
        <ele>789.4</ele>
      </trkpt>
      <trkpt lat="39.79823" lon="2.7733">
        <ele>792.9</ele>
      </trkpt>
      <trkpt lat="39.79822" lon="2.77339">
        <ele>794.5</ele>
      </trkpt>
      <trkpt lat="39.79818" lon="2.77347">
        <ele>794.9</ele>
      </trkpt>
      <trkpt lat="39.79813" lon="2.77352">
        <ele>794.2</ele>
      </trkpt>
      <trkpt lat="39.7978" lon="2.77379">
        <ele>788.2</ele>
      </trkpt>
      <trkpt lat="39.79775" lon="2.77385">
        <ele>787.5</ele>
      </trkpt>
      <trkpt lat="39.79773" lon="2.77391">
        <ele>787.9</ele>
      </trkpt>
      <trkpt lat="39.79771" lon="2.774">
        <ele>788.8</ele>
      </trkpt>
      <trkpt lat="39.79768" lon="2.77435">
        <ele>795.0</ele>
      </trkpt>
      <trkpt lat="39.79764" lon="2.77455">
        <ele>798.1</ele>
      </trkpt>
      <trkpt lat="39.79757" lon="2.77479">
        <ele>801.0</ele>
      </trkpt>
      <trkpt lat="39.79752" lon="2.77488">
        <ele>801.1</ele>
      </trkpt>
      <trkpt lat="39.79746" lon="2.77496">
        <ele>801.1</ele>
      </trkpt>
      <trkpt lat="39.79731" lon="2.7751">
        <ele>801.0</ele>
      </trkpt>
      <trkpt lat="39.79693" lon="2.77535">
        <ele>798.6</ele>
      </trkpt>
      <trkpt lat="39.79676" lon="2.7755">
        <ele>798.7</ele>
      </trkpt>
      <trkpt lat="39.79671" lon="2.77558">
        <ele>799.8</ele>
      </trkpt>
      <trkpt lat="39.79656" lon="2.77583">
        <ele>803.7</ele>
      </trkpt>
      <trkpt lat="39.79638" lon="2.77615">
        <ele>811.8</ele>
      </trkpt>
      <trkpt lat="39.79632" lon="2.77624">
        <ele>813.5</ele>
      </trkpt>
      <trkpt lat="39.79625" lon="2.77632">
        <ele>814.4</ele>
      </trkpt>
      <trkpt lat="39.79616" lon="2.77639">
        <ele>814.3</ele>
      </trkpt>
      <trkpt lat="39.79609" lon="2.77644">
        <ele>814.0</ele>
      </trkpt>
      <trkpt lat="39.79567" lon="2.7767">
        <ele>812.5</ele>
      </trkpt>
      <trkpt lat="39.7952" lon="2.77717">
        <ele>820.5</ele>
      </trkpt>
      <trkpt lat="39.79515" lon="2.7772">
        <ele>820.8</ele>
      </trkpt>
      <trkpt lat="39.79507" lon="2.77723">
        <ele>820.8</ele>
      </trkpt>
      <trkpt lat="39.79502" lon="2.77724">
        <ele>820.6</ele>
      </trkpt>
      <trkpt lat="39.79494" lon="2.77723">
        <ele>820.9</ele>
      </trkpt>
      <trkpt lat="39.79474" lon="2.77718">
        <ele>821.9</ele>
      </trkpt>
      <trkpt lat="39.79445" lon="2.77706">
        <ele>822.2</ele>
      </trkpt>
      <trkpt lat="39.79434" lon="2.77703">
        <ele>822.6</ele>
      </trkpt>
      <trkpt lat="39.79418" lon="2.77694">
        <ele>822.1</ele>
      </trkpt>
      <trkpt lat="39.79367" lon="2.77648">
        <ele>829.7</ele>
      </trkpt>
      <trkpt lat="39.79358" lon="2.77639">
        <ele>831.1</ele>
      </trkpt>
      <trkpt lat="39.79347" lon="2.77623">
        <ele>831.7</ele>
      </trkpt>
      <trkpt lat="39.79315" lon="2.77564">
        <ele>828.4</ele>
      </trkpt>
      <trkpt lat="39.7931" lon="2.77559">
        <ele>828.4</ele>
      </trkpt>
      <trkpt lat="39.79304" lon="2.77556">
        <ele>829.0</ele>
      </trkpt>
      <trkpt lat="39.79297" lon="2.77554">
        <ele>830.1</ele>
      </trkpt>
      <trkpt lat="39.79256" lon="2.77552">
        <ele>838.5</ele>
      </trkpt>
      <trkpt lat="39.79235" lon="2.77549">
        <ele>843.1</ele>
      </trkpt>
      <trkpt lat="39.79218" lon="2.77543">
        <ele>845.5</ele>
      </trkpt>
      <trkpt lat="39.79144" lon="2.77507">
        <ele>851.2</ele>
      </trkpt>
      <trkpt lat="39.79112" lon="2.77488">
        <ele>855.0</ele>
      </trkpt>
      <trkpt lat="39.79069" lon="2.77456">
        <ele>856.7</ele>
      </trkpt>
      <trkpt lat="39.79054" lon="2.77447">
        <ele>860.7</ele>
      </trkpt>
      <trkpt lat="39.79043" lon="2.77444">
        <ele>861.3</ele>
      </trkpt>
      <trkpt lat="39.79036" lon="2.77446">
        <ele>861.7</ele>
      </trkpt>
      <trkpt lat="39.7903" lon="2.77455">
        <ele>862.2</ele>
      </trkpt>
      <trkpt lat="39.7898" lon="2.7755">
        <ele>867.3</ele>
      </trkpt>
      <trkpt lat="39.78931" lon="2.77644">
        <ele>872.4</ele>
      </trkpt>
      <trkpt lat="39.78882" lon="2.77739">
        <ele>877.5</ele>
      </trkpt>
      <trkpt lat="39.78833" lon="2.77834">
        <ele>882.5</ele>
      </trkpt>
      <trkpt lat="39.78827" lon="2.77846">
        <ele>883.2</ele>
      </trkpt>
      <trkpt lat="39.78823" lon="2.77858">
        <ele>883.8</ele>
      </trkpt>
      <trkpt lat="39.78822" lon="2.77866">
        <ele>882.2</ele>
      </trkpt>
      <trkpt lat="39.78823" lon="2.77872">
        <ele>881.3</ele>
      </trkpt>
      <trkpt lat="39.78825" lon="2.7788">
        <ele>880.0</ele>
      </trkpt>
      <trkpt lat="39.78828" lon="2.77886">
        <ele>879.1</ele>
      </trkpt>
      <trkpt lat="39.78833" lon="2.77892">
        <ele>878.3</ele>
      </trkpt>
      <trkpt lat="39.78886" lon="2.77936">
        <ele>886.0</ele>
      </trkpt>
      <trkpt lat="39.78896" lon="2.77951">
        <ele>885.5</ele>
      </trkpt>
      <trkpt lat="39.78914" lon="2.77995">
        <ele>878.1</ele>
      </trkpt>
      <trkpt lat="39.78942" lon="2.78066">
        <ele>877.2</ele>
      </trkpt>
      <trkpt lat="39.7897" lon="2.78138">
        <ele>875.8</ele>
      </trkpt>
      <trkpt lat="39.78998" lon="2.78209">
        <ele>867.4</ele>
      </trkpt>
      <trkpt lat="39.79025" lon="2.78271">
        <ele>868.4</ele>
      </trkpt>
      <trkpt lat="39.79052" lon="2.78334">
        <ele>867.3</ele>
      </trkpt>
      <trkpt lat="39.79065" lon="2.78359">
        <ele>866.8</ele>
      </trkpt>
      <trkpt lat="39.79075" lon="2.78375">
        <ele>864.9</ele>
      </trkpt>
      <trkpt lat="39.79126" lon="2.78455">
        <ele>865.7</ele>
      </trkpt>
      <trkpt lat="39.79177" lon="2.78536">
        <ele>854.3</ele>
      </trkpt>
      <trkpt lat="39.79208" lon="2.78587">
        <ele>852.1</ele>
      </trkpt>
      <trkpt lat="39.79234" lon="2.78625">
        <ele>849.1</ele>
      </trkpt>
      <trkpt lat="39.79252" lon="2.78643">
        <ele>844.6</ele>
      </trkpt>
      <trkpt lat="39.79322" lon="2.78703">
        <ele>847.8</ele>
      </trkpt>
      <trkpt lat="39.79328" lon="2.78712">
        <ele>845.8</ele>
      </trkpt>
      <trkpt lat="39.79347" lon="2.78757">
        <ele>840.0</ele>
      </trkpt>
      <trkpt lat="39.79373" lon="2.78811">
        <ele>839.3</ele>
      </trkpt>
      <trkpt lat="39.794" lon="2.78866">
        <ele>835.7</ele>
      </trkpt>
      <trkpt lat="39.79409" lon="2.78879">
        <ele>835.2</ele>
      </trkpt>
      <trkpt lat="39.79453" lon="2.78928">
        <ele>835.4</ele>
      </trkpt>
      <trkpt lat="39.79498" lon="2.78978">
        <ele>832.8</ele>
      </trkpt>
      <trkpt lat="39.79504" lon="2.78988">
        <ele>832.2</ele>
      </trkpt>
      <trkpt lat="39.79507" lon="2.78997">
        <ele>831.2</ele>
      </trkpt>
      <trkpt lat="39.79507" lon="2.79009">
        <ele>830.9</ele>
      </trkpt>
      <trkpt lat="39.79505" lon="2.79018">
        <ele>830.8</ele>
      </trkpt>
      <trkpt lat="39.79501" lon="2.79026">
        <ele>830.4</ele>
      </trkpt>
      <trkpt lat="39.79496" lon="2.79031">
        <ele>830.6</ele>
      </trkpt>
      <trkpt lat="39.79488" lon="2.79037">
        <ele>831.1</ele>
      </trkpt>
      <trkpt lat="39.79477" lon="2.79038">
        <ele>831.5</ele>
      </trkpt>
      <trkpt lat="39.79416" lon="2.79027">
        <ele>831.2</ele>
      </trkpt>
      <trkpt lat="39.79354" lon="2.79016">
        <ele>831.2</ele>
      </trkpt>
      <trkpt lat="39.7934" lon="2.79015">
        <ele>831.4</ele>
      </trkpt>
      <trkpt lat="39.79327" lon="2.7902">
        <ele>834.0</ele>
      </trkpt>
      <trkpt lat="39.79294" lon="2.79046">
        <ele>841.8</ele>
      </trkpt>
      <trkpt lat="39.79274" lon="2.79064">
        <ele>842.4</ele>
      </trkpt>
      <trkpt lat="39.7926" lon="2.79078">
        <ele>840.7</ele>
      </trkpt>
      <trkpt lat="39.79223" lon="2.79127">
        <ele>834.7</ele>
      </trkpt>
      <trkpt lat="39.79214" lon="2.79132">
        <ele>831.9</ele>
      </trkpt>
      <trkpt lat="39.79175" lon="2.79145">
        <ele>818.8</ele>
      </trkpt>
      <trkpt lat="39.7917" lon="2.79149">
        <ele>817.2</ele>
      </trkpt>
      <trkpt lat="39.79166" lon="2.79157">
        <ele>816.2</ele>
      </trkpt>
      <trkpt lat="39.79164" lon="2.79169">
        <ele>816.5</ele>
      </trkpt>
      <trkpt lat="39.79167" lon="2.79195">
        <ele>819.5</ele>
      </trkpt>
      <trkpt lat="39.79177" lon="2.79251">
        <ele>827.5</ele>
      </trkpt>
      <trkpt lat="39.79198" lon="2.79351">
        <ele>826.3</ele>
      </trkpt>
      <trkpt lat="39.79204" lon="2.7941">
        <ele>827.7</ele>
      </trkpt>
      <trkpt lat="39.79207" lon="2.79471">
        <ele>825.7</ele>
      </trkpt>
      <trkpt lat="39.79209" lon="2.79542">
        <ele>822.9</ele>
      </trkpt>
      <trkpt lat="39.79211" lon="2.79614">
        <ele>821.1</ele>
      </trkpt>
      <trkpt lat="39.7921" lon="2.79631">
        <ele>820.3</ele>
      </trkpt>
      <trkpt lat="39.79207" lon="2.79646">
        <ele>818.9</ele>
      </trkpt>
      <trkpt lat="39.79198" lon="2.79659">
        <ele>815.5</ele>
      </trkpt>
      <trkpt lat="39.79187" lon="2.79662">
        <ele>811.7</ele>
      </trkpt>
      <trkpt lat="39.79175" lon="2.7966">
        <ele>807.5</ele>
      </trkpt>
      <trkpt lat="39.79164" lon="2.79653">
        <ele>804.1</ele>
      </trkpt>
      <trkpt lat="39.79128" lon="2.79583">
        <ele>801.8</ele>
      </trkpt>
      <trkpt lat="39.79114" lon="2.79563">
        <ele>798.5</ele>
      </trkpt>
      <trkpt lat="39.79095" lon="2.79543">
        <ele>793.2</ele>
      </trkpt>
      <trkpt lat="39.79071" lon="2.79527">
        <ele>788.0</ele>
      </trkpt>
      <trkpt lat="39.7901" lon="2.79505">
        <ele>785.3</ele>
      </trkpt>
      <trkpt lat="39.78981" lon="2.79489">
        <ele>780.8</ele>
      </trkpt>
      <trkpt lat="39.78952" lon="2.79468">
        <ele>774.0</ele>
      </trkpt>
      <trkpt lat="39.78938" lon="2.79462">
        <ele>772.0</ele>
      </trkpt>
      <trkpt lat="39.78923" lon="2.79463">
        <ele>771.8</ele>
      </trkpt>
      <trkpt lat="39.7891" lon="2.7947">
        <ele>771.8</ele>
      </trkpt>
      <trkpt lat="39.78896" lon="2.79483">
        <ele>771.5</ele>
      </trkpt>
      <trkpt lat="39.7889" lon="2.79496">
        <ele>772.6</ele>
      </trkpt>
      <trkpt lat="39.78886" lon="2.79508">
        <ele>772.8</ele>
      </trkpt>
      <trkpt lat="39.78869" lon="2.79594">
        <ele>772.7</ele>
      </trkpt>
      <trkpt lat="39.78851" lon="2.79681">
        <ele>768.6</ele>
      </trkpt>
      <trkpt lat="39.78846" lon="2.79703">
        <ele>768.1</ele>
      </trkpt>
      <trkpt lat="39.78842" lon="2.79713">
        <ele>767.5</ele>
      </trkpt>
      <trkpt lat="39.78839" lon="2.79718">
        <ele>767.0</ele>
      </trkpt>
      <trkpt lat="39.78835" lon="2.79721">
        <ele>766.3</ele>
      </trkpt>
      <trkpt lat="39.78824" lon="2.79722">
        <ele>765.5</ele>
      </trkpt>
      <trkpt lat="39.7882" lon="2.7972">
        <ele>765.3</ele>
      </trkpt>
      <trkpt lat="39.78771" lon="2.7968">
        <ele>761.5</ele>
      </trkpt>
      <trkpt lat="39.78765" lon="2.79678">
        <ele>761.1</ele>
      </trkpt>
      <trkpt lat="39.78756" lon="2.79679">
        <ele>760.7</ele>
      </trkpt>
      <trkpt lat="39.78748" lon="2.79685">
        <ele>760.8</ele>
      </trkpt>
      <trkpt lat="39.78735" lon="2.79698">
        <ele>762.1</ele>
      </trkpt>
      <trkpt lat="39.78692" lon="2.79746">
        <ele>766.4</ele>
      </trkpt>
      <trkpt lat="39.78689" lon="2.79752">
        <ele>766.6</ele>
      </trkpt>
      <trkpt lat="39.78687" lon="2.79763">
        <ele>766.4</ele>
      </trkpt>
      <trkpt lat="39.78687" lon="2.79772">
        <ele>766.2</ele>
      </trkpt>
      <trkpt lat="39.78689" lon="2.79777">
        <ele>765.9</ele>
      </trkpt>
      <trkpt lat="39.78708" lon="2.79821">
        <ele>761.7</ele>
      </trkpt>
      <trkpt lat="39.78712" lon="2.79832">
        <ele>760.5</ele>
      </trkpt>
      <trkpt lat="39.78715" lon="2.79844">
        <ele>759.6</ele>
      </trkpt>
      <trkpt lat="39.78719" lon="2.79881">
        <ele>757.7</ele>
      </trkpt>
      <trkpt lat="39.78725" lon="2.79902">
        <ele>755.5</ele>
      </trkpt>
      <trkpt lat="39.78732" lon="2.79916">
        <ele>753.0</ele>
      </trkpt>
      <trkpt lat="39.78765" lon="2.79963">
        <ele>751.3</ele>
      </trkpt>
      <trkpt lat="39.78782" lon="2.79992">
        <ele>750.9</ele>
      </trkpt>
      <trkpt lat="39.78789" lon="2.80001">
        <ele>750.2</ele>
      </trkpt>
      <trkpt lat="39.78807" lon="2.80017">
        <ele>748.0</ele>
      </trkpt>
      <trkpt lat="39.78837" lon="2.80041">
        <ele>743.2</ele>
      </trkpt>
      <trkpt lat="39.78848" lon="2.80051">
        <ele>741.9</ele>
      </trkpt>
      <trkpt lat="39.78882" lon="2.80089">
        <ele>739.3</ele>
      </trkpt>
      <trkpt lat="39.78916" lon="2.80128">
        <ele>740.3</ele>
      </trkpt>
      <trkpt lat="39.78922" lon="2.8013">
        <ele>739.3</ele>
      </trkpt>
      <trkpt lat="39.7893" lon="2.80131">
        <ele>737.7</ele>
      </trkpt>
      <trkpt lat="39.78947" lon="2.8013">
        <ele>733.7</ele>
      </trkpt>
      <trkpt lat="39.78976" lon="2.80127">
        <ele>726.7</ele>
      </trkpt>
      <trkpt lat="39.78985" lon="2.80128">
        <ele>724.9</ele>
      </trkpt>
      <trkpt lat="39.78992" lon="2.80131">
        <ele>723.8</ele>
      </trkpt>
      <trkpt lat="39.78999" lon="2.80137">
        <ele>723.2</ele>
      </trkpt>
      <trkpt lat="39.79026" lon="2.80189">
        <ele>725.3</ele>
      </trkpt>
      <trkpt lat="39.79061" lon="2.8025">
        <ele>722.4</ele>
      </trkpt>
      <trkpt lat="39.79073" lon="2.80268">
        <ele>722.3</ele>
      </trkpt>
      <trkpt lat="39.79087" lon="2.80278">
        <ele>720.7</ele>
      </trkpt>
      <trkpt lat="39.79095" lon="2.80283">
        <ele>720.1</ele>
      </trkpt>
      <trkpt lat="39.79108" lon="2.80284">
        <ele>717.9</ele>
      </trkpt>
      <trkpt lat="39.79142" lon="2.80278">
        <ele>711.0</ele>
      </trkpt>
      <trkpt lat="39.79152" lon="2.80278">
        <ele>709.3</ele>
      </trkpt>
      <trkpt lat="39.7916" lon="2.8028">
        <ele>708.1</ele>
      </trkpt>
      <trkpt lat="39.79168" lon="2.80289">
        <ele>707.8</ele>
      </trkpt>
      <trkpt lat="39.79179" lon="2.80308">
        <ele>707.7</ele>
      </trkpt>
      <trkpt lat="39.79215" lon="2.80397">
        <ele>709.5</ele>
      </trkpt>
      <trkpt lat="39.79235" lon="2.80419">
        <ele>706.9</ele>
      </trkpt>
      <trkpt lat="39.79255" lon="2.80434">
        <ele>702.3</ele>
      </trkpt>
      <trkpt lat="39.79268" lon="2.80441">
        <ele>699.2</ele>
      </trkpt>
      <trkpt lat="39.79275" lon="2.80445">
        <ele>697.5</ele>
      </trkpt>
      <trkpt lat="39.79281" lon="2.80457">
        <ele>696.4</ele>
      </trkpt>
      <trkpt lat="39.79284" lon="2.80471">
        <ele>696.2</ele>
      </trkpt>
      <trkpt lat="39.79286" lon="2.80493">
        <ele>696.6</ele>
      </trkpt>
      <trkpt lat="39.79283" lon="2.80513">
        <ele>696.4</ele>
      </trkpt>
      <trkpt lat="39.79274" lon="2.80538">
        <ele>696.3</ele>
      </trkpt>
      <trkpt lat="39.79271" lon="2.80559">
        <ele>695.0</ele>
      </trkpt>
      <trkpt lat="39.79271" lon="2.80575">
        <ele>693.5</ele>
      </trkpt>
      <trkpt lat="39.79284" lon="2.80667">
        <ele>682.3</ele>
      </trkpt>
      <trkpt lat="39.79292" lon="2.80694">
        <ele>682.1</ele>
      </trkpt>
      <trkpt lat="39.79301" lon="2.80707">
        <ele>680.6</ele>
      </trkpt>
      <trkpt lat="39.79319" lon="2.80731">
        <ele>677.1</ele>
      </trkpt>
      <trkpt lat="39.79374" lon="2.80796">
        <ele>671.0</ele>
      </trkpt>
      <trkpt lat="39.7938" lon="2.808">
        <ele>670.4</ele>
      </trkpt>
      <trkpt lat="39.79403" lon="2.8081">
        <ele>667.8</ele>
      </trkpt>
      <trkpt lat="39.79441" lon="2.80822">
        <ele>663.8</ele>
      </trkpt>
      <trkpt lat="39.79463" lon="2.80834">
        <ele>661.9</ele>
      </trkpt>
      <trkpt lat="39.79516" lon="2.80866">
        <ele>657.3</ele>
      </trkpt>
      <trkpt lat="39.79528" lon="2.80877">
        <ele>656.4</ele>
      </trkpt>
      <trkpt lat="39.79542" lon="2.80895">
        <ele>655.4</ele>
      </trkpt>
      <trkpt lat="39.79573" lon="2.80945">
        <ele>652.6</ele>
      </trkpt>
      <trkpt lat="39.79605" lon="2.80991">
        <ele>649.1</ele>
      </trkpt>
      <trkpt lat="39.79636" lon="2.81037">
        <ele>644.0</ele>
      </trkpt>
      <trkpt lat="39.79652" lon="2.81053">
        <ele>641.3</ele>
      </trkpt>
      <trkpt lat="39.79661" lon="2.81059">
        <ele>639.9</ele>
      </trkpt>
      <trkpt lat="39.79682" lon="2.81068">
        <ele>637.2</ele>
      </trkpt>
      <trkpt lat="39.79699" lon="2.81071">
        <ele>635.1</ele>
      </trkpt>
      <trkpt lat="39.79746" lon="2.81079">
        <ele>629.5</ele>
      </trkpt>
      <trkpt lat="39.79765" lon="2.8108">
        <ele>627.9</ele>
      </trkpt>
      <trkpt lat="39.79779" lon="2.81078">
        <ele>626.9</ele>
      </trkpt>
      <trkpt lat="39.79794" lon="2.81072">
        <ele>625.8</ele>
      </trkpt>
      <trkpt lat="39.79872" lon="2.81026">
        <ele>624.9</ele>
      </trkpt>
      <trkpt lat="39.79883" lon="2.81019">
        <ele>624.8</ele>
      </trkpt>
      <trkpt lat="39.799" lon="2.81012">
        <ele>624.6</ele>
      </trkpt>
      <trkpt lat="39.7991" lon="2.81012">
        <ele>624.6</ele>
      </trkpt>
      <trkpt lat="39.79924" lon="2.81018">
        <ele>624.8</ele>
      </trkpt>
      <trkpt lat="39.79961" lon="2.81054">
        <ele>623.4</ele>
      </trkpt>
      <trkpt lat="39.79999" lon="2.8109">
        <ele>620.6</ele>
      </trkpt>
      <trkpt lat="39.80026" lon="2.8111">
        <ele>621.6</ele>
      </trkpt>
      <trkpt lat="39.80054" lon="2.81128">
        <ele>622.5</ele>
      </trkpt>
      <trkpt lat="39.8007" lon="2.81142">
        <ele>622.4</ele>
      </trkpt>
      <trkpt lat="39.80116" lon="2.81185">
        <ele>623.5</ele>
      </trkpt>
      <trkpt lat="39.80153" lon="2.81224">
        <ele>624.2</ele>
      </trkpt>
      <trkpt lat="39.80183" lon="2.8126">
        <ele>625.5</ele>
      </trkpt>
      <trkpt lat="39.80216" lon="2.81302">
        <ele>625.1</ele>
      </trkpt>
      <trkpt lat="39.80264" lon="2.81364">
        <ele>624.3</ele>
      </trkpt>
      <trkpt lat="39.80311" lon="2.81433">
        <ele>623.3</ele>
      </trkpt>
      <trkpt lat="39.80358" lon="2.81502">
        <ele>624.5</ele>
      </trkpt>
      <trkpt lat="39.80382" lon="2.81544">
        <ele>626.4</ele>
      </trkpt>
      <trkpt lat="39.80401" lon="2.81573">
        <ele>625.5</ele>
      </trkpt>
      <trkpt lat="39.80428" lon="2.81608">
        <ele>627.2</ele>
      </trkpt>
      <trkpt lat="39.80463" lon="2.81649">
        <ele>629.2</ele>
      </trkpt>
      <trkpt lat="39.80481" lon="2.81669">
        <ele>627.2</ele>
      </trkpt>
      <trkpt lat="39.80502" lon="2.81688">
        <ele>628.5</ele>
      </trkpt>
      <trkpt lat="39.80527" lon="2.81707">
        <ele>635.0</ele>
      </trkpt>
      <trkpt lat="39.80547" lon="2.81724">
        <ele>636.0</ele>
      </trkpt>
      <trkpt lat="39.80566" lon="2.81745">
        <ele>630.9</ele>
      </trkpt>
      <trkpt lat="39.80585" lon="2.8177">
        <ele>628.0</ele>
      </trkpt>
      <trkpt lat="39.80632" lon="2.81839">
        <ele>626.9</ele>
      </trkpt>
      <trkpt lat="39.80642" lon="2.81853">
        <ele>626.6</ele>
      </trkpt>
      <trkpt lat="39.80653" lon="2.81866">
        <ele>626.1</ele>
      </trkpt>
      <trkpt lat="39.80693" lon="2.81905">
        <ele>627.9</ele>
      </trkpt>
      <trkpt lat="39.8073" lon="2.81939">
        <ele>628.8</ele>
      </trkpt>
      <trkpt lat="39.80768" lon="2.81973">
        <ele>626.0</ele>
      </trkpt>
      <trkpt lat="39.80818" lon="2.82021">
        <ele>625.8</ele>
      </trkpt>
      <trkpt lat="39.80868" lon="2.82069">
        <ele>628.1</ele>
      </trkpt>
      <trkpt lat="39.80877" lon="2.8208">
        <ele>626.8</ele>
      </trkpt>
      <trkpt lat="39.80909" lon="2.82122">
        <ele>624.5</ele>
      </trkpt>
      <trkpt lat="39.80921" lon="2.82136">
        <ele>623.2</ele>
      </trkpt>
      <trkpt lat="39.80936" lon="2.82148">
        <ele>624.3</ele>
      </trkpt>
      <trkpt lat="39.80968" lon="2.82168">
        <ele>626.2</ele>
      </trkpt>
      <trkpt lat="39.80979" lon="2.82176">
        <ele>626.9</ele>
      </trkpt>
      <trkpt lat="39.80992" lon="2.82188">
        <ele>626.5</ele>
      </trkpt>
      <trkpt lat="39.81051" lon="2.82245">
        <ele>628.1</ele>
      </trkpt>
      <trkpt lat="39.81066" lon="2.82258">
        <ele>629.7</ele>
      </trkpt>
      <trkpt lat="39.81075" lon="2.82264">
        <ele>631.3</ele>
      </trkpt>
      <trkpt lat="39.81081" lon="2.82267">
        <ele>631.3</ele>
      </trkpt>
      <trkpt lat="39.81087" lon="2.82269">
        <ele>631.3</ele>
      </trkpt>
      <trkpt lat="39.81093" lon="2.82268">
        <ele>631.3</ele>
      </trkpt>
      <trkpt lat="39.81155" lon="2.82212">
        <ele>631.6</ele>
      </trkpt>
      <trkpt lat="39.81216" lon="2.82156">
        <ele>631.9</ele>
      </trkpt>
      <trkpt lat="39.81277" lon="2.821">
        <ele>632.2</ele>
      </trkpt>
      <trkpt lat="39.81286" lon="2.82088">
        <ele>632.2</ele>
      </trkpt>
      <trkpt lat="39.81289" lon="2.82078">
        <ele>632.3</ele>
      </trkpt>
      <trkpt lat="39.81291" lon="2.82064">
        <ele>629.4</ele>
      </trkpt>
      <trkpt lat="39.8129" lon="2.81982">
        <ele>619.7</ele>
      </trkpt>
      <trkpt lat="39.81291" lon="2.81909">
        <ele>617.9</ele>
      </trkpt>
      <trkpt lat="39.81294" lon="2.81892">
        <ele>617.5</ele>
      </trkpt>
      <trkpt lat="39.81301" lon="2.8188">
        <ele>616.2</ele>
      </trkpt>
      <trkpt lat="39.81309" lon="2.81872">
        <ele>614.7</ele>
      </trkpt>
      <trkpt lat="39.81321" lon="2.81868">
        <ele>612.3</ele>
      </trkpt>
      <trkpt lat="39.81334" lon="2.8187">
        <ele>609.4</ele>
      </trkpt>
      <trkpt lat="39.81345" lon="2.81881">
        <ele>607.4</ele>
      </trkpt>
      <trkpt lat="39.81355" lon="2.81903">
        <ele>604.5</ele>
      </trkpt>
      <trkpt lat="39.81359" lon="2.81919">
        <ele>602.7</ele>
      </trkpt>
      <trkpt lat="39.81359" lon="2.81939">
        <ele>601.8</ele>
      </trkpt>
      <trkpt lat="39.81358" lon="2.82012">
        <ele>600.1</ele>
      </trkpt>
      <trkpt lat="39.81362" lon="2.82047">
        <ele>601.6</ele>
      </trkpt>
      <trkpt lat="39.81367" lon="2.82063">
        <ele>601.1</ele>
      </trkpt>
      <trkpt lat="39.81407" lon="2.82144">
        <ele>592.9</ele>
      </trkpt>
      <trkpt lat="39.81421" lon="2.82179">
        <ele>592.4</ele>
      </trkpt>
      <trkpt lat="39.81441" lon="2.8222">
        <ele>595.9</ele>
      </trkpt>
      <trkpt lat="39.81456" lon="2.82243">
        <ele>594.0</ele>
      </trkpt>
      <trkpt lat="39.81507" lon="2.8229">
        <ele>583.4</ele>
      </trkpt>
      <trkpt lat="39.81559" lon="2.82337">
        <ele>572.1</ele>
      </trkpt>
      <trkpt lat="39.81575" lon="2.82354">
        <ele>567.4</ele>
      </trkpt>
      <trkpt lat="39.8159" lon="2.82376">
        <ele>565.5</ele>
      </trkpt>
      <trkpt lat="39.81605" lon="2.82405">
        <ele>567.2</ele>
      </trkpt>
      <trkpt lat="39.81609" lon="2.82417">
        <ele>568.3</ele>
      </trkpt>
      <trkpt lat="39.81615" lon="2.82414">
        <ele>567.0</ele>
      </trkpt>
      <trkpt lat="39.81619" lon="2.8241">
        <ele>565.8</ele>
      </trkpt>
      <trkpt lat="39.81621" lon="2.82404">
        <ele>564.6</ele>
      </trkpt>
      <trkpt lat="39.81622" lon="2.82397">
        <ele>563.3</ele>
      </trkpt>
      <trkpt lat="39.8162" lon="2.82392">
        <ele>562.8</ele>
      </trkpt>
      <trkpt lat="39.81615" lon="2.8238">
        <ele>561.8</ele>
      </trkpt>
      <trkpt lat="39.81601" lon="2.8236">
        <ele>561.3</ele>
      </trkpt>
      <trkpt lat="39.8159" lon="2.82346">
        <ele>561.4</ele>
      </trkpt>
      <trkpt lat="39.81534" lon="2.82284">
        <ele>574.1</ele>
      </trkpt>
      <trkpt lat="39.81522" lon="2.8227">
        <ele>574.8</ele>
      </trkpt>
      <trkpt lat="39.81515" lon="2.8226">
        <ele>574.0</ele>
      </trkpt>
      <trkpt lat="39.81514" lon="2.82256">
        <ele>573.8</ele>
      </trkpt>
      <trkpt lat="39.81514" lon="2.82251">
        <ele>573.5</ele>
      </trkpt>
      <trkpt lat="39.81515" lon="2.82247">
        <ele>573.3</ele>
      </trkpt>
      <trkpt lat="39.81516" lon="2.82244">
        <ele>573.2</ele>
      </trkpt>
      <trkpt lat="39.81528" lon="2.82226">
        <ele>571.9</ele>
      </trkpt>
      <trkpt lat="39.81545" lon="2.82204">
        <ele>570.3</ele>
      </trkpt>
      <trkpt lat="39.8155" lon="2.82201">
        <ele>570.1</ele>
      </trkpt>
      <trkpt lat="39.81559" lon="2.82196">
        <ele>569.9</ele>
      </trkpt>
      <trkpt lat="39.8157" lon="2.82196">
        <ele>569.1</ele>
      </trkpt>
      <trkpt lat="39.81574" lon="2.82197">
        <ele>568.6</ele>
      </trkpt>
      <trkpt lat="39.81598" lon="2.82212">
        <ele>564.0</ele>
      </trkpt>
      <trkpt lat="39.81602" lon="2.82213">
        <ele>563.4</ele>
      </trkpt>
      <trkpt lat="39.81607" lon="2.82214">
        <ele>562.7</ele>
      </trkpt>
      <trkpt lat="39.81612" lon="2.82212">
        <ele>562.6</ele>
      </trkpt>
      <trkpt lat="39.81623" lon="2.82207">
        <ele>562.4</ele>
      </trkpt>
      <trkpt lat="39.81664" lon="2.82175">
        <ele>564.6</ele>
      </trkpt>
      <trkpt lat="39.81672" lon="2.82167">
        <ele>564.7</ele>
      </trkpt>
      <trkpt lat="39.8173" lon="2.82099">
        <ele>567.0</ele>
      </trkpt>
      <trkpt lat="39.81735" lon="2.82092">
        <ele>567.0</ele>
      </trkpt>
      <trkpt lat="39.81743" lon="2.82075">
        <ele>567.6</ele>
      </trkpt>
      <trkpt lat="39.81746" lon="2.82064">
        <ele>568.2</ele>
      </trkpt>
      <trkpt lat="39.81749" lon="2.8205">
        <ele>569.2</ele>
      </trkpt>
      <trkpt lat="39.81761" lon="2.81959">
        <ele>577.3</ele>
      </trkpt>
      <trkpt lat="39.81764" lon="2.81944">
        <ele>578.0</ele>
      </trkpt>
      <trkpt lat="39.81769" lon="2.81931">
        <ele>578.0</ele>
      </trkpt>
      <trkpt lat="39.81798" lon="2.81855">
        <ele>583.6</ele>
      </trkpt>
      <trkpt lat="39.81827" lon="2.8178">
        <ele>589.7</ele>
      </trkpt>
      <trkpt lat="39.81836" lon="2.81753">
        <ele>592.6</ele>
      </trkpt>
      <trkpt lat="39.8185" lon="2.81692">
        <ele>600.3</ele>
      </trkpt>
      <trkpt lat="39.81864" lon="2.8163">
        <ele>606.1</ele>
      </trkpt>
      <trkpt lat="39.81867" lon="2.81611">
        <ele>608.2</ele>
      </trkpt>
      <trkpt lat="39.81873" lon="2.81532">
        <ele>618.9</ele>
      </trkpt>
      <trkpt lat="39.81875" lon="2.81526">
        <ele>619.3</ele>
      </trkpt>
      <trkpt lat="39.81881" lon="2.81518">
        <ele>618.8</ele>
      </trkpt>
      <trkpt lat="39.81884" lon="2.81516">
        <ele>618.2</ele>
      </trkpt>
      <trkpt lat="39.81893" lon="2.81515">
        <ele>615.6</ele>
      </trkpt>
      <trkpt lat="39.81908" lon="2.81517">
        <ele>610.8</ele>
      </trkpt>
      <trkpt lat="39.81934" lon="2.81524">
        <ele>610.3</ele>
      </trkpt>
      <trkpt lat="39.81942" lon="2.81528">
        <ele>611.1</ele>
      </trkpt>
      <trkpt lat="39.81955" lon="2.81538">
        <ele>611.6</ele>
      </trkpt>
      <trkpt lat="39.81968" lon="2.81554">
        <ele>610.8</ele>
      </trkpt>
      <trkpt lat="39.81975" lon="2.81565">
        <ele>609.8</ele>
      </trkpt>
      <trkpt lat="39.81994" lon="2.81601">
        <ele>604.9</ele>
      </trkpt>
      <trkpt lat="39.82" lon="2.81608">
        <ele>604.1</ele>
      </trkpt>
      <trkpt lat="39.82004" lon="2.8161">
        <ele>603.6</ele>
      </trkpt>
      <trkpt lat="39.82009" lon="2.8161">
        <ele>603.6</ele>
      </trkpt>
      <trkpt lat="39.82016" lon="2.81609">
        <ele>603.9</ele>
      </trkpt>
      <trkpt lat="39.82023" lon="2.81603">
        <ele>605.3</ele>
      </trkpt>
      <trkpt lat="39.82085" lon="2.81525">
        <ele>625.6</ele>
      </trkpt>
      <trkpt lat="39.82096" lon="2.81517">
        <ele>628.6</ele>
      </trkpt>
      <trkpt lat="39.82107" lon="2.81513">
        <ele>630.6</ele>
      </trkpt>
      <trkpt lat="39.82121" lon="2.81512">
        <ele>632.1</ele>
      </trkpt>
      <trkpt lat="39.82128" lon="2.81512">
        <ele>632.7</ele>
      </trkpt>
      <trkpt lat="39.82174" lon="2.81528">
        <ele>635.0</ele>
      </trkpt>
      <trkpt lat="39.82178" lon="2.81529">
        <ele>636.2</ele>
      </trkpt>
      <trkpt lat="39.82182" lon="2.81528">
        <ele>637.9</ele>
      </trkpt>
      <trkpt lat="39.82184" lon="2.81526">
        <ele>639.1</ele>
      </trkpt>
      <trkpt lat="39.82186" lon="2.81522">
        <ele>640.8</ele>
      </trkpt>
      <trkpt lat="39.82187" lon="2.81518">
        <ele>642.1</ele>
      </trkpt>
      <trkpt lat="39.82186" lon="2.81514">
        <ele>642.8</ele>
      </trkpt>
      <trkpt lat="39.82182" lon="2.81507">
        <ele>643.0</ele>
      </trkpt>
      <trkpt lat="39.82158" lon="2.81499">
        <ele>638.7</ele>
      </trkpt>
      <trkpt lat="39.82151" lon="2.81494">
        <ele>640.0</ele>
      </trkpt>
      <trkpt lat="39.82129" lon="2.81473">
        <ele>645.8</ele>
      </trkpt>
      <trkpt lat="39.82115" lon="2.81464">
        <ele>647.5</ele>
      </trkpt>
      <trkpt lat="39.82099" lon="2.81458">
        <ele>647.6</ele>
      </trkpt>
      <trkpt lat="39.82091" lon="2.81458">
        <ele>646.6</ele>
      </trkpt>
      <trkpt lat="39.82073" lon="2.81461">
        <ele>643.5</ele>
      </trkpt>
      <trkpt lat="39.82068" lon="2.81461">
        <ele>643.0</ele>
      </trkpt>
      <trkpt lat="39.8206" lon="2.81458">
        <ele>642.9</ele>
      </trkpt>
      <trkpt lat="39.82057" lon="2.81455">
        <ele>643.4</ele>
      </trkpt>
      <trkpt lat="39.82055" lon="2.81451">
        <ele>644.3</ele>
      </trkpt>
      <trkpt lat="39.82053" lon="2.81443">
        <ele>646.3</ele>
      </trkpt>
      <trkpt lat="39.82054" lon="2.81438">
        <ele>647.8</ele>
      </trkpt>
      <trkpt lat="39.82056" lon="2.81433">
        <ele>649.5</ele>
      </trkpt>
      <trkpt lat="39.82058" lon="2.8143">
        <ele>650.7</ele>
      </trkpt>
      <trkpt lat="39.82061" lon="2.81428">
        <ele>651.7</ele>
      </trkpt>
      <trkpt lat="39.82069" lon="2.81427">
        <ele>653.3</ele>
      </trkpt>
      <trkpt lat="39.82099" lon="2.81436">
        <ele>655.1</ele>
      </trkpt>
      <trkpt lat="39.82108" lon="2.81438">
        <ele>655.7</ele>
      </trkpt>
      <trkpt lat="39.82143" lon="2.81441">
        <ele>659.7</ele>
      </trkpt>
      <trkpt lat="39.82154" lon="2.81445">
        <ele>659.7</ele>
      </trkpt>
      <trkpt lat="39.82173" lon="2.81454">
        <ele>659.7</ele>
      </trkpt>
      <trkpt lat="39.82183" lon="2.81457">
        <ele>661.6</ele>
      </trkpt>
      <trkpt lat="39.82193" lon="2.81456">
        <ele>665.1</ele>
      </trkpt>
      <trkpt lat="39.82213" lon="2.81453">
        <ele>672.3</ele>
      </trkpt>
      <trkpt lat="39.82217" lon="2.81453">
        <ele>673.5</ele>
      </trkpt>
      <trkpt lat="39.82222" lon="2.81455">
        <ele>674.4</ele>
      </trkpt>
      <trkpt lat="39.82226" lon="2.81458">
        <ele>674.6</ele>
      </trkpt>
      <trkpt lat="39.8223" lon="2.81466">
        <ele>673.3</ele>
      </trkpt>
      <trkpt lat="39.82232" lon="2.81473">
        <ele>671.8</ele>
      </trkpt>
      <trkpt lat="39.82236" lon="2.81497">
        <ele>665.7</ele>
      </trkpt>
      <trkpt lat="39.82238" lon="2.81504">
        <ele>664.5</ele>
      </trkpt>
      <trkpt lat="39.82241" lon="2.8151">
        <ele>664.0</ele>
      </trkpt>
      <trkpt lat="39.82249" lon="2.8152">
        <ele>664.4</ele>
      </trkpt>
      <trkpt lat="39.82274" lon="2.81548">
        <ele>664.0</ele>
      </trkpt>
      <trkpt lat="39.82309" lon="2.8158">
        <ele>666.5</ele>
      </trkpt>
      <trkpt lat="39.82318" lon="2.81584">
        <ele>668.2</ele>
      </trkpt>
      <trkpt lat="39.82323" lon="2.81585">
        <ele>669.5</ele>
      </trkpt>
      <trkpt lat="39.82328" lon="2.81586">
        <ele>670.7</ele>
      </trkpt>
      <trkpt lat="39.8234" lon="2.81584">
        <ele>673.2</ele>
      </trkpt>
      <trkpt lat="39.82358" lon="2.81579">
        <ele>675.0</ele>
      </trkpt>
      <trkpt lat="39.82366" lon="2.81576">
        <ele>675.9</ele>
      </trkpt>
      <trkpt lat="39.82381" lon="2.81567">
        <ele>677.9</ele>
      </trkpt>
      <trkpt lat="39.82393" lon="2.81558">
        <ele>679.6</ele>
      </trkpt>
      <trkpt lat="39.824" lon="2.81551">
        <ele>680.7</ele>
      </trkpt>
      <trkpt lat="39.82419" lon="2.81525">
        <ele>684.3</ele>
      </trkpt>
      <trkpt lat="39.82438" lon="2.81507">
        <ele>687.9</ele>
      </trkpt>
      <trkpt lat="39.82478" lon="2.81472">
        <ele>693.0</ele>
      </trkpt>
      <trkpt lat="39.82485" lon="2.81468">
        <ele>693.5</ele>
      </trkpt>
      <trkpt lat="39.82489" lon="2.81468">
        <ele>693.7</ele>
      </trkpt>
      <trkpt lat="39.82494" lon="2.8147">
        <ele>693.8</ele>
      </trkpt>
      <trkpt lat="39.825" lon="2.81475">
        <ele>693.9</ele>
      </trkpt>
      <trkpt lat="39.82502" lon="2.81483">
        <ele>694.0</ele>
      </trkpt>
      <trkpt lat="39.82502" lon="2.81494">
        <ele>693.6</ele>
      </trkpt>
      <trkpt lat="39.82496" lon="2.81533">
        <ele>692.5</ele>
      </trkpt>
      <trkpt lat="39.82497" lon="2.81544">
        <ele>692.6</ele>
      </trkpt>
      <trkpt lat="39.825" lon="2.81554">
        <ele>693.0</ele>
      </trkpt>
      <trkpt lat="39.82502" lon="2.81558">
        <ele>693.5</ele>
      </trkpt>
      <trkpt lat="39.82514" lon="2.81573">
        <ele>696.8</ele>
      </trkpt>
      <trkpt lat="39.82518" lon="2.81583">
        <ele>698.0</ele>
      </trkpt>
      <trkpt lat="39.82522" lon="2.81601">
        <ele>698.4</ele>
      </trkpt>
      <trkpt lat="39.82522" lon="2.81615">
        <ele>697.9</ele>
      </trkpt>
      <trkpt lat="39.82521" lon="2.81634">
        <ele>697.0</ele>
      </trkpt>
      <trkpt lat="39.82521" lon="2.81639">
        <ele>696.8</ele>
      </trkpt>
      <trkpt lat="39.82523" lon="2.81644">
        <ele>697.2</ele>
      </trkpt>
      <trkpt lat="39.82527" lon="2.81653">
        <ele>697.9</ele>
      </trkpt>
      <trkpt lat="39.82533" lon="2.81663">
        <ele>699.2</ele>
      </trkpt>
      <trkpt lat="39.82555" lon="2.81691">
        <ele>700.4</ele>
      </trkpt>
      <trkpt lat="39.82563" lon="2.817">
        <ele>700.8</ele>
      </trkpt>
      <trkpt lat="39.82572" lon="2.81707">
        <ele>701.8</ele>
      </trkpt>
      <trkpt lat="39.82588" lon="2.81719">
        <ele>703.4</ele>
      </trkpt>
      <trkpt lat="39.82607" lon="2.81731">
        <ele>705.6</ele>
      </trkpt>
      <trkpt lat="39.82622" lon="2.81735">
        <ele>708.6</ele>
      </trkpt>
      <trkpt lat="39.82647" lon="2.81736">
        <ele>714.5</ele>
      </trkpt>
      <trkpt lat="39.82653" lon="2.81737">
        <ele>715.8</ele>
      </trkpt>
      <trkpt lat="39.82658" lon="2.81739">
        <ele>716.7</ele>
      </trkpt>
      <trkpt lat="39.82668" lon="2.81744">
        <ele>718.1</ele>
      </trkpt>
      <trkpt lat="39.82677" lon="2.81751">
        <ele>717.8</ele>
      </trkpt>
      <trkpt lat="39.82681" lon="2.81756">
        <ele>717.1</ele>
      </trkpt>
      <trkpt lat="39.82693" lon="2.81776">
        <ele>714.9</ele>
      </trkpt>
      <trkpt lat="39.82701" lon="2.81785">
        <ele>714.9</ele>
      </trkpt>
      <trkpt lat="39.82711" lon="2.81794">
        <ele>715.8</ele>
      </trkpt>
      <trkpt lat="39.82717" lon="2.81797">
        <ele>716.8</ele>
      </trkpt>
      <trkpt lat="39.82728" lon="2.81801">
        <ele>719.0</ele>
      </trkpt>
      <trkpt lat="39.82741" lon="2.81802">
        <ele>722.2</ele>
      </trkpt>
      <trkpt lat="39.82754" lon="2.81799">
        <ele>724.4</ele>
      </trkpt>
      <trkpt lat="39.82787" lon="2.81779">
        <ele>722.8</ele>
      </trkpt>
      <trkpt lat="39.82805" lon="2.81766">
        <ele>720.6</ele>
      </trkpt>
      <trkpt lat="39.82845" lon="2.81734">
        <ele>714.5</ele>
      </trkpt>
      <trkpt lat="39.82853" lon="2.81727">
        <ele>713.3</ele>
      </trkpt>
      <trkpt lat="39.82865" lon="2.81722">
        <ele>711.8</ele>
      </trkpt>
      <trkpt lat="39.82875" lon="2.8172">
        <ele>710.7</ele>
      </trkpt>
      <trkpt lat="39.82892" lon="2.81721">
        <ele>709.7</ele>
      </trkpt>
      <trkpt lat="39.82913" lon="2.81721">
        <ele>708.2</ele>
      </trkpt>
      <trkpt lat="39.8292" lon="2.8172">
        <ele>707.7</ele>
      </trkpt>
      <trkpt lat="39.82937" lon="2.81717">
        <ele>707.2</ele>
      </trkpt>
      <trkpt lat="39.82948" lon="2.81713">
        <ele>705.9</ele>
      </trkpt>
      <trkpt lat="39.83023" lon="2.81679">
        <ele>691.2</ele>
      </trkpt>
      <trkpt lat="39.83034" lon="2.81675">
        <ele>689.6</ele>
      </trkpt>
      <trkpt lat="39.831" lon="2.81656">
        <ele>679.8</ele>
      </trkpt>
      <trkpt lat="39.83166" lon="2.81636">
        <ele>665.8</ele>
      </trkpt>
      <trkpt lat="39.83173" lon="2.81633">
        <ele>664.3</ele>
      </trkpt>
      <trkpt lat="39.8318" lon="2.81626">
        <ele>662.4</ele>
      </trkpt>
      <trkpt lat="39.83199" lon="2.81601">
        <ele>658.8</ele>
      </trkpt>
      <trkpt lat="39.83206" lon="2.8159">
        <ele>657.3</ele>
      </trkpt>
      <trkpt lat="39.83216" lon="2.81579">
        <ele>655.6</ele>
      </trkpt>
      <trkpt lat="39.8322" lon="2.81576">
        <ele>655.0</ele>
      </trkpt>
      <trkpt lat="39.83227" lon="2.81572">
        <ele>654.0</ele>
      </trkpt>
      <trkpt lat="39.83234" lon="2.81572">
        <ele>654.7</ele>
      </trkpt>
      <trkpt lat="39.8324" lon="2.81574">
        <ele>655.9</ele>
      </trkpt>
      <trkpt lat="39.83243" lon="2.81577">
        <ele>657.3</ele>
      </trkpt>
      <trkpt lat="39.83248" lon="2.81582">
        <ele>659.4</ele>
      </trkpt>
      <trkpt lat="39.83251" lon="2.81588">
        <ele>659.5</ele>
      </trkpt>
      <trkpt lat="39.83252" lon="2.81595">
        <ele>658.7</ele>
      </trkpt>
      <trkpt lat="39.83251" lon="2.81599">
        <ele>658.3</ele>
      </trkpt>
      <trkpt lat="39.83249" lon="2.81607">
        <ele>657.5</ele>
      </trkpt>
      <trkpt lat="39.83245" lon="2.81612">
        <ele>657.1</ele>
      </trkpt>
      <trkpt lat="39.83239" lon="2.81615">
        <ele>657.2</ele>
      </trkpt>
      <trkpt lat="39.83233" lon="2.81616">
        <ele>657.5</ele>
      </trkpt>
      <trkpt lat="39.83225" lon="2.81614">
        <ele>658.1</ele>
      </trkpt>
      <trkpt lat="39.83215" lon="2.81609">
        <ele>658.5</ele>
      </trkpt>
      <trkpt lat="39.83205" lon="2.816">
        <ele>658.3</ele>
      </trkpt>
      <trkpt lat="39.83196" lon="2.81589">
        <ele>657.3</ele>
      </trkpt>
      <trkpt lat="39.83189" lon="2.81582">
        <ele>655.7</ele>
      </trkpt>
      <trkpt lat="39.83183" lon="2.81579">
        <ele>653.8</ele>
      </trkpt>
      <trkpt lat="39.83175" lon="2.81576">
        <ele>651.6</ele>
      </trkpt>
      <trkpt lat="39.83162" lon="2.81576">
        <ele>650.8</ele>
      </trkpt>
      <trkpt lat="39.83149" lon="2.8158">
        <ele>652.2</ele>
      </trkpt>
      <trkpt lat="39.83088" lon="2.81603">
        <ele>658.8</ele>
      </trkpt>
      <trkpt lat="39.83078" lon="2.81606">
        <ele>660.5</ele>
      </trkpt>
      <trkpt lat="39.83059" lon="2.81605">
        <ele>661.8</ele>
      </trkpt>
      <trkpt lat="39.83053" lon="2.81604">
        <ele>662.0</ele>
      </trkpt>
      <trkpt lat="39.83035" lon="2.81596">
        <ele>660.9</ele>
      </trkpt>
      <trkpt lat="39.83033" lon="2.81595">
        <ele>660.7</ele>
      </trkpt>
      <trkpt lat="39.83029" lon="2.81591">
        <ele>659.8</ele>
      </trkpt>
      <trkpt lat="39.83028" lon="2.81582">
        <ele>656.9</ele>
      </trkpt>
      <trkpt lat="39.8303" lon="2.81575">
        <ele>654.2</ele>
      </trkpt>
      <trkpt lat="39.83039" lon="2.81554">
        <ele>645.7</ele>
      </trkpt>
      <trkpt lat="39.83042" lon="2.81544">
        <ele>641.8</ele>
      </trkpt>
      <trkpt lat="39.83043" lon="2.81534">
        <ele>638.1</ele>
      </trkpt>
      <trkpt lat="39.83041" lon="2.8152">
        <ele>633.6</ele>
      </trkpt>
      <trkpt lat="39.8304" lon="2.81516">
        <ele>632.4</ele>
      </trkpt>
      <trkpt lat="39.83034" lon="2.81511">
        <ele>631.7</ele>
      </trkpt>
      <trkpt lat="39.83024" lon="2.8151">
        <ele>633.1</ele>
      </trkpt>
      <trkpt lat="39.82964" lon="2.81524">
        <ele>650.9</ele>
      </trkpt>
      <trkpt lat="39.82955" lon="2.81525">
        <ele>653.4</ele>
      </trkpt>
      <trkpt lat="39.82949" lon="2.81524">
        <ele>654.7</ele>
      </trkpt>
      <trkpt lat="39.82944" lon="2.81519">
        <ele>654.7</ele>
      </trkpt>
      <trkpt lat="39.82942" lon="2.81515">
        <ele>654.3</ele>
      </trkpt>
      <trkpt lat="39.82932" lon="2.8148">
        <ele>652.8</ele>
      </trkpt>
      <trkpt lat="39.82922" lon="2.81461">
        <ele>655.9</ele>
      </trkpt>
      <trkpt lat="39.82921" lon="2.81456">
        <ele>656.3</ele>
      </trkpt>
      <trkpt lat="39.8292" lon="2.81447">
        <ele>656.6</ele>
      </trkpt>
      <trkpt lat="39.82922" lon="2.81439">
        <ele>655.7</ele>
      </trkpt>
      <trkpt lat="39.82925" lon="2.81436">
        <ele>654.3</ele>
      </trkpt>
      <trkpt lat="39.82942" lon="2.81424">
        <ele>646.0</ele>
      </trkpt>
      <trkpt lat="39.82948" lon="2.81418">
        <ele>642.7</ele>
      </trkpt>
      <trkpt lat="39.82958" lon="2.81403">
        <ele>641.8</ele>
      </trkpt>
      <trkpt lat="39.82983" lon="2.81357">
        <ele>642.0</ele>
      </trkpt>
      <trkpt lat="39.82988" lon="2.81351">
        <ele>640.9</ele>
      </trkpt>
      <trkpt lat="39.82992" lon="2.8135">
        <ele>639.0</ele>
      </trkpt>
      <trkpt lat="39.82994" lon="2.81351">
        <ele>637.6</ele>
      </trkpt>
      <trkpt lat="39.82997" lon="2.81354">
        <ele>635.2</ele>
      </trkpt>
      <trkpt lat="39.82998" lon="2.81357">
        <ele>633.8</ele>
      </trkpt>
      <trkpt lat="39.82996" lon="2.81364">
        <ele>633.0</ele>
      </trkpt>
      <trkpt lat="39.82991" lon="2.81376">
        <ele>632.5</ele>
      </trkpt>
      <trkpt lat="39.82964" lon="2.81443">
        <ele>637.8</ele>
      </trkpt>
      <trkpt lat="39.82963" lon="2.81448">
        <ele>638.8</ele>
      </trkpt>
      <trkpt lat="39.82963" lon="2.81456">
        <ele>639.7</ele>
      </trkpt>
      <trkpt lat="39.82964" lon="2.8146">
        <ele>639.7</ele>
      </trkpt>
      <trkpt lat="39.82966" lon="2.81463">
        <ele>639.3</ele>
      </trkpt>
      <trkpt lat="39.8297" lon="2.81466">
        <ele>638.2</ele>
      </trkpt>
      <trkpt lat="39.82974" lon="2.81467">
        <ele>636.9</ele>
      </trkpt>
      <trkpt lat="39.8298" lon="2.81466">
        <ele>634.5</ele>
      </trkpt>
      <trkpt lat="39.82985" lon="2.81461">
        <ele>631.8</ele>
      </trkpt>
      <trkpt lat="39.82988" lon="2.81452">
        <ele>629.1</ele>
      </trkpt>
      <trkpt lat="39.82994" lon="2.8142">
        <ele>620.6</ele>
      </trkpt>
      <trkpt lat="39.82997" lon="2.8141">
        <ele>620.2</ele>
      </trkpt>
      <trkpt lat="39.83005" lon="2.81391">
        <ele>621.8</ele>
      </trkpt>
      <trkpt lat="39.8301" lon="2.81383">
        <ele>621.6</ele>
      </trkpt>
      <trkpt lat="39.83024" lon="2.81365">
        <ele>619.4</ele>
      </trkpt>
      <trkpt lat="39.83029" lon="2.81361">
        <ele>617.8</ele>
      </trkpt>
      <trkpt lat="39.83035" lon="2.81358">
        <ele>615.4</ele>
      </trkpt>
      <trkpt lat="39.83037" lon="2.81358">
        <ele>614.4</ele>
      </trkpt>
      <trkpt lat="39.83041" lon="2.81361">
        <ele>612.0</ele>
      </trkpt>
      <trkpt lat="39.83043" lon="2.81365">
        <ele>610.4</ele>
      </trkpt>
      <trkpt lat="39.83042" lon="2.8137">
        <ele>610.1</ele>
      </trkpt>
      <trkpt lat="39.83039" lon="2.81375">
        <ele>610.7</ele>
      </trkpt>
      <trkpt lat="39.83022" lon="2.81395">
        <ele>614.1</ele>
      </trkpt>
      <trkpt lat="39.8302" lon="2.81398">
        <ele>614.2</ele>
      </trkpt>
      <trkpt lat="39.83019" lon="2.81406">
        <ele>612.9</ele>
      </trkpt>
      <trkpt lat="39.83019" lon="2.8141">
        <ele>612.0</ele>
      </trkpt>
      <trkpt lat="39.83021" lon="2.81417">
        <ele>610.0</ele>
      </trkpt>
      <trkpt lat="39.83023" lon="2.8142">
        <ele>610.1</ele>
      </trkpt>
      <trkpt lat="39.83027" lon="2.81422">
        <ele>609.3</ele>
      </trkpt>
      <trkpt lat="39.83033" lon="2.81422">
        <ele>607.3</ele>
      </trkpt>
      <trkpt lat="39.83036" lon="2.81421">
        <ele>606.1</ele>
      </trkpt>
      <trkpt lat="39.83053" lon="2.8141">
        <ele>600.0</ele>
      </trkpt>
      <trkpt lat="39.83059" lon="2.81408">
        <ele>598.1</ele>
      </trkpt>
      <trkpt lat="39.83069" lon="2.81411">
        <ele>594.3</ele>
      </trkpt>
      <trkpt lat="39.8308" lon="2.81416">
        <ele>590.2</ele>
      </trkpt>
      <trkpt lat="39.83105" lon="2.81435">
        <ele>588.7</ele>
      </trkpt>
      <trkpt lat="39.83111" lon="2.81442">
        <ele>589.9</ele>
      </trkpt>
      <trkpt lat="39.83137" lon="2.81482">
        <ele>603.2</ele>
      </trkpt>
      <trkpt lat="39.83143" lon="2.81488">
        <ele>605.4</ele>
      </trkpt>
      <trkpt lat="39.83148" lon="2.81489">
        <ele>605.1</ele>
      </trkpt>
      <trkpt lat="39.83156" lon="2.81488">
        <ele>603.3</ele>
      </trkpt>
      <trkpt lat="39.83195" lon="2.81463">
        <ele>592.2</ele>
      </trkpt>
      <trkpt lat="39.83207" lon="2.81456">
        <ele>589.9</ele>
      </trkpt>
      <trkpt lat="39.83216" lon="2.81452">
        <ele>588.9</ele>
      </trkpt>
      <trkpt lat="39.83235" lon="2.81447">
        <ele>588.9</ele>
      </trkpt>
      <trkpt lat="39.83247" lon="2.8144">
        <ele>585.9</ele>
      </trkpt>
      <trkpt lat="39.8326" lon="2.81433">
        <ele>584.8</ele>
      </trkpt>
      <trkpt lat="39.8327" lon="2.81424">
        <ele>582.3</ele>
      </trkpt>
      <trkpt lat="39.83279" lon="2.81412">
        <ele>579.0</ele>
      </trkpt>
      <trkpt lat="39.83289" lon="2.81398">
        <ele>577.8</ele>
      </trkpt>
      <trkpt lat="39.83299" lon="2.81379">
        <ele>575.0</ele>
      </trkpt>
      <trkpt lat="39.83305" lon="2.81367">
        <ele>573.3</ele>
      </trkpt>
      <trkpt lat="39.83329" lon="2.81287">
        <ele>560.3</ele>
      </trkpt>
      <trkpt lat="39.83353" lon="2.81208">
        <ele>558.3</ele>
      </trkpt>
      <trkpt lat="39.83354" lon="2.81199">
        <ele>557.3</ele>
      </trkpt>
      <trkpt lat="39.83354" lon="2.81195">
        <ele>556.6</ele>
      </trkpt>
      <trkpt lat="39.83351" lon="2.81189">
        <ele>553.6</ele>
      </trkpt>
      <trkpt lat="39.83346" lon="2.81187">
        <ele>550.1</ele>
      </trkpt>
      <trkpt lat="39.83342" lon="2.81189">
        <ele>547.9</ele>
      </trkpt>
      <trkpt lat="39.83338" lon="2.81193">
        <ele>546.1</ele>
      </trkpt>
      <trkpt lat="39.83333" lon="2.81205">
        <ele>544.8</ele>
      </trkpt>
      <trkpt lat="39.83314" lon="2.81262">
        <ele>547.4</ele>
      </trkpt>
      <trkpt lat="39.83295" lon="2.81318">
        <ele>552.6</ele>
      </trkpt>
      <trkpt lat="39.83291" lon="2.81329">
        <ele>553.2</ele>
      </trkpt>
      <trkpt lat="39.83286" lon="2.81336">
        <ele>552.7</ele>
      </trkpt>
      <trkpt lat="39.83275" lon="2.81349">
        <ele>552.5</ele>
      </trkpt>
      <trkpt lat="39.8326" lon="2.81361">
        <ele>550.3</ele>
      </trkpt>
      <trkpt lat="39.83243" lon="2.81371">
        <ele>549.8</ele>
      </trkpt>
      <trkpt lat="39.83213" lon="2.81382">
        <ele>553.3</ele>
      </trkpt>
      <trkpt lat="39.83202" lon="2.81385">
        <ele>553.7</ele>
      </trkpt>
      <trkpt lat="39.83186" lon="2.81388">
        <ele>553.8</ele>
      </trkpt>
      <trkpt lat="39.83177" lon="2.81387">
        <ele>553.1</ele>
      </trkpt>
      <trkpt lat="39.8317" lon="2.81383">
        <ele>552.1</ele>
      </trkpt>
      <trkpt lat="39.83168" lon="2.8138">
        <ele>551.4</ele>
      </trkpt>
      <trkpt lat="39.83166" lon="2.81377">
        <ele>551.2</ele>
      </trkpt>
      <trkpt lat="39.83165" lon="2.81369">
        <ele>550.2</ele>
      </trkpt>
      <trkpt lat="39.83165" lon="2.81364">
        <ele>549.4</ele>
      </trkpt>
      <trkpt lat="39.83167" lon="2.8136">
        <ele>547.8</ele>
      </trkpt>
      <trkpt lat="39.83179" lon="2.81343">
        <ele>543.8</ele>
      </trkpt>
      <trkpt lat="39.83185" lon="2.81329">
        <ele>540.9</ele>
      </trkpt>
      <trkpt lat="39.83188" lon="2.8132">
        <ele>540.3</ele>
      </trkpt>
      <trkpt lat="39.8319" lon="2.81309">
        <ele>539.7</ele>
      </trkpt>
      <trkpt lat="39.83193" lon="2.81285">
        <ele>538.2</ele>
      </trkpt>
      <trkpt lat="39.83196" lon="2.81247">
        <ele>535.4</ele>
      </trkpt>
      <trkpt lat="39.83199" lon="2.8124">
        <ele>533.4</ele>
      </trkpt>
      <trkpt lat="39.83201" lon="2.81238">
        <ele>532.4</ele>
      </trkpt>
      <trkpt lat="39.83205" lon="2.81237">
        <ele>531.0</ele>
      </trkpt>
      <trkpt lat="39.8321" lon="2.81239">
        <ele>529.7</ele>
      </trkpt>
      <trkpt lat="39.83213" lon="2.81241">
        <ele>529.0</ele>
      </trkpt>
      <trkpt lat="39.83215" lon="2.81244">
        <ele>528.9</ele>
      </trkpt>
      <trkpt lat="39.83216" lon="2.81253">
        <ele>529.9</ele>
      </trkpt>
      <trkpt lat="39.83212" lon="2.81278">
        <ele>533.3</ele>
      </trkpt>
      <trkpt lat="39.83214" lon="2.81288">
        <ele>533.7</ele>
      </trkpt>
      <trkpt lat="39.83217" lon="2.81295">
        <ele>533.8</ele>
      </trkpt>
      <trkpt lat="39.83221" lon="2.81298">
        <ele>533.3</ele>
      </trkpt>
      <trkpt lat="39.83228" lon="2.81301">
        <ele>532.3</ele>
      </trkpt>
      <trkpt lat="39.83232" lon="2.81301">
        <ele>531.5</ele>
      </trkpt>
      <trkpt lat="39.83243" lon="2.81299">
        <ele>529.2</ele>
      </trkpt>
      <trkpt lat="39.83254" lon="2.81295">
        <ele>528.9</ele>
      </trkpt>
      <trkpt lat="39.83258" lon="2.81291">
        <ele>529.9</ele>
      </trkpt>
      <trkpt lat="39.83263" lon="2.81285">
        <ele>531.0</ele>
      </trkpt>
      <trkpt lat="39.83266" lon="2.81279">
        <ele>531.1</ele>
      </trkpt>
      <trkpt lat="39.83268" lon="2.81274">
        <ele>531.0</ele>
      </trkpt>
      <trkpt lat="39.83269" lon="2.8127">
        <ele>530.6</ele>
      </trkpt>
      <trkpt lat="39.83269" lon="2.81261">
        <ele>528.8</ele>
      </trkpt>
      <trkpt lat="39.83267" lon="2.81256">
        <ele>526.9</ele>
      </trkpt>
      <trkpt lat="39.83264" lon="2.8125">
        <ele>524.6</ele>
      </trkpt>
      <trkpt lat="39.83237" lon="2.81218">
        <ele>516.9</ele>
      </trkpt>
      <trkpt lat="39.83232" lon="2.81211">
        <ele>517.4</ele>
      </trkpt>
      <trkpt lat="39.8323" lon="2.81204">
        <ele>516.8</ele>
      </trkpt>
      <trkpt lat="39.83223" lon="2.81174">
        <ele>514.0</ele>
      </trkpt>
      <trkpt lat="39.83219" lon="2.81156">
        <ele>511.7</ele>
      </trkpt>
      <trkpt lat="39.83214" lon="2.81107">
        <ele>501.0</ele>
      </trkpt>
      <trkpt lat="39.83213" lon="2.81101">
        <ele>499.7</ele>
      </trkpt>
      <trkpt lat="39.83211" lon="2.81093">
        <ele>498.0</ele>
      </trkpt>
      <trkpt lat="39.83205" lon="2.81086">
        <ele>497.4</ele>
      </trkpt>
      <trkpt lat="39.83196" lon="2.8108">
        <ele>496.9</ele>
      </trkpt>
      <trkpt lat="39.83139" lon="2.81058">
        <ele>503.6</ele>
      </trkpt>
      <trkpt lat="39.83128" lon="2.81052">
        <ele>505.5</ele>
      </trkpt>
      <trkpt lat="39.83107" lon="2.81033">
        <ele>506.2</ele>
      </trkpt>
      <trkpt lat="39.83096" lon="2.8102">
        <ele>505.6</ele>
      </trkpt>
      <trkpt lat="39.83091" lon="2.8101">
        <ele>503.6</ele>
      </trkpt>
      <trkpt lat="39.83089" lon="2.81">
        <ele>500.4</ele>
      </trkpt>
      <trkpt lat="39.83089" lon="2.80988">
        <ele>496.9</ele>
      </trkpt>
      <trkpt lat="39.83091" lon="2.80965">
        <ele>489.1</ele>
      </trkpt>
      <trkpt lat="39.83092" lon="2.80956">
        <ele>485.9</ele>
      </trkpt>
      <trkpt lat="39.83075" lon="2.80854">
        <ele>477.1</ele>
      </trkpt>
      <trkpt lat="39.83073" lon="2.80841">
        <ele>477.1</ele>
      </trkpt>
      <trkpt lat="39.83067" lon="2.80821">
        <ele>481.0</ele>
      </trkpt>
      <trkpt lat="39.83054" lon="2.8079">
        <ele>491.7</ele>
      </trkpt>
      <trkpt lat="39.83051" lon="2.80781">
        <ele>493.9</ele>
      </trkpt>
      <trkpt lat="39.83043" lon="2.80737">
        <ele>496.1</ele>
      </trkpt>
      <trkpt lat="39.83043" lon="2.80733">
        <ele>495.3</ele>
      </trkpt>
      <trkpt lat="39.83044" lon="2.80729">
        <ele>493.3</ele>
      </trkpt>
      <trkpt lat="39.83045" lon="2.80727">
        <ele>491.8</ele>
      </trkpt>
      <trkpt lat="39.83047" lon="2.80725">
        <ele>489.3</ele>
      </trkpt>
      <trkpt lat="39.83049" lon="2.80725">
        <ele>487.1</ele>
      </trkpt>
      <trkpt lat="39.83052" lon="2.80725">
        <ele>483.9</ele>
      </trkpt>
      <trkpt lat="39.83055" lon="2.80729">
        <ele>481.5</ele>
      </trkpt>
      <trkpt lat="39.83065" lon="2.80782">
        <ele>478.1</ele>
      </trkpt>
      <trkpt lat="39.83071" lon="2.80802">
        <ele>473.9</ele>
      </trkpt>
      <trkpt lat="39.83081" lon="2.8083">
        <ele>466.2</ele>
      </trkpt>
      <trkpt lat="39.83084" lon="2.80834">
        <ele>463.7</ele>
      </trkpt>
      <trkpt lat="39.83087" lon="2.80835">
        <ele>462.0</ele>
      </trkpt>
      <trkpt lat="39.8309" lon="2.80834">
        <ele>460.0</ele>
      </trkpt>
      <trkpt lat="39.83093" lon="2.80829">
        <ele>457.5</ele>
      </trkpt>
      <trkpt lat="39.83092" lon="2.80821">
        <ele>457.0</ele>
      </trkpt>
      <trkpt lat="39.83083" lon="2.80802">
        <ele>460.2</ele>
      </trkpt>
      <trkpt lat="39.83079" lon="2.80778">
        <ele>461.6</ele>
      </trkpt>
      <trkpt lat="39.83075" lon="2.80745">
        <ele>461.9</ele>
      </trkpt>
      <trkpt lat="39.83074" lon="2.80721">
        <ele>460.0</ele>
      </trkpt>
      <trkpt lat="39.83073" lon="2.80711">
        <ele>459.8</ele>
      </trkpt>
      <trkpt lat="39.83072" lon="2.80702">
        <ele>459.6</ele>
      </trkpt>
      <trkpt lat="39.83059" lon="2.80654">
        <ele>463.1</ele>
      </trkpt>
      <trkpt lat="39.83056" lon="2.80646">
        <ele>463.3</ele>
      </trkpt>
      <trkpt lat="39.83049" lon="2.80633">
        <ele>464.6</ele>
      </trkpt>
      <trkpt lat="39.83048" lon="2.80626">
        <ele>463.0</ele>
      </trkpt>
      <trkpt lat="39.8305" lon="2.80621">
        <ele>460.0</ele>
      </trkpt>
      <trkpt lat="39.83054" lon="2.80619">
        <ele>456.8</ele>
      </trkpt>
      <trkpt lat="39.83057" lon="2.8062">
        <ele>455.1</ele>
      </trkpt>
      <trkpt lat="39.83061" lon="2.80624">
        <ele>453.5</ele>
      </trkpt>
      <trkpt lat="39.83068" lon="2.80639">
        <ele>452.2</ele>
      </trkpt>
      <trkpt lat="39.83079" lon="2.80672">
        <ele>449.4</ele>
      </trkpt>
      <trkpt lat="39.83084" lon="2.8068">
        <ele>445.9</ele>
      </trkpt>
      <trkpt lat="39.83086" lon="2.80682">
        <ele>445.0</ele>
      </trkpt>
      <trkpt lat="39.8309" lon="2.80684">
        <ele>442.9</ele>
      </trkpt>
      <trkpt lat="39.83092" lon="2.80684">
        <ele>441.7</ele>
      </trkpt>
      <trkpt lat="39.83097" lon="2.80681">
        <ele>438.7</ele>
      </trkpt>
      <trkpt lat="39.83099" lon="2.80679">
        <ele>437.4</ele>
      </trkpt>
      <trkpt lat="39.831" lon="2.80676">
        <ele>436.6</ele>
      </trkpt>
      <trkpt lat="39.83101" lon="2.80669">
        <ele>435.4</ele>
      </trkpt>
      <trkpt lat="39.831" lon="2.80659">
        <ele>435.1</ele>
      </trkpt>
      <trkpt lat="39.83091" lon="2.80627">
        <ele>435.8</ele>
      </trkpt>
      <trkpt lat="39.83088" lon="2.80619">
        <ele>435.9</ele>
      </trkpt>
      <trkpt lat="39.83086" lon="2.80615">
        <ele>436.0</ele>
      </trkpt>
      <trkpt lat="39.83076" lon="2.80607">
        <ele>440.1</ele>
      </trkpt>
      <trkpt lat="39.83053" lon="2.80596">
        <ele>450.4</ele>
      </trkpt>
      <trkpt lat="39.83045" lon="2.80588">
        <ele>452.0</ele>
      </trkpt>
      <trkpt lat="39.83003" lon="2.8053">
        <ele>446.1</ele>
      </trkpt>
      <trkpt lat="39.82995" lon="2.80517">
        <ele>446.9</ele>
      </trkpt>
      <trkpt lat="39.8299" lon="2.80507">
        <ele>448.3</ele>
      </trkpt>
      <trkpt lat="39.82975" lon="2.80461">
        <ele>448.5</ele>
      </trkpt>
      <trkpt lat="39.82939" lon="2.8036">
        <ele>439.9</ele>
      </trkpt>
      <trkpt lat="39.8293" lon="2.80332">
        <ele>434.4</ele>
      </trkpt>
      <trkpt lat="39.82922" lon="2.80311">
        <ele>440.2</ele>
      </trkpt>
      <trkpt lat="39.82921" lon="2.80305">
        <ele>441.2</ele>
      </trkpt>
      <trkpt lat="39.82923" lon="2.803">
        <ele>440.6</ele>
      </trkpt>
      <trkpt lat="39.82927" lon="2.80297">
        <ele>438.9</ele>
      </trkpt>
      <trkpt lat="39.82929" lon="2.80297">
        <ele>437.9</ele>
      </trkpt>
      <trkpt lat="39.82933" lon="2.80299">
        <ele>435.7</ele>
      </trkpt>
      <trkpt lat="39.82935" lon="2.80303">
        <ele>434.4</ele>
      </trkpt>
      <trkpt lat="39.8294" lon="2.80324">
        <ele>430.0</ele>
      </trkpt>
      <trkpt lat="39.82942" lon="2.8033">
        <ele>428.5</ele>
      </trkpt>
      <trkpt lat="39.82966" lon="2.80389">
        <ele>431.5</ele>
      </trkpt>
      <trkpt lat="39.82991" lon="2.80447">
        <ele>427.7</ele>
      </trkpt>
      <trkpt lat="39.82999" lon="2.80461">
        <ele>423.7</ele>
      </trkpt>
      <trkpt lat="39.83003" lon="2.80467">
        <ele>423.7</ele>
      </trkpt>
      <trkpt lat="39.83011" lon="2.80474">
        <ele>423.8</ele>
      </trkpt>
      <trkpt lat="39.83063" lon="2.80517">
        <ele>424.0</ele>
      </trkpt>
      <trkpt lat="39.83069" lon="2.80521">
        <ele>423.3</ele>
      </trkpt>
      <trkpt lat="39.83076" lon="2.80522">
        <ele>421.6</ele>
      </trkpt>
      <trkpt lat="39.83081" lon="2.80522">
        <ele>420.2</ele>
      </trkpt>
      <trkpt lat="39.83088" lon="2.80519">
        <ele>419.0</ele>
      </trkpt>
      <trkpt lat="39.83094" lon="2.80514">
        <ele>418.3</ele>
      </trkpt>
      <trkpt lat="39.83099" lon="2.80506">
        <ele>417.4</ele>
      </trkpt>
      <trkpt lat="39.83101" lon="2.80498">
        <ele>416.2</ele>
      </trkpt>
      <trkpt lat="39.83104" lon="2.80487">
        <ele>413.6</ele>
      </trkpt>
      <trkpt lat="39.83105" lon="2.80475">
        <ele>410.6</ele>
      </trkpt>
      <trkpt lat="39.83106" lon="2.8045">
        <ele>404.3</ele>
      </trkpt>
      <trkpt lat="39.83108" lon="2.80445">
        <ele>403.1</ele>
      </trkpt>
      <trkpt lat="39.83111" lon="2.80438">
        <ele>401.5</ele>
      </trkpt>
      <trkpt lat="39.83116" lon="2.80434">
        <ele>400.9</ele>
      </trkpt>
      <trkpt lat="39.83151" lon="2.80416">
        <ele>398.6</ele>
      </trkpt>
      <trkpt lat="39.83169" lon="2.80409">
        <ele>397.0</ele>
      </trkpt>
      <trkpt lat="39.83223" lon="2.80396">
        <ele>394.5</ele>
      </trkpt>
      <trkpt lat="39.83277" lon="2.80383">
        <ele>385.2</ele>
      </trkpt>
      <trkpt lat="39.83291" lon="2.80381">
        <ele>382.2</ele>
      </trkpt>
      <trkpt lat="39.83303" lon="2.80382">
        <ele>380.7</ele>
      </trkpt>
      <trkpt lat="39.83317" lon="2.80386">
        <ele>379.9</ele>
      </trkpt>
      <trkpt lat="39.83356" lon="2.80416">
        <ele>382.3</ele>
      </trkpt>
      <trkpt lat="39.83366" lon="2.80421">
        <ele>380.6</ele>
      </trkpt>
      <trkpt lat="39.83371" lon="2.80421">
        <ele>379.7</ele>
      </trkpt>
      <trkpt lat="39.83382" lon="2.80419">
        <ele>378.1</ele>
      </trkpt>
      <trkpt lat="39.83401" lon="2.8041">
        <ele>374.8</ele>
      </trkpt>
      <trkpt lat="39.83406" lon="2.80406">
        <ele>373.8</ele>
      </trkpt>
      <trkpt lat="39.8341" lon="2.80401">
        <ele>373.0</ele>
      </trkpt>
      <trkpt lat="39.83415" lon="2.80394">
        <ele>372.1</ele>
      </trkpt>
      <trkpt lat="39.83421" lon="2.80376">
        <ele>370.7</ele>
      </trkpt>
      <trkpt lat="39.83425" lon="2.80363">
        <ele>370.1</ele>
      </trkpt>
      <trkpt lat="39.83435" lon="2.80301">
        <ele>362.3</ele>
      </trkpt>
      <trkpt lat="39.83437" lon="2.80294">
        <ele>360.7</ele>
      </trkpt>
      <trkpt lat="39.83439" lon="2.80288">
        <ele>359.3</ele>
      </trkpt>
      <trkpt lat="39.83442" lon="2.80284">
        <ele>358.6</ele>
      </trkpt>
      <trkpt lat="39.83446" lon="2.80281">
        <ele>358.1</ele>
      </trkpt>
      <trkpt lat="39.83509" lon="2.80255">
        <ele>355.8</ele>
      </trkpt>
      <trkpt lat="39.83516" lon="2.80254">
        <ele>355.3</ele>
      </trkpt>
      <trkpt lat="39.83541" lon="2.80256">
        <ele>354.5</ele>
      </trkpt>
      <trkpt lat="39.8355" lon="2.80259">
        <ele>354.3</ele>
      </trkpt>
      <trkpt lat="39.83559" lon="2.80266">
        <ele>353.9</ele>
      </trkpt>
      <trkpt lat="39.83563" lon="2.80272">
        <ele>353.6</ele>
      </trkpt>
      <trkpt lat="39.83567" lon="2.80279">
        <ele>353.1</ele>
      </trkpt>
      <trkpt lat="39.83569" lon="2.80285">
        <ele>352.7</ele>
      </trkpt>
      <trkpt lat="39.83576" lon="2.80328">
        <ele>349.7</ele>
      </trkpt>
      <trkpt lat="39.83576" lon="2.80334">
        <ele>349.3</ele>
      </trkpt>
      <trkpt lat="39.83575" lon="2.8034">
        <ele>348.0</ele>
      </trkpt>
      <trkpt lat="39.83573" lon="2.80347">
        <ele>346.9</ele>
      </trkpt>
      <trkpt lat="39.83569" lon="2.80351">
        <ele>347.2</ele>
      </trkpt>
      <trkpt lat="39.83523" lon="2.804">
        <ele>350.2</ele>
      </trkpt>
      <trkpt lat="39.83516" lon="2.80407">
        <ele>350.9</ele>
      </trkpt>
      <trkpt lat="39.83509" lon="2.80412">
        <ele>352.0</ele>
      </trkpt>
      <trkpt lat="39.83467" lon="2.80438">
        <ele>355.6</ele>
      </trkpt>
      <trkpt lat="39.83462" lon="2.80444">
        <ele>355.2</ele>
      </trkpt>
      <trkpt lat="39.83456" lon="2.80455">
        <ele>353.8</ele>
      </trkpt>
      <trkpt lat="39.83422" lon="2.80533">
        <ele>346.6</ele>
      </trkpt>
      <trkpt lat="39.83389" lon="2.80612">
        <ele>346.6</ele>
      </trkpt>
      <trkpt lat="39.83387" lon="2.80619">
        <ele>346.9</ele>
      </trkpt>
      <trkpt lat="39.83387" lon="2.80628">
        <ele>346.5</ele>
      </trkpt>
      <trkpt lat="39.83389" lon="2.80636">
        <ele>345.7</ele>
      </trkpt>
      <trkpt lat="39.83391" lon="2.80642">
        <ele>345.1</ele>
      </trkpt>
      <trkpt lat="39.83401" lon="2.80652">
        <ele>342.8</ele>
      </trkpt>
      <trkpt lat="39.83427" lon="2.80666">
        <ele>338.7</ele>
      </trkpt>
      <trkpt lat="39.83452" lon="2.80678">
        <ele>339.3</ele>
      </trkpt>
      <trkpt lat="39.83469" lon="2.80682">
        <ele>338.8</ele>
      </trkpt>
      <trkpt lat="39.83477" lon="2.80682">
        <ele>337.9</ele>
      </trkpt>
      <trkpt lat="39.83558" lon="2.80669">
        <ele>326.1</ele>
      </trkpt>
      <trkpt lat="39.8364" lon="2.80656">
        <ele>316.2</ele>
      </trkpt>
      <trkpt lat="39.83649" lon="2.80656">
        <ele>315.5</ele>
      </trkpt>
      <trkpt lat="39.83656" lon="2.80657">
        <ele>315.2</ele>
      </trkpt>
      <trkpt lat="39.83711" lon="2.80667">
        <ele>315.0</ele>
      </trkpt>
      <trkpt lat="39.83722" lon="2.80667">
        <ele>314.5</ele>
      </trkpt>
      <trkpt lat="39.83734" lon="2.80661">
        <ele>312.2</ele>
      </trkpt>
      <trkpt lat="39.83766" lon="2.80637">
        <ele>306.2</ele>
      </trkpt>
      <trkpt lat="39.83773" lon="2.80634">
        <ele>306.0</ele>
      </trkpt>
      <trkpt lat="39.83816" lon="2.80615">
        <ele>303.7</ele>
      </trkpt>
      <trkpt lat="39.8386" lon="2.80596">
        <ele>301.1</ele>
      </trkpt>
      <trkpt lat="39.83888" lon="2.80578">
        <ele>297.1</ele>
      </trkpt>
      <trkpt lat="39.83905" lon="2.80566">
        <ele>295.6</ele>
      </trkpt>
      <trkpt lat="39.83922" lon="2.80559">
        <ele>294.5</ele>
      </trkpt>
      <trkpt lat="39.83974" lon="2.80547">
        <ele>289.8</ele>
      </trkpt>
      <trkpt lat="39.84025" lon="2.80535">
        <ele>282.8</ele>
      </trkpt>
      <trkpt lat="39.84035" lon="2.80534">
        <ele>281.5</ele>
      </trkpt>
      <trkpt lat="39.8405" lon="2.80535">
        <ele>280.2</ele>
      </trkpt>
      <trkpt lat="39.84074" lon="2.80541">
        <ele>279.3</ele>
      </trkpt>
      <trkpt lat="39.84092" lon="2.80543">
        <ele>279.1</ele>
      </trkpt>
      <trkpt lat="39.84107" lon="2.80542">
        <ele>279.3</ele>
      </trkpt>
      <trkpt lat="39.84117" lon="2.8054">
        <ele>279.0</ele>
      </trkpt>
      <trkpt lat="39.84127" lon="2.80536">
        <ele>277.9</ele>
      </trkpt>
      <trkpt lat="39.8419" lon="2.80504">
        <ele>268.3</ele>
      </trkpt>
      <trkpt lat="39.842" lon="2.80497">
        <ele>267.0</ele>
      </trkpt>
      <trkpt lat="39.84216" lon="2.80483">
        <ele>266.0</ele>
      </trkpt>
      <trkpt lat="39.8423" lon="2.80468">
        <ele>264.2</ele>
      </trkpt>
      <trkpt lat="39.8425" lon="2.80443">
        <ele>260.1</ele>
      </trkpt>
      <trkpt lat="39.84283" lon="2.80398">
        <ele>253.6</ele>
      </trkpt>
      <trkpt lat="39.84291" lon="2.80392">
        <ele>253.0</ele>
      </trkpt>
      <trkpt lat="39.84336" lon="2.80367">
        <ele>247.6</ele>
      </trkpt>
      <trkpt lat="39.84342" lon="2.80365">
        <ele>246.8</ele>
      </trkpt>
      <trkpt lat="39.84347" lon="2.80365">
        <ele>246.3</ele>
      </trkpt>
      <trkpt lat="39.84352" lon="2.80366">
        <ele>245.8</ele>
      </trkpt>
      <trkpt lat="39.84355" lon="2.80369">
        <ele>245.7</ele>
      </trkpt>
      <trkpt lat="39.84358" lon="2.80373">
        <ele>245.7</ele>
      </trkpt>
      <trkpt lat="39.8436" lon="2.80379">
        <ele>245.9</ele>
      </trkpt>
      <trkpt lat="39.84361" lon="2.80384">
        <ele>246.1</ele>
      </trkpt>
      <trkpt lat="39.84363" lon="2.80406">
        <ele>247.4</ele>
      </trkpt>
      <trkpt lat="39.84365" lon="2.80415">
        <ele>247.7</ele>
      </trkpt>
      <trkpt lat="39.84367" lon="2.80421">
        <ele>248.1</ele>
      </trkpt>
      <trkpt lat="39.84376" lon="2.80432">
        <ele>248.5</ele>
      </trkpt>
      <trkpt lat="39.84382" lon="2.80435">
        <ele>248.2</ele>
      </trkpt>
      <trkpt lat="39.84391" lon="2.80438">
        <ele>247.5</ele>
      </trkpt>
      <trkpt lat="39.84406" lon="2.80441">
        <ele>246.1</ele>
      </trkpt>
      <trkpt lat="39.84424" lon="2.80444">
        <ele>245.1</ele>
      </trkpt>
      <trkpt lat="39.8449" lon="2.8045">
        <ele>244.1</ele>
      </trkpt>
      <trkpt lat="39.84499" lon="2.80449">
        <ele>243.7</ele>
      </trkpt>
      <trkpt lat="39.84507" lon="2.80447">
        <ele>242.3</ele>
      </trkpt>
      <trkpt lat="39.84516" lon="2.80442">
        <ele>240.2</ele>
      </trkpt>
      <trkpt lat="39.84523" lon="2.80435">
        <ele>238.0</ele>
      </trkpt>
      <trkpt lat="39.84527" lon="2.80429">
        <ele>236.4</ele>
      </trkpt>
      <trkpt lat="39.84531" lon="2.8042">
        <ele>234.3</ele>
      </trkpt>
      <trkpt lat="39.84534" lon="2.80411">
        <ele>233.0</ele>
      </trkpt>
      <trkpt lat="39.84535" lon="2.80401">
        <ele>232.3</ele>
      </trkpt>
      <trkpt lat="39.84531" lon="2.80307">
        <ele>229.2</ele>
      </trkpt>
      <trkpt lat="39.84531" lon="2.80299">
        <ele>229.2</ele>
      </trkpt>
      <trkpt lat="39.84532" lon="2.8029">
        <ele>229.0</ele>
      </trkpt>
      <trkpt lat="39.84536" lon="2.80273">
        <ele>228.4</ele>
      </trkpt>
      <trkpt lat="39.84541" lon="2.80265">
        <ele>227.6</ele>
      </trkpt>
      <trkpt lat="39.84556" lon="2.80243">
        <ele>224.5</ele>
      </trkpt>
      <trkpt lat="39.84563" lon="2.8023">
        <ele>221.8</ele>
      </trkpt>
      <trkpt lat="39.84565" lon="2.80222">
        <ele>220.5</ele>
      </trkpt>
      <trkpt lat="39.84566" lon="2.80197">
        <ele>217.3</ele>
      </trkpt>
      <trkpt lat="39.84565" lon="2.80184">
        <ele>215.9</ele>
      </trkpt>
      <trkpt lat="39.8456" lon="2.80161">
        <ele>214.3</ele>
      </trkpt>
      <trkpt lat="39.84552" lon="2.80138">
        <ele>212.2</ele>
      </trkpt>
      <trkpt lat="39.84548" lon="2.80128">
        <ele>211.3</ele>
      </trkpt>
      <trkpt lat="39.84515" lon="2.80045">
        <ele>203.7</ele>
      </trkpt>
      <trkpt lat="39.84511" lon="2.8004">
        <ele>203.7</ele>
      </trkpt>
      <trkpt lat="39.84499" lon="2.80028">
        <ele>204.7</ele>
      </trkpt>
      <trkpt lat="39.84497" lon="2.80025">
        <ele>204.5</ele>
      </trkpt>
      <trkpt lat="39.84496" lon="2.80021">
        <ele>203.7</ele>
      </trkpt>
      <trkpt lat="39.84496" lon="2.80017">
        <ele>202.7</ele>
      </trkpt>
      <trkpt lat="39.84497" lon="2.80012">
        <ele>201.1</ele>
      </trkpt>
      <trkpt lat="39.84501" lon="2.80005">
        <ele>197.9</ele>
      </trkpt>
      <trkpt lat="39.84505" lon="2.80003">
        <ele>195.7</ele>
      </trkpt>
      <trkpt lat="39.84509" lon="2.80002">
        <ele>193.8</ele>
      </trkpt>
      <trkpt lat="39.84513" lon="2.80003">
        <ele>192.4</ele>
      </trkpt>
      <trkpt lat="39.84518" lon="2.80006">
        <ele>191.2</ele>
      </trkpt>
      <trkpt lat="39.84527" lon="2.80013">
        <ele>189.7</ele>
      </trkpt>
      <trkpt lat="39.8453" lon="2.80015">
        <ele>189.1</ele>
      </trkpt>
      <trkpt lat="39.84534" lon="2.80017">
        <ele>188.2</ele>
      </trkpt>
      <trkpt lat="39.84542" lon="2.80013">
        <ele>183.7</ele>
      </trkpt>
      <trkpt lat="39.84544" lon="2.80009">
        <ele>181.6</ele>
      </trkpt>
      <trkpt lat="39.84545" lon="2.80004">
        <ele>179.5</ele>
      </trkpt>
      <trkpt lat="39.84545" lon="2.79999">
        <ele>177.5</ele>
      </trkpt>
      <trkpt lat="39.84544" lon="2.79995">
        <ele>175.6</ele>
      </trkpt>
      <trkpt lat="39.84541" lon="2.7999">
        <ele>173.9</ele>
      </trkpt>
      <trkpt lat="39.8453" lon="2.79974">
        <ele>169.4</ele>
      </trkpt>
      <trkpt lat="39.8452" lon="2.79965">
        <ele>168.7</ele>
      </trkpt>
      <trkpt lat="39.84496" lon="2.79949">
        <ele>170.5</ele>
      </trkpt>
      <trkpt lat="39.84452" lon="2.7994">
        <ele>183.7</ele>
      </trkpt>
      <trkpt lat="39.84423" lon="2.79929">
        <ele>190.8</ele>
      </trkpt>
      <trkpt lat="39.84413" lon="2.79924">
        <ele>192.1</ele>
      </trkpt>
      <trkpt lat="39.84409" lon="2.79919">
        <ele>190.8</ele>
      </trkpt>
      <trkpt lat="39.84395" lon="2.79909">
        <ele>187.4</ele>
      </trkpt>
      <trkpt lat="39.84383" lon="2.79897">
        <ele>181.5</ele>
      </trkpt>
      <trkpt lat="39.84376" lon="2.79892">
        <ele>179.5</ele>
      </trkpt>
      <trkpt lat="39.84368" lon="2.79888">
        <ele>178.5</ele>
      </trkpt>
      <trkpt lat="39.84342" lon="2.7988">
        <ele>178.6</ele>
      </trkpt>
      <trkpt lat="39.84321" lon="2.79878">
        <ele>180.1</ele>
      </trkpt>
      <trkpt lat="39.84296" lon="2.79881">
        <ele>181.9</ele>
      </trkpt>
      <trkpt lat="39.84281" lon="2.79884">
        <ele>183.0</ele>
      </trkpt>
      <trkpt lat="39.8427" lon="2.79884">
        <ele>183.8</ele>
      </trkpt>
      <trkpt lat="39.84233" lon="2.79876">
        <ele>178.5</ele>
      </trkpt>
      <trkpt lat="39.84223" lon="2.79876">
        <ele>178.7</ele>
      </trkpt>
      <trkpt lat="39.84201" lon="2.79882">
        <ele>183.9</ele>
      </trkpt>
      <trkpt lat="39.84194" lon="2.79883">
        <ele>184.9</ele>
      </trkpt>
      <trkpt lat="39.84124" lon="2.7988">
        <ele>180.0</ele>
      </trkpt>
      <trkpt lat="39.84116" lon="2.7988">
        <ele>179.4</ele>
      </trkpt>
      <trkpt lat="39.84104" lon="2.79883">
        <ele>181.3</ele>
      </trkpt>
      <trkpt lat="39.84084" lon="2.79893">
        <ele>189.8</ele>
      </trkpt>
      <trkpt lat="39.84073" lon="2.79896">
        <ele>188.8</ele>
      </trkpt>
      <trkpt lat="39.84043" lon="2.79898">
        <ele>179.3</ele>
      </trkpt>
      <trkpt lat="39.8398" lon="2.79908">
        <ele>165.3</ele>
      </trkpt>
      <trkpt lat="39.83954" lon="2.79911">
        <ele>160.9</ele>
      </trkpt>
      <trkpt lat="39.83898" lon="2.79916">
        <ele>155.3</ele>
      </trkpt>
      <trkpt lat="39.83882" lon="2.79914">
        <ele>156.0</ele>
      </trkpt>
      <trkpt lat="39.83826" lon="2.79901">
        <ele>159.5</ele>
      </trkpt>
      <trkpt lat="39.83809" lon="2.79892">
        <ele>159.3</ele>
      </trkpt>
      <trkpt lat="39.83804" lon="2.79886">
        <ele>159.3</ele>
      </trkpt>
      <trkpt lat="39.83801" lon="2.79874">
        <ele>159.2</ele>
      </trkpt>
      <trkpt lat="39.83799" lon="2.79863">
        <ele>159.1</ele>
      </trkpt>
      <trkpt lat="39.83798" lon="2.79854">
        <ele>159.1</ele>
      </trkpt>
      <trkpt lat="39.83798" lon="2.79836">
        <ele>159.0</ele>
      </trkpt>
      <trkpt lat="39.83801" lon="2.79822">
        <ele>157.7</ele>
      </trkpt>
      <trkpt lat="39.83803" lon="2.79815">
        <ele>157.0</ele>
      </trkpt>
      <trkpt lat="39.83811" lon="2.79804">
        <ele>153.4</ele>
      </trkpt>
      <trkpt lat="39.83823" lon="2.7979">
        <ele>148.0</ele>
      </trkpt>
      <trkpt lat="39.83826" lon="2.79787">
        <ele>146.6</ele>
      </trkpt>
      <trkpt lat="39.83829" lon="2.7978">
        <ele>145.4</ele>
      </trkpt>
      <trkpt lat="39.83832" lon="2.79766">
        <ele>144.7</ele>
      </trkpt>
      <trkpt lat="39.83838" lon="2.7975">
        <ele>143.4</ele>
      </trkpt>
      <trkpt lat="39.83848" lon="2.79733">
        <ele>143.5</ele>
      </trkpt>
      <trkpt lat="39.83865" lon="2.79713">
        <ele>141.6</ele>
      </trkpt>
      <trkpt lat="39.83888" lon="2.79691">
        <ele>137.8</ele>
      </trkpt>
      <trkpt lat="39.83918" lon="2.79668">
        <ele>131.3</ele>
      </trkpt>
      <trkpt lat="39.83962" lon="2.79632">
        <ele>126.3</ele>
      </trkpt>
      <trkpt lat="39.83968" lon="2.79626">
        <ele>125.7</ele>
      </trkpt>
      <trkpt lat="39.83973" lon="2.79618">
        <ele>125.9</ele>
      </trkpt>
      <trkpt lat="39.83992" lon="2.7958">
        <ele>128.0</ele>
      </trkpt>
      <trkpt lat="39.83997" lon="2.79574">
        <ele>127.9</ele>
      </trkpt>
      <trkpt lat="39.84028" lon="2.7955">
        <ele>129.1</ele>
      </trkpt>
      <trkpt lat="39.84036" lon="2.79546">
        <ele>128.9</ele>
      </trkpt>
      <trkpt lat="39.84042" lon="2.79544">
        <ele>128.5</ele>
      </trkpt>
      <trkpt lat="39.84048" lon="2.79543">
        <ele>127.7</ele>
      </trkpt>
      <trkpt lat="39.84085" lon="2.79544">
        <ele>121.1</ele>
      </trkpt>
      <trkpt lat="39.84123" lon="2.79535">
        <ele>119.2</ele>
      </trkpt>
      <trkpt lat="39.84141" lon="2.79529">
        <ele>119.0</ele>
      </trkpt>
      <trkpt lat="39.84153" lon="2.79527">
        <ele>118.2</ele>
      </trkpt>
      <trkpt lat="39.84169" lon="2.79528">
        <ele>116.0</ele>
      </trkpt>
      <trkpt lat="39.84186" lon="2.79531">
        <ele>113.2</ele>
      </trkpt>
      <trkpt lat="39.84199" lon="2.79533">
        <ele>111.2</ele>
      </trkpt>
      <trkpt lat="39.84217" lon="2.79533">
        <ele>109.3</ele>
      </trkpt>
      <trkpt lat="39.84227" lon="2.79535">
        <ele>107.7</ele>
      </trkpt>
      <trkpt lat="39.84234" lon="2.79537">
        <ele>106.4</ele>
      </trkpt>
      <trkpt lat="39.84239" lon="2.79542">
        <ele>104.5</ele>
      </trkpt>
      <trkpt lat="39.84244" lon="2.79548">
        <ele>102.3</ele>
      </trkpt>
      <trkpt lat="39.84253" lon="2.79565">
        <ele>96.8</ele>
      </trkpt>
      <trkpt lat="39.84257" lon="2.79572">
        <ele>94.7</ele>
      </trkpt>
      <trkpt lat="39.84262" lon="2.79577">
        <ele>93.0</ele>
      </trkpt>
      <trkpt lat="39.84267" lon="2.79581">
        <ele>91.6</ele>
      </trkpt>
      <trkpt lat="39.84273" lon="2.79584">
        <ele>90.6</ele>
      </trkpt>
      <trkpt lat="39.84278" lon="2.79586">
        <ele>90.2</ele>
      </trkpt>
      <trkpt lat="39.84282" lon="2.79585">
        <ele>90.0</ele>
      </trkpt>
      <trkpt lat="39.84286" lon="2.79583">
        <ele>89.9</ele>
      </trkpt>
      <trkpt lat="39.8429" lon="2.79575">
        <ele>91.7</ele>
      </trkpt>
      <trkpt lat="39.84296" lon="2.79548">
        <ele>98.1</ele>
      </trkpt>
      <trkpt lat="39.84299" lon="2.79542">
        <ele>99.3</ele>
      </trkpt>
      <trkpt lat="39.84302" lon="2.79537">
        <ele>100.3</ele>
      </trkpt>
      <trkpt lat="39.8431" lon="2.79531">
        <ele>101.0</ele>
      </trkpt>
      <trkpt lat="39.84323" lon="2.79527">
        <ele>100.8</ele>
      </trkpt>
      <trkpt lat="39.84333" lon="2.79527">
        <ele>99.9</ele>
      </trkpt>
      <trkpt lat="39.8439" lon="2.79533">
        <ele>90.2</ele>
      </trkpt>
      <trkpt lat="39.84396" lon="2.79532">
        <ele>89.6</ele>
      </trkpt>
      <trkpt lat="39.84402" lon="2.7953">
        <ele>89.2</ele>
      </trkpt>
      <trkpt lat="39.84407" lon="2.79527">
        <ele>89.3</ele>
      </trkpt>
      <trkpt lat="39.84413" lon="2.79522">
        <ele>89.7</ele>
      </trkpt>
      <trkpt lat="39.84418" lon="2.79514">
        <ele>91.1</ele>
      </trkpt>
      <trkpt lat="39.84423" lon="2.79504">
        <ele>92.9</ele>
      </trkpt>
      <trkpt lat="39.84427" lon="2.79495">
        <ele>93.2</ele>
      </trkpt>
      <trkpt lat="39.84442" lon="2.7943">
        <ele>92.0</ele>
      </trkpt>
      <trkpt lat="39.84444" lon="2.79421">
        <ele>91.9</ele>
      </trkpt>
      <trkpt lat="39.84448" lon="2.79414">
        <ele>91.8</ele>
      </trkpt>
      <trkpt lat="39.84452" lon="2.79407">
        <ele>92.0</ele>
      </trkpt>
      <trkpt lat="39.84454" lon="2.79406">
        <ele>91.9</ele>
      </trkpt>
      <trkpt lat="39.8446" lon="2.79404">
        <ele>91.6</ele>
      </trkpt>
      <trkpt lat="39.84463" lon="2.79405">
        <ele>91.2</ele>
      </trkpt>
      <trkpt lat="39.84468" lon="2.79409">
        <ele>90.3</ele>
      </trkpt>
      <trkpt lat="39.84473" lon="2.79416">
        <ele>89.0</ele>
      </trkpt>
      <trkpt lat="39.84487" lon="2.7947">
        <ele>84.2</ele>
      </trkpt>
      <trkpt lat="39.84503" lon="2.79515">
        <ele>79.9</ele>
      </trkpt>
      <trkpt lat="39.84509" lon="2.79537">
        <ele>80.1</ele>
      </trkpt>
      <trkpt lat="39.84513" lon="2.79552">
        <ele>80.2</ele>
      </trkpt>
      <trkpt lat="39.84515" lon="2.79567">
        <ele>79.8</ele>
      </trkpt>
      <trkpt lat="39.8452" lon="2.79618">
        <ele>75.8</ele>
      </trkpt>
      <trkpt lat="39.84524" lon="2.79638">
        <ele>74.0</ele>
      </trkpt>
      <trkpt lat="39.84529" lon="2.79651">
        <ele>73.0</ele>
      </trkpt>
      <trkpt lat="39.84536" lon="2.79661">
        <ele>72.3</ele>
      </trkpt>
      <trkpt lat="39.84546" lon="2.79673">
        <ele>72.1</ele>
      </trkpt>
      <trkpt lat="39.84552" lon="2.79678">
        <ele>72.3</ele>
      </trkpt>
      <trkpt lat="39.8457" lon="2.7969">
        <ele>71.8</ele>
      </trkpt>
      <trkpt lat="39.84579" lon="2.79695">
        <ele>71.2</ele>
      </trkpt>
      <trkpt lat="39.84594" lon="2.797">
        <ele>71.1</ele>
      </trkpt>
      <trkpt lat="39.84635" lon="2.79705">
        <ele>72.1</ele>
      </trkpt>
      <trkpt lat="39.84657" lon="2.7971">
        <ele>71.5</ele>
      </trkpt>
      <trkpt lat="39.84675" lon="2.79716">
        <ele>71.1</ele>
      </trkpt>
      <trkpt lat="39.84691" lon="2.79724">
        <ele>70.8</ele>
      </trkpt>
      <trkpt lat="39.84709" lon="2.7974">
        <ele>67.6</ele>
      </trkpt>
      <trkpt lat="39.84719" lon="2.79753">
        <ele>64.7</ele>
      </trkpt>
      <trkpt lat="39.84738" lon="2.79774">
        <ele>62.7</ele>
      </trkpt>
      <trkpt lat="39.84761" lon="2.79795">
        <ele>59.9</ele>
      </trkpt>
      <trkpt lat="39.84796" lon="2.7985">
        <ele>54.3</ele>
      </trkpt>
      <trkpt lat="39.84807" lon="2.79868">
        <ele>55.8</ele>
      </trkpt>
      <trkpt lat="39.84852" lon="2.79902">
        <ele>53.2</ele>
      </trkpt>
      <trkpt lat="39.84898" lon="2.79936">
        <ele>51.1</ele>
      </trkpt>
      <trkpt lat="39.84907" lon="2.7994">
        <ele>50.3</ele>
      </trkpt>
      <trkpt lat="39.84918" lon="2.79944">
        <ele>49.1</ele>
      </trkpt>
      <trkpt lat="39.84933" lon="2.79946">
        <ele>46.8</ele>
      </trkpt>
      <trkpt lat="39.84944" lon="2.79949">
        <ele>45.1</ele>
      </trkpt>
      <trkpt lat="39.84955" lon="2.79955">
        <ele>43.3</ele>
      </trkpt>
      <trkpt lat="39.85005" lon="2.79986">
        <ele>31.1</ele>
      </trkpt>
      <trkpt lat="39.85015" lon="2.79991">
        <ele>28.5</ele>
      </trkpt>
      <trkpt lat="39.85033" lon="2.79994">
        <ele>26.8</ele>
      </trkpt>
      <trkpt lat="39.85035" lon="2.79994">
        <ele>26.6</ele>
      </trkpt>
      <trkpt lat="39.85038" lon="2.79998">
        <ele>26.3</ele>
      </trkpt>
      <trkpt lat="39.85041" lon="2.79993">
        <ele>25.8</ele>
      </trkpt>
      <trkpt lat="39.85041" lon="2.7999">
        <ele>25.6</ele>
      </trkpt>
      <trkpt lat="39.85041" lon="2.7998">
        <ele>24.9</ele>
      </trkpt>
      <trkpt lat="39.85043" lon="2.79971">
        <ele>24.3</ele>
      </trkpt>
      <trkpt lat="39.85049" lon="2.79971">
        <ele>24.2</ele>
      </trkpt>
      <trkpt lat="39.85051" lon="2.7997">
        <ele>24.2</ele>
      </trkpt>
      <trkpt lat="39.85049" lon="2.79971">
        <ele>24.1</ele>
      </trkpt>
      <trkpt lat="39.85043" lon="2.79971">
        <ele>24.1</ele>
      </trkpt>
      <trkpt lat="39.85041" lon="2.7998">
        <ele>24.0</ele>
      </trkpt>
      <trkpt lat="39.85041" lon="2.7999">
        <ele>23.9</ele>
      </trkpt>
      <trkpt lat="39.85041" lon="2.79998">
        <ele>24.2</ele>
      </trkpt>
      <trkpt lat="39.85039" lon="2.80002">
        <ele>24.3</ele>
      </trkpt>
      <trkpt lat="39.85035" lon="2.79994">
        <ele>24.7</ele>
      </trkpt>
      <trkpt lat="39.85036" lon="2.79993">
        <ele>24.7</ele>
      </trkpt>
      <trkpt lat="39.85037" lon="2.79989">
        <ele>24.9</ele>
      </trkpt>
      <trkpt lat="39.85038" lon="2.7998">
        <ele>25.2</ele>
      </trkpt>
      <trkpt lat="39.85039" lon="2.79968">
        <ele>25.6</ele>
      </trkpt>
      <trkpt lat="39.85042" lon="2.79962">
        <ele>25.9</ele>
      </trkpt>
      <trkpt lat="39.85049" lon="2.79953">
        <ele>26.4</ele>
      </trkpt>
      <trkpt lat="39.85069" lon="2.79939">
        <ele>25.2</ele>
      </trkpt>
      <trkpt lat="39.85097" lon="2.79923">
        <ele>25.3</ele>
      </trkpt>
      <trkpt lat="39.85102" lon="2.79917">
        <ele>26.3</ele>
      </trkpt>
      <trkpt lat="39.85103" lon="2.79912">
        <ele>30.2</ele>
      </trkpt>
      <trkpt lat="39.85101" lon="2.79908">
        <ele>33.6</ele>
      </trkpt>
      <trkpt lat="39.85098" lon="2.79907">
        <ele>34.4</ele>
      </trkpt>
      <trkpt lat="39.85094" lon="2.79908">
        <ele>33.5</ele>
      </trkpt>
      <trkpt lat="39.85081" lon="2.79915">
        <ele>28.5</ele>
      </trkpt>
      <trkpt lat="39.85066" lon="2.7992">
        <ele>28.8</ele>
      </trkpt>
      <trkpt lat="39.85044" lon="2.79923">
        <ele>31.3</ele>
      </trkpt>
      <trkpt lat="39.85021" lon="2.79921">
        <ele>34.8</ele>
      </trkpt>
      <trkpt lat="39.84978" lon="2.79912">
        <ele>41.7</ele>
      </trkpt>
      <trkpt lat="39.84931" lon="2.799">
        <ele>48.1</ele>
      </trkpt>
      <trkpt lat="39.8492" lon="2.79895">
        <ele>49.5</ele>
      </trkpt>
      <trkpt lat="39.84914" lon="2.79891">
        <ele>50.5</ele>
      </trkpt>
      <trkpt lat="39.84897" lon="2.79873">
        <ele>53.9</ele>
      </trkpt>
      <trkpt lat="39.84883" lon="2.79866">
        <ele>55.0</ele>
      </trkpt>
      <trkpt lat="39.84866" lon="2.79862">
        <ele>55.7</ele>
      </trkpt>
      <trkpt lat="39.84858" lon="2.79859">
        <ele>56.0</ele>
      </trkpt>
      <trkpt lat="39.84834" lon="2.79842">
        <ele>56.7</ele>
      </trkpt>
      <trkpt lat="39.84801" lon="2.79813">
        <ele>60.4</ele>
      </trkpt>
      <trkpt lat="39.84779" lon="2.79798">
        <ele>61.9</ele>
      </trkpt>
      <trkpt lat="39.84775" lon="2.79796">
        <ele>61.9</ele>
      </trkpt>
      <trkpt lat="39.84761" lon="2.79795">
        <ele>59.9</ele>
      </trkpt>
      <trkpt lat="39.84738" lon="2.79774">
        <ele>62.7</ele>
      </trkpt>
      <trkpt lat="39.84719" lon="2.79753">
        <ele>64.7</ele>
      </trkpt>
      <trkpt lat="39.84709" lon="2.7974">
        <ele>67.6</ele>
      </trkpt>
      <trkpt lat="39.84691" lon="2.79724">
        <ele>70.8</ele>
      </trkpt>
      <trkpt lat="39.84675" lon="2.79716">
        <ele>71.1</ele>
      </trkpt>
      <trkpt lat="39.84657" lon="2.7971">
        <ele>71.5</ele>
      </trkpt>
      <trkpt lat="39.84635" lon="2.79705">
        <ele>72.1</ele>
      </trkpt>
      <trkpt lat="39.84594" lon="2.797">
        <ele>71.1</ele>
      </trkpt>
      <trkpt lat="39.84579" lon="2.79695">
        <ele>71.2</ele>
      </trkpt>
      <trkpt lat="39.8457" lon="2.7969">
        <ele>71.8</ele>
      </trkpt>
      <trkpt lat="39.84552" lon="2.79678">
        <ele>72.3</ele>
      </trkpt>
      <trkpt lat="39.84546" lon="2.79673">
        <ele>72.1</ele>
      </trkpt>
      <trkpt lat="39.84536" lon="2.79661">
        <ele>72.3</ele>
      </trkpt>
      <trkpt lat="39.84529" lon="2.79651">
        <ele>73.0</ele>
      </trkpt>
      <trkpt lat="39.84524" lon="2.79638">
        <ele>74.0</ele>
      </trkpt>
      <trkpt lat="39.8452" lon="2.79618">
        <ele>75.8</ele>
      </trkpt>
      <trkpt lat="39.84515" lon="2.79567">
        <ele>79.8</ele>
      </trkpt>
      <trkpt lat="39.84513" lon="2.79552">
        <ele>80.2</ele>
      </trkpt>
      <trkpt lat="39.84509" lon="2.79537">
        <ele>80.1</ele>
      </trkpt>
      <trkpt lat="39.84503" lon="2.79515">
        <ele>79.9</ele>
      </trkpt>
      <trkpt lat="39.84487" lon="2.7947">
        <ele>84.2</ele>
      </trkpt>
      <trkpt lat="39.84473" lon="2.79416">
        <ele>89.0</ele>
      </trkpt>
      <trkpt lat="39.84468" lon="2.79409">
        <ele>90.3</ele>
      </trkpt>
      <trkpt lat="39.84463" lon="2.79405">
        <ele>91.2</ele>
      </trkpt>
      <trkpt lat="39.8446" lon="2.79404">
        <ele>91.6</ele>
      </trkpt>
      <trkpt lat="39.84454" lon="2.79406">
        <ele>91.9</ele>
      </trkpt>
      <trkpt lat="39.84452" lon="2.79407">
        <ele>92.0</ele>
      </trkpt>
      <trkpt lat="39.84448" lon="2.79414">
        <ele>91.8</ele>
      </trkpt>
      <trkpt lat="39.84444" lon="2.79421">
        <ele>91.9</ele>
      </trkpt>
      <trkpt lat="39.84442" lon="2.7943">
        <ele>92.0</ele>
      </trkpt>
      <trkpt lat="39.84427" lon="2.79495">
        <ele>93.2</ele>
      </trkpt>
      <trkpt lat="39.84423" lon="2.79504">
        <ele>92.9</ele>
      </trkpt>
      <trkpt lat="39.84418" lon="2.79514">
        <ele>91.1</ele>
      </trkpt>
      <trkpt lat="39.84413" lon="2.79522">
        <ele>89.7</ele>
      </trkpt>
      <trkpt lat="39.84407" lon="2.79527">
        <ele>89.3</ele>
      </trkpt>
      <trkpt lat="39.84402" lon="2.7953">
        <ele>89.2</ele>
      </trkpt>
      <trkpt lat="39.84396" lon="2.79532">
        <ele>89.6</ele>
      </trkpt>
      <trkpt lat="39.8439" lon="2.79533">
        <ele>90.2</ele>
      </trkpt>
      <trkpt lat="39.84333" lon="2.79527">
        <ele>99.9</ele>
      </trkpt>
      <trkpt lat="39.84323" lon="2.79527">
        <ele>100.8</ele>
      </trkpt>
      <trkpt lat="39.8431" lon="2.79531">
        <ele>101.0</ele>
      </trkpt>
      <trkpt lat="39.84302" lon="2.79537">
        <ele>100.3</ele>
      </trkpt>
      <trkpt lat="39.84299" lon="2.79542">
        <ele>99.3</ele>
      </trkpt>
      <trkpt lat="39.84296" lon="2.79548">
        <ele>98.1</ele>
      </trkpt>
      <trkpt lat="39.8429" lon="2.79575">
        <ele>91.7</ele>
      </trkpt>
      <trkpt lat="39.84286" lon="2.79583">
        <ele>89.9</ele>
      </trkpt>
      <trkpt lat="39.84282" lon="2.79585">
        <ele>90.0</ele>
      </trkpt>
      <trkpt lat="39.84278" lon="2.79586">
        <ele>90.2</ele>
      </trkpt>
      <trkpt lat="39.84273" lon="2.79584">
        <ele>90.6</ele>
      </trkpt>
      <trkpt lat="39.84267" lon="2.79581">
        <ele>91.6</ele>
      </trkpt>
      <trkpt lat="39.84262" lon="2.79577">
        <ele>93.0</ele>
      </trkpt>
      <trkpt lat="39.84257" lon="2.79572">
        <ele>94.7</ele>
      </trkpt>
      <trkpt lat="39.84253" lon="2.79565">
        <ele>96.8</ele>
      </trkpt>
      <trkpt lat="39.84244" lon="2.79548">
        <ele>102.3</ele>
      </trkpt>
      <trkpt lat="39.84239" lon="2.79542">
        <ele>104.5</ele>
      </trkpt>
      <trkpt lat="39.84234" lon="2.79537">
        <ele>106.4</ele>
      </trkpt>
      <trkpt lat="39.84227" lon="2.79535">
        <ele>107.7</ele>
      </trkpt>
      <trkpt lat="39.84217" lon="2.79533">
        <ele>109.3</ele>
      </trkpt>
      <trkpt lat="39.84199" lon="2.79533">
        <ele>111.2</ele>
      </trkpt>
      <trkpt lat="39.84186" lon="2.79531">
        <ele>113.2</ele>
      </trkpt>
      <trkpt lat="39.84169" lon="2.79528">
        <ele>116.0</ele>
      </trkpt>
      <trkpt lat="39.84153" lon="2.79527">
        <ele>118.2</ele>
      </trkpt>
      <trkpt lat="39.84141" lon="2.79529">
        <ele>119.0</ele>
      </trkpt>
      <trkpt lat="39.84123" lon="2.79535">
        <ele>119.2</ele>
      </trkpt>
      <trkpt lat="39.84085" lon="2.79544">
        <ele>121.1</ele>
      </trkpt>
      <trkpt lat="39.84048" lon="2.79543">
        <ele>127.7</ele>
      </trkpt>
      <trkpt lat="39.84042" lon="2.79544">
        <ele>128.5</ele>
      </trkpt>
      <trkpt lat="39.84036" lon="2.79546">
        <ele>128.9</ele>
      </trkpt>
      <trkpt lat="39.84028" lon="2.7955">
        <ele>129.1</ele>
      </trkpt>
      <trkpt lat="39.83997" lon="2.79574">
        <ele>127.9</ele>
      </trkpt>
      <trkpt lat="39.83992" lon="2.7958">
        <ele>128.0</ele>
      </trkpt>
      <trkpt lat="39.83973" lon="2.79618">
        <ele>125.9</ele>
      </trkpt>
      <trkpt lat="39.83968" lon="2.79626">
        <ele>125.7</ele>
      </trkpt>
      <trkpt lat="39.83962" lon="2.79632">
        <ele>126.3</ele>
      </trkpt>
      <trkpt lat="39.83918" lon="2.79668">
        <ele>131.3</ele>
      </trkpt>
      <trkpt lat="39.83888" lon="2.79691">
        <ele>137.8</ele>
      </trkpt>
      <trkpt lat="39.83865" lon="2.79713">
        <ele>141.6</ele>
      </trkpt>
      <trkpt lat="39.83848" lon="2.79733">
        <ele>143.5</ele>
      </trkpt>
      <trkpt lat="39.83838" lon="2.7975">
        <ele>143.4</ele>
      </trkpt>
      <trkpt lat="39.83832" lon="2.79766">
        <ele>144.7</ele>
      </trkpt>
      <trkpt lat="39.83829" lon="2.7978">
        <ele>145.4</ele>
      </trkpt>
      <trkpt lat="39.83826" lon="2.79787">
        <ele>146.6</ele>
      </trkpt>
      <trkpt lat="39.83823" lon="2.7979">
        <ele>148.0</ele>
      </trkpt>
      <trkpt lat="39.83811" lon="2.79804">
        <ele>153.4</ele>
      </trkpt>
      <trkpt lat="39.83803" lon="2.79815">
        <ele>157.0</ele>
      </trkpt>
      <trkpt lat="39.83801" lon="2.79822">
        <ele>157.7</ele>
      </trkpt>
      <trkpt lat="39.83798" lon="2.79836">
        <ele>159.0</ele>
      </trkpt>
      <trkpt lat="39.83798" lon="2.79854">
        <ele>159.1</ele>
      </trkpt>
      <trkpt lat="39.83799" lon="2.79863">
        <ele>159.1</ele>
      </trkpt>
      <trkpt lat="39.83801" lon="2.79874">
        <ele>159.2</ele>
      </trkpt>
      <trkpt lat="39.83804" lon="2.79886">
        <ele>159.3</ele>
      </trkpt>
      <trkpt lat="39.83809" lon="2.79892">
        <ele>159.3</ele>
      </trkpt>
      <trkpt lat="39.83826" lon="2.79901">
        <ele>159.5</ele>
      </trkpt>
      <trkpt lat="39.83882" lon="2.79914">
        <ele>156.0</ele>
      </trkpt>
      <trkpt lat="39.83898" lon="2.79916">
        <ele>155.3</ele>
      </trkpt>
      <trkpt lat="39.83954" lon="2.79911">
        <ele>160.9</ele>
      </trkpt>
      <trkpt lat="39.8398" lon="2.79908">
        <ele>165.3</ele>
      </trkpt>
      <trkpt lat="39.84043" lon="2.79898">
        <ele>179.3</ele>
      </trkpt>
      <trkpt lat="39.84073" lon="2.79896">
        <ele>188.8</ele>
      </trkpt>
      <trkpt lat="39.84084" lon="2.79893">
        <ele>189.8</ele>
      </trkpt>
      <trkpt lat="39.84104" lon="2.79883">
        <ele>181.3</ele>
      </trkpt>
      <trkpt lat="39.84116" lon="2.7988">
        <ele>179.4</ele>
      </trkpt>
      <trkpt lat="39.84124" lon="2.7988">
        <ele>180.0</ele>
      </trkpt>
      <trkpt lat="39.84194" lon="2.79883">
        <ele>184.9</ele>
      </trkpt>
      <trkpt lat="39.84201" lon="2.79882">
        <ele>183.9</ele>
      </trkpt>
      <trkpt lat="39.84223" lon="2.79876">
        <ele>178.7</ele>
      </trkpt>
      <trkpt lat="39.84233" lon="2.79876">
        <ele>178.5</ele>
      </trkpt>
      <trkpt lat="39.8427" lon="2.79884">
        <ele>183.8</ele>
      </trkpt>
      <trkpt lat="39.84281" lon="2.79884">
        <ele>183.0</ele>
      </trkpt>
      <trkpt lat="39.84296" lon="2.79881">
        <ele>181.9</ele>
      </trkpt>
      <trkpt lat="39.84321" lon="2.79878">
        <ele>180.1</ele>
      </trkpt>
      <trkpt lat="39.84342" lon="2.7988">
        <ele>178.6</ele>
      </trkpt>
      <trkpt lat="39.84368" lon="2.79888">
        <ele>178.5</ele>
      </trkpt>
      <trkpt lat="39.84376" lon="2.79892">
        <ele>179.5</ele>
      </trkpt>
      <trkpt lat="39.84383" lon="2.79897">
        <ele>181.5</ele>
      </trkpt>
      <trkpt lat="39.84395" lon="2.79909">
        <ele>187.4</ele>
      </trkpt>
      <trkpt lat="39.84409" lon="2.79919">
        <ele>190.8</ele>
      </trkpt>
      <trkpt lat="39.84413" lon="2.79924">
        <ele>192.1</ele>
      </trkpt>
      <trkpt lat="39.84423" lon="2.79929">
        <ele>190.8</ele>
      </trkpt>
      <trkpt lat="39.84452" lon="2.7994">
        <ele>183.7</ele>
      </trkpt>
      <trkpt lat="39.84496" lon="2.79949">
        <ele>170.5</ele>
      </trkpt>
      <trkpt lat="39.8452" lon="2.79965">
        <ele>168.7</ele>
      </trkpt>
      <trkpt lat="39.8453" lon="2.79974">
        <ele>169.4</ele>
      </trkpt>
      <trkpt lat="39.84541" lon="2.7999">
        <ele>173.9</ele>
      </trkpt>
      <trkpt lat="39.84544" lon="2.79995">
        <ele>175.6</ele>
      </trkpt>
      <trkpt lat="39.84545" lon="2.79999">
        <ele>177.5</ele>
      </trkpt>
      <trkpt lat="39.84545" lon="2.80004">
        <ele>179.5</ele>
      </trkpt>
      <trkpt lat="39.84544" lon="2.80009">
        <ele>181.6</ele>
      </trkpt>
      <trkpt lat="39.84542" lon="2.80013">
        <ele>183.7</ele>
      </trkpt>
      <trkpt lat="39.84534" lon="2.80017">
        <ele>188.2</ele>
      </trkpt>
      <trkpt lat="39.8453" lon="2.80015">
        <ele>189.1</ele>
      </trkpt>
      <trkpt lat="39.84527" lon="2.80013">
        <ele>189.7</ele>
      </trkpt>
      <trkpt lat="39.84518" lon="2.80006">
        <ele>191.2</ele>
      </trkpt>
      <trkpt lat="39.84513" lon="2.80003">
        <ele>192.4</ele>
      </trkpt>
      <trkpt lat="39.84509" lon="2.80002">
        <ele>193.8</ele>
      </trkpt>
      <trkpt lat="39.84505" lon="2.80003">
        <ele>195.7</ele>
      </trkpt>
      <trkpt lat="39.84501" lon="2.80005">
        <ele>197.9</ele>
      </trkpt>
      <trkpt lat="39.84497" lon="2.80012">
        <ele>201.1</ele>
      </trkpt>
      <trkpt lat="39.84496" lon="2.80017">
        <ele>202.7</ele>
      </trkpt>
      <trkpt lat="39.84496" lon="2.80021">
        <ele>203.7</ele>
      </trkpt>
      <trkpt lat="39.84497" lon="2.80025">
        <ele>204.5</ele>
      </trkpt>
      <trkpt lat="39.84499" lon="2.80028">
        <ele>204.7</ele>
      </trkpt>
      <trkpt lat="39.84511" lon="2.8004">
        <ele>203.7</ele>
      </trkpt>
      <trkpt lat="39.84515" lon="2.80045">
        <ele>203.7</ele>
      </trkpt>
      <trkpt lat="39.84548" lon="2.80128">
        <ele>211.3</ele>
      </trkpt>
      <trkpt lat="39.84552" lon="2.80138">
        <ele>212.2</ele>
      </trkpt>
      <trkpt lat="39.8456" lon="2.80161">
        <ele>214.3</ele>
      </trkpt>
      <trkpt lat="39.84565" lon="2.80184">
        <ele>215.9</ele>
      </trkpt>
      <trkpt lat="39.84566" lon="2.80197">
        <ele>217.3</ele>
      </trkpt>
      <trkpt lat="39.84565" lon="2.80222">
        <ele>220.5</ele>
      </trkpt>
      <trkpt lat="39.84563" lon="2.8023">
        <ele>221.8</ele>
      </trkpt>
      <trkpt lat="39.84556" lon="2.80243">
        <ele>224.5</ele>
      </trkpt>
      <trkpt lat="39.84541" lon="2.80265">
        <ele>227.6</ele>
      </trkpt>
      <trkpt lat="39.84536" lon="2.80273">
        <ele>228.4</ele>
      </trkpt>
      <trkpt lat="39.84532" lon="2.8029">
        <ele>229.0</ele>
      </trkpt>
      <trkpt lat="39.84531" lon="2.80299">
        <ele>229.2</ele>
      </trkpt>
      <trkpt lat="39.84531" lon="2.80307">
        <ele>229.2</ele>
      </trkpt>
      <trkpt lat="39.84535" lon="2.80401">
        <ele>232.3</ele>
      </trkpt>
      <trkpt lat="39.84534" lon="2.80411">
        <ele>233.0</ele>
      </trkpt>
      <trkpt lat="39.84531" lon="2.8042">
        <ele>234.3</ele>
      </trkpt>
      <trkpt lat="39.84527" lon="2.80429">
        <ele>236.4</ele>
      </trkpt>
      <trkpt lat="39.84523" lon="2.80435">
        <ele>238.0</ele>
      </trkpt>
      <trkpt lat="39.84516" lon="2.80442">
        <ele>240.2</ele>
      </trkpt>
      <trkpt lat="39.84507" lon="2.80447">
        <ele>242.3</ele>
      </trkpt>
      <trkpt lat="39.84499" lon="2.80449">
        <ele>243.7</ele>
      </trkpt>
      <trkpt lat="39.8449" lon="2.8045">
        <ele>244.1</ele>
      </trkpt>
      <trkpt lat="39.84424" lon="2.80444">
        <ele>245.1</ele>
      </trkpt>
      <trkpt lat="39.84406" lon="2.80441">
        <ele>246.1</ele>
      </trkpt>
      <trkpt lat="39.84391" lon="2.80438">
        <ele>247.5</ele>
      </trkpt>
      <trkpt lat="39.84382" lon="2.80435">
        <ele>248.2</ele>
      </trkpt>
      <trkpt lat="39.84376" lon="2.80432">
        <ele>248.5</ele>
      </trkpt>
      <trkpt lat="39.84367" lon="2.80421">
        <ele>248.1</ele>
      </trkpt>
      <trkpt lat="39.84365" lon="2.80415">
        <ele>247.7</ele>
      </trkpt>
      <trkpt lat="39.84363" lon="2.80406">
        <ele>247.4</ele>
      </trkpt>
      <trkpt lat="39.84361" lon="2.80384">
        <ele>246.1</ele>
      </trkpt>
      <trkpt lat="39.8436" lon="2.80379">
        <ele>245.9</ele>
      </trkpt>
      <trkpt lat="39.84358" lon="2.80373">
        <ele>245.7</ele>
      </trkpt>
      <trkpt lat="39.84355" lon="2.80369">
        <ele>245.7</ele>
      </trkpt>
      <trkpt lat="39.84352" lon="2.80366">
        <ele>245.8</ele>
      </trkpt>
      <trkpt lat="39.84347" lon="2.80365">
        <ele>246.3</ele>
      </trkpt>
      <trkpt lat="39.84342" lon="2.80365">
        <ele>246.8</ele>
      </trkpt>
      <trkpt lat="39.84336" lon="2.80367">
        <ele>247.6</ele>
      </trkpt>
      <trkpt lat="39.84291" lon="2.80392">
        <ele>253.0</ele>
      </trkpt>
      <trkpt lat="39.84283" lon="2.80398">
        <ele>253.6</ele>
      </trkpt>
      <trkpt lat="39.8425" lon="2.80443">
        <ele>260.1</ele>
      </trkpt>
      <trkpt lat="39.8423" lon="2.80468">
        <ele>264.2</ele>
      </trkpt>
      <trkpt lat="39.84216" lon="2.80483">
        <ele>266.0</ele>
      </trkpt>
      <trkpt lat="39.842" lon="2.80497">
        <ele>267.0</ele>
      </trkpt>
      <trkpt lat="39.8419" lon="2.80504">
        <ele>268.3</ele>
      </trkpt>
      <trkpt lat="39.84127" lon="2.80536">
        <ele>277.9</ele>
      </trkpt>
      <trkpt lat="39.84117" lon="2.8054">
        <ele>279.0</ele>
      </trkpt>
      <trkpt lat="39.84107" lon="2.80542">
        <ele>279.3</ele>
      </trkpt>
      <trkpt lat="39.84092" lon="2.80543">
        <ele>279.1</ele>
      </trkpt>
      <trkpt lat="39.84074" lon="2.80541">
        <ele>279.3</ele>
      </trkpt>
      <trkpt lat="39.8405" lon="2.80535">
        <ele>280.2</ele>
      </trkpt>
      <trkpt lat="39.84035" lon="2.80534">
        <ele>281.5</ele>
      </trkpt>
      <trkpt lat="39.84025" lon="2.80535">
        <ele>282.8</ele>
      </trkpt>
      <trkpt lat="39.83974" lon="2.80547">
        <ele>289.8</ele>
      </trkpt>
      <trkpt lat="39.83922" lon="2.80559">
        <ele>294.5</ele>
      </trkpt>
      <trkpt lat="39.83905" lon="2.80566">
        <ele>295.6</ele>
      </trkpt>
      <trkpt lat="39.83888" lon="2.80578">
        <ele>297.1</ele>
      </trkpt>
      <trkpt lat="39.8386" lon="2.80596">
        <ele>301.1</ele>
      </trkpt>
      <trkpt lat="39.83816" lon="2.80615">
        <ele>303.7</ele>
      </trkpt>
      <trkpt lat="39.83773" lon="2.80634">
        <ele>306.0</ele>
      </trkpt>
      <trkpt lat="39.83766" lon="2.80637">
        <ele>306.2</ele>
      </trkpt>
      <trkpt lat="39.83734" lon="2.80661">
        <ele>312.2</ele>
      </trkpt>
      <trkpt lat="39.83722" lon="2.80667">
        <ele>314.5</ele>
      </trkpt>
      <trkpt lat="39.83711" lon="2.80667">
        <ele>315.0</ele>
      </trkpt>
      <trkpt lat="39.83656" lon="2.80657">
        <ele>315.2</ele>
      </trkpt>
      <trkpt lat="39.83649" lon="2.80656">
        <ele>315.5</ele>
      </trkpt>
      <trkpt lat="39.8364" lon="2.80656">
        <ele>316.2</ele>
      </trkpt>
      <trkpt lat="39.83558" lon="2.80669">
        <ele>326.1</ele>
      </trkpt>
      <trkpt lat="39.83477" lon="2.80682">
        <ele>337.9</ele>
      </trkpt>
      <trkpt lat="39.83469" lon="2.80682">
        <ele>338.8</ele>
      </trkpt>
      <trkpt lat="39.83452" lon="2.80678">
        <ele>339.3</ele>
      </trkpt>
      <trkpt lat="39.83427" lon="2.80666">
        <ele>338.7</ele>
      </trkpt>
      <trkpt lat="39.83401" lon="2.80652">
        <ele>342.8</ele>
      </trkpt>
      <trkpt lat="39.83391" lon="2.80642">
        <ele>345.1</ele>
      </trkpt>
      <trkpt lat="39.83389" lon="2.80636">
        <ele>345.7</ele>
      </trkpt>
      <trkpt lat="39.83387" lon="2.80628">
        <ele>346.5</ele>
      </trkpt>
      <trkpt lat="39.83387" lon="2.80619">
        <ele>346.9</ele>
      </trkpt>
      <trkpt lat="39.83389" lon="2.80612">
        <ele>346.6</ele>
      </trkpt>
      <trkpt lat="39.83422" lon="2.80533">
        <ele>346.6</ele>
      </trkpt>
      <trkpt lat="39.83456" lon="2.80455">
        <ele>353.8</ele>
      </trkpt>
      <trkpt lat="39.83462" lon="2.80444">
        <ele>355.2</ele>
      </trkpt>
      <trkpt lat="39.83467" lon="2.80438">
        <ele>355.6</ele>
      </trkpt>
      <trkpt lat="39.83509" lon="2.80412">
        <ele>352.0</ele>
      </trkpt>
      <trkpt lat="39.83516" lon="2.80407">
        <ele>350.9</ele>
      </trkpt>
      <trkpt lat="39.83523" lon="2.804">
        <ele>350.2</ele>
      </trkpt>
      <trkpt lat="39.83569" lon="2.80351">
        <ele>347.2</ele>
      </trkpt>
      <trkpt lat="39.83573" lon="2.80347">
        <ele>346.9</ele>
      </trkpt>
      <trkpt lat="39.83575" lon="2.8034">
        <ele>348.0</ele>
      </trkpt>
      <trkpt lat="39.83576" lon="2.80334">
        <ele>349.3</ele>
      </trkpt>
      <trkpt lat="39.83576" lon="2.80328">
        <ele>349.7</ele>
      </trkpt>
      <trkpt lat="39.83569" lon="2.80285">
        <ele>352.7</ele>
      </trkpt>
      <trkpt lat="39.83567" lon="2.80279">
        <ele>353.1</ele>
      </trkpt>
      <trkpt lat="39.83563" lon="2.80272">
        <ele>353.6</ele>
      </trkpt>
      <trkpt lat="39.83559" lon="2.80266">
        <ele>353.9</ele>
      </trkpt>
      <trkpt lat="39.8355" lon="2.80259">
        <ele>354.3</ele>
      </trkpt>
      <trkpt lat="39.83541" lon="2.80256">
        <ele>354.5</ele>
      </trkpt>
      <trkpt lat="39.83516" lon="2.80254">
        <ele>355.3</ele>
      </trkpt>
      <trkpt lat="39.83509" lon="2.80255">
        <ele>355.8</ele>
      </trkpt>
      <trkpt lat="39.83446" lon="2.80281">
        <ele>358.1</ele>
      </trkpt>
      <trkpt lat="39.83442" lon="2.80284">
        <ele>358.6</ele>
      </trkpt>
      <trkpt lat="39.83439" lon="2.80288">
        <ele>359.3</ele>
      </trkpt>
      <trkpt lat="39.83437" lon="2.80294">
        <ele>360.7</ele>
      </trkpt>
      <trkpt lat="39.83435" lon="2.80301">
        <ele>362.3</ele>
      </trkpt>
      <trkpt lat="39.83425" lon="2.80363">
        <ele>370.1</ele>
      </trkpt>
      <trkpt lat="39.83421" lon="2.80376">
        <ele>370.7</ele>
      </trkpt>
      <trkpt lat="39.83415" lon="2.80394">
        <ele>372.1</ele>
      </trkpt>
      <trkpt lat="39.8341" lon="2.80401">
        <ele>373.0</ele>
      </trkpt>
      <trkpt lat="39.83406" lon="2.80406">
        <ele>373.8</ele>
      </trkpt>
      <trkpt lat="39.83401" lon="2.8041">
        <ele>374.8</ele>
      </trkpt>
      <trkpt lat="39.83382" lon="2.80419">
        <ele>378.1</ele>
      </trkpt>
      <trkpt lat="39.83371" lon="2.80421">
        <ele>379.7</ele>
      </trkpt>
      <trkpt lat="39.83366" lon="2.80421">
        <ele>380.6</ele>
      </trkpt>
      <trkpt lat="39.83356" lon="2.80416">
        <ele>382.3</ele>
      </trkpt>
      <trkpt lat="39.83317" lon="2.80386">
        <ele>379.9</ele>
      </trkpt>
      <trkpt lat="39.83303" lon="2.80382">
        <ele>380.7</ele>
      </trkpt>
      <trkpt lat="39.83291" lon="2.80381">
        <ele>382.2</ele>
      </trkpt>
      <trkpt lat="39.83277" lon="2.80383">
        <ele>385.2</ele>
      </trkpt>
      <trkpt lat="39.83223" lon="2.80396">
        <ele>394.5</ele>
      </trkpt>
      <trkpt lat="39.83169" lon="2.80409">
        <ele>397.0</ele>
      </trkpt>
      <trkpt lat="39.83151" lon="2.80416">
        <ele>398.6</ele>
      </trkpt>
      <trkpt lat="39.83116" lon="2.80434">
        <ele>400.9</ele>
      </trkpt>
      <trkpt lat="39.83111" lon="2.80438">
        <ele>401.5</ele>
      </trkpt>
      <trkpt lat="39.83108" lon="2.80445">
        <ele>403.1</ele>
      </trkpt>
      <trkpt lat="39.83106" lon="2.8045">
        <ele>404.3</ele>
      </trkpt>
      <trkpt lat="39.83105" lon="2.80475">
        <ele>410.6</ele>
      </trkpt>
      <trkpt lat="39.83104" lon="2.80487">
        <ele>413.6</ele>
      </trkpt>
      <trkpt lat="39.83101" lon="2.80498">
        <ele>416.2</ele>
      </trkpt>
      <trkpt lat="39.83099" lon="2.80506">
        <ele>417.4</ele>
      </trkpt>
      <trkpt lat="39.83094" lon="2.80514">
        <ele>418.3</ele>
      </trkpt>
      <trkpt lat="39.83088" lon="2.80519">
        <ele>419.0</ele>
      </trkpt>
      <trkpt lat="39.83081" lon="2.80522">
        <ele>420.2</ele>
      </trkpt>
      <trkpt lat="39.83076" lon="2.80522">
        <ele>421.6</ele>
      </trkpt>
      <trkpt lat="39.83069" lon="2.80521">
        <ele>423.3</ele>
      </trkpt>
      <trkpt lat="39.83063" lon="2.80517">
        <ele>424.0</ele>
      </trkpt>
      <trkpt lat="39.83011" lon="2.80474">
        <ele>423.8</ele>
      </trkpt>
      <trkpt lat="39.83003" lon="2.80467">
        <ele>423.7</ele>
      </trkpt>
      <trkpt lat="39.82999" lon="2.80461">
        <ele>423.7</ele>
      </trkpt>
      <trkpt lat="39.82991" lon="2.80447">
        <ele>427.7</ele>
      </trkpt>
      <trkpt lat="39.82966" lon="2.80389">
        <ele>431.5</ele>
      </trkpt>
      <trkpt lat="39.82942" lon="2.8033">
        <ele>428.5</ele>
      </trkpt>
      <trkpt lat="39.8294" lon="2.80324">
        <ele>430.0</ele>
      </trkpt>
      <trkpt lat="39.82935" lon="2.80303">
        <ele>434.4</ele>
      </trkpt>
      <trkpt lat="39.82933" lon="2.80299">
        <ele>435.7</ele>
      </trkpt>
      <trkpt lat="39.82929" lon="2.80297">
        <ele>437.9</ele>
      </trkpt>
      <trkpt lat="39.82927" lon="2.80297">
        <ele>438.9</ele>
      </trkpt>
      <trkpt lat="39.82923" lon="2.803">
        <ele>440.6</ele>
      </trkpt>
      <trkpt lat="39.82921" lon="2.80305">
        <ele>441.2</ele>
      </trkpt>
      <trkpt lat="39.82922" lon="2.80311">
        <ele>440.2</ele>
      </trkpt>
      <trkpt lat="39.8293" lon="2.80332">
        <ele>434.4</ele>
      </trkpt>
      <trkpt lat="39.82939" lon="2.8036">
        <ele>439.9</ele>
      </trkpt>
      <trkpt lat="39.82975" lon="2.80461">
        <ele>448.5</ele>
      </trkpt>
      <trkpt lat="39.8299" lon="2.80507">
        <ele>448.3</ele>
      </trkpt>
      <trkpt lat="39.82995" lon="2.80517">
        <ele>446.9</ele>
      </trkpt>
      <trkpt lat="39.83003" lon="2.8053">
        <ele>446.1</ele>
      </trkpt>
      <trkpt lat="39.83045" lon="2.80588">
        <ele>452.0</ele>
      </trkpt>
      <trkpt lat="39.83053" lon="2.80596">
        <ele>450.4</ele>
      </trkpt>
      <trkpt lat="39.83076" lon="2.80607">
        <ele>440.1</ele>
      </trkpt>
      <trkpt lat="39.83086" lon="2.80615">
        <ele>436.0</ele>
      </trkpt>
      <trkpt lat="39.83088" lon="2.80619">
        <ele>435.9</ele>
      </trkpt>
      <trkpt lat="39.83091" lon="2.80627">
        <ele>435.8</ele>
      </trkpt>
      <trkpt lat="39.831" lon="2.80659">
        <ele>435.1</ele>
      </trkpt>
      <trkpt lat="39.83101" lon="2.80669">
        <ele>435.4</ele>
      </trkpt>
      <trkpt lat="39.831" lon="2.80676">
        <ele>436.6</ele>
      </trkpt>
      <trkpt lat="39.83099" lon="2.80679">
        <ele>437.4</ele>
      </trkpt>
      <trkpt lat="39.83097" lon="2.80681">
        <ele>438.7</ele>
      </trkpt>
      <trkpt lat="39.83092" lon="2.80684">
        <ele>441.7</ele>
      </trkpt>
      <trkpt lat="39.8309" lon="2.80684">
        <ele>442.9</ele>
      </trkpt>
      <trkpt lat="39.83086" lon="2.80682">
        <ele>445.0</ele>
      </trkpt>
      <trkpt lat="39.83084" lon="2.8068">
        <ele>445.9</ele>
      </trkpt>
      <trkpt lat="39.83079" lon="2.80672">
        <ele>449.4</ele>
      </trkpt>
      <trkpt lat="39.83068" lon="2.80639">
        <ele>452.2</ele>
      </trkpt>
      <trkpt lat="39.83061" lon="2.80624">
        <ele>453.5</ele>
      </trkpt>
      <trkpt lat="39.83057" lon="2.8062">
        <ele>455.1</ele>
      </trkpt>
      <trkpt lat="39.83054" lon="2.80619">
        <ele>456.8</ele>
      </trkpt>
      <trkpt lat="39.8305" lon="2.80621">
        <ele>460.0</ele>
      </trkpt>
      <trkpt lat="39.83048" lon="2.80626">
        <ele>463.0</ele>
      </trkpt>
      <trkpt lat="39.83049" lon="2.80633">
        <ele>464.6</ele>
      </trkpt>
      <trkpt lat="39.83056" lon="2.80646">
        <ele>463.3</ele>
      </trkpt>
      <trkpt lat="39.83059" lon="2.80654">
        <ele>463.1</ele>
      </trkpt>
      <trkpt lat="39.83072" lon="2.80702">
        <ele>459.6</ele>
      </trkpt>
      <trkpt lat="39.83073" lon="2.80711">
        <ele>459.8</ele>
      </trkpt>
      <trkpt lat="39.83074" lon="2.80721">
        <ele>460.0</ele>
      </trkpt>
      <trkpt lat="39.83075" lon="2.80745">
        <ele>461.9</ele>
      </trkpt>
      <trkpt lat="39.83079" lon="2.80778">
        <ele>461.6</ele>
      </trkpt>
      <trkpt lat="39.83083" lon="2.80802">
        <ele>460.2</ele>
      </trkpt>
      <trkpt lat="39.83092" lon="2.80821">
        <ele>457.0</ele>
      </trkpt>
      <trkpt lat="39.83093" lon="2.80829">
        <ele>457.5</ele>
      </trkpt>
      <trkpt lat="39.8309" lon="2.80834">
        <ele>460.0</ele>
      </trkpt>
      <trkpt lat="39.83087" lon="2.80835">
        <ele>462.0</ele>
      </trkpt>
      <trkpt lat="39.83084" lon="2.80834">
        <ele>463.7</ele>
      </trkpt>
      <trkpt lat="39.83081" lon="2.8083">
        <ele>466.2</ele>
      </trkpt>
      <trkpt lat="39.83071" lon="2.80802">
        <ele>473.9</ele>
      </trkpt>
      <trkpt lat="39.83065" lon="2.80782">
        <ele>478.1</ele>
      </trkpt>
      <trkpt lat="39.83055" lon="2.80729">
        <ele>481.5</ele>
      </trkpt>
      <trkpt lat="39.83052" lon="2.80725">
        <ele>483.9</ele>
      </trkpt>
      <trkpt lat="39.83049" lon="2.80725">
        <ele>487.1</ele>
      </trkpt>
      <trkpt lat="39.83047" lon="2.80725">
        <ele>489.3</ele>
      </trkpt>
      <trkpt lat="39.83045" lon="2.80727">
        <ele>491.8</ele>
      </trkpt>
      <trkpt lat="39.83044" lon="2.80729">
        <ele>493.3</ele>
      </trkpt>
      <trkpt lat="39.83043" lon="2.80733">
        <ele>495.3</ele>
      </trkpt>
      <trkpt lat="39.83043" lon="2.80737">
        <ele>496.1</ele>
      </trkpt>
      <trkpt lat="39.83051" lon="2.80781">
        <ele>493.9</ele>
      </trkpt>
      <trkpt lat="39.83054" lon="2.8079">
        <ele>491.7</ele>
      </trkpt>
      <trkpt lat="39.83067" lon="2.80821">
        <ele>481.0</ele>
      </trkpt>
      <trkpt lat="39.83073" lon="2.80841">
        <ele>477.1</ele>
      </trkpt>
      <trkpt lat="39.83075" lon="2.80854">
        <ele>477.1</ele>
      </trkpt>
      <trkpt lat="39.83092" lon="2.80956">
        <ele>485.9</ele>
      </trkpt>
      <trkpt lat="39.83091" lon="2.80965">
        <ele>489.1</ele>
      </trkpt>
      <trkpt lat="39.83089" lon="2.80988">
        <ele>496.9</ele>
      </trkpt>
      <trkpt lat="39.83089" lon="2.81">
        <ele>500.4</ele>
      </trkpt>
      <trkpt lat="39.83091" lon="2.8101">
        <ele>503.6</ele>
      </trkpt>
      <trkpt lat="39.83096" lon="2.8102">
        <ele>505.6</ele>
      </trkpt>
      <trkpt lat="39.83107" lon="2.81033">
        <ele>506.2</ele>
      </trkpt>
      <trkpt lat="39.83128" lon="2.81052">
        <ele>505.5</ele>
      </trkpt>
      <trkpt lat="39.83139" lon="2.81058">
        <ele>503.6</ele>
      </trkpt>
      <trkpt lat="39.83196" lon="2.8108">
        <ele>496.9</ele>
      </trkpt>
      <trkpt lat="39.83205" lon="2.81086">
        <ele>497.4</ele>
      </trkpt>
      <trkpt lat="39.83211" lon="2.81093">
        <ele>498.0</ele>
      </trkpt>
      <trkpt lat="39.83213" lon="2.81101">
        <ele>499.7</ele>
      </trkpt>
      <trkpt lat="39.83214" lon="2.81107">
        <ele>501.0</ele>
      </trkpt>
      <trkpt lat="39.83219" lon="2.81156">
        <ele>511.7</ele>
      </trkpt>
      <trkpt lat="39.83223" lon="2.81174">
        <ele>514.0</ele>
      </trkpt>
      <trkpt lat="39.8323" lon="2.81204">
        <ele>516.8</ele>
      </trkpt>
      <trkpt lat="39.83232" lon="2.81211">
        <ele>517.4</ele>
      </trkpt>
      <trkpt lat="39.83237" lon="2.81218">
        <ele>516.9</ele>
      </trkpt>
      <trkpt lat="39.83264" lon="2.8125">
        <ele>524.6</ele>
      </trkpt>
      <trkpt lat="39.83267" lon="2.81256">
        <ele>526.9</ele>
      </trkpt>
      <trkpt lat="39.83269" lon="2.81261">
        <ele>528.8</ele>
      </trkpt>
      <trkpt lat="39.83269" lon="2.8127">
        <ele>530.6</ele>
      </trkpt>
      <trkpt lat="39.83268" lon="2.81274">
        <ele>531.0</ele>
      </trkpt>
      <trkpt lat="39.83266" lon="2.81279">
        <ele>531.1</ele>
      </trkpt>
      <trkpt lat="39.83263" lon="2.81285">
        <ele>531.0</ele>
      </trkpt>
      <trkpt lat="39.83258" lon="2.81291">
        <ele>529.9</ele>
      </trkpt>
      <trkpt lat="39.83254" lon="2.81295">
        <ele>528.9</ele>
      </trkpt>
      <trkpt lat="39.83243" lon="2.81299">
        <ele>529.2</ele>
      </trkpt>
      <trkpt lat="39.83232" lon="2.81301">
        <ele>531.5</ele>
      </trkpt>
      <trkpt lat="39.83228" lon="2.81301">
        <ele>532.3</ele>
      </trkpt>
      <trkpt lat="39.83221" lon="2.81298">
        <ele>533.3</ele>
      </trkpt>
      <trkpt lat="39.83217" lon="2.81295">
        <ele>533.8</ele>
      </trkpt>
      <trkpt lat="39.83214" lon="2.81288">
        <ele>533.7</ele>
      </trkpt>
      <trkpt lat="39.83212" lon="2.81278">
        <ele>533.3</ele>
      </trkpt>
      <trkpt lat="39.83216" lon="2.81253">
        <ele>529.9</ele>
      </trkpt>
      <trkpt lat="39.83215" lon="2.81244">
        <ele>528.9</ele>
      </trkpt>
      <trkpt lat="39.83213" lon="2.81241">
        <ele>529.0</ele>
      </trkpt>
      <trkpt lat="39.8321" lon="2.81239">
        <ele>529.7</ele>
      </trkpt>
      <trkpt lat="39.83205" lon="2.81237">
        <ele>531.0</ele>
      </trkpt>
      <trkpt lat="39.83201" lon="2.81238">
        <ele>532.4</ele>
      </trkpt>
      <trkpt lat="39.83199" lon="2.8124">
        <ele>533.4</ele>
      </trkpt>
      <trkpt lat="39.83196" lon="2.81247">
        <ele>535.4</ele>
      </trkpt>
      <trkpt lat="39.83193" lon="2.81285">
        <ele>538.2</ele>
      </trkpt>
      <trkpt lat="39.8319" lon="2.81309">
        <ele>539.7</ele>
      </trkpt>
      <trkpt lat="39.83188" lon="2.8132">
        <ele>540.3</ele>
      </trkpt>
      <trkpt lat="39.83185" lon="2.81329">
        <ele>540.9</ele>
      </trkpt>
      <trkpt lat="39.83179" lon="2.81343">
        <ele>543.8</ele>
      </trkpt>
      <trkpt lat="39.83167" lon="2.8136">
        <ele>547.8</ele>
      </trkpt>
      <trkpt lat="39.83165" lon="2.81364">
        <ele>549.4</ele>
      </trkpt>
      <trkpt lat="39.83165" lon="2.81369">
        <ele>550.2</ele>
      </trkpt>
      <trkpt lat="39.83166" lon="2.81377">
        <ele>551.2</ele>
      </trkpt>
      <trkpt lat="39.83168" lon="2.8138">
        <ele>551.4</ele>
      </trkpt>
      <trkpt lat="39.8317" lon="2.81383">
        <ele>552.1</ele>
      </trkpt>
      <trkpt lat="39.83177" lon="2.81387">
        <ele>553.1</ele>
      </trkpt>
      <trkpt lat="39.83186" lon="2.81388">
        <ele>553.8</ele>
      </trkpt>
      <trkpt lat="39.83202" lon="2.81385">
        <ele>553.7</ele>
      </trkpt>
      <trkpt lat="39.83213" lon="2.81382">
        <ele>553.3</ele>
      </trkpt>
      <trkpt lat="39.83243" lon="2.81371">
        <ele>549.8</ele>
      </trkpt>
      <trkpt lat="39.8326" lon="2.81361">
        <ele>550.3</ele>
      </trkpt>
      <trkpt lat="39.83275" lon="2.81349">
        <ele>552.5</ele>
      </trkpt>
      <trkpt lat="39.83286" lon="2.81336">
        <ele>552.7</ele>
      </trkpt>
      <trkpt lat="39.83291" lon="2.81329">
        <ele>553.2</ele>
      </trkpt>
      <trkpt lat="39.83295" lon="2.81318">
        <ele>552.6</ele>
      </trkpt>
      <trkpt lat="39.83314" lon="2.81262">
        <ele>547.4</ele>
      </trkpt>
      <trkpt lat="39.83333" lon="2.81205">
        <ele>544.8</ele>
      </trkpt>
      <trkpt lat="39.83338" lon="2.81193">
        <ele>546.1</ele>
      </trkpt>
      <trkpt lat="39.83342" lon="2.81189">
        <ele>547.9</ele>
      </trkpt>
      <trkpt lat="39.83346" lon="2.81187">
        <ele>550.1</ele>
      </trkpt>
      <trkpt lat="39.83351" lon="2.81189">
        <ele>553.6</ele>
      </trkpt>
      <trkpt lat="39.83354" lon="2.81195">
        <ele>556.6</ele>
      </trkpt>
      <trkpt lat="39.83354" lon="2.81199">
        <ele>557.3</ele>
      </trkpt>
      <trkpt lat="39.83353" lon="2.81208">
        <ele>558.3</ele>
      </trkpt>
      <trkpt lat="39.83329" lon="2.81287">
        <ele>560.3</ele>
      </trkpt>
      <trkpt lat="39.83305" lon="2.81367">
        <ele>573.3</ele>
      </trkpt>
      <trkpt lat="39.83299" lon="2.81379">
        <ele>575.0</ele>
      </trkpt>
      <trkpt lat="39.83289" lon="2.81398">
        <ele>577.8</ele>
      </trkpt>
      <trkpt lat="39.83279" lon="2.81412">
        <ele>579.0</ele>
      </trkpt>
      <trkpt lat="39.8327" lon="2.81424">
        <ele>582.3</ele>
      </trkpt>
      <trkpt lat="39.8326" lon="2.81433">
        <ele>584.8</ele>
      </trkpt>
      <trkpt lat="39.83247" lon="2.8144">
        <ele>585.9</ele>
      </trkpt>
      <trkpt lat="39.83235" lon="2.81447">
        <ele>588.9</ele>
      </trkpt>
      <trkpt lat="39.83216" lon="2.81452">
        <ele>588.9</ele>
      </trkpt>
      <trkpt lat="39.83207" lon="2.81456">
        <ele>589.9</ele>
      </trkpt>
      <trkpt lat="39.83195" lon="2.81463">
        <ele>592.2</ele>
      </trkpt>
      <trkpt lat="39.83156" lon="2.81488">
        <ele>603.3</ele>
      </trkpt>
      <trkpt lat="39.83148" lon="2.81489">
        <ele>605.1</ele>
      </trkpt>
      <trkpt lat="39.83143" lon="2.81488">
        <ele>605.4</ele>
      </trkpt>
      <trkpt lat="39.83137" lon="2.81482">
        <ele>603.2</ele>
      </trkpt>
      <trkpt lat="39.83111" lon="2.81442">
        <ele>589.9</ele>
      </trkpt>
      <trkpt lat="39.83105" lon="2.81435">
        <ele>588.7</ele>
      </trkpt>
      <trkpt lat="39.8308" lon="2.81416">
        <ele>590.2</ele>
      </trkpt>
      <trkpt lat="39.83069" lon="2.81411">
        <ele>594.3</ele>
      </trkpt>
      <trkpt lat="39.83059" lon="2.81408">
        <ele>598.1</ele>
      </trkpt>
      <trkpt lat="39.83053" lon="2.8141">
        <ele>600.0</ele>
      </trkpt>
      <trkpt lat="39.83036" lon="2.81421">
        <ele>606.1</ele>
      </trkpt>
      <trkpt lat="39.83033" lon="2.81422">
        <ele>607.3</ele>
      </trkpt>
      <trkpt lat="39.83027" lon="2.81422">
        <ele>609.3</ele>
      </trkpt>
      <trkpt lat="39.83023" lon="2.8142">
        <ele>610.1</ele>
      </trkpt>
      <trkpt lat="39.83021" lon="2.81417">
        <ele>610.0</ele>
      </trkpt>
      <trkpt lat="39.83019" lon="2.8141">
        <ele>612.0</ele>
      </trkpt>
      <trkpt lat="39.83019" lon="2.81406">
        <ele>612.9</ele>
      </trkpt>
      <trkpt lat="39.8302" lon="2.81398">
        <ele>614.2</ele>
      </trkpt>
      <trkpt lat="39.83022" lon="2.81395">
        <ele>614.1</ele>
      </trkpt>
      <trkpt lat="39.83039" lon="2.81375">
        <ele>610.7</ele>
      </trkpt>
      <trkpt lat="39.83042" lon="2.8137">
        <ele>610.1</ele>
      </trkpt>
      <trkpt lat="39.83043" lon="2.81365">
        <ele>610.4</ele>
      </trkpt>
      <trkpt lat="39.83041" lon="2.81361">
        <ele>612.0</ele>
      </trkpt>
      <trkpt lat="39.83037" lon="2.81358">
        <ele>614.4</ele>
      </trkpt>
      <trkpt lat="39.83035" lon="2.81358">
        <ele>615.4</ele>
      </trkpt>
      <trkpt lat="39.83029" lon="2.81361">
        <ele>617.8</ele>
      </trkpt>
      <trkpt lat="39.83024" lon="2.81365">
        <ele>619.4</ele>
      </trkpt>
      <trkpt lat="39.8301" lon="2.81383">
        <ele>621.6</ele>
      </trkpt>
      <trkpt lat="39.83005" lon="2.81391">
        <ele>621.8</ele>
      </trkpt>
      <trkpt lat="39.82997" lon="2.8141">
        <ele>620.2</ele>
      </trkpt>
      <trkpt lat="39.82994" lon="2.8142">
        <ele>620.6</ele>
      </trkpt>
      <trkpt lat="39.82988" lon="2.81452">
        <ele>629.1</ele>
      </trkpt>
      <trkpt lat="39.82985" lon="2.81461">
        <ele>631.8</ele>
      </trkpt>
      <trkpt lat="39.8298" lon="2.81466">
        <ele>634.5</ele>
      </trkpt>
      <trkpt lat="39.82974" lon="2.81467">
        <ele>636.9</ele>
      </trkpt>
      <trkpt lat="39.8297" lon="2.81466">
        <ele>638.2</ele>
      </trkpt>
      <trkpt lat="39.82966" lon="2.81463">
        <ele>639.3</ele>
      </trkpt>
      <trkpt lat="39.82964" lon="2.8146">
        <ele>639.7</ele>
      </trkpt>
      <trkpt lat="39.82963" lon="2.81456">
        <ele>639.7</ele>
      </trkpt>
      <trkpt lat="39.82963" lon="2.81448">
        <ele>638.8</ele>
      </trkpt>
      <trkpt lat="39.82964" lon="2.81443">
        <ele>637.8</ele>
      </trkpt>
      <trkpt lat="39.82991" lon="2.81376">
        <ele>632.5</ele>
      </trkpt>
      <trkpt lat="39.82996" lon="2.81364">
        <ele>633.0</ele>
      </trkpt>
      <trkpt lat="39.82998" lon="2.81357">
        <ele>633.8</ele>
      </trkpt>
      <trkpt lat="39.82997" lon="2.81354">
        <ele>635.2</ele>
      </trkpt>
      <trkpt lat="39.82994" lon="2.81351">
        <ele>637.6</ele>
      </trkpt>
      <trkpt lat="39.82992" lon="2.8135">
        <ele>639.0</ele>
      </trkpt>
      <trkpt lat="39.82988" lon="2.81351">
        <ele>640.9</ele>
      </trkpt>
      <trkpt lat="39.82983" lon="2.81357">
        <ele>642.0</ele>
      </trkpt>
      <trkpt lat="39.82958" lon="2.81403">
        <ele>641.8</ele>
      </trkpt>
      <trkpt lat="39.82948" lon="2.81418">
        <ele>642.7</ele>
      </trkpt>
      <trkpt lat="39.82942" lon="2.81424">
        <ele>646.0</ele>
      </trkpt>
      <trkpt lat="39.82925" lon="2.81436">
        <ele>654.3</ele>
      </trkpt>
      <trkpt lat="39.82922" lon="2.81439">
        <ele>655.7</ele>
      </trkpt>
      <trkpt lat="39.8292" lon="2.81447">
        <ele>656.6</ele>
      </trkpt>
      <trkpt lat="39.82921" lon="2.81456">
        <ele>656.3</ele>
      </trkpt>
      <trkpt lat="39.82922" lon="2.81461">
        <ele>655.9</ele>
      </trkpt>
      <trkpt lat="39.82932" lon="2.8148">
        <ele>652.8</ele>
      </trkpt>
      <trkpt lat="39.82942" lon="2.81515">
        <ele>654.3</ele>
      </trkpt>
      <trkpt lat="39.82944" lon="2.81519">
        <ele>654.7</ele>
      </trkpt>
      <trkpt lat="39.82949" lon="2.81524">
        <ele>654.7</ele>
      </trkpt>
      <trkpt lat="39.82955" lon="2.81525">
        <ele>653.4</ele>
      </trkpt>
      <trkpt lat="39.82964" lon="2.81524">
        <ele>650.9</ele>
      </trkpt>
      <trkpt lat="39.83024" lon="2.8151">
        <ele>633.1</ele>
      </trkpt>
      <trkpt lat="39.83034" lon="2.81511">
        <ele>631.7</ele>
      </trkpt>
      <trkpt lat="39.8304" lon="2.81516">
        <ele>632.4</ele>
      </trkpt>
      <trkpt lat="39.83041" lon="2.8152">
        <ele>633.6</ele>
      </trkpt>
      <trkpt lat="39.83043" lon="2.81534">
        <ele>638.1</ele>
      </trkpt>
      <trkpt lat="39.83042" lon="2.81544">
        <ele>641.8</ele>
      </trkpt>
      <trkpt lat="39.83039" lon="2.81554">
        <ele>645.7</ele>
      </trkpt>
      <trkpt lat="39.8303" lon="2.81575">
        <ele>654.2</ele>
      </trkpt>
      <trkpt lat="39.83028" lon="2.81582">
        <ele>656.9</ele>
      </trkpt>
      <trkpt lat="39.83029" lon="2.81591">
        <ele>659.8</ele>
      </trkpt>
      <trkpt lat="39.83033" lon="2.81595">
        <ele>660.7</ele>
      </trkpt>
      <trkpt lat="39.83035" lon="2.81596">
        <ele>660.9</ele>
      </trkpt>
      <trkpt lat="39.83053" lon="2.81604">
        <ele>662.0</ele>
      </trkpt>
      <trkpt lat="39.83059" lon="2.81605">
        <ele>661.8</ele>
      </trkpt>
      <trkpt lat="39.83078" lon="2.81606">
        <ele>660.5</ele>
      </trkpt>
      <trkpt lat="39.83088" lon="2.81603">
        <ele>658.8</ele>
      </trkpt>
      <trkpt lat="39.83149" lon="2.8158">
        <ele>652.2</ele>
      </trkpt>
      <trkpt lat="39.83162" lon="2.81576">
        <ele>650.8</ele>
      </trkpt>
      <trkpt lat="39.83175" lon="2.81576">
        <ele>651.6</ele>
      </trkpt>
      <trkpt lat="39.83183" lon="2.81579">
        <ele>653.8</ele>
      </trkpt>
      <trkpt lat="39.83189" lon="2.81582">
        <ele>655.7</ele>
      </trkpt>
      <trkpt lat="39.83196" lon="2.81589">
        <ele>657.3</ele>
      </trkpt>
      <trkpt lat="39.83205" lon="2.816">
        <ele>658.3</ele>
      </trkpt>
      <trkpt lat="39.83215" lon="2.81609">
        <ele>658.5</ele>
      </trkpt>
      <trkpt lat="39.83225" lon="2.81614">
        <ele>658.1</ele>
      </trkpt>
      <trkpt lat="39.83233" lon="2.81616">
        <ele>657.5</ele>
      </trkpt>
      <trkpt lat="39.83239" lon="2.81615">
        <ele>657.2</ele>
      </trkpt>
      <trkpt lat="39.83245" lon="2.81612">
        <ele>657.1</ele>
      </trkpt>
      <trkpt lat="39.83249" lon="2.81607">
        <ele>657.5</ele>
      </trkpt>
      <trkpt lat="39.83251" lon="2.81599">
        <ele>658.3</ele>
      </trkpt>
      <trkpt lat="39.83252" lon="2.81595">
        <ele>658.7</ele>
      </trkpt>
      <trkpt lat="39.83251" lon="2.81588">
        <ele>659.5</ele>
      </trkpt>
      <trkpt lat="39.83248" lon="2.81582">
        <ele>659.4</ele>
      </trkpt>
      <trkpt lat="39.83243" lon="2.81577">
        <ele>657.3</ele>
      </trkpt>
      <trkpt lat="39.8324" lon="2.81574">
        <ele>655.9</ele>
      </trkpt>
      <trkpt lat="39.83234" lon="2.81572">
        <ele>654.7</ele>
      </trkpt>
      <trkpt lat="39.83227" lon="2.81572">
        <ele>654.0</ele>
      </trkpt>
      <trkpt lat="39.8322" lon="2.81576">
        <ele>655.0</ele>
      </trkpt>
      <trkpt lat="39.83216" lon="2.81579">
        <ele>655.6</ele>
      </trkpt>
      <trkpt lat="39.83206" lon="2.8159">
        <ele>657.3</ele>
      </trkpt>
      <trkpt lat="39.83199" lon="2.81601">
        <ele>658.8</ele>
      </trkpt>
      <trkpt lat="39.8318" lon="2.81626">
        <ele>662.4</ele>
      </trkpt>
      <trkpt lat="39.83173" lon="2.81633">
        <ele>664.3</ele>
      </trkpt>
      <trkpt lat="39.83166" lon="2.81636">
        <ele>665.8</ele>
      </trkpt>
      <trkpt lat="39.831" lon="2.81656">
        <ele>679.8</ele>
      </trkpt>
      <trkpt lat="39.83034" lon="2.81675">
        <ele>689.6</ele>
      </trkpt>
      <trkpt lat="39.83023" lon="2.81679">
        <ele>691.2</ele>
      </trkpt>
      <trkpt lat="39.82948" lon="2.81713">
        <ele>705.9</ele>
      </trkpt>
      <trkpt lat="39.82937" lon="2.81717">
        <ele>707.2</ele>
      </trkpt>
      <trkpt lat="39.8292" lon="2.8172">
        <ele>707.7</ele>
      </trkpt>
      <trkpt lat="39.82913" lon="2.81721">
        <ele>708.2</ele>
      </trkpt>
      <trkpt lat="39.82892" lon="2.81721">
        <ele>709.7</ele>
      </trkpt>
      <trkpt lat="39.82875" lon="2.8172">
        <ele>710.7</ele>
      </trkpt>
      <trkpt lat="39.82865" lon="2.81722">
        <ele>711.8</ele>
      </trkpt>
      <trkpt lat="39.82853" lon="2.81727">
        <ele>713.3</ele>
      </trkpt>
      <trkpt lat="39.82845" lon="2.81734">
        <ele>714.5</ele>
      </trkpt>
      <trkpt lat="39.82805" lon="2.81766">
        <ele>720.6</ele>
      </trkpt>
      <trkpt lat="39.82787" lon="2.81779">
        <ele>722.8</ele>
      </trkpt>
      <trkpt lat="39.82754" lon="2.81799">
        <ele>724.4</ele>
      </trkpt>
      <trkpt lat="39.82741" lon="2.81802">
        <ele>722.2</ele>
      </trkpt>
      <trkpt lat="39.82728" lon="2.81801">
        <ele>719.0</ele>
      </trkpt>
      <trkpt lat="39.82717" lon="2.81797">
        <ele>716.8</ele>
      </trkpt>
      <trkpt lat="39.82711" lon="2.81794">
        <ele>715.8</ele>
      </trkpt>
      <trkpt lat="39.82701" lon="2.81785">
        <ele>714.9</ele>
      </trkpt>
      <trkpt lat="39.82693" lon="2.81776">
        <ele>714.9</ele>
      </trkpt>
      <trkpt lat="39.82681" lon="2.81756">
        <ele>717.1</ele>
      </trkpt>
      <trkpt lat="39.82677" lon="2.81751">
        <ele>717.8</ele>
      </trkpt>
      <trkpt lat="39.82668" lon="2.81744">
        <ele>718.1</ele>
      </trkpt>
      <trkpt lat="39.82658" lon="2.81739">
        <ele>716.7</ele>
      </trkpt>
      <trkpt lat="39.82653" lon="2.81737">
        <ele>715.8</ele>
      </trkpt>
      <trkpt lat="39.82647" lon="2.81736">
        <ele>714.5</ele>
      </trkpt>
      <trkpt lat="39.82622" lon="2.81735">
        <ele>708.6</ele>
      </trkpt>
      <trkpt lat="39.82607" lon="2.81731">
        <ele>705.6</ele>
      </trkpt>
      <trkpt lat="39.82588" lon="2.81719">
        <ele>703.4</ele>
      </trkpt>
      <trkpt lat="39.82572" lon="2.81707">
        <ele>701.8</ele>
      </trkpt>
      <trkpt lat="39.82563" lon="2.817">
        <ele>700.8</ele>
      </trkpt>
      <trkpt lat="39.82555" lon="2.81691">
        <ele>700.4</ele>
      </trkpt>
      <trkpt lat="39.82533" lon="2.81663">
        <ele>699.2</ele>
      </trkpt>
      <trkpt lat="39.82527" lon="2.81653">
        <ele>697.9</ele>
      </trkpt>
      <trkpt lat="39.82523" lon="2.81644">
        <ele>697.2</ele>
      </trkpt>
      <trkpt lat="39.82521" lon="2.81639">
        <ele>696.8</ele>
      </trkpt>
      <trkpt lat="39.82521" lon="2.81634">
        <ele>697.0</ele>
      </trkpt>
      <trkpt lat="39.82522" lon="2.81615">
        <ele>697.9</ele>
      </trkpt>
      <trkpt lat="39.82522" lon="2.81601">
        <ele>698.4</ele>
      </trkpt>
      <trkpt lat="39.82518" lon="2.81583">
        <ele>698.0</ele>
      </trkpt>
      <trkpt lat="39.82514" lon="2.81573">
        <ele>696.8</ele>
      </trkpt>
      <trkpt lat="39.82502" lon="2.81558">
        <ele>693.5</ele>
      </trkpt>
      <trkpt lat="39.825" lon="2.81554">
        <ele>693.0</ele>
      </trkpt>
      <trkpt lat="39.82497" lon="2.81544">
        <ele>692.6</ele>
      </trkpt>
      <trkpt lat="39.82496" lon="2.81533">
        <ele>692.5</ele>
      </trkpt>
      <trkpt lat="39.82502" lon="2.81494">
        <ele>693.6</ele>
      </trkpt>
      <trkpt lat="39.82502" lon="2.81483">
        <ele>694.0</ele>
      </trkpt>
      <trkpt lat="39.825" lon="2.81475">
        <ele>693.9</ele>
      </trkpt>
      <trkpt lat="39.82494" lon="2.8147">
        <ele>693.8</ele>
      </trkpt>
      <trkpt lat="39.82489" lon="2.81468">
        <ele>693.7</ele>
      </trkpt>
      <trkpt lat="39.82485" lon="2.81468">
        <ele>693.5</ele>
      </trkpt>
      <trkpt lat="39.82478" lon="2.81472">
        <ele>693.0</ele>
      </trkpt>
      <trkpt lat="39.82438" lon="2.81507">
        <ele>687.9</ele>
      </trkpt>
      <trkpt lat="39.82419" lon="2.81525">
        <ele>684.3</ele>
      </trkpt>
      <trkpt lat="39.824" lon="2.81551">
        <ele>680.7</ele>
      </trkpt>
      <trkpt lat="39.82393" lon="2.81558">
        <ele>679.6</ele>
      </trkpt>
      <trkpt lat="39.82381" lon="2.81567">
        <ele>677.9</ele>
      </trkpt>
      <trkpt lat="39.82366" lon="2.81576">
        <ele>675.9</ele>
      </trkpt>
      <trkpt lat="39.82358" lon="2.81579">
        <ele>675.0</ele>
      </trkpt>
      <trkpt lat="39.8234" lon="2.81584">
        <ele>673.2</ele>
      </trkpt>
      <trkpt lat="39.82328" lon="2.81586">
        <ele>670.7</ele>
      </trkpt>
      <trkpt lat="39.82323" lon="2.81585">
        <ele>669.5</ele>
      </trkpt>
      <trkpt lat="39.82318" lon="2.81584">
        <ele>668.2</ele>
      </trkpt>
      <trkpt lat="39.82309" lon="2.8158">
        <ele>666.5</ele>
      </trkpt>
      <trkpt lat="39.82274" lon="2.81548">
        <ele>664.0</ele>
      </trkpt>
      <trkpt lat="39.82249" lon="2.8152">
        <ele>664.4</ele>
      </trkpt>
      <trkpt lat="39.82241" lon="2.8151">
        <ele>664.0</ele>
      </trkpt>
      <trkpt lat="39.82238" lon="2.81504">
        <ele>664.5</ele>
      </trkpt>
      <trkpt lat="39.82236" lon="2.81497">
        <ele>665.7</ele>
      </trkpt>
      <trkpt lat="39.82232" lon="2.81473">
        <ele>671.8</ele>
      </trkpt>
      <trkpt lat="39.8223" lon="2.81466">
        <ele>673.3</ele>
      </trkpt>
      <trkpt lat="39.82226" lon="2.81458">
        <ele>674.6</ele>
      </trkpt>
      <trkpt lat="39.82222" lon="2.81455">
        <ele>674.4</ele>
      </trkpt>
      <trkpt lat="39.82217" lon="2.81453">
        <ele>673.5</ele>
      </trkpt>
      <trkpt lat="39.82213" lon="2.81453">
        <ele>672.3</ele>
      </trkpt>
      <trkpt lat="39.82193" lon="2.81456">
        <ele>665.1</ele>
      </trkpt>
      <trkpt lat="39.82183" lon="2.81457">
        <ele>661.6</ele>
      </trkpt>
      <trkpt lat="39.82173" lon="2.81454">
        <ele>659.7</ele>
      </trkpt>
      <trkpt lat="39.82154" lon="2.81445">
        <ele>659.7</ele>
      </trkpt>
      <trkpt lat="39.82143" lon="2.81441">
        <ele>659.7</ele>
      </trkpt>
      <trkpt lat="39.82108" lon="2.81438">
        <ele>655.7</ele>
      </trkpt>
      <trkpt lat="39.82099" lon="2.81436">
        <ele>655.1</ele>
      </trkpt>
      <trkpt lat="39.82069" lon="2.81427">
        <ele>653.3</ele>
      </trkpt>
      <trkpt lat="39.82061" lon="2.81428">
        <ele>651.7</ele>
      </trkpt>
      <trkpt lat="39.82058" lon="2.8143">
        <ele>650.7</ele>
      </trkpt>
      <trkpt lat="39.82056" lon="2.81433">
        <ele>649.5</ele>
      </trkpt>
      <trkpt lat="39.82054" lon="2.81438">
        <ele>647.8</ele>
      </trkpt>
      <trkpt lat="39.82053" lon="2.81443">
        <ele>646.3</ele>
      </trkpt>
      <trkpt lat="39.82055" lon="2.81451">
        <ele>644.3</ele>
      </trkpt>
      <trkpt lat="39.82057" lon="2.81455">
        <ele>643.4</ele>
      </trkpt>
      <trkpt lat="39.8206" lon="2.81458">
        <ele>642.9</ele>
      </trkpt>
      <trkpt lat="39.82068" lon="2.81461">
        <ele>643.0</ele>
      </trkpt>
      <trkpt lat="39.82073" lon="2.81461">
        <ele>643.5</ele>
      </trkpt>
      <trkpt lat="39.82091" lon="2.81458">
        <ele>646.6</ele>
      </trkpt>
      <trkpt lat="39.82099" lon="2.81458">
        <ele>647.6</ele>
      </trkpt>
      <trkpt lat="39.82115" lon="2.81464">
        <ele>647.5</ele>
      </trkpt>
      <trkpt lat="39.82129" lon="2.81473">
        <ele>645.8</ele>
      </trkpt>
      <trkpt lat="39.82151" lon="2.81494">
        <ele>640.0</ele>
      </trkpt>
      <trkpt lat="39.82158" lon="2.81499">
        <ele>638.7</ele>
      </trkpt>
      <trkpt lat="39.82182" lon="2.81507">
        <ele>643.0</ele>
      </trkpt>
      <trkpt lat="39.82186" lon="2.81514">
        <ele>642.8</ele>
      </trkpt>
      <trkpt lat="39.82187" lon="2.81518">
        <ele>642.1</ele>
      </trkpt>
      <trkpt lat="39.82186" lon="2.81522">
        <ele>640.8</ele>
      </trkpt>
      <trkpt lat="39.82184" lon="2.81526">
        <ele>639.1</ele>
      </trkpt>
      <trkpt lat="39.82182" lon="2.81528">
        <ele>637.9</ele>
      </trkpt>
      <trkpt lat="39.82178" lon="2.81529">
        <ele>636.2</ele>
      </trkpt>
      <trkpt lat="39.82174" lon="2.81528">
        <ele>635.0</ele>
      </trkpt>
      <trkpt lat="39.82128" lon="2.81512">
        <ele>632.7</ele>
      </trkpt>
      <trkpt lat="39.82121" lon="2.81512">
        <ele>632.1</ele>
      </trkpt>
      <trkpt lat="39.82107" lon="2.81513">
        <ele>630.6</ele>
      </trkpt>
      <trkpt lat="39.82096" lon="2.81517">
        <ele>628.6</ele>
      </trkpt>
      <trkpt lat="39.82085" lon="2.81525">
        <ele>625.6</ele>
      </trkpt>
      <trkpt lat="39.82023" lon="2.81603">
        <ele>605.3</ele>
      </trkpt>
      <trkpt lat="39.82016" lon="2.81609">
        <ele>603.9</ele>
      </trkpt>
      <trkpt lat="39.82009" lon="2.8161">
        <ele>603.6</ele>
      </trkpt>
      <trkpt lat="39.82004" lon="2.8161">
        <ele>603.6</ele>
      </trkpt>
      <trkpt lat="39.82" lon="2.81608">
        <ele>604.1</ele>
      </trkpt>
      <trkpt lat="39.81994" lon="2.81601">
        <ele>604.9</ele>
      </trkpt>
      <trkpt lat="39.81975" lon="2.81565">
        <ele>609.8</ele>
      </trkpt>
      <trkpt lat="39.81968" lon="2.81554">
        <ele>610.8</ele>
      </trkpt>
      <trkpt lat="39.81955" lon="2.81538">
        <ele>611.6</ele>
      </trkpt>
      <trkpt lat="39.81942" lon="2.81528">
        <ele>611.1</ele>
      </trkpt>
      <trkpt lat="39.81934" lon="2.81524">
        <ele>610.3</ele>
      </trkpt>
      <trkpt lat="39.81908" lon="2.81517">
        <ele>610.8</ele>
      </trkpt>
      <trkpt lat="39.81893" lon="2.81515">
        <ele>615.6</ele>
      </trkpt>
      <trkpt lat="39.81884" lon="2.81516">
        <ele>618.2</ele>
      </trkpt>
      <trkpt lat="39.81881" lon="2.81518">
        <ele>618.8</ele>
      </trkpt>
      <trkpt lat="39.81875" lon="2.81526">
        <ele>619.3</ele>
      </trkpt>
      <trkpt lat="39.81873" lon="2.81532">
        <ele>618.9</ele>
      </trkpt>
      <trkpt lat="39.81867" lon="2.81611">
        <ele>608.2</ele>
      </trkpt>
      <trkpt lat="39.81864" lon="2.8163">
        <ele>606.1</ele>
      </trkpt>
      <trkpt lat="39.8185" lon="2.81692">
        <ele>600.3</ele>
      </trkpt>
      <trkpt lat="39.81836" lon="2.81753">
        <ele>592.6</ele>
      </trkpt>
      <trkpt lat="39.81827" lon="2.8178">
        <ele>589.7</ele>
      </trkpt>
      <trkpt lat="39.81798" lon="2.81855">
        <ele>583.6</ele>
      </trkpt>
      <trkpt lat="39.81769" lon="2.81931">
        <ele>578.0</ele>
      </trkpt>
      <trkpt lat="39.81764" lon="2.81944">
        <ele>578.0</ele>
      </trkpt>
      <trkpt lat="39.81761" lon="2.81959">
        <ele>577.3</ele>
      </trkpt>
      <trkpt lat="39.81749" lon="2.8205">
        <ele>569.2</ele>
      </trkpt>
      <trkpt lat="39.81746" lon="2.82064">
        <ele>568.2</ele>
      </trkpt>
      <trkpt lat="39.81743" lon="2.82075">
        <ele>567.6</ele>
      </trkpt>
      <trkpt lat="39.81735" lon="2.82092">
        <ele>567.0</ele>
      </trkpt>
      <trkpt lat="39.8173" lon="2.82099">
        <ele>567.0</ele>
      </trkpt>
      <trkpt lat="39.81672" lon="2.82167">
        <ele>564.7</ele>
      </trkpt>
      <trkpt lat="39.81664" lon="2.82175">
        <ele>564.6</ele>
      </trkpt>
      <trkpt lat="39.81623" lon="2.82207">
        <ele>562.4</ele>
      </trkpt>
      <trkpt lat="39.81612" lon="2.82212">
        <ele>562.6</ele>
      </trkpt>
      <trkpt lat="39.81607" lon="2.82214">
        <ele>562.7</ele>
      </trkpt>
      <trkpt lat="39.81602" lon="2.82213">
        <ele>563.4</ele>
      </trkpt>
      <trkpt lat="39.81598" lon="2.82212">
        <ele>564.0</ele>
      </trkpt>
      <trkpt lat="39.81574" lon="2.82197">
        <ele>568.6</ele>
      </trkpt>
      <trkpt lat="39.8157" lon="2.82196">
        <ele>569.1</ele>
      </trkpt>
      <trkpt lat="39.81559" lon="2.82196">
        <ele>569.9</ele>
      </trkpt>
      <trkpt lat="39.8155" lon="2.82201">
        <ele>570.1</ele>
      </trkpt>
      <trkpt lat="39.81545" lon="2.82204">
        <ele>570.3</ele>
      </trkpt>
      <trkpt lat="39.81528" lon="2.82226">
        <ele>571.9</ele>
      </trkpt>
      <trkpt lat="39.81516" lon="2.82244">
        <ele>573.2</ele>
      </trkpt>
      <trkpt lat="39.81515" lon="2.82247">
        <ele>573.3</ele>
      </trkpt>
      <trkpt lat="39.81514" lon="2.82251">
        <ele>573.5</ele>
      </trkpt>
      <trkpt lat="39.81514" lon="2.82256">
        <ele>573.8</ele>
      </trkpt>
      <trkpt lat="39.81515" lon="2.8226">
        <ele>574.0</ele>
      </trkpt>
      <trkpt lat="39.81522" lon="2.8227">
        <ele>574.8</ele>
      </trkpt>
      <trkpt lat="39.81534" lon="2.82284">
        <ele>574.1</ele>
      </trkpt>
      <trkpt lat="39.8159" lon="2.82346">
        <ele>561.4</ele>
      </trkpt>
      <trkpt lat="39.81601" lon="2.8236">
        <ele>561.3</ele>
      </trkpt>
      <trkpt lat="39.81613" lon="2.82385">
        <ele>562.9</ele>
      </trkpt>
      <trkpt lat="39.81614" lon="2.82389">
        <ele>563.3</ele>
      </trkpt>
      <trkpt lat="39.81614" lon="2.82395">
        <ele>564.2</ele>
      </trkpt>
      <trkpt lat="39.81613" lon="2.82398">
        <ele>564.9</ele>
      </trkpt>
      <trkpt lat="39.81611" lon="2.824">
        <ele>565.5</ele>
      </trkpt>
      <trkpt lat="39.81605" lon="2.82405">
        <ele>567.2</ele>
      </trkpt>
      <trkpt lat="39.81609" lon="2.82417">
        <ele>568.3</ele>
      </trkpt>
      <trkpt lat="39.81611" lon="2.82438">
        <ele>565.9</ele>
      </trkpt>
      <trkpt lat="39.81609" lon="2.82453">
        <ele>564.5</ele>
      </trkpt>
      <trkpt lat="39.81605" lon="2.82463">
        <ele>563.8</ele>
      </trkpt>
      <trkpt lat="39.81596" lon="2.82477">
        <ele>562.7</ele>
      </trkpt>
      <trkpt lat="39.81559" lon="2.82514">
        <ele>565.3</ele>
      </trkpt>
      <trkpt lat="39.81547" lon="2.82524">
        <ele>566.6</ele>
      </trkpt>
      <trkpt lat="39.8151" lon="2.82547">
        <ele>568.3</ele>
      </trkpt>
      <trkpt lat="39.81503" lon="2.82553">
        <ele>568.7</ele>
      </trkpt>
      <trkpt lat="39.81497" lon="2.8256">
        <ele>569.0</ele>
      </trkpt>
      <trkpt lat="39.8149" lon="2.82574">
        <ele>569.6</ele>
      </trkpt>
      <trkpt lat="39.81487" lon="2.82585">
        <ele>570.0</ele>
      </trkpt>
      <trkpt lat="39.81487" lon="2.82596">
        <ele>570.3</ele>
      </trkpt>
      <trkpt lat="39.81489" lon="2.82608">
        <ele>570.8</ele>
      </trkpt>
      <trkpt lat="39.81496" lon="2.82625">
        <ele>571.4</ele>
      </trkpt>
      <trkpt lat="39.81509" lon="2.82652">
        <ele>572.5</ele>
      </trkpt>
      <trkpt lat="39.81522" lon="2.82675">
        <ele>570.8</ele>
      </trkpt>
      <trkpt lat="39.81537" lon="2.82699">
        <ele>570.3</ele>
      </trkpt>
      <trkpt lat="39.81548" lon="2.82712">
        <ele>565.9</ele>
      </trkpt>
      <trkpt lat="39.81577" lon="2.8274">
        <ele>545.6</ele>
      </trkpt>
      <trkpt lat="39.81585" lon="2.82752">
        <ele>540.6</ele>
      </trkpt>
      <trkpt lat="39.81591" lon="2.82762">
        <ele>539.4</ele>
      </trkpt>
      <trkpt lat="39.81595" lon="2.82775">
        <ele>539.3</ele>
      </trkpt>
      <trkpt lat="39.81599" lon="2.82797">
        <ele>540.3</ele>
      </trkpt>
      <trkpt lat="39.81602" lon="2.82828">
        <ele>542.8</ele>
      </trkpt>
      <trkpt lat="39.81613" lon="2.82901">
        <ele>544.2</ele>
      </trkpt>
      <trkpt lat="39.81623" lon="2.82974">
        <ele>546.2</ele>
      </trkpt>
      <trkpt lat="39.81628" lon="2.8298">
        <ele>545.5</ele>
      </trkpt>
      <trkpt lat="39.81636" lon="2.82983">
        <ele>543.9</ele>
      </trkpt>
      <trkpt lat="39.81644" lon="2.82986">
        <ele>542.4</ele>
      </trkpt>
      <trkpt lat="39.81653" lon="2.82986">
        <ele>540.5</ele>
      </trkpt>
      <trkpt lat="39.81662" lon="2.82983">
        <ele>538.2</ele>
      </trkpt>
      <trkpt lat="39.81675" lon="2.82974">
        <ele>538.3</ele>
      </trkpt>
      <trkpt lat="39.81715" lon="2.82933">
        <ele>541.0</ele>
      </trkpt>
      <trkpt lat="39.81756" lon="2.82892">
        <ele>536.5</ele>
      </trkpt>
      <trkpt lat="39.81772" lon="2.82876">
        <ele>531.7</ele>
      </trkpt>
      <trkpt lat="39.81781" lon="2.82873">
        <ele>530.8</ele>
      </trkpt>
      <trkpt lat="39.81791" lon="2.82873">
        <ele>530.7</ele>
      </trkpt>
      <trkpt lat="39.81797" lon="2.82876">
        <ele>531.5</ele>
      </trkpt>
      <trkpt lat="39.81805" lon="2.82881">
        <ele>532.7</ele>
      </trkpt>
      <trkpt lat="39.8182" lon="2.82894">
        <ele>535.8</ele>
      </trkpt>
      <trkpt lat="39.81826" lon="2.82904">
        <ele>538.2</ele>
      </trkpt>
      <trkpt lat="39.81829" lon="2.82913">
        <ele>540.3</ele>
      </trkpt>
      <trkpt lat="39.81837" lon="2.82957">
        <ele>549.1</ele>
      </trkpt>
      <trkpt lat="39.81842" lon="2.82975">
        <ele>552.6</ele>
      </trkpt>
      <trkpt lat="39.81845" lon="2.82984">
        <ele>554.3</ele>
      </trkpt>
      <trkpt lat="39.81852" lon="2.82988">
        <ele>554.9</ele>
      </trkpt>
      <trkpt lat="39.81859" lon="2.82989">
        <ele>554.9</ele>
      </trkpt>
      <trkpt lat="39.81876" lon="2.82981">
        <ele>552.7</ele>
      </trkpt>
      <trkpt lat="39.81896" lon="2.82958">
        <ele>547.6</ele>
      </trkpt>
      <trkpt lat="39.81903" lon="2.82951">
        <ele>546.0</ele>
      </trkpt>
      <trkpt lat="39.81911" lon="2.82951">
        <ele>545.8</ele>
      </trkpt>
      <trkpt lat="39.81917" lon="2.82953">
        <ele>546.0</ele>
      </trkpt>
      <trkpt lat="39.81931" lon="2.82965">
        <ele>548.5</ele>
      </trkpt>
      <trkpt lat="39.8195" lon="2.82987">
        <ele>552.5</ele>
      </trkpt>
      <trkpt lat="39.81965" lon="2.83001">
        <ele>554.5</ele>
      </trkpt>
      <trkpt lat="39.8198" lon="2.83006">
        <ele>554.8</ele>
      </trkpt>
      <trkpt lat="39.82" lon="2.83008">
        <ele>554.7</ele>
      </trkpt>
      <trkpt lat="39.82017" lon="2.83005">
        <ele>556.1</ele>
      </trkpt>
      <trkpt lat="39.82032" lon="2.83001">
        <ele>557.2</ele>
      </trkpt>
      <trkpt lat="39.82049" lon="2.82995">
        <ele>558.2</ele>
      </trkpt>
      <trkpt lat="39.82063" lon="2.82985">
        <ele>558.7</ele>
      </trkpt>
      <trkpt lat="39.82069" lon="2.82976">
        <ele>558.5</ele>
      </trkpt>
      <trkpt lat="39.82077" lon="2.82961">
        <ele>558.0</ele>
      </trkpt>
      <trkpt lat="39.82082" lon="2.82946">
        <ele>557.3</ele>
      </trkpt>
      <trkpt lat="39.82091" lon="2.82912">
        <ele>557.0</ele>
      </trkpt>
      <trkpt lat="39.82096" lon="2.82895">
        <ele>555.3</ele>
      </trkpt>
      <trkpt lat="39.82103" lon="2.82884">
        <ele>555.5</ele>
      </trkpt>
      <trkpt lat="39.82109" lon="2.82878">
        <ele>556.4</ele>
      </trkpt>
      <trkpt lat="39.82124" lon="2.82867">
        <ele>559.3</ele>
      </trkpt>
      <trkpt lat="39.82158" lon="2.82837">
        <ele>564.0</ele>
      </trkpt>
      <trkpt lat="39.82166" lon="2.82825">
        <ele>564.2</ele>
      </trkpt>
      <trkpt lat="39.82169" lon="2.82814">
        <ele>563.1</ele>
      </trkpt>
      <trkpt lat="39.82169" lon="2.82803">
        <ele>560.9</ele>
      </trkpt>
      <trkpt lat="39.82166" lon="2.8278">
        <ele>555.6</ele>
      </trkpt>
      <trkpt lat="39.82167" lon="2.82773">
        <ele>554.5</ele>
      </trkpt>
      <trkpt lat="39.82172" lon="2.82768">
        <ele>554.6</ele>
      </trkpt>
      <trkpt lat="39.82178" lon="2.82765">
        <ele>555.2</ele>
      </trkpt>
      <trkpt lat="39.82207" lon="2.82759">
        <ele>559.4</ele>
      </trkpt>
      <trkpt lat="39.82225" lon="2.82751">
        <ele>560.1</ele>
      </trkpt>
      <trkpt lat="39.82244" lon="2.8274">
        <ele>560.6</ele>
      </trkpt>
      <trkpt lat="39.82256" lon="2.82734">
        <ele>560.1</ele>
      </trkpt>
      <trkpt lat="39.82265" lon="2.82731">
        <ele>559.3</ele>
      </trkpt>
      <trkpt lat="39.82277" lon="2.82731">
        <ele>559.1</ele>
      </trkpt>
      <trkpt lat="39.82289" lon="2.82734">
        <ele>559.7</ele>
      </trkpt>
      <trkpt lat="39.82301" lon="2.82738">
        <ele>560.5</ele>
      </trkpt>
      <trkpt lat="39.82326" lon="2.82753">
        <ele>564.1</ele>
      </trkpt>
      <trkpt lat="39.8235" lon="2.82773">
        <ele>567.2</ele>
      </trkpt>
      <trkpt lat="39.82411" lon="2.82844">
        <ele>570.1</ele>
      </trkpt>
      <trkpt lat="39.82475" lon="2.82909">
        <ele>569.5</ele>
      </trkpt>
      <trkpt lat="39.82488" lon="2.82919">
        <ele>568.7</ele>
      </trkpt>
      <trkpt lat="39.82514" lon="2.8293">
        <ele>567.8</ele>
      </trkpt>
      <trkpt lat="39.82524" lon="2.82937">
        <ele>569.5</ele>
      </trkpt>
      <trkpt lat="39.82549" lon="2.8295">
        <ele>571.6</ele>
      </trkpt>
      <trkpt lat="39.82572" lon="2.82956">
        <ele>571.0</ele>
      </trkpt>
      <trkpt lat="39.8259" lon="2.8296">
        <ele>570.2</ele>
      </trkpt>
      <trkpt lat="39.82608" lon="2.82965">
        <ele>569.5</ele>
      </trkpt>
      <trkpt lat="39.82621" lon="2.82971">
        <ele>570.1</ele>
      </trkpt>
      <trkpt lat="39.82653" lon="2.82993">
        <ele>574.7</ele>
      </trkpt>
      <trkpt lat="39.82661" lon="2.83">
        <ele>576.6</ele>
      </trkpt>
      <trkpt lat="39.82711" lon="2.8306">
        <ele>579.9</ele>
      </trkpt>
      <trkpt lat="39.8276" lon="2.83129">
        <ele>579.3</ele>
      </trkpt>
      <trkpt lat="39.82775" lon="2.83153">
        <ele>578.1</ele>
      </trkpt>
      <trkpt lat="39.82779" lon="2.83167">
        <ele>579.3</ele>
      </trkpt>
      <trkpt lat="39.82781" lon="2.83176">
        <ele>580.7</ele>
      </trkpt>
      <trkpt lat="39.82789" lon="2.83241">
        <ele>594.2</ele>
      </trkpt>
      <trkpt lat="39.8281" lon="2.83316">
        <ele>600.7</ele>
      </trkpt>
      <trkpt lat="39.82819" lon="2.83337">
        <ele>599.0</ele>
      </trkpt>
      <trkpt lat="39.82835" lon="2.83369">
        <ele>594.9</ele>
      </trkpt>
      <trkpt lat="39.8284" lon="2.83392">
        <ele>597.0</ele>
      </trkpt>
      <trkpt lat="39.82844" lon="2.83414">
        <ele>599.0</ele>
      </trkpt>
      <trkpt lat="39.82844" lon="2.83423">
        <ele>599.9</ele>
      </trkpt>
      <trkpt lat="39.82843" lon="2.83437">
        <ele>601.6</ele>
      </trkpt>
      <trkpt lat="39.82821" lon="2.83525">
        <ele>622.1</ele>
      </trkpt>
      <trkpt lat="39.82817" lon="2.83556">
        <ele>622.0</ele>
      </trkpt>
      <trkpt lat="39.82816" lon="2.8359">
        <ele>620.0</ele>
      </trkpt>
      <trkpt lat="39.82818" lon="2.83616">
        <ele>620.3</ele>
      </trkpt>
      <trkpt lat="39.82827" lon="2.83641">
        <ele>617.8</ele>
      </trkpt>
      <trkpt lat="39.82833" lon="2.83654">
        <ele>616.6</ele>
      </trkpt>
      <trkpt lat="39.82848" lon="2.83679">
        <ele>606.2</ele>
      </trkpt>
      <trkpt lat="39.82858" lon="2.83692">
        <ele>597.9</ele>
      </trkpt>
      <trkpt lat="39.82862" lon="2.83703">
        <ele>594.4</ele>
      </trkpt>
      <trkpt lat="39.82864" lon="2.83717">
        <ele>592.4</ele>
      </trkpt>
      <trkpt lat="39.82865" lon="2.83731">
        <ele>591.1</ele>
      </trkpt>
      <trkpt lat="39.82863" lon="2.83742">
        <ele>592.6</ele>
      </trkpt>
      <trkpt lat="39.82857" lon="2.83765">
        <ele>594.4</ele>
      </trkpt>
      <trkpt lat="39.82845" lon="2.83802">
        <ele>595.8</ele>
      </trkpt>
      <trkpt lat="39.8284" lon="2.83809">
        <ele>598.0</ele>
      </trkpt>
      <trkpt lat="39.82831" lon="2.83816">
        <ele>601.8</ele>
      </trkpt>
      <trkpt lat="39.82786" lon="2.83838">
        <ele>605.3</ele>
      </trkpt>
      <trkpt lat="39.8275" lon="2.83862">
        <ele>607.1</ele>
      </trkpt>
      <trkpt lat="39.8272" lon="2.83882">
        <ele>605.2</ele>
      </trkpt>
      <trkpt lat="39.82706" lon="2.83888">
        <ele>605.6</ele>
      </trkpt>
      <trkpt lat="39.82631" lon="2.83908">
        <ele>613.9</ele>
      </trkpt>
      <trkpt lat="39.82612" lon="2.83914">
        <ele>616.5</ele>
      </trkpt>
      <trkpt lat="39.82606" lon="2.83917">
        <ele>617.2</ele>
      </trkpt>
      <trkpt lat="39.82599" lon="2.83922">
        <ele>618.3</ele>
      </trkpt>
      <trkpt lat="39.82589" lon="2.83936">
        <ele>620.2</ele>
      </trkpt>
      <trkpt lat="39.82584" lon="2.83952">
        <ele>621.3</ele>
      </trkpt>
      <trkpt lat="39.82581" lon="2.83978">
        <ele>622.7</ele>
      </trkpt>
      <trkpt lat="39.82578" lon="2.84086">
        <ele>631.0</ele>
      </trkpt>
      <trkpt lat="39.8258" lon="2.8411">
        <ele>633.2</ele>
      </trkpt>
      <trkpt lat="39.82586" lon="2.84149">
        <ele>636.0</ele>
      </trkpt>
      <trkpt lat="39.8259" lon="2.84152">
        <ele>635.4</ele>
      </trkpt>
      <trkpt lat="39.82594" lon="2.84153">
        <ele>634.5</ele>
      </trkpt>
      <trkpt lat="39.826" lon="2.84151">
        <ele>632.7</ele>
      </trkpt>
      <trkpt lat="39.82609" lon="2.84142">
        <ele>629.1</ele>
      </trkpt>
      <trkpt lat="39.82622" lon="2.84135">
        <ele>624.7</ele>
      </trkpt>
      <trkpt lat="39.82628" lon="2.84133">
        <ele>622.8</ele>
      </trkpt>
      <trkpt lat="39.82633" lon="2.84134">
        <ele>621.6</ele>
      </trkpt>
      <trkpt lat="39.82638" lon="2.84139">
        <ele>621.1</ele>
      </trkpt>
      <trkpt lat="39.82643" lon="2.8415">
        <ele>621.8</ele>
      </trkpt>
      <trkpt lat="39.82656" lon="2.84186">
        <ele>624.1</ele>
      </trkpt>
      <trkpt lat="39.82658" lon="2.84196">
        <ele>624.8</ele>
      </trkpt>
      <trkpt lat="39.82657" lon="2.84212">
        <ele>627.1</ele>
      </trkpt>
      <trkpt lat="39.82651" lon="2.84306">
        <ele>636.1</ele>
      </trkpt>
      <trkpt lat="39.82645" lon="2.844">
        <ele>639.6</ele>
      </trkpt>
      <trkpt lat="39.82633" lon="2.84483">
        <ele>639.5</ele>
      </trkpt>
      <trkpt lat="39.82621" lon="2.84544">
        <ele>639.4</ele>
      </trkpt>
      <trkpt lat="39.82609" lon="2.84605">
        <ele>639.8</ele>
      </trkpt>
      <trkpt lat="39.82608" lon="2.84619">
        <ele>639.5</ele>
      </trkpt>
      <trkpt lat="39.8261" lon="2.84646">
        <ele>637.6</ele>
      </trkpt>
      <trkpt lat="39.82618" lon="2.84721">
        <ele>636.7</ele>
      </trkpt>
      <trkpt lat="39.82616" lon="2.84731">
        <ele>637.4</ele>
      </trkpt>
      <trkpt lat="39.82614" lon="2.84742">
        <ele>638.1</ele>
      </trkpt>
      <trkpt lat="39.82609" lon="2.84756">
        <ele>638.6</ele>
      </trkpt>
      <trkpt lat="39.82604" lon="2.84765">
        <ele>638.7</ele>
      </trkpt>
      <trkpt lat="39.82598" lon="2.84772">
        <ele>638.9</ele>
      </trkpt>
      <trkpt lat="39.82588" lon="2.8478">
        <ele>639.4</ele>
      </trkpt>
      <trkpt lat="39.82562" lon="2.84798">
        <ele>645.3</ele>
      </trkpt>
      <trkpt lat="39.82557" lon="2.84806">
        <ele>646.3</ele>
      </trkpt>
      <trkpt lat="39.82535" lon="2.84865">
        <ele>647.1</ele>
      </trkpt>
      <trkpt lat="39.82513" lon="2.84923">
        <ele>645.5</ele>
      </trkpt>
      <trkpt lat="39.82492" lon="2.85009">
        <ele>644.4</ele>
      </trkpt>
      <trkpt lat="39.82487" lon="2.85023">
        <ele>643.9</ele>
      </trkpt>
      <trkpt lat="39.82482" lon="2.85031">
        <ele>644.3</ele>
      </trkpt>
      <trkpt lat="39.82437" lon="2.85095">
        <ele>645.6</ele>
      </trkpt>
      <trkpt lat="39.82414" lon="2.85123">
        <ele>644.2</ele>
      </trkpt>
      <trkpt lat="39.82387" lon="2.85154">
        <ele>643.1</ele>
      </trkpt>
      <trkpt lat="39.82359" lon="2.85171">
        <ele>646.3</ele>
      </trkpt>
      <trkpt lat="39.82352" lon="2.85178">
        <ele>646.7</ele>
      </trkpt>
      <trkpt lat="39.82344" lon="2.85187">
        <ele>646.9</ele>
      </trkpt>
      <trkpt lat="39.82333" lon="2.85203">
        <ele>646.2</ele>
      </trkpt>
      <trkpt lat="39.82328" lon="2.85214">
        <ele>645.4</ele>
      </trkpt>
      <trkpt lat="39.82325" lon="2.85224">
        <ele>644.1</ele>
      </trkpt>
      <trkpt lat="39.82323" lon="2.85239">
        <ele>641.4</ele>
      </trkpt>
      <trkpt lat="39.82322" lon="2.85257">
        <ele>638.2</ele>
      </trkpt>
      <trkpt lat="39.82319" lon="2.85269">
        <ele>637.2</ele>
      </trkpt>
      <trkpt lat="39.82315" lon="2.85279">
        <ele>636.7</ele>
      </trkpt>
      <trkpt lat="39.82305" lon="2.85302">
        <ele>636.0</ele>
      </trkpt>
      <trkpt lat="39.82289" lon="2.85332">
        <ele>636.0</ele>
      </trkpt>
      <trkpt lat="39.82265" lon="2.85369">
        <ele>641.2</ele>
      </trkpt>
      <trkpt lat="39.82252" lon="2.85389">
        <ele>644.4</ele>
      </trkpt>
      <trkpt lat="39.82249" lon="2.85398">
        <ele>645.0</ele>
      </trkpt>
      <trkpt lat="39.82248" lon="2.85407">
        <ele>645.1</ele>
      </trkpt>
      <trkpt lat="39.82249" lon="2.85416">
        <ele>644.4</ele>
      </trkpt>
      <trkpt lat="39.82254" lon="2.85438">
        <ele>641.8</ele>
      </trkpt>
      <trkpt lat="39.82254" lon="2.85456">
        <ele>640.9</ele>
      </trkpt>
      <trkpt lat="39.82252" lon="2.85473">
        <ele>640.7</ele>
      </trkpt>
      <trkpt lat="39.82237" lon="2.85547">
        <ele>646.1</ele>
      </trkpt>
      <trkpt lat="39.82238" lon="2.85561">
        <ele>646.3</ele>
      </trkpt>
      <trkpt lat="39.82239" lon="2.85571">
        <ele>646.4</ele>
      </trkpt>
      <trkpt lat="39.82243" lon="2.85583">
        <ele>645.4</ele>
      </trkpt>
      <trkpt lat="39.82249" lon="2.85591">
        <ele>645.4</ele>
      </trkpt>
      <trkpt lat="39.8226" lon="2.856">
        <ele>646.1</ele>
      </trkpt>
      <trkpt lat="39.82273" lon="2.85605">
        <ele>645.7</ele>
      </trkpt>
      <trkpt lat="39.82303" lon="2.85616">
        <ele>645.0</ele>
      </trkpt>
      <trkpt lat="39.82348" lon="2.85635">
        <ele>644.4</ele>
      </trkpt>
      <trkpt lat="39.82359" lon="2.85641">
        <ele>644.3</ele>
      </trkpt>
      <trkpt lat="39.82366" lon="2.85647">
        <ele>644.8</ele>
      </trkpt>
      <trkpt lat="39.82374" lon="2.85656">
        <ele>646.0</ele>
      </trkpt>
      <trkpt lat="39.82382" lon="2.85669">
        <ele>648.1</ele>
      </trkpt>
      <trkpt lat="39.82397" lon="2.85701">
        <ele>649.7</ele>
      </trkpt>
      <trkpt lat="39.82412" lon="2.85741">
        <ele>650.6</ele>
      </trkpt>
      <trkpt lat="39.82414" lon="2.85751">
        <ele>651.0</ele>
      </trkpt>
      <trkpt lat="39.82415" lon="2.85774">
        <ele>653.5</ele>
      </trkpt>
      <trkpt lat="39.82416" lon="2.85782">
        <ele>654.1</ele>
      </trkpt>
      <trkpt lat="39.8242" lon="2.85792">
        <ele>654.4</ele>
      </trkpt>
      <trkpt lat="39.82428" lon="2.85806">
        <ele>654.7</ele>
      </trkpt>
      <trkpt lat="39.82465" lon="2.85865">
        <ele>653.2</ele>
      </trkpt>
      <trkpt lat="39.82472" lon="2.85879">
        <ele>652.2</ele>
      </trkpt>
      <trkpt lat="39.82477" lon="2.85891">
        <ele>651.4</ele>
      </trkpt>
      <trkpt lat="39.8248" lon="2.85904">
        <ele>651.0</ele>
      </trkpt>
      <trkpt lat="39.82479" lon="2.85914">
        <ele>651.5</ele>
      </trkpt>
      <trkpt lat="39.82477" lon="2.85922">
        <ele>651.5</ele>
      </trkpt>
      <trkpt lat="39.82438" lon="2.86005">
        <ele>654.5</ele>
      </trkpt>
      <trkpt lat="39.82393" lon="2.86098">
        <ele>652.1</ele>
      </trkpt>
      <trkpt lat="39.82387" lon="2.86105">
        <ele>652.5</ele>
      </trkpt>
      <trkpt lat="39.82382" lon="2.86107">
        <ele>653.6</ele>
      </trkpt>
      <trkpt lat="39.82372" lon="2.86109">
        <ele>656.4</ele>
      </trkpt>
      <trkpt lat="39.82345" lon="2.861">
        <ele>666.9</ele>
      </trkpt>
      <trkpt lat="39.82337" lon="2.86099">
        <ele>669.6</ele>
      </trkpt>
      <trkpt lat="39.82331" lon="2.86102">
        <ele>670.9</ele>
      </trkpt>
      <trkpt lat="39.82327" lon="2.86109">
        <ele>670.8</ele>
      </trkpt>
      <trkpt lat="39.82324" lon="2.8612">
        <ele>669.6</ele>
      </trkpt>
      <trkpt lat="39.82325" lon="2.86136">
        <ele>666.0</ele>
      </trkpt>
      <trkpt lat="39.82327" lon="2.86152">
        <ele>662.1</ele>
      </trkpt>
      <trkpt lat="39.82333" lon="2.86174">
        <ele>657.1</ele>
      </trkpt>
      <trkpt lat="39.82334" lon="2.86183">
        <ele>656.8</ele>
      </trkpt>
      <trkpt lat="39.82335" lon="2.86191">
        <ele>656.4</ele>
      </trkpt>
      <trkpt lat="39.82334" lon="2.86195">
        <ele>656.8</ele>
      </trkpt>
      <trkpt lat="39.82332" lon="2.86199">
        <ele>657.4</ele>
      </trkpt>
      <trkpt lat="39.8232" lon="2.86212">
        <ele>660.9</ele>
      </trkpt>
      <trkpt lat="39.82315" lon="2.8622">
        <ele>662.2</ele>
      </trkpt>
      <trkpt lat="39.82311" lon="2.86229">
        <ele>663.2</ele>
      </trkpt>
      <trkpt lat="39.82309" lon="2.86239">
        <ele>663.4</ele>
      </trkpt>
      <trkpt lat="39.82308" lon="2.86253">
        <ele>663.3</ele>
      </trkpt>
      <trkpt lat="39.82309" lon="2.86278">
        <ele>662.6</ele>
      </trkpt>
      <trkpt lat="39.82308" lon="2.8629">
        <ele>662.5</ele>
      </trkpt>
      <trkpt lat="39.82306" lon="2.86297">
        <ele>662.8</ele>
      </trkpt>
      <trkpt lat="39.82302" lon="2.86306">
        <ele>663.3</ele>
      </trkpt>
      <trkpt lat="39.82248" lon="2.86398">
        <ele>665.8</ele>
      </trkpt>
      <trkpt lat="39.82215" lon="2.86449">
        <ele>669.8</ele>
      </trkpt>
      <trkpt lat="39.82205" lon="2.86467">
        <ele>671.0</ele>
      </trkpt>
      <trkpt lat="39.82201" lon="2.86489">
        <ele>670.6</ele>
      </trkpt>
      <trkpt lat="39.82201" lon="2.86501">
        <ele>670.0</ele>
      </trkpt>
      <trkpt lat="39.82205" lon="2.86518">
        <ele>670.2</ele>
      </trkpt>
      <trkpt lat="39.8222" lon="2.86545">
        <ele>668.3</ele>
      </trkpt>
      <trkpt lat="39.82222" lon="2.86554">
        <ele>668.3</ele>
      </trkpt>
      <trkpt lat="39.82222" lon="2.86564">
        <ele>668.8</ele>
      </trkpt>
      <trkpt lat="39.8222" lon="2.8657">
        <ele>669.5</ele>
      </trkpt>
      <trkpt lat="39.82215" lon="2.8658">
        <ele>671.2</ele>
      </trkpt>
      <trkpt lat="39.82172" lon="2.8664">
        <ele>677.0</ele>
      </trkpt>
      <trkpt lat="39.82164" lon="2.86651">
        <ele>678.0</ele>
      </trkpt>
      <trkpt lat="39.82158" lon="2.86665">
        <ele>678.2</ele>
      </trkpt>
      <trkpt lat="39.82154" lon="2.86678">
        <ele>678.5</ele>
      </trkpt>
      <trkpt lat="39.82152" lon="2.86694">
        <ele>678.1</ele>
      </trkpt>
      <trkpt lat="39.82153" lon="2.86713">
        <ele>677.0</ele>
      </trkpt>
      <trkpt lat="39.82155" lon="2.86726">
        <ele>675.8</ele>
      </trkpt>
      <trkpt lat="39.82158" lon="2.86743">
        <ele>674.3</ele>
      </trkpt>
      <trkpt lat="39.82169" lon="2.86773">
        <ele>674.0</ele>
      </trkpt>
      <trkpt lat="39.82173" lon="2.86791">
        <ele>675.3</ele>
      </trkpt>
      <trkpt lat="39.82186" lon="2.86869">
        <ele>679.4</ele>
      </trkpt>
      <trkpt lat="39.82187" lon="2.86878">
        <ele>679.6</ele>
      </trkpt>
      <trkpt lat="39.82186" lon="2.86895">
        <ele>680.2</ele>
      </trkpt>
      <trkpt lat="39.82183" lon="2.86925">
        <ele>680.9</ele>
      </trkpt>
      <trkpt lat="39.8218" lon="2.86943">
        <ele>680.8</ele>
      </trkpt>
      <trkpt lat="39.82172" lon="2.86978">
        <ele>680.4</ele>
      </trkpt>
      <trkpt lat="39.82168" lon="2.86989">
        <ele>680.3</ele>
      </trkpt>
      <trkpt lat="39.82161" lon="2.87005">
        <ele>680.5</ele>
      </trkpt>
      <trkpt lat="39.82143" lon="2.87039">
        <ele>681.1</ele>
      </trkpt>
      <trkpt lat="39.82111" lon="2.87118">
        <ele>680.3</ele>
      </trkpt>
      <trkpt lat="39.82075" lon="2.87207">
        <ele>677.1</ele>
      </trkpt>
      <trkpt lat="39.82044" lon="2.87272">
        <ele>677.6</ele>
      </trkpt>
      <trkpt lat="39.8204" lon="2.87289">
        <ele>678.3</ele>
      </trkpt>
      <trkpt lat="39.82039" lon="2.87309">
        <ele>678.5</ele>
      </trkpt>
      <trkpt lat="39.8204" lon="2.87325">
        <ele>678.3</ele>
      </trkpt>
      <trkpt lat="39.8205" lon="2.87382">
        <ele>677.6</ele>
      </trkpt>
      <trkpt lat="39.82064" lon="2.87428">
        <ele>674.5</ele>
      </trkpt>
      <trkpt lat="39.82065" lon="2.87436">
        <ele>673.5</ele>
      </trkpt>
      <trkpt lat="39.82061" lon="2.87446">
        <ele>673.2</ele>
      </trkpt>
      <trkpt lat="39.82023" lon="2.87492">
        <ele>676.1</ele>
      </trkpt>
      <trkpt lat="39.82021" lon="2.87501">
        <ele>675.6</ele>
      </trkpt>
      <trkpt lat="39.82015" lon="2.87545">
        <ele>670.2</ele>
      </trkpt>
      <trkpt lat="39.82012" lon="2.87563">
        <ele>668.1</ele>
      </trkpt>
      <trkpt lat="39.82008" lon="2.87575">
        <ele>667.3</ele>
      </trkpt>
      <trkpt lat="39.81997" lon="2.876">
        <ele>666.3</ele>
      </trkpt>
      <trkpt lat="39.81984" lon="2.87622">
        <ele>664.8</ele>
      </trkpt>
      <trkpt lat="39.81977" lon="2.87629">
        <ele>664.4</ele>
      </trkpt>
      <trkpt lat="39.81951" lon="2.8764">
        <ele>664.5</ele>
      </trkpt>
      <trkpt lat="39.81932" lon="2.87644">
        <ele>664.9</ele>
      </trkpt>
      <trkpt lat="39.81905" lon="2.87649">
        <ele>666.0</ele>
      </trkpt>
      <trkpt lat="39.81881" lon="2.87651">
        <ele>668.5</ele>
      </trkpt>
      <trkpt lat="39.81872" lon="2.87653">
        <ele>668.9</ele>
      </trkpt>
      <trkpt lat="39.81861" lon="2.87657">
        <ele>668.7</ele>
      </trkpt>
      <trkpt lat="39.8185" lon="2.87665">
        <ele>666.9</ele>
      </trkpt>
      <trkpt lat="39.81834" lon="2.87684">
        <ele>661.9</ele>
      </trkpt>
      <trkpt lat="39.81827" lon="2.87698">
        <ele>657.7</ele>
      </trkpt>
      <trkpt lat="39.81824" lon="2.87707">
        <ele>654.9</ele>
      </trkpt>
      <trkpt lat="39.81819" lon="2.87716">
        <ele>652.2</ele>
      </trkpt>
      <trkpt lat="39.81814" lon="2.8772">
        <ele>651.4</ele>
      </trkpt>
      <trkpt lat="39.81809" lon="2.87723">
        <ele>650.8</ele>
      </trkpt>
      <trkpt lat="39.81765" lon="2.87731">
        <ele>652.6</ele>
      </trkpt>
      <trkpt lat="39.8176" lon="2.8773">
        <ele>653.5</ele>
      </trkpt>
      <trkpt lat="39.81752" lon="2.87726">
        <ele>655.6</ele>
      </trkpt>
      <trkpt lat="39.81745" lon="2.87721">
        <ele>658.2</ele>
      </trkpt>
      <trkpt lat="39.81736" lon="2.87717">
        <ele>660.9</ele>
      </trkpt>
      <trkpt lat="39.81729" lon="2.87715">
        <ele>662.6</ele>
      </trkpt>
      <trkpt lat="39.81718" lon="2.87716">
        <ele>664.1</ele>
      </trkpt>
      <trkpt lat="39.8171" lon="2.87718">
        <ele>664.8</ele>
      </trkpt>
      <trkpt lat="39.81704" lon="2.87722">
        <ele>664.6</ele>
      </trkpt>
      <trkpt lat="39.81699" lon="2.87728">
        <ele>663.8</ele>
      </trkpt>
      <trkpt lat="39.81696" lon="2.87737">
        <ele>661.9</ele>
      </trkpt>
      <trkpt lat="39.81695" lon="2.87749">
        <ele>658.8</ele>
      </trkpt>
      <trkpt lat="39.81694" lon="2.87766">
        <ele>654.7</ele>
      </trkpt>
      <trkpt lat="39.81696" lon="2.87785">
        <ele>649.5</ele>
      </trkpt>
      <trkpt lat="39.81707" lon="2.87815">
        <ele>639.9</ele>
      </trkpt>
      <trkpt lat="39.81707" lon="2.8782">
        <ele>638.6</ele>
      </trkpt>
      <trkpt lat="39.81706" lon="2.87826">
        <ele>637.3</ele>
      </trkpt>
      <trkpt lat="39.817" lon="2.87831">
        <ele>637.2</ele>
      </trkpt>
      <trkpt lat="39.81696" lon="2.87832">
        <ele>637.7</ele>
      </trkpt>
      <trkpt lat="39.81665" lon="2.87817">
        <ele>647.5</ele>
      </trkpt>
      <trkpt lat="39.81653" lon="2.87817">
        <ele>650.5</ele>
      </trkpt>
      <trkpt lat="39.81645" lon="2.87819">
        <ele>651.9</ele>
      </trkpt>
      <trkpt lat="39.81633" lon="2.87824">
        <ele>653.2</ele>
      </trkpt>
      <trkpt lat="39.81619" lon="2.87833">
        <ele>653.4</ele>
      </trkpt>
      <trkpt lat="39.81607" lon="2.87844">
        <ele>652.6</ele>
      </trkpt>
      <trkpt lat="39.81601" lon="2.87851">
        <ele>651.9</ele>
      </trkpt>
      <trkpt lat="39.81596" lon="2.87862">
        <ele>649.7</ele>
      </trkpt>
      <trkpt lat="39.81588" lon="2.87884">
        <ele>645.2</ele>
      </trkpt>
      <trkpt lat="39.81574" lon="2.87914">
        <ele>644.4</ele>
      </trkpt>
      <trkpt lat="39.8157" lon="2.87926">
        <ele>645.2</ele>
      </trkpt>
      <trkpt lat="39.81568" lon="2.87945">
        <ele>644.0</ele>
      </trkpt>
      <trkpt lat="39.81571" lon="2.8797">
        <ele>638.8</ele>
      </trkpt>
      <trkpt lat="39.81575" lon="2.87985">
        <ele>634.5</ele>
      </trkpt>
      <trkpt lat="39.81578" lon="2.88013">
        <ele>629.7</ele>
      </trkpt>
      <trkpt lat="39.8158" lon="2.88053">
        <ele>624.7</ele>
      </trkpt>
      <trkpt lat="39.81579" lon="2.88065">
        <ele>624.0</ele>
      </trkpt>
      <trkpt lat="39.81576" lon="2.88074">
        <ele>624.6</ele>
      </trkpt>
      <trkpt lat="39.81572" lon="2.88081">
        <ele>625.9</ele>
      </trkpt>
      <trkpt lat="39.81554" lon="2.88105">
        <ele>632.2</ele>
      </trkpt>
      <trkpt lat="39.81541" lon="2.88131">
        <ele>635.6</ele>
      </trkpt>
      <trkpt lat="39.81537" lon="2.88149">
        <ele>635.5</ele>
      </trkpt>
      <trkpt lat="39.81535" lon="2.88162">
        <ele>634.9</ele>
      </trkpt>
      <trkpt lat="39.81536" lon="2.88176">
        <ele>633.1</ele>
      </trkpt>
      <trkpt lat="39.8155" lon="2.88233">
        <ele>622.5</ele>
      </trkpt>
      <trkpt lat="39.81551" lon="2.88241">
        <ele>621.5</ele>
      </trkpt>
      <trkpt lat="39.8155" lon="2.8827">
        <ele>620.4</ele>
      </trkpt>
      <trkpt lat="39.8155" lon="2.88294">
        <ele>619.2</ele>
      </trkpt>
      <trkpt lat="39.81542" lon="2.88366">
        <ele>618.0</ele>
      </trkpt>
      <trkpt lat="39.81542" lon="2.88431">
        <ele>613.5</ele>
      </trkpt>
      <trkpt lat="39.81534" lon="2.88471">
        <ele>614.1</ele>
      </trkpt>
      <trkpt lat="39.81533" lon="2.88478">
        <ele>614.0</ele>
      </trkpt>
      <trkpt lat="39.81532" lon="2.88488">
        <ele>613.8</ele>
      </trkpt>
      <trkpt lat="39.81534" lon="2.88498">
        <ele>612.5</ele>
      </trkpt>
      <trkpt lat="39.81537" lon="2.88505">
        <ele>611.2</ele>
      </trkpt>
      <trkpt lat="39.81564" lon="2.88553">
        <ele>600.5</ele>
      </trkpt>
      <trkpt lat="39.81567" lon="2.88563">
        <ele>599.3</ele>
      </trkpt>
      <trkpt lat="39.81573" lon="2.88593">
        <ele>597.3</ele>
      </trkpt>
      <trkpt lat="39.81578" lon="2.88606">
        <ele>596.2</ele>
      </trkpt>
      <trkpt lat="39.81596" lon="2.88641">
        <ele>593.7</ele>
      </trkpt>
      <trkpt lat="39.81599" lon="2.88653">
        <ele>593.9</ele>
      </trkpt>
      <trkpt lat="39.81598" lon="2.8866">
        <ele>594.7</ele>
      </trkpt>
      <trkpt lat="39.81595" lon="2.88669">
        <ele>595.5</ele>
      </trkpt>
      <trkpt lat="39.81579" lon="2.88697">
        <ele>595.3</ele>
      </trkpt>
      <trkpt lat="39.8156" lon="2.88733">
        <ele>594.4</ele>
      </trkpt>
      <trkpt lat="39.8155" lon="2.88759">
        <ele>592.0</ele>
      </trkpt>
      <trkpt lat="39.81543" lon="2.88781">
        <ele>589.2</ele>
      </trkpt>
      <trkpt lat="39.81538" lon="2.88794">
        <ele>587.6</ele>
      </trkpt>
      <trkpt lat="39.81531" lon="2.88803">
        <ele>586.8</ele>
      </trkpt>
      <trkpt lat="39.81518" lon="2.88819">
        <ele>585.1</ele>
      </trkpt>
      <trkpt lat="39.81474" lon="2.88852">
        <ele>583.5</ele>
      </trkpt>
      <trkpt lat="39.8143" lon="2.88885">
        <ele>581.5</ele>
      </trkpt>
      <trkpt lat="39.81393" lon="2.88912">
        <ele>580.8</ele>
      </trkpt>
      <trkpt lat="39.81334" lon="2.88947">
        <ele>587.4</ele>
      </trkpt>
      <trkpt lat="39.8132" lon="2.88952">
        <ele>587.8</ele>
      </trkpt>
      <trkpt lat="39.81308" lon="2.88955">
        <ele>588.0</ele>
      </trkpt>
      <trkpt lat="39.8127" lon="2.88963">
        <ele>588.3</ele>
      </trkpt>
      <trkpt lat="39.81229" lon="2.88973">
        <ele>585.7</ele>
      </trkpt>
      <trkpt lat="39.81193" lon="2.88981">
        <ele>581.9</ele>
      </trkpt>
      <trkpt lat="39.81176" lon="2.88982">
        <ele>580.5</ele>
      </trkpt>
      <trkpt lat="39.8117" lon="2.88979">
        <ele>580.5</ele>
      </trkpt>
      <trkpt lat="39.81156" lon="2.88967">
        <ele>582.8</ele>
      </trkpt>
      <trkpt lat="39.81152" lon="2.88965">
        <ele>582.8</ele>
      </trkpt>
      <trkpt lat="39.81136" lon="2.88962">
        <ele>583.0</ele>
      </trkpt>
      <trkpt lat="39.81116" lon="2.88963">
        <ele>583.3</ele>
      </trkpt>
      <trkpt lat="39.81111" lon="2.88965">
        <ele>583.4</ele>
      </trkpt>
      <trkpt lat="39.81108" lon="2.8897">
        <ele>583.5</ele>
      </trkpt>
      <trkpt lat="39.81107" lon="2.88975">
        <ele>583.5</ele>
      </trkpt>
      <trkpt lat="39.8111" lon="2.88986">
        <ele>583.7</ele>
      </trkpt>
      <trkpt lat="39.8113" lon="2.89042">
        <ele>578.6</ele>
      </trkpt>
      <trkpt lat="39.81132" lon="2.89054">
        <ele>577.8</ele>
      </trkpt>
      <trkpt lat="39.81131" lon="2.89064">
        <ele>577.5</ele>
      </trkpt>
      <trkpt lat="39.8113" lon="2.89073">
        <ele>577.2</ele>
      </trkpt>
      <trkpt lat="39.81121" lon="2.89098">
        <ele>577.3</ele>
      </trkpt>
      <trkpt lat="39.81114" lon="2.89124">
        <ele>576.6</ele>
      </trkpt>
      <trkpt lat="39.81109" lon="2.89153">
        <ele>575.1</ele>
      </trkpt>
      <trkpt lat="39.81101" lon="2.89261">
        <ele>570.3</ele>
      </trkpt>
      <trkpt lat="39.81097" lon="2.89277">
        <ele>569.5</ele>
      </trkpt>
      <trkpt lat="39.81092" lon="2.89291">
        <ele>568.5</ele>
      </trkpt>
      <trkpt lat="39.81057" lon="2.89372">
        <ele>565.9</ele>
      </trkpt>
      <trkpt lat="39.81022" lon="2.89452">
        <ele>559.5</ele>
      </trkpt>
      <trkpt lat="39.80999" lon="2.89499">
        <ele>552.2</ele>
      </trkpt>
      <trkpt lat="39.80991" lon="2.89506">
        <ele>550.5</ele>
      </trkpt>
      <trkpt lat="39.80981" lon="2.89512">
        <ele>549.0</ele>
      </trkpt>
      <trkpt lat="39.80972" lon="2.89515">
        <ele>548.3</ele>
      </trkpt>
      <trkpt lat="39.80927" lon="2.8951">
        <ele>551.3</ele>
      </trkpt>
      <trkpt lat="39.80921" lon="2.89511">
        <ele>551.2</ele>
      </trkpt>
      <trkpt lat="39.80915" lon="2.89514">
        <ele>550.6</ele>
      </trkpt>
      <trkpt lat="39.80906" lon="2.8952">
        <ele>550.4</ele>
      </trkpt>
      <trkpt lat="39.8089" lon="2.89538">
        <ele>547.9</ele>
      </trkpt>
      <trkpt lat="39.80857" lon="2.89583">
        <ele>541.4</ele>
      </trkpt>
      <trkpt lat="39.80848" lon="2.89595">
        <ele>539.9</ele>
      </trkpt>
      <trkpt lat="39.80844" lon="2.896">
        <ele>539.4</ele>
      </trkpt>
      <trkpt lat="39.80827" lon="2.89608">
        <ele>540.6</ele>
      </trkpt>
      <trkpt lat="39.80809" lon="2.89614">
        <ele>541.9</ele>
      </trkpt>
      <trkpt lat="39.80785" lon="2.89625">
        <ele>542.9</ele>
      </trkpt>
      <trkpt lat="39.80778" lon="2.8963">
        <ele>542.7</ele>
      </trkpt>
      <trkpt lat="39.80767" lon="2.89643">
        <ele>541.2</ele>
      </trkpt>
      <trkpt lat="39.80763" lon="2.8965">
        <ele>540.0</ele>
      </trkpt>
      <trkpt lat="39.80757" lon="2.89656">
        <ele>539.5</ele>
      </trkpt>
      <trkpt lat="39.80724" lon="2.89677">
        <ele>539.3</ele>
      </trkpt>
      <trkpt lat="39.80721" lon="2.89681">
        <ele>538.6</ele>
      </trkpt>
      <trkpt lat="39.80722" lon="2.89687">
        <ele>536.7</ele>
      </trkpt>
      <trkpt lat="39.80727" lon="2.89692">
        <ele>534.5</ele>
      </trkpt>
      <trkpt lat="39.80731" lon="2.89692">
        <ele>533.9</ele>
      </trkpt>
      <trkpt lat="39.80774" lon="2.89674">
        <ele>531.2</ele>
      </trkpt>
      <trkpt lat="39.80813" lon="2.89662">
        <ele>527.3</ele>
      </trkpt>
      <trkpt lat="39.80821" lon="2.89663">
        <ele>525.4</ele>
      </trkpt>
      <trkpt lat="39.80826" lon="2.89669">
        <ele>522.6</ele>
      </trkpt>
      <trkpt lat="39.80826" lon="2.89677">
        <ele>519.7</ele>
      </trkpt>
      <trkpt lat="39.80819" lon="2.89689">
        <ele>516.9</ele>
      </trkpt>
      <trkpt lat="39.80812" lon="2.89698">
        <ele>515.3</ele>
      </trkpt>
      <trkpt lat="39.80803" lon="2.89703">
        <ele>515.7</ele>
      </trkpt>
      <trkpt lat="39.80754" lon="2.89704">
        <ele>527.2</ele>
      </trkpt>
      <trkpt lat="39.80743" lon="2.8971">
        <ele>527.4</ele>
      </trkpt>
      <trkpt lat="39.8068" lon="2.89751">
        <ele>520.6</ele>
      </trkpt>
      <trkpt lat="39.80675" lon="2.89757">
        <ele>518.6</ele>
      </trkpt>
      <trkpt lat="39.80676" lon="2.89761">
        <ele>516.9</ele>
      </trkpt>
      <trkpt lat="39.80677" lon="2.89765">
        <ele>515.2</ele>
      </trkpt>
      <trkpt lat="39.80684" lon="2.89768">
        <ele>513.6</ele>
      </trkpt>
      <trkpt lat="39.80748" lon="2.89758">
        <ele>513.3</ele>
      </trkpt>
      <trkpt lat="39.80759" lon="2.89758">
        <ele>510.5</ele>
      </trkpt>
      <trkpt lat="39.80765" lon="2.89763">
        <ele>506.9</ele>
      </trkpt>
      <trkpt lat="39.80766" lon="2.89772">
        <ele>503.5</ele>
      </trkpt>
      <trkpt lat="39.80762" lon="2.89778">
        <ele>502.6</ele>
      </trkpt>
      <trkpt lat="39.80754" lon="2.8978">
        <ele>504.3</ele>
      </trkpt>
      <trkpt lat="39.80723" lon="2.89775">
        <ele>508.8</ele>
      </trkpt>
      <trkpt lat="39.80705" lon="2.89775">
        <ele>509.7</ele>
      </trkpt>
      <trkpt lat="39.80691" lon="2.89779">
        <ele>508.9</ele>
      </trkpt>
      <trkpt lat="39.80652" lon="2.89801">
        <ele>504.2</ele>
      </trkpt>
      <trkpt lat="39.80612" lon="2.89821">
        <ele>500.6</ele>
      </trkpt>
      <trkpt lat="39.80607" lon="2.89824">
        <ele>499.5</ele>
      </trkpt>
      <trkpt lat="39.80604" lon="2.89829">
        <ele>496.7</ele>
      </trkpt>
      <trkpt lat="39.80604" lon="2.89834">
        <ele>493.6</ele>
      </trkpt>
      <trkpt lat="39.80607" lon="2.89837">
        <ele>491.4</ele>
      </trkpt>
      <trkpt lat="39.80611" lon="2.89838">
        <ele>490.5</ele>
      </trkpt>
      <trkpt lat="39.80615" lon="2.89838">
        <ele>490.2</ele>
      </trkpt>
      <trkpt lat="39.80662" lon="2.8982">
        <ele>494.1</ele>
      </trkpt>
      <trkpt lat="39.80708" lon="2.89802">
        <ele>499.4</ele>
      </trkpt>
      <trkpt lat="39.80714" lon="2.89802">
        <ele>499.1</ele>
      </trkpt>
      <trkpt lat="39.80719" lon="2.89804">
        <ele>498.2</ele>
      </trkpt>
      <trkpt lat="39.80725" lon="2.89811">
        <ele>495.5</ele>
      </trkpt>
      <trkpt lat="39.80725" lon="2.89819">
        <ele>492.5</ele>
      </trkpt>
      <trkpt lat="39.80722" lon="2.89824">
        <ele>490.8</ele>
      </trkpt>
      <trkpt lat="39.80676" lon="2.89843">
        <ele>483.5</ele>
      </trkpt>
      <trkpt lat="39.80637" lon="2.89855">
        <ele>479.2</ele>
      </trkpt>
      <trkpt lat="39.80589" lon="2.89877">
        <ele>466.3</ele>
      </trkpt>
      <trkpt lat="39.80579" lon="2.8988">
        <ele>464.0</ele>
      </trkpt>
      <trkpt lat="39.80568" lon="2.89882">
        <ele>462.4</ele>
      </trkpt>
      <trkpt lat="39.80528" lon="2.8988">
        <ele>462.7</ele>
      </trkpt>
      <trkpt lat="39.80519" lon="2.89877">
        <ele>464.1</ele>
      </trkpt>
      <trkpt lat="39.80491" lon="2.89852">
        <ele>480.1</ele>
      </trkpt>
      <trkpt lat="39.80486" lon="2.8985">
        <ele>483.4</ele>
      </trkpt>
      <trkpt lat="39.8048" lon="2.89851">
        <ele>485.7</ele>
      </trkpt>
      <trkpt lat="39.80463" lon="2.89864">
        <ele>487.7</ele>
      </trkpt>
      <trkpt lat="39.80438" lon="2.89887">
        <ele>489.7</ele>
      </trkpt>
      <trkpt lat="39.80423" lon="2.8991">
        <ele>487.5</ele>
      </trkpt>
      <trkpt lat="39.80402" lon="2.89949">
        <ele>474.8</ele>
      </trkpt>
      <trkpt lat="39.80387" lon="2.89982">
        <ele>464.6</ele>
      </trkpt>
      <trkpt lat="39.8038" lon="2.89991">
        <ele>463.5</ele>
      </trkpt>
      <trkpt lat="39.80372" lon="2.89997">
        <ele>464.3</ele>
      </trkpt>
      <trkpt lat="39.80365" lon="2.9">
        <ele>466.1</ele>
      </trkpt>
      <trkpt lat="39.80356" lon="2.90002">
        <ele>469.1</ele>
      </trkpt>
      <trkpt lat="39.80308" lon="2.9001">
        <ele>466.6</ele>
      </trkpt>
      <trkpt lat="39.80299" lon="2.90008">
        <ele>463.8</ele>
      </trkpt>
      <trkpt lat="39.80295" lon="2.90003">
        <ele>463.8</ele>
      </trkpt>
      <trkpt lat="39.80285" lon="2.89983">
        <ele>464.2</ele>
      </trkpt>
      <trkpt lat="39.80245" lon="2.89889">
        <ele>464.2</ele>
      </trkpt>
      <trkpt lat="39.80201" lon="2.89791">
        <ele>471.0</ele>
      </trkpt>
      <trkpt lat="39.80192" lon="2.89778">
        <ele>471.3</ele>
      </trkpt>
      <trkpt lat="39.80169" lon="2.89756">
        <ele>469.2</ele>
      </trkpt>
      <trkpt lat="39.80144" lon="2.89739">
        <ele>471.1</ele>
      </trkpt>
      <trkpt lat="39.80124" lon="2.89729">
        <ele>471.6</ele>
      </trkpt>
      <trkpt lat="39.80097" lon="2.89722">
        <ele>470.7</ele>
      </trkpt>
      <trkpt lat="39.80066" lon="2.8972">
        <ele>469.5</ele>
      </trkpt>
      <trkpt lat="39.80047" lon="2.89723">
        <ele>468.9</ele>
      </trkpt>
      <trkpt lat="39.80027" lon="2.89728">
        <ele>467.9</ele>
      </trkpt>
      <trkpt lat="39.8001" lon="2.89735">
        <ele>466.8</ele>
      </trkpt>
      <trkpt lat="39.79944" lon="2.89769">
        <ele>463.2</ele>
      </trkpt>
      <trkpt lat="39.79878" lon="2.89803">
        <ele>456.6</ele>
      </trkpt>
      <trkpt lat="39.79864" lon="2.89803">
        <ele>455.4</ele>
      </trkpt>
      <trkpt lat="39.79855" lon="2.89802">
        <ele>454.7</ele>
      </trkpt>
      <trkpt lat="39.79836" lon="2.89792">
        <ele>454.7</ele>
      </trkpt>
      <trkpt lat="39.79826" lon="2.89784">
        <ele>454.0</ele>
      </trkpt>
      <trkpt lat="39.79812" lon="2.89768">
        <ele>453.4</ele>
      </trkpt>
      <trkpt lat="39.79767" lon="2.89708">
        <ele>454.8</ele>
      </trkpt>
      <trkpt lat="39.79726" lon="2.89658">
        <ele>457.7</ele>
      </trkpt>
      <trkpt lat="39.79716" lon="2.8965">
        <ele>458.1</ele>
      </trkpt>
      <trkpt lat="39.79701" lon="2.89647">
        <ele>456.6</ele>
      </trkpt>
      <trkpt lat="39.79688" lon="2.89649">
        <ele>454.0</ele>
      </trkpt>
      <trkpt lat="39.79664" lon="2.89659">
        <ele>447.1</ele>
      </trkpt>
      <trkpt lat="39.79654" lon="2.8966">
        <ele>445.4</ele>
      </trkpt>
      <trkpt lat="39.79641" lon="2.89659">
        <ele>443.9</ele>
      </trkpt>
      <trkpt lat="39.79589" lon="2.89638">
        <ele>444.1</ele>
      </trkpt>
      <trkpt lat="39.79536" lon="2.89617">
        <ele>434.6</ele>
      </trkpt>
      <trkpt lat="39.79529" lon="2.89613">
        <ele>433.9</ele>
      </trkpt>
      <trkpt lat="39.79489" lon="2.89573">
        <ele>438.0</ele>
      </trkpt>
      <trkpt lat="39.79441" lon="2.89519">
        <ele>442.9</ele>
      </trkpt>
      <trkpt lat="39.79427" lon="2.89506">
        <ele>443.3</ele>
      </trkpt>
      <trkpt lat="39.79414" lon="2.89499">
        <ele>441.9</ele>
      </trkpt>
      <trkpt lat="39.79398" lon="2.89496">
        <ele>440.2</ele>
      </trkpt>
      <trkpt lat="39.79315" lon="2.89475">
        <ele>433.7</ele>
      </trkpt>
      <trkpt lat="39.79302" lon="2.8947">
        <ele>433.9</ele>
      </trkpt>
      <trkpt lat="39.79237" lon="2.89438">
        <ele>442.5</ele>
      </trkpt>
      <trkpt lat="39.79215" lon="2.89431">
        <ele>443.0</ele>
      </trkpt>
      <trkpt lat="39.79202" lon="2.8943">
        <ele>441.3</ele>
      </trkpt>
      <trkpt lat="39.79188" lon="2.89432">
        <ele>438.0</ele>
      </trkpt>
      <trkpt lat="39.79125" lon="2.89457">
        <ele>424.4</ele>
      </trkpt>
      <trkpt lat="39.79117" lon="2.89459">
        <ele>424.0</ele>
      </trkpt>
      <trkpt lat="39.79113" lon="2.89458">
        <ele>424.1</ele>
      </trkpt>
      <trkpt lat="39.79082" lon="2.89442">
        <ele>422.1</ele>
      </trkpt>
      <trkpt lat="39.79038" lon="2.89415">
        <ele>418.2</ele>
      </trkpt>
      <trkpt lat="39.79006" lon="2.8939">
        <ele>412.9</ele>
      </trkpt>
      <trkpt lat="39.79001" lon="2.89388">
        <ele>412.0</ele>
      </trkpt>
      <trkpt lat="39.78997" lon="2.89391">
        <ele>412.1</ele>
      </trkpt>
      <trkpt lat="39.78987" lon="2.89405">
        <ele>413.9</ele>
      </trkpt>
      <trkpt lat="39.7898" lon="2.89413">
        <ele>414.9</ele>
      </trkpt>
      <trkpt lat="39.78972" lon="2.89418">
        <ele>415.3</ele>
      </trkpt>
      <trkpt lat="39.7894" lon="2.89422">
        <ele>414.0</ele>
      </trkpt>
      <trkpt lat="39.7892" lon="2.8943">
        <ele>414.4</ele>
      </trkpt>
      <trkpt lat="39.78912" lon="2.89431">
        <ele>413.5</ele>
      </trkpt>
      <trkpt lat="39.78907" lon="2.89428">
        <ele>411.8</ele>
      </trkpt>
      <trkpt lat="39.78905" lon="2.89421">
        <ele>409.7</ele>
      </trkpt>
      <trkpt lat="39.78905" lon="2.89416">
        <ele>408.5</ele>
      </trkpt>
      <trkpt lat="39.78908" lon="2.89411">
        <ele>407.9</ele>
      </trkpt>
      <trkpt lat="39.78914" lon="2.89406">
        <ele>408.0</ele>
      </trkpt>
      <trkpt lat="39.78932" lon="2.89399">
        <ele>408.2</ele>
      </trkpt>
      <trkpt lat="39.78955" lon="2.89385">
        <ele>407.2</ele>
      </trkpt>
      <trkpt lat="39.78975" lon="2.89376">
        <ele>407.3</ele>
      </trkpt>
      <trkpt lat="39.78981" lon="2.8937">
        <ele>406.7</ele>
      </trkpt>
      <trkpt lat="39.78983" lon="2.89362">
        <ele>405.4</ele>
      </trkpt>
      <trkpt lat="39.7898" lon="2.89355">
        <ele>403.8</ele>
      </trkpt>
      <trkpt lat="39.78973" lon="2.89354">
        <ele>402.8</ele>
      </trkpt>
      <trkpt lat="39.78951" lon="2.89361">
        <ele>401.9</ele>
      </trkpt>
      <trkpt lat="39.78939" lon="2.89363">
        <ele>401.1</ele>
      </trkpt>
      <trkpt lat="39.78915" lon="2.89365">
        <ele>398.9</ele>
      </trkpt>
      <trkpt lat="39.78887" lon="2.89369">
        <ele>393.7</ele>
      </trkpt>
      <trkpt lat="39.7888" lon="2.8937">
        <ele>392.4</ele>
      </trkpt>
      <trkpt lat="39.78876" lon="2.89367">
        <ele>390.8</ele>
      </trkpt>
      <trkpt lat="39.78876" lon="2.89359">
        <ele>388.9</ele>
      </trkpt>
      <trkpt lat="39.78879" lon="2.89352">
        <ele>387.9</ele>
      </trkpt>
      <trkpt lat="39.78889" lon="2.89346">
        <ele>388.7</ele>
      </trkpt>
      <trkpt lat="39.78898" lon="2.89338">
        <ele>388.8</ele>
      </trkpt>
      <trkpt lat="39.78955" lon="2.89277">
        <ele>386.5</ele>
      </trkpt>
      <trkpt lat="39.78971" lon="2.89256">
        <ele>386.9</ele>
      </trkpt>
      <trkpt lat="39.78978" lon="2.8924">
        <ele>386.6</ele>
      </trkpt>
      <trkpt lat="39.78981" lon="2.89226">
        <ele>385.5</ele>
      </trkpt>
      <trkpt lat="39.78988" lon="2.89174">
        <ele>379.8</ele>
      </trkpt>
      <trkpt lat="39.78991" lon="2.89163">
        <ele>379.1</ele>
      </trkpt>
      <trkpt lat="39.78997" lon="2.89157">
        <ele>379.8</ele>
      </trkpt>
      <trkpt lat="39.79016" lon="2.89146">
        <ele>383.3</ele>
      </trkpt>
      <trkpt lat="39.79088" lon="2.89112">
        <ele>392.3</ele>
      </trkpt>
      <trkpt lat="39.79099" lon="2.89106">
        <ele>391.1</ele>
      </trkpt>
      <trkpt lat="39.79103" lon="2.89099">
        <ele>390.5</ele>
      </trkpt>
      <trkpt lat="39.79104" lon="2.89094">
        <ele>390.1</ele>
      </trkpt>
      <trkpt lat="39.79102" lon="2.89089">
        <ele>389.7</ele>
      </trkpt>
      <trkpt lat="39.79094" lon="2.89082">
        <ele>388.8</ele>
      </trkpt>
      <trkpt lat="39.79035" lon="2.89055">
        <ele>383.0</ele>
      </trkpt>
      <trkpt lat="39.79028" lon="2.89049">
        <ele>382.9</ele>
      </trkpt>
      <trkpt lat="39.79014" lon="2.89019">
        <ele>384.8</ele>
      </trkpt>
      <trkpt lat="39.79011" lon="2.89018">
        <ele>384.5</ele>
      </trkpt>
      <trkpt lat="39.79008" lon="2.89017">
        <ele>384.2</ele>
      </trkpt>
      <trkpt lat="39.79005" lon="2.89019">
        <ele>383.5</ele>
      </trkpt>
      <trkpt lat="39.79003" lon="2.89023">
        <ele>382.7</ele>
      </trkpt>
      <trkpt lat="39.78993" lon="2.89069">
        <ele>377.6</ele>
      </trkpt>
      <trkpt lat="39.78989" lon="2.89078">
        <ele>376.7</ele>
      </trkpt>
      <trkpt lat="39.78984" lon="2.89083">
        <ele>376.4</ele>
      </trkpt>
      <trkpt lat="39.78975" lon="2.89087">
        <ele>377.1</ele>
      </trkpt>
      <trkpt lat="39.78936" lon="2.89095">
        <ele>378.7</ele>
      </trkpt>
      <trkpt lat="39.78928" lon="2.89098">
        <ele>378.6</ele>
      </trkpt>
      <trkpt lat="39.78921" lon="2.89102">
        <ele>378.1</ele>
      </trkpt>
      <trkpt lat="39.78913" lon="2.89111">
        <ele>376.4</ele>
      </trkpt>
      <trkpt lat="39.78896" lon="2.89149">
        <ele>368.2</ele>
      </trkpt>
      <trkpt lat="39.78888" lon="2.8916">
        <ele>365.5</ele>
      </trkpt>
      <trkpt lat="39.78871" lon="2.89174">
        <ele>363.3</ele>
      </trkpt>
      <trkpt lat="39.78824" lon="2.89202">
        <ele>357.7</ele>
      </trkpt>
      <trkpt lat="39.78815" lon="2.89205">
        <ele>356.1</ele>
      </trkpt>
      <trkpt lat="39.78807" lon="2.89204">
        <ele>355.0</ele>
      </trkpt>
      <trkpt lat="39.78795" lon="2.89195">
        <ele>354.1</ele>
      </trkpt>
      <trkpt lat="39.78748" lon="2.89151">
        <ele>356.6</ele>
      </trkpt>
      <trkpt lat="39.78742" lon="2.89148">
        <ele>358.7</ele>
      </trkpt>
      <trkpt lat="39.78734" lon="2.8915">
        <ele>359.5</ele>
      </trkpt>
      <trkpt lat="39.78727" lon="2.89155">
        <ele>359.2</ele>
      </trkpt>
      <trkpt lat="39.78705" lon="2.89197">
        <ele>355.0</ele>
      </trkpt>
      <trkpt lat="39.78696" lon="2.89217">
        <ele>353.4</ele>
      </trkpt>
      <trkpt lat="39.78694" lon="2.89224">
        <ele>352.6</ele>
      </trkpt>
      <trkpt lat="39.78694" lon="2.89232">
        <ele>351.3</ele>
      </trkpt>
      <trkpt lat="39.78696" lon="2.8925">
        <ele>348.1</ele>
      </trkpt>
      <trkpt lat="39.78707" lon="2.89298">
        <ele>344.4</ele>
      </trkpt>
      <trkpt lat="39.78707" lon="2.8931">
        <ele>343.5</ele>
      </trkpt>
      <trkpt lat="39.78706" lon="2.89316">
        <ele>343.1</ele>
      </trkpt>
      <trkpt lat="39.78703" lon="2.89321">
        <ele>342.6</ele>
      </trkpt>
      <trkpt lat="39.78694" lon="2.89329">
        <ele>341.6</ele>
      </trkpt>
      <trkpt lat="39.78675" lon="2.8934">
        <ele>339.7</ele>
      </trkpt>
      <trkpt lat="39.78657" lon="2.89353">
        <ele>340.9</ele>
      </trkpt>
      <trkpt lat="39.78648" lon="2.8936">
        <ele>341.9</ele>
      </trkpt>
      <trkpt lat="39.78641" lon="2.89371">
        <ele>342.1</ele>
      </trkpt>
      <trkpt lat="39.78597" lon="2.89465">
        <ele>335.4</ele>
      </trkpt>
      <trkpt lat="39.78591" lon="2.89476">
        <ele>334.0</ele>
      </trkpt>
      <trkpt lat="39.78582" lon="2.89488">
        <ele>331.3</ele>
      </trkpt>
      <trkpt lat="39.78525" lon="2.89539">
        <ele>325.1</ele>
      </trkpt>
      <trkpt lat="39.78468" lon="2.8959">
        <ele>319.0</ele>
      </trkpt>
      <trkpt lat="39.7846" lon="2.89595">
        <ele>318.9</ele>
      </trkpt>
      <trkpt lat="39.78442" lon="2.89597">
        <ele>316.5</ele>
      </trkpt>
      <trkpt lat="39.78406" lon="2.89597">
        <ele>312.0</ele>
      </trkpt>
      <trkpt lat="39.78393" lon="2.89602">
        <ele>312.6</ele>
      </trkpt>
      <trkpt lat="39.78374" lon="2.89612">
        <ele>314.0</ele>
      </trkpt>
      <trkpt lat="39.78352" lon="2.89621">
        <ele>314.8</ele>
      </trkpt>
      <trkpt lat="39.78345" lon="2.89622">
        <ele>314.6</ele>
      </trkpt>
      <trkpt lat="39.78338" lon="2.8962">
        <ele>313.7</ele>
      </trkpt>
      <trkpt lat="39.78296" lon="2.89597">
        <ele>306.6</ele>
      </trkpt>
      <trkpt lat="39.78287" lon="2.89595">
        <ele>305.8</ele>
      </trkpt>
      <trkpt lat="39.78278" lon="2.89596">
        <ele>305.7</ele>
      </trkpt>
      <trkpt lat="39.78261" lon="2.89605">
        <ele>306.9</ele>
      </trkpt>
      <trkpt lat="39.78244" lon="2.89616">
        <ele>307.8</ele>
      </trkpt>
      <trkpt lat="39.78218" lon="2.89632">
        <ele>305.5</ele>
      </trkpt>
      <trkpt lat="39.78207" lon="2.89642">
        <ele>303.9</ele>
      </trkpt>
      <trkpt lat="39.78183" lon="2.89665">
        <ele>298.1</ele>
      </trkpt>
      <trkpt lat="39.78178" lon="2.89669">
        <ele>297.4</ele>
      </trkpt>
      <trkpt lat="39.78168" lon="2.89672">
        <ele>295.4</ele>
      </trkpt>
      <trkpt lat="39.78155" lon="2.89673">
        <ele>291.7</ele>
      </trkpt>
      <trkpt lat="39.78151" lon="2.8966">
        <ele>288.8</ele>
      </trkpt>
      <trkpt lat="39.78126" lon="2.89657">
        <ele>281.9</ele>
      </trkpt>
      <trkpt lat="39.78115" lon="2.89661">
        <ele>278.0</ele>
      </trkpt>
      <trkpt lat="39.78105" lon="2.89662">
        <ele>274.8</ele>
      </trkpt>
      <trkpt lat="39.78076" lon="2.89675">
        <ele>267.9</ele>
      </trkpt>
      <trkpt lat="39.78052" lon="2.89703">
        <ele>268.6</ele>
      </trkpt>
      <trkpt lat="39.78031" lon="2.89722">
        <ele>265.2</ele>
      </trkpt>
      <trkpt lat="39.78005" lon="2.89738">
        <ele>257.3</ele>
      </trkpt>
      <trkpt lat="39.77987" lon="2.89746">
        <ele>252.4</ele>
      </trkpt>
      <trkpt lat="39.78005" lon="2.89738">
        <ele>257.3</ele>
      </trkpt>
      <trkpt lat="39.78031" lon="2.89722">
        <ele>265.2</ele>
      </trkpt>
      <trkpt lat="39.78052" lon="2.89703">
        <ele>268.6</ele>
      </trkpt>
      <trkpt lat="39.78076" lon="2.89675">
        <ele>267.9</ele>
      </trkpt>
      <trkpt lat="39.78105" lon="2.89662">
        <ele>274.8</ele>
      </trkpt>
      <trkpt lat="39.78115" lon="2.89661">
        <ele>278.0</ele>
      </trkpt>
      <trkpt lat="39.78126" lon="2.89657">
        <ele>281.9</ele>
      </trkpt>
      <trkpt lat="39.78151" lon="2.8966">
        <ele>288.8</ele>
      </trkpt>
      <trkpt lat="39.78155" lon="2.89673">
        <ele>291.7</ele>
      </trkpt>
      <trkpt lat="39.78122" lon="2.89677">
        <ele>282.5</ele>
      </trkpt>
      <trkpt lat="39.78116" lon="2.89681">
        <ele>281.9</ele>
      </trkpt>
      <trkpt lat="39.78083" lon="2.89724">
        <ele>284.1</ele>
      </trkpt>
      <trkpt lat="39.7805" lon="2.89767">
        <ele>288.8</ele>
      </trkpt>
      <trkpt lat="39.78044" lon="2.89773">
        <ele>290.2</ele>
      </trkpt>
      <trkpt lat="39.78035" lon="2.89779">
        <ele>290.3</ele>
      </trkpt>
      <trkpt lat="39.77998" lon="2.89799">
        <ele>287.5</ele>
      </trkpt>
      <trkpt lat="39.77946" lon="2.8983">
        <ele>282.1</ele>
      </trkpt>
      <trkpt lat="39.77931" lon="2.89834">
        <ele>276.7</ele>
      </trkpt>
      <trkpt lat="39.77884" lon="2.89844">
        <ele>271.5</ele>
      </trkpt>
      <trkpt lat="39.77844" lon="2.89867">
        <ele>277.3</ele>
      </trkpt>
      <trkpt lat="39.77828" lon="2.89875">
        <ele>278.7</ele>
      </trkpt>
      <trkpt lat="39.77819" lon="2.89878">
        <ele>279.6</ele>
      </trkpt>
      <trkpt lat="39.7781" lon="2.8988">
        <ele>280.0</ele>
      </trkpt>
      <trkpt lat="39.77768" lon="2.89883">
        <ele>279.2</ele>
      </trkpt>
      <trkpt lat="39.7775" lon="2.89882">
        <ele>277.8</ele>
      </trkpt>
      <trkpt lat="39.77737" lon="2.89878">
        <ele>277.2</ele>
      </trkpt>
      <trkpt lat="39.77689" lon="2.89858">
        <ele>269.8</ele>
      </trkpt>
      <trkpt lat="39.77684" lon="2.89854">
        <ele>267.6</ele>
      </trkpt>
      <trkpt lat="39.77682" lon="2.89849">
        <ele>264.6</ele>
      </trkpt>
      <trkpt lat="39.77682" lon="2.89843">
        <ele>261.0</ele>
      </trkpt>
      <trkpt lat="39.77685" lon="2.89839">
        <ele>258.5</ele>
      </trkpt>
      <trkpt lat="39.77689" lon="2.89837">
        <ele>257.2</ele>
      </trkpt>
      <trkpt lat="39.77696" lon="2.89838">
        <ele>257.7</ele>
      </trkpt>
      <trkpt lat="39.77727" lon="2.89851">
        <ele>264.2</ele>
      </trkpt>
      <trkpt lat="39.77753" lon="2.89857">
        <ele>266.3</ele>
      </trkpt>
      <trkpt lat="39.77766" lon="2.89857">
        <ele>267.0</ele>
      </trkpt>
      <trkpt lat="39.77778" lon="2.89855">
        <ele>266.7</ele>
      </trkpt>
      <trkpt lat="39.77826" lon="2.8984">
        <ele>262.6</ele>
      </trkpt>
      <trkpt lat="39.77844" lon="2.89835">
        <ele>262.0</ele>
      </trkpt>
      <trkpt lat="39.7785" lon="2.89832">
        <ele>261.3</ele>
      </trkpt>
      <trkpt lat="39.77854" lon="2.89825">
        <ele>259.0</ele>
      </trkpt>
      <trkpt lat="39.77855" lon="2.8982">
        <ele>257.2</ele>
      </trkpt>
      <trkpt lat="39.77853" lon="2.89814">
        <ele>254.7</ele>
      </trkpt>
      <trkpt lat="39.77849" lon="2.89811">
        <ele>253.2</ele>
      </trkpt>
      <trkpt lat="39.77843" lon="2.89812">
        <ele>253.0</ele>
      </trkpt>
      <trkpt lat="39.77833" lon="2.89815">
        <ele>253.2</ele>
      </trkpt>
      <trkpt lat="39.77763" lon="2.89831">
        <ele>254.8</ele>
      </trkpt>
      <trkpt lat="39.77756" lon="2.89831">
        <ele>254.4</ele>
      </trkpt>
      <trkpt lat="39.77701" lon="2.89804">
        <ele>241.4</ele>
      </trkpt>
      <trkpt lat="39.77674" lon="2.89795">
        <ele>236.4</ele>
      </trkpt>
      <trkpt lat="39.77658" lon="2.89793">
        <ele>233.7</ele>
      </trkpt>
      <trkpt lat="39.77645" lon="2.89793">
        <ele>231.4</ele>
      </trkpt>
      <trkpt lat="39.77631" lon="2.89795">
        <ele>229.9</ele>
      </trkpt>
      <trkpt lat="39.77607" lon="2.89807">
        <ele>231.3</ele>
      </trkpt>
      <trkpt lat="39.77586" lon="2.89821">
        <ele>233.9</ele>
      </trkpt>
      <trkpt lat="39.77576" lon="2.89828">
        <ele>235.7</ele>
      </trkpt>
      <trkpt lat="39.77566" lon="2.89831">
        <ele>235.7</ele>
      </trkpt>
      <trkpt lat="39.77549" lon="2.89833">
        <ele>234.3</ele>
      </trkpt>
      <trkpt lat="39.77538" lon="2.89836">
        <ele>234.4</ele>
      </trkpt>
      <trkpt lat="39.77523" lon="2.89844">
        <ele>236.5</ele>
      </trkpt>
      <trkpt lat="39.77513" lon="2.89846">
        <ele>236.1</ele>
      </trkpt>
      <trkpt lat="39.77502" lon="2.89844">
        <ele>233.5</ele>
      </trkpt>
      <trkpt lat="39.775" lon="2.89842">
        <ele>232.3</ele>
      </trkpt>
      <trkpt lat="39.77499" lon="2.89836">
        <ele>229.2</ele>
      </trkpt>
      <trkpt lat="39.775" lon="2.89831">
        <ele>227.2</ele>
      </trkpt>
      <trkpt lat="39.77505" lon="2.89828">
        <ele>226.7</ele>
      </trkpt>
      <trkpt lat="39.77545" lon="2.89819">
        <ele>228.0</ele>
      </trkpt>
      <trkpt lat="39.77585" lon="2.89801">
        <ele>224.6</ele>
      </trkpt>
      <trkpt lat="39.77603" lon="2.8979">
        <ele>222.7</ele>
      </trkpt>
      <trkpt lat="39.77606" lon="2.89785">
        <ele>220.8</ele>
      </trkpt>
      <trkpt lat="39.77606" lon="2.89779">
        <ele>218.1</ele>
      </trkpt>
      <trkpt lat="39.77605" lon="2.89775">
        <ele>216.0</ele>
      </trkpt>
      <trkpt lat="39.77602" lon="2.89772">
        <ele>214.1</ele>
      </trkpt>
      <trkpt lat="39.77599" lon="2.8977">
        <ele>212.7</ele>
      </trkpt>
      <trkpt lat="39.77594" lon="2.89771">
        <ele>212.3</ele>
      </trkpt>
      <trkpt lat="39.77568" lon="2.89795">
        <ele>220.2</ele>
      </trkpt>
      <trkpt lat="39.77561" lon="2.898">
        <ele>221.7</ele>
      </trkpt>
      <trkpt lat="39.77551" lon="2.89804">
        <ele>222.5</ele>
      </trkpt>
      <trkpt lat="39.77517" lon="2.89808">
        <ele>220.6</ele>
      </trkpt>
      <trkpt lat="39.77508" lon="2.89808">
        <ele>219.7</ele>
      </trkpt>
      <trkpt lat="39.77485" lon="2.89801">
        <ele>215.1</ele>
      </trkpt>
      <trkpt lat="39.77447" lon="2.89795">
        <ele>209.8</ele>
      </trkpt>
      <trkpt lat="39.77422" lon="2.89793">
        <ele>206.9</ele>
      </trkpt>
      <trkpt lat="39.77403" lon="2.89796">
        <ele>205.3</ele>
      </trkpt>
      <trkpt lat="39.77369" lon="2.89807">
        <ele>202.0</ele>
      </trkpt>
      <trkpt lat="39.77319" lon="2.89836">
        <ele>195.0</ele>
      </trkpt>
      <trkpt lat="39.77297" lon="2.89876">
        <ele>198.6</ele>
      </trkpt>
      <trkpt lat="39.7729" lon="2.89897">
        <ele>200.2</ele>
      </trkpt>
      <trkpt lat="39.77288" lon="2.89937">
        <ele>204.5</ele>
      </trkpt>
      <trkpt lat="39.77269" lon="2.89994">
        <ele>199.8</ele>
      </trkpt>
      <trkpt lat="39.77261" lon="2.9005">
        <ele>197.7</ele>
      </trkpt>
      <trkpt lat="39.77244" lon="2.90095">
        <ele>193.8</ele>
      </trkpt>
      <trkpt lat="39.7724" lon="2.90104">
        <ele>193.7</ele>
      </trkpt>
      <trkpt lat="39.77232" lon="2.90113">
        <ele>192.8</ele>
      </trkpt>
      <trkpt lat="39.77184" lon="2.90162">
        <ele>185.7</ele>
      </trkpt>
      <trkpt lat="39.77193" lon="2.90221">
        <ele>189.2</ele>
      </trkpt>
      <trkpt lat="39.77206" lon="2.90256">
        <ele>191.4</ele>
      </trkpt>
      <trkpt lat="39.77227" lon="2.90294">
        <ele>191.6</ele>
      </trkpt>
      <trkpt lat="39.77216" lon="2.90288">
        <ele>190.9</ele>
      </trkpt>
      <trkpt lat="39.77192" lon="2.90285">
        <ele>188.6</ele>
      </trkpt>
      <trkpt lat="39.77206" lon="2.90342">
        <ele>187.6</ele>
      </trkpt>
      <trkpt lat="39.77209" lon="2.90375">
        <ele>186.8</ele>
      </trkpt>
      <trkpt lat="39.772" lon="2.90381">
        <ele>186.0</ele>
      </trkpt>
      <trkpt lat="39.77207" lon="2.90402">
        <ele>185.8</ele>
      </trkpt>
      <trkpt lat="39.77219" lon="2.90428">
        <ele>185.7</ele>
      </trkpt>
      <trkpt lat="39.77227" lon="2.90444">
        <ele>185.4</ele>
      </trkpt>
      <trkpt lat="39.77236" lon="2.90454">
        <ele>185.6</ele>
      </trkpt>
      <trkpt lat="39.77249" lon="2.90459">
        <ele>186.4</ele>
      </trkpt>
      <trkpt lat="39.77259" lon="2.90465">
        <ele>188.0</ele>
      </trkpt>
      <trkpt lat="39.77275" lon="2.90495">
        <ele>189.9</ele>
      </trkpt>
      <trkpt lat="39.77289" lon="2.90528">
        <ele>189.5</ele>
      </trkpt>
      <trkpt lat="39.77301" lon="2.90562">
        <ele>188.4</ele>
      </trkpt>
      <trkpt lat="39.77306" lon="2.90589">
        <ele>186.9</ele>
      </trkpt>
      <trkpt lat="39.77311" lon="2.90646">
        <ele>186.1</ele>
      </trkpt>
      <trkpt lat="39.77309" lon="2.90684">
        <ele>183.9</ele>
      </trkpt>
      <trkpt lat="39.77305" lon="2.90714">
        <ele>181.2</ele>
      </trkpt>
      <trkpt lat="39.77305" lon="2.90724">
        <ele>180.7</ele>
      </trkpt>
      <trkpt lat="39.77311" lon="2.9076">
        <ele>179.3</ele>
      </trkpt>
      <trkpt lat="39.77326" lon="2.90805">
        <ele>176.5</ele>
      </trkpt>
      <trkpt lat="39.7733" lon="2.90847">
        <ele>172.8</ele>
      </trkpt>
      <trkpt lat="39.77329" lon="2.90874">
        <ele>171.4</ele>
      </trkpt>
      <trkpt lat="39.77313" lon="2.90919">
        <ele>166.7</ele>
      </trkpt>
      <trkpt lat="39.7731" lon="2.9095">
        <ele>164.8</ele>
      </trkpt>
      <trkpt lat="39.77312" lon="2.91032">
        <ele>160.1</ele>
      </trkpt>
      <trkpt lat="39.77311" lon="2.91046">
        <ele>158.9</ele>
      </trkpt>
      <trkpt lat="39.77267" lon="2.91091">
        <ele>153.6</ele>
      </trkpt>
      <trkpt lat="39.77208" lon="2.91171">
        <ele>148.4</ele>
      </trkpt>
      <trkpt lat="39.77164" lon="2.91235">
        <ele>143.5</ele>
      </trkpt>
      <trkpt lat="39.7712" lon="2.91298">
        <ele>141.0</ele>
      </trkpt>
      <trkpt lat="39.77076" lon="2.91362">
        <ele>138.4</ele>
      </trkpt>
      <trkpt lat="39.77041" lon="2.91407">
        <ele>138.6</ele>
      </trkpt>
      <trkpt lat="39.77038" lon="2.91409">
        <ele>138.7</ele>
      </trkpt>
      <trkpt lat="39.77036" lon="2.9141">
        <ele>138.7</ele>
      </trkpt>
      <trkpt lat="39.77032" lon="2.9141">
        <ele>138.9</ele>
      </trkpt>
      <trkpt lat="39.77018" lon="2.91402">
        <ele>139.3</ele>
      </trkpt>
      <trkpt lat="39.77008" lon="2.91398">
        <ele>139.6</ele>
      </trkpt>
      <trkpt lat="39.76994" lon="2.914">
        <ele>140.3</ele>
      </trkpt>
      <trkpt lat="39.76984" lon="2.91411">
        <ele>141.4</ele>
      </trkpt>
      <trkpt lat="39.76989" lon="2.91418">
        <ele>141.2</ele>
      </trkpt>
      <trkpt lat="39.77028" lon="2.9148">
        <ele>144.3</ele>
      </trkpt>
      <trkpt lat="39.77093" lon="2.91546">
        <ele>141.7</ele>
      </trkpt>
      <trkpt lat="39.77158" lon="2.91612">
        <ele>140.1</ele>
      </trkpt>
      <trkpt lat="39.77224" lon="2.91678">
        <ele>137.3</ele>
      </trkpt>
      <trkpt lat="39.77268" lon="2.91733">
        <ele>135.2</ele>
      </trkpt>
      <trkpt lat="39.77312" lon="2.91789">
        <ele>133.8</ele>
      </trkpt>
      <trkpt lat="39.77318" lon="2.91798">
        <ele>133.4</ele>
      </trkpt>
      <trkpt lat="39.77326" lon="2.91826">
        <ele>132.5</ele>
      </trkpt>
      <trkpt lat="39.77351" lon="2.91899">
        <ele>131.4</ele>
      </trkpt>
      <trkpt lat="39.77362" lon="2.91932">
        <ele>131.3</ele>
      </trkpt>
      <trkpt lat="39.77374" lon="2.91987">
        <ele>131.1</ele>
      </trkpt>
      <trkpt lat="39.77383" lon="2.92004">
        <ele>130.9</ele>
      </trkpt>
      <trkpt lat="39.77421" lon="2.92068">
        <ele>128.6</ele>
      </trkpt>
      <trkpt lat="39.77429" lon="2.92096">
        <ele>128.0</ele>
      </trkpt>
      <trkpt lat="39.77436" lon="2.92152">
        <ele>127.4</ele>
      </trkpt>
      <trkpt lat="39.77444" lon="2.92229">
        <ele>126.1</ele>
      </trkpt>
      <trkpt lat="39.77446" lon="2.9224">
        <ele>125.9</ele>
      </trkpt>
      <trkpt lat="39.7745" lon="2.92246">
        <ele>125.7</ele>
      </trkpt>
      <trkpt lat="39.77465" lon="2.92261">
        <ele>125.5</ele>
      </trkpt>
      <trkpt lat="39.77525" lon="2.92297">
        <ele>125.1</ele>
      </trkpt>
      <trkpt lat="39.77531" lon="2.92304">
        <ele>125.1</ele>
      </trkpt>
      <trkpt lat="39.77557" lon="2.92362">
        <ele>124.8</ele>
      </trkpt>
      <trkpt lat="39.77571" lon="2.924">
        <ele>124.3</ele>
      </trkpt>
      <trkpt lat="39.77582" lon="2.9245">
        <ele>124.0</ele>
      </trkpt>
      <trkpt lat="39.77604" lon="2.92521">
        <ele>123.1</ele>
      </trkpt>
      <trkpt lat="39.77619" lon="2.92565">
        <ele>122.6</ele>
      </trkpt>
      <trkpt lat="39.77649" lon="2.92623">
        <ele>121.6</ele>
      </trkpt>
      <trkpt lat="39.77676" lon="2.9266">
        <ele>121.2</ele>
      </trkpt>
      <trkpt lat="39.77699" lon="2.9271">
        <ele>120.3</ele>
      </trkpt>
      <trkpt lat="39.77719" lon="2.92772">
        <ele>119.6</ele>
      </trkpt>
      <trkpt lat="39.77739" lon="2.92834">
        <ele>119.9</ele>
      </trkpt>
      <trkpt lat="39.77755" lon="2.92892">
        <ele>120.0</ele>
      </trkpt>
      <trkpt lat="39.77771" lon="2.9295">
        <ele>119.7</ele>
      </trkpt>
      <trkpt lat="39.77771" lon="2.92966">
        <ele>119.6</ele>
      </trkpt>
      <trkpt lat="39.77766" lon="2.92983">
        <ele>119.4</ele>
      </trkpt>
      <trkpt lat="39.77755" lon="2.93014">
        <ele>119.1</ele>
      </trkpt>
      <trkpt lat="39.77732" lon="2.93089">
        <ele>118.2</ele>
      </trkpt>
      <trkpt lat="39.77708" lon="2.93191">
        <ele>115.8</ele>
      </trkpt>
      <trkpt lat="39.77707" lon="2.93203">
        <ele>115.4</ele>
      </trkpt>
      <trkpt lat="39.77721" lon="2.93271">
        <ele>114.1</ele>
      </trkpt>
      <trkpt lat="39.77735" lon="2.9334">
        <ele>113.6</ele>
      </trkpt>
      <trkpt lat="39.77757" lon="2.93424">
        <ele>113.3</ele>
      </trkpt>
      <trkpt lat="39.77765" lon="2.93458">
        <ele>112.6</ele>
      </trkpt>
      <trkpt lat="39.77772" lon="2.93513">
        <ele>112.2</ele>
      </trkpt>
      <trkpt lat="39.77773" lon="2.93584">
        <ele>110.8</ele>
      </trkpt>
      <trkpt lat="39.77774" lon="2.93654">
        <ele>110.4</ele>
      </trkpt>
      <trkpt lat="39.7778" lon="2.93757">
        <ele>108.3</ele>
      </trkpt>
      <trkpt lat="39.77779" lon="2.93861">
        <ele>107.3</ele>
      </trkpt>
      <trkpt lat="39.77783" lon="2.93955">
        <ele>107.9</ele>
      </trkpt>
      <trkpt lat="39.77787" lon="2.94049">
        <ele>109.8</ele>
      </trkpt>
      <trkpt lat="39.77791" lon="2.94144">
        <ele>111.2</ele>
      </trkpt>
      <trkpt lat="39.77795" lon="2.94238">
        <ele>112.4</ele>
      </trkpt>
      <trkpt lat="39.77791" lon="2.94281">
        <ele>113.2</ele>
      </trkpt>
      <trkpt lat="39.77781" lon="2.94318">
        <ele>114.0</ele>
      </trkpt>
      <trkpt lat="39.77765" lon="2.94355">
        <ele>114.7</ele>
      </trkpt>
      <trkpt lat="39.77748" lon="2.94419">
        <ele>116.1</ele>
      </trkpt>
      <trkpt lat="39.77733" lon="2.9448">
        <ele>119.7</ele>
      </trkpt>
      <trkpt lat="39.77718" lon="2.9454">
        <ele>121.5</ele>
      </trkpt>
      <trkpt lat="39.77712" lon="2.94552">
        <ele>121.6</ele>
      </trkpt>
      <trkpt lat="39.77675" lon="2.94577">
        <ele>120.3</ele>
      </trkpt>
      <trkpt lat="39.77661" lon="2.9459">
        <ele>120.1</ele>
      </trkpt>
      <trkpt lat="39.77659" lon="2.94601">
        <ele>120.2</ele>
      </trkpt>
      <trkpt lat="39.77673" lon="2.94671">
        <ele>122.0</ele>
      </trkpt>
      <trkpt lat="39.7768" lon="2.94697">
        <ele>121.0</ele>
      </trkpt>
      <trkpt lat="39.77704" lon="2.94758">
        <ele>119.5</ele>
      </trkpt>
      <trkpt lat="39.77725" lon="2.94803">
        <ele>119.3</ele>
      </trkpt>
      <trkpt lat="39.77737" lon="2.9484">
        <ele>119.2</ele>
      </trkpt>
      <trkpt lat="39.77748" lon="2.94877">
        <ele>119.9</ele>
      </trkpt>
      <trkpt lat="39.77756" lon="2.9496">
        <ele>119.3</ele>
      </trkpt>
      <trkpt lat="39.77765" lon="2.95042">
        <ele>119.0</ele>
      </trkpt>
      <trkpt lat="39.77772" lon="2.95138">
        <ele>119.0</ele>
      </trkpt>
      <trkpt lat="39.77785" lon="2.95236">
        <ele>117.5</ele>
      </trkpt>
      <trkpt lat="39.77798" lon="2.95335">
        <ele>115.1</ele>
      </trkpt>
      <trkpt lat="39.77798" lon="2.95347">
        <ele>114.7</ele>
      </trkpt>
      <trkpt lat="39.77797" lon="2.95362">
        <ele>114.2</ele>
      </trkpt>
      <trkpt lat="39.77781" lon="2.95423">
        <ele>112.2</ele>
      </trkpt>
      <trkpt lat="39.77765" lon="2.95483">
        <ele>110.3</ele>
      </trkpt>
      <trkpt lat="39.77764" lon="2.95493">
        <ele>110.0</ele>
      </trkpt>
      <trkpt lat="39.77764" lon="2.95505">
        <ele>109.7</ele>
      </trkpt>
      <trkpt lat="39.77766" lon="2.95511">
        <ele>109.5</ele>
      </trkpt>
      <trkpt lat="39.77771" lon="2.95516">
        <ele>109.4</ele>
      </trkpt>
      <trkpt lat="39.77813" lon="2.95545">
        <ele>109.7</ele>
      </trkpt>
      <trkpt lat="39.77817" lon="2.95551">
        <ele>109.8</ele>
      </trkpt>
      <trkpt lat="39.7782" lon="2.95563">
        <ele>110.1</ele>
      </trkpt>
      <trkpt lat="39.77821" lon="2.95574">
        <ele>110.3</ele>
      </trkpt>
      <trkpt lat="39.7782" lon="2.95584">
        <ele>110.4</ele>
      </trkpt>
      <trkpt lat="39.77808" lon="2.95612">
        <ele>111.1</ele>
      </trkpt>
      <trkpt lat="39.77871" lon="2.95667">
        <ele>115.9</ele>
      </trkpt>
      <trkpt lat="39.77934" lon="2.95723">
        <ele>116.9</ele>
      </trkpt>
      <trkpt lat="39.77953" lon="2.95682">
        <ele>115.2</ele>
      </trkpt>
      <trkpt lat="39.7796" lon="2.95671">
        <ele>114.5</ele>
      </trkpt>
      <trkpt lat="39.77997" lon="2.95645">
        <ele>112.9</ele>
      </trkpt>
      <trkpt lat="39.78003" lon="2.95644">
        <ele>112.6</ele>
      </trkpt>
      <trkpt lat="39.78018" lon="2.9565">
        <ele>111.4</ele>
      </trkpt>
      <trkpt lat="39.78035" lon="2.95662">
        <ele>110.0</ele>
      </trkpt>
      <trkpt lat="39.78045" lon="2.95666">
        <ele>109.3</ele>
      </trkpt>
      <trkpt lat="39.78058" lon="2.95668">
        <ele>108.7</ele>
      </trkpt>
      <trkpt lat="39.7812" lon="2.95666">
        <ele>103.9</ele>
      </trkpt>
      <trkpt lat="39.78181" lon="2.95665">
        <ele>99.6</ele>
      </trkpt>
      <trkpt lat="39.78242" lon="2.95664">
        <ele>97.4</ele>
      </trkpt>
      <trkpt lat="39.78266" lon="2.95665">
        <ele>96.3</ele>
      </trkpt>
      <trkpt lat="39.7828" lon="2.95667">
        <ele>95.6</ele>
      </trkpt>
      <trkpt lat="39.78294" lon="2.95672">
        <ele>95.3</ele>
      </trkpt>
      <trkpt lat="39.78339" lon="2.95716">
        <ele>93.6</ele>
      </trkpt>
      <trkpt lat="39.78385" lon="2.95761">
        <ele>87.5</ele>
      </trkpt>
      <trkpt lat="39.78397" lon="2.9577">
        <ele>86.0</ele>
      </trkpt>
      <trkpt lat="39.78463" lon="2.95795">
        <ele>78.9</ele>
      </trkpt>
      <trkpt lat="39.78529" lon="2.9582">
        <ele>74.6</ele>
      </trkpt>
      <trkpt lat="39.78596" lon="2.95845">
        <ele>72.0</ele>
      </trkpt>
      <trkpt lat="39.78662" lon="2.95869">
        <ele>72.0</ele>
      </trkpt>
      <trkpt lat="39.7868" lon="2.9588">
        <ele>71.6</ele>
      </trkpt>
      <trkpt lat="39.78694" lon="2.95893">
        <ele>71.4</ele>
      </trkpt>
      <trkpt lat="39.78703" lon="2.95906">
        <ele>71.7</ele>
      </trkpt>
      <trkpt lat="39.78721" lon="2.95941">
        <ele>71.5</ele>
      </trkpt>
      <trkpt lat="39.78747" lon="2.96026">
        <ele>69.4</ele>
      </trkpt>
      <trkpt lat="39.78766" lon="2.96058">
        <ele>66.7</ele>
      </trkpt>
      <trkpt lat="39.78797" lon="2.96094">
        <ele>63.9</ele>
      </trkpt>
      <trkpt lat="39.78836" lon="2.96131">
        <ele>61.1</ele>
      </trkpt>
      <trkpt lat="39.78882" lon="2.96167">
        <ele>57.7</ele>
      </trkpt>
      <trkpt lat="39.78944" lon="2.96197">
        <ele>56.5</ele>
      </trkpt>
      <trkpt lat="39.78986" lon="2.96215">
        <ele>55.9</ele>
      </trkpt>
      <trkpt lat="39.79015" lon="2.9622">
        <ele>55.0</ele>
      </trkpt>
      <trkpt lat="39.79035" lon="2.96228">
        <ele>54.3</ele>
      </trkpt>
      <trkpt lat="39.7906" lon="2.96243">
        <ele>53.2</ele>
      </trkpt>
      <trkpt lat="39.79086" lon="2.96269">
        <ele>52.5</ele>
      </trkpt>
      <trkpt lat="39.79123" lon="2.96298">
        <ele>52.8</ele>
      </trkpt>
      <trkpt lat="39.79156" lon="2.96319">
        <ele>52.4</ele>
      </trkpt>
      <trkpt lat="39.79168" lon="2.96331">
        <ele>52.0</ele>
      </trkpt>
      <trkpt lat="39.79183" lon="2.96356">
        <ele>51.3</ele>
      </trkpt>
      <trkpt lat="39.79192" lon="2.96375">
        <ele>50.7</ele>
      </trkpt>
      <trkpt lat="39.79205" lon="2.96393">
        <ele>50.1</ele>
      </trkpt>
      <trkpt lat="39.79221" lon="2.96401">
        <ele>49.7</ele>
      </trkpt>
      <trkpt lat="39.79234" lon="2.96409">
        <ele>49.4</ele>
      </trkpt>
      <trkpt lat="39.79253" lon="2.9643">
        <ele>49.1</ele>
      </trkpt>
      <trkpt lat="39.79255" lon="2.96427">
        <ele>49.1</ele>
      </trkpt>
      <trkpt lat="39.79262" lon="2.96422">
        <ele>49.0</ele>
      </trkpt>
      <trkpt lat="39.79268" lon="2.9642">
        <ele>48.9</ele>
      </trkpt>
      <trkpt lat="39.79275" lon="2.96423">
        <ele>48.8</ele>
      </trkpt>
      <trkpt lat="39.79332" lon="2.96489">
        <ele>48.1</ele>
      </trkpt>
      <trkpt lat="39.79338" lon="2.96495">
        <ele>48.1</ele>
      </trkpt>
      <trkpt lat="39.79359" lon="2.96507">
        <ele>47.9</ele>
      </trkpt>
      <trkpt lat="39.79363" lon="2.9651">
        <ele>47.9</ele>
      </trkpt>
      <trkpt lat="39.79371" lon="2.96518">
        <ele>47.8</ele>
      </trkpt>
      <trkpt lat="39.79384" lon="2.96537">
        <ele>47.7</ele>
      </trkpt>
      <trkpt lat="39.79404" lon="2.96558">
        <ele>47.8</ele>
      </trkpt>
      <trkpt lat="39.79465" lon="2.96585">
        <ele>49.3</ele>
      </trkpt>
      <trkpt lat="39.79484" lon="2.96591">
        <ele>50.4</ele>
      </trkpt>
      <trkpt lat="39.79497" lon="2.96593">
        <ele>51.0</ele>
      </trkpt>
      <trkpt lat="39.79565" lon="2.96589">
        <ele>54.1</ele>
      </trkpt>
      <trkpt lat="39.79633" lon="2.96584">
        <ele>55.3</ele>
      </trkpt>
      <trkpt lat="39.79655" lon="2.96586">
        <ele>56.3</ele>
      </trkpt>
      <trkpt lat="39.79692" lon="2.96602">
        <ele>59.2</ele>
      </trkpt>
      <trkpt lat="39.79723" lon="2.9662">
        <ele>60.9</ele>
      </trkpt>
      <trkpt lat="39.79764" lon="2.96651">
        <ele>62.8</ele>
      </trkpt>
      <trkpt lat="39.79805" lon="2.96682">
        <ele>66.0</ele>
      </trkpt>
      <trkpt lat="39.7986" lon="2.96732">
        <ele>69.6</ele>
      </trkpt>
      <trkpt lat="39.79926" lon="2.96788">
        <ele>69.6</ele>
      </trkpt>
      <trkpt lat="39.79993" lon="2.96845">
        <ele>73.5</ele>
      </trkpt>
      <trkpt lat="39.80031" lon="2.96871">
        <ele>75.9</ele>
      </trkpt>
      <trkpt lat="39.80083" lon="2.96896">
        <ele>70.6</ele>
      </trkpt>
      <trkpt lat="39.80106" lon="2.96906">
        <ele>70.3</ele>
      </trkpt>
      <trkpt lat="39.8015" lon="2.96918">
        <ele>68.1</ele>
      </trkpt>
      <trkpt lat="39.80222" lon="2.96934">
        <ele>68.5</ele>
      </trkpt>
      <trkpt lat="39.80241" lon="2.9694">
        <ele>68.7</ele>
      </trkpt>
      <trkpt lat="39.8026" lon="2.9695">
        <ele>69.3</ele>
      </trkpt>
      <trkpt lat="39.80273" lon="2.96959">
        <ele>69.8</ele>
      </trkpt>
      <trkpt lat="39.80295" lon="2.96978">
        <ele>70.3</ele>
      </trkpt>
      <trkpt lat="39.80322" lon="2.96993">
        <ele>68.2</ele>
      </trkpt>
      <trkpt lat="39.8037" lon="2.97011">
        <ele>65.8</ele>
      </trkpt>
      <trkpt lat="39.80378" lon="2.97013">
        <ele>65.2</ele>
      </trkpt>
      <trkpt lat="39.80414" lon="2.97004">
        <ele>62.8</ele>
      </trkpt>
      <trkpt lat="39.80422" lon="2.97003">
        <ele>62.3</ele>
      </trkpt>
      <trkpt lat="39.80428" lon="2.97002">
        <ele>61.9</ele>
      </trkpt>
      <trkpt lat="39.80435" lon="2.97004">
        <ele>61.5</ele>
      </trkpt>
      <trkpt lat="39.80447" lon="2.97011">
        <ele>60.7</ele>
      </trkpt>
      <trkpt lat="39.80486" lon="2.97051">
        <ele>60.8</ele>
      </trkpt>
      <trkpt lat="39.80535" lon="2.97102">
        <ele>60.4</ele>
      </trkpt>
      <trkpt lat="39.80583" lon="2.97152">
        <ele>61.0</ele>
      </trkpt>
      <trkpt lat="39.80622" lon="2.97196">
        <ele>61.8</ele>
      </trkpt>
      <trkpt lat="39.8066" lon="2.9724">
        <ele>62.8</ele>
      </trkpt>
      <trkpt lat="39.80666" lon="2.97249">
        <ele>63.0</ele>
      </trkpt>
      <trkpt lat="39.80706" lon="2.97327">
        <ele>63.5</ele>
      </trkpt>
      <trkpt lat="39.80728" lon="2.97364">
        <ele>64.0</ele>
      </trkpt>
      <trkpt lat="39.80753" lon="2.974">
        <ele>64.8</ele>
      </trkpt>
      <trkpt lat="39.80762" lon="2.97409">
        <ele>64.9</ele>
      </trkpt>
      <trkpt lat="39.80782" lon="2.97426">
        <ele>64.9</ele>
      </trkpt>
      <trkpt lat="39.80804" lon="2.97451">
        <ele>64.9</ele>
      </trkpt>
      <trkpt lat="39.80841" lon="2.975">
        <ele>65.1</ele>
      </trkpt>
      <trkpt lat="39.80851" lon="2.9751">
        <ele>65.2</ele>
      </trkpt>
      <trkpt lat="39.80902" lon="2.97549">
        <ele>65.8</ele>
      </trkpt>
      <trkpt lat="39.80914" lon="2.97566">
        <ele>66.0</ele>
      </trkpt>
      <trkpt lat="39.80944" lon="2.9761">
        <ele>66.1</ele>
      </trkpt>
      <trkpt lat="39.80958" lon="2.97644">
        <ele>66.1</ele>
      </trkpt>
      <trkpt lat="39.80967" lon="2.97676">
        <ele>66.2</ele>
      </trkpt>
      <trkpt lat="39.80969" lon="2.97696">
        <ele>66.3</ele>
      </trkpt>
      <trkpt lat="39.80971" lon="2.97726">
        <ele>66.3</ele>
      </trkpt>
      <trkpt lat="39.80969" lon="2.97805">
        <ele>67.2</ele>
      </trkpt>
      <trkpt lat="39.80968" lon="2.97885">
        <ele>69.3</ele>
      </trkpt>
      <trkpt lat="39.80971" lon="2.97901">
        <ele>69.8</ele>
      </trkpt>
      <trkpt lat="39.80978" lon="2.97917">
        <ele>70.3</ele>
      </trkpt>
      <trkpt lat="39.80998" lon="2.97956">
        <ele>70.6</ele>
      </trkpt>
      <trkpt lat="39.81025" lon="2.98012">
        <ele>73.2</ele>
      </trkpt>
      <trkpt lat="39.8105" lon="2.98049">
        <ele>75.1</ele>
      </trkpt>
      <trkpt lat="39.81091" lon="2.98096">
        <ele>77.3</ele>
      </trkpt>
      <trkpt lat="39.81102" lon="2.98109">
        <ele>78.1</ele>
      </trkpt>
      <trkpt lat="39.8111" lon="2.98122">
        <ele>78.4</ele>
      </trkpt>
      <trkpt lat="39.81132" lon="2.98167">
        <ele>78.4</ele>
      </trkpt>
      <trkpt lat="39.81139" lon="2.98184">
        <ele>78.3</ele>
      </trkpt>
      <trkpt lat="39.81143" lon="2.982">
        <ele>77.7</ele>
      </trkpt>
      <trkpt lat="39.81148" lon="2.98211">
        <ele>77.4</ele>
      </trkpt>
      <trkpt lat="39.81155" lon="2.98221">
        <ele>77.1</ele>
      </trkpt>
      <trkpt lat="39.81198" lon="2.9827">
        <ele>78.0</ele>
      </trkpt>
      <trkpt lat="39.81219" lon="2.98287">
        <ele>79.2</ele>
      </trkpt>
      <trkpt lat="39.81239" lon="2.98298">
        <ele>80.3</ele>
      </trkpt>
      <trkpt lat="39.81245" lon="2.98305">
        <ele>80.3</ele>
      </trkpt>
      <trkpt lat="39.81276" lon="2.98376">
        <ele>77.9</ele>
      </trkpt>
      <trkpt lat="39.81314" lon="2.98458">
        <ele>77.6</ele>
      </trkpt>
      <trkpt lat="39.81324" lon="2.98475">
        <ele>77.5</ele>
      </trkpt>
      <trkpt lat="39.81331" lon="2.98481">
        <ele>77.6</ele>
      </trkpt>
      <trkpt lat="39.81346" lon="2.98489">
        <ele>78.0</ele>
      </trkpt>
      <trkpt lat="39.8136" lon="2.98498">
        <ele>78.1</ele>
      </trkpt>
      <trkpt lat="39.81365" lon="2.98502">
        <ele>78.1</ele>
      </trkpt>
      <trkpt lat="39.81374" lon="2.98512">
        <ele>78.3</ele>
      </trkpt>
      <trkpt lat="39.81407" lon="2.98553">
        <ele>79.0</ele>
      </trkpt>
      <trkpt lat="39.81434" lon="2.98589">
        <ele>79.5</ele>
      </trkpt>
      <trkpt lat="39.81484" lon="2.98661">
        <ele>79.6</ele>
      </trkpt>
      <trkpt lat="39.81489" lon="2.9867">
        <ele>79.5</ele>
      </trkpt>
      <trkpt lat="39.81506" lon="2.98704">
        <ele>79.4</ele>
      </trkpt>
      <trkpt lat="39.81512" lon="2.98721">
        <ele>79.3</ele>
      </trkpt>
      <trkpt lat="39.81524" lon="2.98746">
        <ele>79.2</ele>
      </trkpt>
      <trkpt lat="39.81538" lon="2.98772">
        <ele>79.8</ele>
      </trkpt>
      <trkpt lat="39.81563" lon="2.98811">
        <ele>81.0</ele>
      </trkpt>
      <trkpt lat="39.81582" lon="2.98847">
        <ele>81.9</ele>
      </trkpt>
      <trkpt lat="39.81589" lon="2.98861">
        <ele>82.0</ele>
      </trkpt>
      <trkpt lat="39.81593" lon="2.98877">
        <ele>82.1</ele>
      </trkpt>
      <trkpt lat="39.81598" lon="2.98905">
        <ele>82.3</ele>
      </trkpt>
      <trkpt lat="39.81603" lon="2.98926">
        <ele>82.5</ele>
      </trkpt>
      <trkpt lat="39.81611" lon="2.98947">
        <ele>82.6</ele>
      </trkpt>
      <trkpt lat="39.81615" lon="2.98956">
        <ele>82.7</ele>
      </trkpt>
      <trkpt lat="39.81619" lon="2.98965">
        <ele>82.8</ele>
      </trkpt>
      <trkpt lat="39.81627" lon="2.98978">
        <ele>83.0</ele>
      </trkpt>
      <trkpt lat="39.81665" lon="2.99024">
        <ele>83.7</ele>
      </trkpt>
      <trkpt lat="39.81673" lon="2.99037">
        <ele>83.7</ele>
      </trkpt>
      <trkpt lat="39.81705" lon="2.99082">
        <ele>84.8</ele>
      </trkpt>
      <trkpt lat="39.81738" lon="2.99126">
        <ele>86.4</ele>
      </trkpt>
      <trkpt lat="39.81751" lon="2.99153">
        <ele>87.0</ele>
      </trkpt>
      <trkpt lat="39.81757" lon="2.99163">
        <ele>87.3</ele>
      </trkpt>
      <trkpt lat="39.81764" lon="2.99171">
        <ele>87.5</ele>
      </trkpt>
      <trkpt lat="39.81784" lon="2.99201">
        <ele>87.3</ele>
      </trkpt>
      <trkpt lat="39.81796" lon="2.99224">
        <ele>87.2</ele>
      </trkpt>
      <trkpt lat="39.81818" lon="2.99277">
        <ele>87.2</ele>
      </trkpt>
      <trkpt lat="39.81821" lon="2.99288">
        <ele>87.0</ele>
      </trkpt>
      <trkpt lat="39.81827" lon="2.99297">
        <ele>87.0</ele>
      </trkpt>
      <trkpt lat="39.81861" lon="2.99399">
        <ele>85.1</ele>
      </trkpt>
      <trkpt lat="39.81875" lon="2.99458">
        <ele>86.0</ele>
      </trkpt>
      <trkpt lat="39.81888" lon="2.99517">
        <ele>87.6</ele>
      </trkpt>
      <trkpt lat="39.81927" lon="2.99571">
        <ele>87.7</ele>
      </trkpt>
      <trkpt lat="39.81948" lon="2.99596">
        <ele>88.2</ele>
      </trkpt>
      <trkpt lat="39.81997" lon="2.99664">
        <ele>89.0</ele>
      </trkpt>
      <trkpt lat="39.82037" lon="2.99714">
        <ele>89.5</ele>
      </trkpt>
      <trkpt lat="39.82077" lon="2.99764">
        <ele>88.9</ele>
      </trkpt>
      <trkpt lat="39.82117" lon="2.99819">
        <ele>90.6</ele>
      </trkpt>
      <trkpt lat="39.82157" lon="2.99873">
        <ele>94.4</ele>
      </trkpt>
      <trkpt lat="39.82208" lon="2.99934">
        <ele>98.9</ele>
      </trkpt>
      <trkpt lat="39.82261" lon="2.99989">
        <ele>102.0</ele>
      </trkpt>
      <trkpt lat="39.82293" lon="3.00043">
        <ele>104.4</ele>
      </trkpt>
      <trkpt lat="39.82307" lon="3.00062">
        <ele>103.9</ele>
      </trkpt>
      <trkpt lat="39.82355" lon="3.00095">
        <ele>100.9</ele>
      </trkpt>
      <trkpt lat="39.82363" lon="3.00099">
        <ele>100.8</ele>
      </trkpt>
      <trkpt lat="39.82373" lon="3.00102">
        <ele>100.5</ele>
      </trkpt>
      <trkpt lat="39.8242" lon="3.00133">
        <ele>96.8</ele>
      </trkpt>
      <trkpt lat="39.82431" lon="3.00145">
        <ele>96.5</ele>
      </trkpt>
      <trkpt lat="39.82454" lon="3.00188">
        <ele>95.9</ele>
      </trkpt>
      <trkpt lat="39.82458" lon="3.00195">
        <ele>95.8</ele>
      </trkpt>
      <trkpt lat="39.82458" lon="3.00195">
        <ele>95.8</ele>
      </trkpt>
      <trkpt lat="39.82509" lon="3.00268">
        <ele>93.8</ele>
      </trkpt>
      <trkpt lat="39.82566" lon="3.0034">
        <ele>93.4</ele>
      </trkpt>
      <trkpt lat="39.82624" lon="3.00413">
        <ele>93.1</ele>
      </trkpt>
      <trkpt lat="39.82655" lon="3.00454">
        <ele>94.4</ele>
      </trkpt>
      <trkpt lat="39.82665" lon="3.00472">
        <ele>94.9</ele>
      </trkpt>
      <trkpt lat="39.82696" lon="3.00536">
        <ele>94.3</ele>
      </trkpt>
      <trkpt lat="39.82726" lon="3.00599">
        <ele>92.6</ele>
      </trkpt>
      <trkpt lat="39.82734" lon="3.0061">
        <ele>92.3</ele>
      </trkpt>
      <trkpt lat="39.82783" lon="3.00641">
        <ele>91.9</ele>
      </trkpt>
      <trkpt lat="39.82817" lon="3.00664">
        <ele>91.1</ele>
      </trkpt>
      <trkpt lat="39.82858" lon="3.00707">
        <ele>90.4</ele>
      </trkpt>
      <trkpt lat="39.82907" lon="3.00772">
        <ele>89.7</ele>
      </trkpt>
      <trkpt lat="39.82928" lon="3.0083">
        <ele>90.3</ele>
      </trkpt>
      <trkpt lat="39.82949" lon="3.00888">
        <ele>87.6</ele>
      </trkpt>
      <trkpt lat="39.82966" lon="3.00926">
        <ele>85.7</ele>
      </trkpt>
      <trkpt lat="39.82997" lon="3.00987">
        <ele>83.5</ele>
      </trkpt>
      <trkpt lat="39.83034" lon="3.01053">
        <ele>83.5</ele>
      </trkpt>
      <trkpt lat="39.83073" lon="3.01119">
        <ele>83.6</ele>
      </trkpt>
      <trkpt lat="39.83108" lon="3.01155">
        <ele>85.3</ele>
      </trkpt>
      <trkpt lat="39.83116" lon="3.01169">
        <ele>85.7</ele>
      </trkpt>
      <trkpt lat="39.83128" lon="3.01186">
        <ele>85.9</ele>
      </trkpt>
      <trkpt lat="39.83158" lon="3.01209">
        <ele>86.9</ele>
      </trkpt>
      <trkpt lat="39.83181" lon="3.01235">
        <ele>87.4</ele>
      </trkpt>
      <trkpt lat="39.83194" lon="3.01257">
        <ele>87.5</ele>
      </trkpt>
      <trkpt lat="39.83205" lon="3.01285">
        <ele>86.8</ele>
      </trkpt>
      <trkpt lat="39.83227" lon="3.01349">
        <ele>85.0</ele>
      </trkpt>
      <trkpt lat="39.83249" lon="3.01414">
        <ele>82.1</ele>
      </trkpt>
      <trkpt lat="39.83267" lon="3.01439">
        <ele>81.2</ele>
      </trkpt>
      <trkpt lat="39.83305" lon="3.01485">
        <ele>80.1</ele>
      </trkpt>
      <trkpt lat="39.83344" lon="3.01522">
        <ele>78.9</ele>
      </trkpt>
      <trkpt lat="39.8335" lon="3.01532">
        <ele>78.1</ele>
      </trkpt>
      <trkpt lat="39.83382" lon="3.01609">
        <ele>73.1</ele>
      </trkpt>
      <trkpt lat="39.83404" lon="3.01657">
        <ele>70.3</ele>
      </trkpt>
      <trkpt lat="39.83428" lon="3.01756">
        <ele>67.7</ele>
      </trkpt>
      <trkpt lat="39.83429" lon="3.01764">
        <ele>67.7</ele>
      </trkpt>
      <trkpt lat="39.83448" lon="3.01847">
        <ele>67.6</ele>
      </trkpt>
      <trkpt lat="39.83474" lon="3.01903">
        <ele>67.8</ele>
      </trkpt>
      <trkpt lat="39.83478" lon="3.01938">
        <ele>67.7</ele>
      </trkpt>
      <trkpt lat="39.83474" lon="3.01971">
        <ele>67.5</ele>
      </trkpt>
      <trkpt lat="39.83474" lon="3.01992">
        <ele>67.5</ele>
      </trkpt>
      <trkpt lat="39.83485" lon="3.02046">
        <ele>68.1</ele>
      </trkpt>
      <trkpt lat="39.83498" lon="3.02081">
        <ele>68.9</ele>
      </trkpt>
      <trkpt lat="39.8351" lon="3.02128">
        <ele>67.6</ele>
      </trkpt>
      <trkpt lat="39.83525" lon="3.02167">
        <ele>67.3</ele>
      </trkpt>
      <trkpt lat="39.83536" lon="3.02199">
        <ele>67.0</ele>
      </trkpt>
      <trkpt lat="39.83539" lon="3.02221">
        <ele>66.2</ele>
      </trkpt>
      <trkpt lat="39.83554" lon="3.02263">
        <ele>65.8</ele>
      </trkpt>
      <trkpt lat="39.83568" lon="3.02303">
        <ele>64.8</ele>
      </trkpt>
      <trkpt lat="39.83579" lon="3.02315">
        <ele>65.0</ele>
      </trkpt>
      <trkpt lat="39.83604" lon="3.02351">
        <ele>64.9</ele>
      </trkpt>
      <trkpt lat="39.83658" lon="3.02437">
        <ele>63.8</ele>
      </trkpt>
      <trkpt lat="39.83685" lon="3.02477">
        <ele>62.4</ele>
      </trkpt>
      <trkpt lat="39.8369" lon="3.02486">
        <ele>62.0</ele>
      </trkpt>
      <trkpt lat="39.83693" lon="3.02501">
        <ele>61.2</ele>
      </trkpt>
      <trkpt lat="39.83702" lon="3.02517">
        <ele>61.3</ele>
      </trkpt>
      <trkpt lat="39.83711" lon="3.02528">
        <ele>61.5</ele>
      </trkpt>
      <trkpt lat="39.83765" lon="3.02561">
        <ele>62.9</ele>
      </trkpt>
      <trkpt lat="39.83778" lon="3.02588">
        <ele>62.1</ele>
      </trkpt>
      <trkpt lat="39.83817" lon="3.0266">
        <ele>60.4</ele>
      </trkpt>
      <trkpt lat="39.83824" lon="3.02667">
        <ele>60.6</ele>
      </trkpt>
      <trkpt lat="39.83895" lon="3.02696">
        <ele>63.7</ele>
      </trkpt>
      <trkpt lat="39.83914" lon="3.02699">
        <ele>64.5</ele>
      </trkpt>
      <trkpt lat="39.83988" lon="3.02688">
        <ele>66.7</ele>
      </trkpt>
      <trkpt lat="39.84" lon="3.02683">
        <ele>67.0</ele>
      </trkpt>
      <trkpt lat="39.84005" lon="3.02684">
        <ele>67.3</ele>
      </trkpt>
      <trkpt lat="39.84008" lon="3.02687">
        <ele>67.5</ele>
      </trkpt>
      <trkpt lat="39.84013" lon="3.02701">
        <ele>67.7</ele>
      </trkpt>
      <trkpt lat="39.84014" lon="3.02708">
        <ele>67.8</ele>
      </trkpt>
      <trkpt lat="39.84013" lon="3.02716">
        <ele>67.7</ele>
      </trkpt>
      <trkpt lat="39.84009" lon="3.02746">
        <ele>67.4</ele>
      </trkpt>
      <trkpt lat="39.8401" lon="3.02754">
        <ele>67.2</ele>
      </trkpt>
      <trkpt lat="39.84037" lon="3.02804">
        <ele>65.2</ele>
      </trkpt>
      <trkpt lat="39.84044" lon="3.02813">
        <ele>64.9</ele>
      </trkpt>
      <trkpt lat="39.84052" lon="3.0282">
        <ele>64.8</ele>
      </trkpt>
      <trkpt lat="39.84078" lon="3.02833">
        <ele>64.8</ele>
      </trkpt>
      <trkpt lat="39.84086" lon="3.02838">
        <ele>65.2</ele>
      </trkpt>
      <trkpt lat="39.84092" lon="3.02847">
        <ele>65.7</ele>
      </trkpt>
      <trkpt lat="39.84104" lon="3.02876">
        <ele>67.0</ele>
      </trkpt>
      <trkpt lat="39.84121" lon="3.02922">
        <ele>69.8</ele>
      </trkpt>
      <trkpt lat="39.84127" lon="3.02934">
        <ele>71.2</ele>
      </trkpt>
      <trkpt lat="39.84136" lon="3.02949">
        <ele>73.3</ele>
      </trkpt>
      <trkpt lat="39.84138" lon="3.02953">
        <ele>73.9</ele>
      </trkpt>
      <trkpt lat="39.84137" lon="3.02957">
        <ele>74.0</ele>
      </trkpt>
      <trkpt lat="39.84135" lon="3.02964">
        <ele>74.1</ele>
      </trkpt>
      <trkpt lat="39.84215" lon="3.02998">
        <ele>82.5</ele>
      </trkpt>
      <trkpt lat="39.84295" lon="3.03032">
        <ele>84.6</ele>
      </trkpt>
      <trkpt lat="39.84339" lon="3.0305">
        <ele>82.9</ele>
      </trkpt>
      <trkpt lat="39.84382" lon="3.03069">
        <ele>80.9</ele>
      </trkpt>
      <trkpt lat="39.84423" lon="3.03093">
        <ele>78.4</ele>
      </trkpt>
      <trkpt lat="39.84458" lon="3.03121">
        <ele>78.3</ele>
      </trkpt>
      <trkpt lat="39.84497" lon="3.03154">
        <ele>73.2</ele>
      </trkpt>
      <trkpt lat="39.84536" lon="3.03186">
        <ele>70.3</ele>
      </trkpt>
      <trkpt lat="39.84581" lon="3.03227">
        <ele>66.3</ele>
      </trkpt>
      <trkpt lat="39.84655" lon="3.03284">
        <ele>61.5</ele>
      </trkpt>
      <trkpt lat="39.84687" lon="3.03302">
        <ele>59.8</ele>
      </trkpt>
      <trkpt lat="39.84719" lon="3.03315">
        <ele>58.7</ele>
      </trkpt>
      <trkpt lat="39.8475" lon="3.03324">
        <ele>57.8</ele>
      </trkpt>
      <trkpt lat="39.84771" lon="3.03328">
        <ele>57.7</ele>
      </trkpt>
      <trkpt lat="39.84838" lon="3.03337">
        <ele>57.6</ele>
      </trkpt>
      <trkpt lat="39.84892" lon="3.0334">
        <ele>54.9</ele>
      </trkpt>
      <trkpt lat="39.84947" lon="3.03344">
        <ele>52.9</ele>
      </trkpt>
      <trkpt lat="39.84992" lon="3.03348">
        <ele>51.8</ele>
      </trkpt>
      <trkpt lat="39.85022" lon="3.03354">
        <ele>52.1</ele>
      </trkpt>
      <trkpt lat="39.85062" lon="3.03367">
        <ele>52.7</ele>
      </trkpt>
      <trkpt lat="39.85109" lon="3.03393">
        <ele>53.1</ele>
      </trkpt>
      <trkpt lat="39.85157" lon="3.03418">
        <ele>53.3</ele>
      </trkpt>
      <trkpt lat="39.85184" lon="3.03429">
        <ele>53.8</ele>
      </trkpt>
      <trkpt lat="39.85209" lon="3.03436">
        <ele>54.5</ele>
      </trkpt>
      <trkpt lat="39.85231" lon="3.0344">
        <ele>55.2</ele>
      </trkpt>
      <trkpt lat="39.85253" lon="3.0344">
        <ele>56.2</ele>
      </trkpt>
      <trkpt lat="39.85267" lon="3.03437">
        <ele>56.2</ele>
      </trkpt>
      <trkpt lat="39.8529" lon="3.03431">
        <ele>55.9</ele>
      </trkpt>
      <trkpt lat="39.8531" lon="3.03423">
        <ele>55.8</ele>
      </trkpt>
      <trkpt lat="39.85331" lon="3.0341">
        <ele>55.6</ele>
      </trkpt>
      <trkpt lat="39.85355" lon="3.03389">
        <ele>53.8</ele>
      </trkpt>
      <trkpt lat="39.85381" lon="3.03359">
        <ele>50.9</ele>
      </trkpt>
      <trkpt lat="39.85426" lon="3.03312">
        <ele>45.3</ele>
      </trkpt>
      <trkpt lat="39.85479" lon="3.03253">
        <ele>45.6</ele>
      </trkpt>
      <trkpt lat="39.85533" lon="3.03195">
        <ele>46.6</ele>
      </trkpt>
      <trkpt lat="39.85586" lon="3.03137">
        <ele>48.1</ele>
      </trkpt>
      <trkpt lat="39.85612" lon="3.03105">
        <ele>49.5</ele>
      </trkpt>
      <trkpt lat="39.85645" lon="3.03059">
        <ele>52.1</ele>
      </trkpt>
      <trkpt lat="39.85699" lon="3.02972">
        <ele>57.6</ele>
      </trkpt>
      <trkpt lat="39.85705" lon="3.02983">
        <ele>56.7</ele>
      </trkpt>
      <trkpt lat="39.85707" lon="3.0299">
        <ele>56.2</ele>
      </trkpt>
      <trkpt lat="39.85726" lon="3.03048">
        <ele>54.0</ele>
      </trkpt>
      <trkpt lat="39.85728" lon="3.0307">
        <ele>53.5</ele>
      </trkpt>
      <trkpt lat="39.85719" lon="3.03141">
        <ele>51.4</ele>
      </trkpt>
      <trkpt lat="39.85718" lon="3.03209">
        <ele>48.9</ele>
      </trkpt>
      <trkpt lat="39.85717" lon="3.03277">
        <ele>45.9</ele>
      </trkpt>
      <trkpt lat="39.85716" lon="3.03287">
        <ele>45.4</ele>
      </trkpt>
      <trkpt lat="39.8571" lon="3.03298">
        <ele>44.6</ele>
      </trkpt>
      <trkpt lat="39.85696" lon="3.0332">
        <ele>42.7</ele>
      </trkpt>
      <trkpt lat="39.85669" lon="3.03352">
        <ele>39.7</ele>
      </trkpt>
      <trkpt lat="39.85653" lon="3.03372">
        <ele>39.1</ele>
      </trkpt>
      <trkpt lat="39.85619" lon="3.03435">
        <ele>37.7</ele>
      </trkpt>
      <trkpt lat="39.8561" lon="3.03466">
        <ele>37.0</ele>
      </trkpt>
      <trkpt lat="39.85603" lon="3.03507">
        <ele>35.9</ele>
      </trkpt>
      <trkpt lat="39.85588" lon="3.03553">
        <ele>33.5</ele>
      </trkpt>
      <trkpt lat="39.85564" lon="3.03605">
        <ele>32.6</ele>
      </trkpt>
      <trkpt lat="39.8554" lon="3.03658">
        <ele>33.1</ele>
      </trkpt>
      <trkpt lat="39.85519" lon="3.03731">
        <ele>33.1</ele>
      </trkpt>
      <trkpt lat="39.85505" lon="3.03756">
        <ele>33.1</ele>
      </trkpt>
      <trkpt lat="39.85498" lon="3.03764">
        <ele>33.3</ele>
      </trkpt>
      <trkpt lat="39.8551" lon="3.03777">
        <ele>33.2</ele>
      </trkpt>
      <trkpt lat="39.85553" lon="3.03826">
        <ele>32.2</ele>
      </trkpt>
      <trkpt lat="39.85583" lon="3.03868">
        <ele>30.6</ele>
      </trkpt>
      <trkpt lat="39.85609" lon="3.03912">
        <ele>30.4</ele>
      </trkpt>
      <trkpt lat="39.85641" lon="3.0397">
        <ele>30.2</ele>
      </trkpt>
      <trkpt lat="39.85684" lon="3.04064">
        <ele>27.5</ele>
      </trkpt>
      <trkpt lat="39.85689" lon="3.04083">
        <ele>27.0</ele>
      </trkpt>
      <trkpt lat="39.85692" lon="3.04105">
        <ele>26.6</ele>
      </trkpt>
      <trkpt lat="39.85696" lon="3.04146">
        <ele>26.0</ele>
      </trkpt>
      <trkpt lat="39.85701" lon="3.0417">
        <ele>25.8</ele>
      </trkpt>
      <trkpt lat="39.85702" lon="3.04182">
        <ele>25.7</ele>
      </trkpt>
      <trkpt lat="39.85701" lon="3.04197">
        <ele>25.6</ele>
      </trkpt>
      <trkpt lat="39.85701" lon="3.04202">
        <ele>25.6</ele>
      </trkpt>
      <trkpt lat="39.85712" lon="3.04218">
        <ele>25.8</ele>
      </trkpt>
      <trkpt lat="39.85713" lon="3.04224">
        <ele>25.8</ele>
      </trkpt>
      <trkpt lat="39.85713" lon="3.04232">
        <ele>25.8</ele>
      </trkpt>
      <trkpt lat="39.857" lon="3.04281">
        <ele>25.2</ele>
      </trkpt>
      <trkpt lat="39.85699" lon="3.04289">
        <ele>25.2</ele>
      </trkpt>
      <trkpt lat="39.85701" lon="3.0431">
        <ele>25.2</ele>
      </trkpt>
      <trkpt lat="39.857" lon="3.04317">
        <ele>25.2</ele>
      </trkpt>
      <trkpt lat="39.85694" lon="3.04328">
        <ele>25.0</ele>
      </trkpt>
      <trkpt lat="39.85692" lon="3.04334">
        <ele>24.9</ele>
      </trkpt>
      <trkpt lat="39.85694" lon="3.04382">
        <ele>24.2</ele>
      </trkpt>
      <trkpt lat="39.85693" lon="3.04389">
        <ele>24.1</ele>
      </trkpt>
      <trkpt lat="39.85689" lon="3.04405">
        <ele>23.7</ele>
      </trkpt>
      <trkpt lat="39.85688" lon="3.04412">
        <ele>23.6</ele>
      </trkpt>
      <trkpt lat="39.85698" lon="3.04493">
        <ele>23.1</ele>
      </trkpt>
      <trkpt lat="39.85703" lon="3.04521">
        <ele>22.9</ele>
      </trkpt>
      <trkpt lat="39.85702" lon="3.04536">
        <ele>22.9</ele>
      </trkpt>
      <trkpt lat="39.85704" lon="3.04542">
        <ele>22.8</ele>
      </trkpt>
      <trkpt lat="39.85715" lon="3.04557">
        <ele>22.5</ele>
      </trkpt>
      <trkpt lat="39.85723" lon="3.04569">
        <ele>22.1</ele>
      </trkpt>
      <trkpt lat="39.85729" lon="3.04576">
        <ele>21.9</ele>
      </trkpt>
      <trkpt lat="39.85734" lon="3.04583">
        <ele>21.6</ele>
      </trkpt>
      <trkpt lat="39.85745" lon="3.04606">
        <ele>21.2</ele>
      </trkpt>
      <trkpt lat="39.85753" lon="3.04636">
        <ele>21.0</ele>
      </trkpt>
      <trkpt lat="39.85756" lon="3.04643">
        <ele>21.1</ele>
      </trkpt>
      <trkpt lat="39.85768" lon="3.04661">
        <ele>21.2</ele>
      </trkpt>
      <trkpt lat="39.8579" lon="3.04702">
        <ele>21.3</ele>
      </trkpt>
      <trkpt lat="39.85795" lon="3.04708">
        <ele>21.2</ele>
      </trkpt>
      <trkpt lat="39.85803" lon="3.04715">
        <ele>21.1</ele>
      </trkpt>
      <trkpt lat="39.85822" lon="3.04736">
        <ele>20.5</ele>
      </trkpt>
      <trkpt lat="39.85825" lon="3.04741">
        <ele>20.4</ele>
      </trkpt>
      <trkpt lat="39.85829" lon="3.0475">
        <ele>20.1</ele>
      </trkpt>
      <trkpt lat="39.8584" lon="3.04799">
        <ele>20.4</ele>
      </trkpt>
      <trkpt lat="39.85843" lon="3.04806">
        <ele>20.4</ele>
      </trkpt>
      <trkpt lat="39.85855" lon="3.04823">
        <ele>20.2</ele>
      </trkpt>
      <trkpt lat="39.85861" lon="3.0483">
        <ele>20.0</ele>
      </trkpt>
      <trkpt lat="39.85866" lon="3.04832">
        <ele>19.8</ele>
      </trkpt>
      <trkpt lat="39.85883" lon="3.04837">
        <ele>19.1</ele>
      </trkpt>
      <trkpt lat="39.8589" lon="3.04843">
        <ele>18.8</ele>
      </trkpt>
      <trkpt lat="39.85898" lon="3.04856">
        <ele>18.3</ele>
      </trkpt>
      <trkpt lat="39.85914" lon="3.04886">
        <ele>17.4</ele>
      </trkpt>
      <trkpt lat="39.85931" lon="3.04911">
        <ele>17.4</ele>
      </trkpt>
      <trkpt lat="39.85945" lon="3.04935">
        <ele>17.5</ele>
      </trkpt>
      <trkpt lat="39.8595" lon="3.04945">
        <ele>17.5</ele>
      </trkpt>
      <trkpt lat="39.85956" lon="3.04965">
        <ele>17.4</ele>
      </trkpt>
      <trkpt lat="39.85958" lon="3.04974">
        <ele>17.3</ele>
      </trkpt>
      <trkpt lat="39.85959" lon="3.04988">
        <ele>17.4</ele>
      </trkpt>
      <trkpt lat="39.85961" lon="3.04992">
        <ele>17.4</ele>
      </trkpt>
      <trkpt lat="39.85963" lon="3.04997">
        <ele>17.4</ele>
      </trkpt>
      <trkpt lat="39.85957" lon="3.05005">
        <ele>17.5</ele>
      </trkpt>
      <trkpt lat="39.85952" lon="3.05012">
        <ele>17.6</ele>
      </trkpt>
      <trkpt lat="39.85902" lon="3.05077">
        <ele>18.3</ele>
      </trkpt>
      <trkpt lat="39.85852" lon="3.05142">
        <ele>18.8</ele>
      </trkpt>
      <trkpt lat="39.85802" lon="3.05207">
        <ele>18.8</ele>
      </trkpt>
      <trkpt lat="39.85762" lon="3.05259">
        <ele>19.5</ele>
      </trkpt>
      <trkpt lat="39.85723" lon="3.05311">
        <ele>21.7</ele>
      </trkpt>
      <trkpt lat="39.85716" lon="3.05327">
        <ele>22.1</ele>
      </trkpt>
      <trkpt lat="39.85711" lon="3.05347">
        <ele>21.9</ele>
      </trkpt>
      <trkpt lat="39.85707" lon="3.0539">
        <ele>20.8</ele>
      </trkpt>
      <trkpt lat="39.857" lon="3.05421">
        <ele>20.0</ele>
      </trkpt>
      <trkpt lat="39.85692" lon="3.05445">
        <ele>19.4</ele>
      </trkpt>
      <trkpt lat="39.85686" lon="3.05458">
        <ele>19.0</ele>
      </trkpt>
      <trkpt lat="39.85675" lon="3.05477">
        <ele>18.6</ele>
      </trkpt>
      <trkpt lat="39.85637" lon="3.05536">
        <ele>18.5</ele>
      </trkpt>
      <trkpt lat="39.85603" lon="3.0559">
        <ele>18.2</ele>
      </trkpt>
      <trkpt lat="39.85568" lon="3.05645">
        <ele>17.1</ele>
      </trkpt>
      <trkpt lat="39.85532" lon="3.057">
        <ele>16.0</ele>
      </trkpt>
      <trkpt lat="39.85495" lon="3.05756">
        <ele>15.2</ele>
      </trkpt>
      <trkpt lat="39.85455" lon="3.05819">
        <ele>16.0</ele>
      </trkpt>
      <trkpt lat="39.85415" lon="3.05882">
        <ele>16.6</ele>
      </trkpt>
      <trkpt lat="39.85375" lon="3.05946">
        <ele>16.0</ele>
      </trkpt>
      <trkpt lat="39.85342" lon="3.05995">
        <ele>15.1</ele>
      </trkpt>
      <trkpt lat="39.85335" lon="3.06003">
        <ele>14.9</ele>
      </trkpt>
      <trkpt lat="39.85325" lon="3.06008">
        <ele>14.6</ele>
      </trkpt>
      <trkpt lat="39.85308" lon="3.06016">
        <ele>14.3</ele>
      </trkpt>
      <trkpt lat="39.85303" lon="3.06018">
        <ele>14.2</ele>
      </trkpt>
      <trkpt lat="39.85301" lon="3.06021">
        <ele>14.1</ele>
      </trkpt>
      <trkpt lat="39.85299" lon="3.06028">
        <ele>14.0</ele>
      </trkpt>
      <trkpt lat="39.85296" lon="3.06063">
        <ele>13.5</ele>
      </trkpt>
      <trkpt lat="39.85294" lon="3.06075">
        <ele>13.2</ele>
      </trkpt>
      <trkpt lat="39.85268" lon="3.06185">
        <ele>13.4</ele>
      </trkpt>
      <trkpt lat="39.85241" lon="3.06295">
        <ele>11.5</ele>
      </trkpt>
      <trkpt lat="39.85214" lon="3.06405">
        <ele>11.9</ele>
      </trkpt>
      <trkpt lat="39.85188" lon="3.06515">
        <ele>10.9</ele>
      </trkpt>
      <trkpt lat="39.85161" lon="3.06625">
        <ele>10.6</ele>
      </trkpt>
      <trkpt lat="39.85134" lon="3.06735">
        <ele>11.3</ele>
      </trkpt>
      <trkpt lat="39.85108" lon="3.06845">
        <ele>13.3</ele>
      </trkpt>
      <trkpt lat="39.85097" lon="3.06879">
        <ele>13.2</ele>
      </trkpt>
      <trkpt lat="39.8509" lon="3.06895">
        <ele>13.2</ele>
      </trkpt>
      <trkpt lat="39.85057" lon="3.06966">
        <ele>12.6</ele>
      </trkpt>
      <trkpt lat="39.85023" lon="3.07037">
        <ele>12.3</ele>
      </trkpt>
      <trkpt lat="39.84989" lon="3.07109">
        <ele>11.6</ele>
      </trkpt>
      <trkpt lat="39.84981" lon="3.07123">
        <ele>11.3</ele>
      </trkpt>
      <trkpt lat="39.84925" lon="3.072">
        <ele>9.3</ele>
      </trkpt>
      <trkpt lat="39.8487" lon="3.07277">
        <ele>8.9</ele>
      </trkpt>
      <trkpt lat="39.84814" lon="3.07353">
        <ele>9.9</ele>
      </trkpt>
      <trkpt lat="39.84808" lon="3.07363">
        <ele>10.0</ele>
      </trkpt>
      <trkpt lat="39.84759" lon="3.0743">
        <ele>10.9</ele>
      </trkpt>
      <trkpt lat="39.84711" lon="3.07496">
        <ele>11.5</ele>
      </trkpt>
      <trkpt lat="39.84662" lon="3.07563">
        <ele>11.2</ele>
      </trkpt>
      <trkpt lat="39.84614" lon="3.0763">
        <ele>11.0</ele>
      </trkpt>
      <trkpt lat="39.84604" lon="3.07643">
        <ele>11.0</ele>
      </trkpt>
      <trkpt lat="39.84555" lon="3.07711">
        <ele>11.5</ele>
      </trkpt>
      <trkpt lat="39.84505" lon="3.0778">
        <ele>11.9</ele>
      </trkpt>
      <trkpt lat="39.84456" lon="3.07849">
        <ele>12.9</ele>
      </trkpt>
      <trkpt lat="39.84394" lon="3.07916">
        <ele>15.0</ele>
      </trkpt>
      <trkpt lat="39.84329" lon="3.07991">
        <ele>16.9</ele>
      </trkpt>
      <trkpt lat="39.84264" lon="3.08067">
        <ele>19.5</ele>
      </trkpt>
      <trkpt lat="39.84213" lon="3.08123">
        <ele>22.0</ele>
      </trkpt>
      <trkpt lat="39.84208" lon="3.08127">
        <ele>22.3</ele>
      </trkpt>
      <trkpt lat="39.84202" lon="3.0813">
        <ele>22.5</ele>
      </trkpt>
      <trkpt lat="39.84195" lon="3.08132">
        <ele>22.8</ele>
      </trkpt>
      <trkpt lat="39.84173" lon="3.08131">
        <ele>23.7</ele>
      </trkpt>
      <trkpt lat="39.84152" lon="3.08122">
        <ele>24.4</ele>
      </trkpt>
      <trkpt lat="39.84145" lon="3.08118">
        <ele>24.5</ele>
      </trkpt>
      <trkpt lat="39.84137" lon="3.0811">
        <ele>24.7</ele>
      </trkpt>
      <trkpt lat="39.84132" lon="3.08109">
        <ele>24.8</ele>
      </trkpt>
      <trkpt lat="39.84125" lon="3.0811">
        <ele>25.0</ele>
      </trkpt>
      <trkpt lat="39.8412" lon="3.08113">
        <ele>25.1</ele>
      </trkpt>
      <trkpt lat="39.84115" lon="3.08119">
        <ele>25.2</ele>
      </trkpt>
      <trkpt lat="39.84112" lon="3.08125">
        <ele>25.3</ele>
      </trkpt>
      <trkpt lat="39.84111" lon="3.08134">
        <ele>25.3</ele>
      </trkpt>
      <trkpt lat="39.84112" lon="3.08142">
        <ele>25.3</ele>
      </trkpt>
      <trkpt lat="39.84114" lon="3.0815">
        <ele>25.3</ele>
      </trkpt>
      <trkpt lat="39.84117" lon="3.08156">
        <ele>25.2</ele>
      </trkpt>
      <trkpt lat="39.84121" lon="3.08161">
        <ele>25.1</ele>
      </trkpt>
      <trkpt lat="39.84135" lon="3.08173">
        <ele>24.7</ele>
      </trkpt>
      <trkpt lat="39.84144" lon="3.08183">
        <ele>24.3</ele>
      </trkpt>
      <trkpt lat="39.84156" lon="3.08202">
        <ele>23.8</ele>
      </trkpt>
      <trkpt lat="39.84175" lon="3.08256">
        <ele>22.8</ele>
      </trkpt>
      <trkpt lat="39.84195" lon="3.08309">
        <ele>22.2</ele>
      </trkpt>
      <trkpt lat="39.84231" lon="3.08413">
        <ele>25.5</ele>
      </trkpt>
      <trkpt lat="39.84253" lon="3.08482">
        <ele>28.3</ele>
      </trkpt>
      <trkpt lat="39.84274" lon="3.08551">
        <ele>31.0</ele>
      </trkpt>
      <trkpt lat="39.84301" lon="3.08639">
        <ele>29.2</ele>
      </trkpt>
      <trkpt lat="39.84328" lon="3.08727">
        <ele>27.5</ele>
      </trkpt>
      <trkpt lat="39.84355" lon="3.08816">
        <ele>27.5</ele>
      </trkpt>
      <trkpt lat="39.84381" lon="3.08904">
        <ele>28.3</ele>
      </trkpt>
      <trkpt lat="39.84398" lon="3.08959">
        <ele>27.9</ele>
      </trkpt>
      <trkpt lat="39.84414" lon="3.09014">
        <ele>27.8</ele>
      </trkpt>
      <trkpt lat="39.84436" lon="3.09093">
        <ele>28.7</ele>
      </trkpt>
      <trkpt lat="39.84442" lon="3.09119">
        <ele>28.2</ele>
      </trkpt>
      <trkpt lat="39.84449" lon="3.09169">
        <ele>27.8</ele>
      </trkpt>
      <trkpt lat="39.84451" lon="3.09192">
        <ele>27.0</ele>
      </trkpt>
      <trkpt lat="39.84452" lon="3.09233">
        <ele>25.8</ele>
      </trkpt>
      <trkpt lat="39.84451" lon="3.09247">
        <ele>25.4</ele>
      </trkpt>
      <trkpt lat="39.84445" lon="3.09285">
        <ele>23.7</ele>
      </trkpt>
      <trkpt lat="39.84434" lon="3.09321">
        <ele>22.1</ele>
      </trkpt>
      <trkpt lat="39.84429" lon="3.09334">
        <ele>21.5</ele>
      </trkpt>
      <trkpt lat="39.84425" lon="3.09345">
        <ele>21.3</ele>
      </trkpt>
      <trkpt lat="39.84424" lon="3.09351">
        <ele>21.1</ele>
      </trkpt>
      <trkpt lat="39.84423" lon="3.09358">
        <ele>20.9</ele>
      </trkpt>
      <trkpt lat="39.84426" lon="3.09384">
        <ele>20.0</ele>
      </trkpt>
      <trkpt lat="39.84426" lon="3.09403">
        <ele>19.3</ele>
      </trkpt>
      <trkpt lat="39.8442" lon="3.09443">
        <ele>19.3</ele>
      </trkpt>
      <trkpt lat="39.8441" lon="3.09473">
        <ele>20.0</ele>
      </trkpt>
      <trkpt lat="39.84398" lon="3.09506">
        <ele>21.0</ele>
      </trkpt>
      <trkpt lat="39.84378" lon="3.09555">
        <ele>22.3</ele>
      </trkpt>
      <trkpt lat="39.84355" lon="3.0961">
        <ele>21.5</ele>
      </trkpt>
      <trkpt lat="39.84329" lon="3.09665">
        <ele>19.0</ele>
      </trkpt>
      <trkpt lat="39.84307" lon="3.09718">
        <ele>17.6</ele>
      </trkpt>
      <trkpt lat="39.843" lon="3.09728">
        <ele>17.4</ele>
      </trkpt>
      <trkpt lat="39.84283" lon="3.09749">
        <ele>17.0</ele>
      </trkpt>
      <trkpt lat="39.84266" lon="3.09764">
        <ele>16.6</ele>
      </trkpt>
      <trkpt lat="39.84257" lon="3.09769">
        <ele>16.5</ele>
      </trkpt>
      <trkpt lat="39.84225" lon="3.09781">
        <ele>17.5</ele>
      </trkpt>
      <trkpt lat="39.84169" lon="3.09791">
        <ele>19.9</ele>
      </trkpt>
      <trkpt lat="39.84147" lon="3.09799">
        <ele>20.9</ele>
      </trkpt>
      <trkpt lat="39.84119" lon="3.09813">
        <ele>22.0</ele>
      </trkpt>
      <trkpt lat="39.84091" lon="3.09834">
        <ele>22.5</ele>
      </trkpt>
      <trkpt lat="39.84071" lon="3.0985">
        <ele>22.5</ele>
      </trkpt>
      <trkpt lat="39.84013" lon="3.09903">
        <ele>20.8</ele>
      </trkpt>
      <trkpt lat="39.83955" lon="3.09955">
        <ele>17.8</ele>
      </trkpt>
      <trkpt lat="39.83897" lon="3.10008">
        <ele>16.7</ele>
      </trkpt>
      <trkpt lat="39.8384" lon="3.1006">
        <ele>14.9</ele>
      </trkpt>
      <trkpt lat="39.83779" lon="3.10116">
        <ele>11.7</ele>
      </trkpt>
      <trkpt lat="39.83718" lon="3.10172">
        <ele>10.1</ele>
      </trkpt>
      <trkpt lat="39.83696" lon="3.10191">
        <ele>10.5</ele>
      </trkpt>
      <trkpt lat="39.83674" lon="3.10208">
        <ele>10.4</ele>
      </trkpt>
      <trkpt lat="39.8365" lon="3.10224">
        <ele>10.5</ele>
      </trkpt>
      <trkpt lat="39.83647" lon="3.10243">
        <ele>9.8</ele>
      </trkpt>
      <trkpt lat="39.83647" lon="3.10251">
        <ele>9.4</ele>
      </trkpt>
      <trkpt lat="39.83652" lon="3.1027">
        <ele>8.5</ele>
      </trkpt>
      <trkpt lat="39.83661" lon="3.10278">
        <ele>8.0</ele>
      </trkpt>
      <trkpt lat="39.83687" lon="3.10308">
        <ele>7.0</ele>
      </trkpt>
      <trkpt lat="39.83703" lon="3.10344">
        <ele>5.6</ele>
      </trkpt>
      <trkpt lat="39.83719" lon="3.10381">
        <ele>4.1</ele>
      </trkpt>
      <trkpt lat="39.83729" lon="3.10411">
        <ele>2.7</ele>
      </trkpt>
      <trkpt lat="39.83729" lon="3.10428">
        <ele>2.3</ele>
      </trkpt>
      <trkpt lat="39.83727" lon="3.10432">
        <ele>2.3</ele>
      </trkpt>
      <trkpt lat="39.83727" lon="3.10437">
        <ele>2.2</ele>
      </trkpt>
      <trkpt lat="39.83728" lon="3.10442">
        <ele>2.1</ele>
      </trkpt>
      <trkpt lat="39.83731" lon="3.10448">
        <ele>1.9</ele>
      </trkpt>
      <trkpt lat="39.83736" lon="3.10451">
        <ele>1.8</ele>
      </trkpt>
      <trkpt lat="39.83744" lon="3.10461">
        <ele>1.5</ele>
      </trkpt>
      <trkpt lat="39.83753" lon="3.10495">
        <ele>1.1</ele>
      </trkpt>
      <trkpt lat="39.83769" lon="3.1059">
        <ele>0.6</ele>
      </trkpt>
      <trkpt lat="39.8378" lon="3.10667">
        <ele>-0.6</ele>
      </trkpt>
      <trkpt lat="39.83791" lon="3.10745">
        <ele>-1.0</ele>
      </trkpt>
      <trkpt lat="39.83803" lon="3.10832">
        <ele>0.0</ele>
      </trkpt>
      <trkpt lat="39.83816" lon="3.10918">
        <ele>-0.4</ele>
      </trkpt>
      <trkpt lat="39.83829" lon="3.1101">
        <ele>-0.8</ele>
      </trkpt>
      <trkpt lat="39.83841" lon="3.11102">
        <ele>1.0</ele>
      </trkpt>
      <trkpt lat="39.83855" lon="3.11194">
        <ele>5.3</ele>
      </trkpt>
      <trkpt lat="39.83869" lon="3.11285">
        <ele>4.4</ele>
      </trkpt>
      <trkpt lat="39.83876" lon="3.11344">
        <ele>2.8</ele>
      </trkpt>
      <trkpt lat="39.8389" lon="3.11448">
        <ele>1.2</ele>
      </trkpt>
      <trkpt lat="39.83904" lon="3.11545">
        <ele>1.2</ele>
      </trkpt>
      <trkpt lat="39.83919" lon="3.11643">
        <ele>0.3</ele>
      </trkpt>
      <trkpt lat="39.83933" lon="3.11741">
        <ele>1.1</ele>
      </trkpt>
      <trkpt lat="39.83947" lon="3.11838">
        <ele>1.7</ele>
      </trkpt>
      <trkpt lat="39.83961" lon="3.11936">
        <ele>2.7</ele>
      </trkpt>
      <trkpt lat="39.83975" lon="3.12034">
        <ele>2.2</ele>
      </trkpt>
      <trkpt lat="39.8398" lon="3.12074">
        <ele>2.8</ele>
      </trkpt>
      <trkpt lat="39.83972" lon="3.12093">
        <ele>3.2</ele>
      </trkpt>
      <trkpt lat="39.83968" lon="3.12096">
        <ele>3.3</ele>
      </trkpt>
      <trkpt lat="39.83966" lon="3.12101">
        <ele>3.4</ele>
      </trkpt>
      <trkpt lat="39.83964" lon="3.12106">
        <ele>3.5</ele>
      </trkpt>
      <trkpt lat="39.83965" lon="3.12111">
        <ele>3.6</ele>
      </trkpt>
      <trkpt lat="39.83966" lon="3.12117">
        <ele>3.7</ele>
      </trkpt>
      <trkpt lat="39.8397" lon="3.12122">
        <ele>3.9</ele>
      </trkpt>
      <trkpt lat="39.8399" lon="3.12171">
        <ele>5.5</ele>
      </trkpt>
      <trkpt lat="39.83998" lon="3.12195">
        <ele>5.3</ele>
      </trkpt>
      <trkpt lat="39.84008" lon="3.12232">
        <ele>4.4</ele>
      </trkpt>
      <trkpt lat="39.84025" lon="3.12321">
        <ele>2.6</ele>
      </trkpt>
      <trkpt lat="39.84042" lon="3.12411">
        <ele>1.1</ele>
      </trkpt>
      <trkpt lat="39.84052" lon="3.1246">
        <ele>1.5</ele>
      </trkpt>
      <trkpt lat="39.84065" lon="3.12527">
        <ele>3.0</ele>
      </trkpt>
      <trkpt lat="39.84069" lon="3.12545">
        <ele>3.7</ele>
      </trkpt>
      <trkpt lat="39.84062" lon="3.12548">
        <ele>4.0</ele>
      </trkpt>
      <trkpt lat="39.84031" lon="3.12587">
        <ele>6.3</ele>
      </trkpt>
      <trkpt lat="39.84047" lon="3.12606">
        <ele>6.4</ele>
      </trkpt>
      <trkpt lat="39.84054" lon="3.12611">
        <ele>6.4</ele>
      </trkpt>
      <trkpt lat="39.84063" lon="3.12612">
        <ele>6.4</ele>
      </trkpt>
      <trkpt lat="39.84062" lon="3.12649">
        <ele>7.7</ele>
      </trkpt>
      <trkpt lat="39.84058" lon="3.12661">
        <ele>7.9</ele>
      </trkpt>
      <trkpt lat="39.84049" lon="3.12673">
        <ele>7.7</ele>
      </trkpt>
      <trkpt lat="39.84039" lon="3.12679">
        <ele>7.1</ele>
      </trkpt>
      <trkpt lat="39.84034" lon="3.1268">
        <ele>6.8</ele>
      </trkpt>
      <trkpt lat="39.84029" lon="3.12677">
        <ele>6.6</ele>
      </trkpt>
      <trkpt lat="39.84024" lon="3.1267">
        <ele>6.7</ele>
      </trkpt>
    </trkseg>
  </trk>
</gpx>
