<?xml version="1.0" encoding="UTF-8"?>
<kml xmlns="http://www.opengis.net/kml/2.2">
  <Document>
    <name>Palma to Port de Soller</name>
    <Placemark>
      <name>Palma to Port de Soller</name>
      <LineString>
        <tessellate>1</tessellate>
        <coordinates>
2.6214,39.55542,49.8 2.62136,39.55551,49.8 2.62133,39.55554,49.8 2.6213,39.55558,49.8 2.62124,39.55564,49.9 2.62118,39.5557,49.9 2.62118,39.5557,49.9 2.62115,39.55569,49.9 2.62112,39.55568,50.0 2.62108,39.55567,50.1 2.62099,39.55567,50.3 2.62067,39.55569,52.1 2.62037,39.5557,55.1 2.62017,39.55572,57.0 2.61998,39.55573,58.8 2.61997,39.55573,59.0 2.61988,39.55574,59.9 2.61984,39.55575,60.3 2.61979,39.55577,60.7 2.61976,39.5558,60.8 2.61974,39.55581,61.0 2.61971,39.55585,61.1 2.6197,39.55592,60.9 2.61969,39.55595,60.9 2.61969,39.55598,60.8 2.6197,39.55604,60.5 2.6197,39.5561,60.3 2.6197,39.55616,60.1 2.61969,39.55621,60.0 2.61966,39.55627,60.2 2.61963,39.55632,60.4 2.6196,39.55634,60.8 2.61954,39.55638,61.4 2.6195,39.55639,61.9 2.61943,39.55641,62.8 2.61938,39.5564,63.5 2.61932,39.55638,64.3 2.61929,39.55636,64.8 2.61926,39.55634,65.2 2.61924,39.55632,65.5 2.61922,39.5563,65.8 2.61921,39.55625,66.0 2.6192,39.5562,66.1 2.6192,39.55615,66.2 2.61922,39.55607,66.1 2.61925,39.55599,65.9 2.61927,39.55591,65.8 2.61927,39.55587,65.8 2.61927,39.55584,65.9 2.61926,39.55582,66.1 2.61925,39.55579,66.5 2.61923,39.55576,66.9 2.61921,39.55574,67.3 2.61916,39.5557,68.1 2.61904,39.55561,68.7 2.61904,39.55561,68.7 2.61864,39.55591,68.3 2.61847,39.55603,69.0 2.61796,39.5564,70.7 2.61749,39.55678,71.8 2.61675,39.55735,70.7 2.61626,39.55776,68.2 2.61617,39.55783,68.2 2.61603,39.55786,68.3 2.61572,39.55791,69.7 2.61523,39.55798,74.1 2.61497,39.558,76.3 2.61474,39.55801,77.5 2.61392,39.55801,81.1 2.61322,39.55801,83.9 2.61319,39.55801,83.8 2.61317,39.55801,83.8 2.61313,39.55801,83.7 2.61309,39.55801,83.7 2.61306,39.55802,83.7 2.61304,39.55802,83.7 2.61301,39.55802,83.6 2.61299,39.55803,83.7 2.61296,39.55803,83.6 2.61294,39.55804,83.7 2.61291,39.55805,83.8 2.61289,39.55805,83.7 2.61287,39.55806,83.8 2.61269,39.55816,84.5 2.61244,39.55829,85.0 2.61196,39.55856,82.7 2.61141,39.55886,81.8 2.61084,39.55924,81.8 2.61025,39.55964,80.6 2.61015,39.5597,80.8 2.61001,39.55979,81.2 2.60985,39.55988,81.3 2.6098,39.55991,81.3 2.60977,39.55995,81.5 2.60974,39.55997,81.5 2.60967,39.56001,81.5 2.6094,39.56015,80.1 2.60853,39.56041,79.5 2.60816,39.56052,80.8 2.60793,39.56057,81.8 2.60792,39.56057,81.8 2.60791,39.56057,81.9 2.60788,39.56057,82.0 2.60786,39.56058,82.1 2.60746,39.56063,83.7 2.60723,39.56066,83.6 2.607,39.5607,83.4 2.60678,39.56072,83.2 2.60678,39.56072,83.2 2.60665,39.5608,82.8 2.60659,39.56085,82.0 2.60658,39.56093,81.7 2.60663,39.56144,81.0 2.60665,39.56162,80.9 2.60669,39.56177,82.0 2.60677,39.56198,83.7 2.60686,39.56219,84.9 2.60686,39.56222,85.1 2.60686,39.56225,85.4 2.60684,39.56233,86.3 2.60681,39.56242,87.4 2.6068,39.56247,88.0 2.6068,39.56248,88.1 2.60679,39.56251,88.4 2.60679,39.56254,88.5 2.60678,39.56263,88.9 2.60678,39.56263,88.9 2.60688,39.56287,88.1 2.60693,39.56303,87.6 2.60696,39.56315,87.4 2.60696,39.5632,87.5 2.60695,39.56325,87.7 2.60692,39.56332,88.4 2.60688,39.56341,88.1 2.60684,39.56347,87.9 2.60678,39.56352,88.2 2.60669,39.56358,88.8 2.60661,39.5636,89.3 2.60648,39.5636,90.3 2.60633,39.56359,91.7 2.60624,39.56358,92.5 2.60621,39.56358,92.8 2.60617,39.56358,93.1 2.60615,39.56359,93.1 2.60612,39.5636,93.2 2.6061,39.56361,93.2 2.60604,39.56365,93.1 2.60602,39.56367,93.0 2.60599,39.5637,92.9 2.60595,39.56375,92.5 2.60592,39.56381,92.0 2.6059,39.56386,91.5 2.60586,39.56391,91.1 2.6058,39.56395,91.0 2.60576,39.56396,91.1 2.6057,39.56398,91.1 2.60564,39.56399,91.3 2.60557,39.56399,91.7 2.60544,39.56398,92.4 2.60526,39.56396,93.5 2.60518,39.56397,93.8 2.60507,39.564,94.2 2.60495,39.56405,94.9 2.60491,39.56407,95.3 2.60488,39.56409,95.5 2.60485,39.56411,95.8 2.60476,39.56423,96.2 2.60476,39.56424,96.1 2.60471,39.56435,95.7 2.60468,39.56441,95.5 2.60465,39.56449,95.2 2.60459,39.56457,95.5 2.60454,39.56464,95.8 2.6044,39.56475,97.5 2.60432,39.56483,98.6 2.60424,39.56493,99.7 2.60422,39.56495,100.1 2.60398,39.5652,101.5 2.60393,39.56527,101.5 2.6039,39.56532,101.4 2.60388,39.56538,101.2 2.60388,39.56544,100.9 2.60388,39.56549,100.7 2.60392,39.56556,100.2 2.60393,39.56556,100.1 2.60398,39.56561,99.7 2.60409,39.56569,98.8 2.60418,39.56575,98.1 2.60424,39.56581,97.1 2.60427,39.56587,96.2 2.60429,39.56592,95.3 2.60429,39.56597,94.6 2.60429,39.56599,94.4 2.60428,39.56602,94.1 2.60426,39.56606,93.9 2.60421,39.56611,93.8 2.60416,39.56615,93.8 2.60412,39.56618,93.5 2.60405,39.56621,93.2 2.60399,39.56621,93.3 2.60394,39.56622,93.2 2.60387,39.56622,93.3 2.60379,39.5662,93.7 2.60365,39.56616,94.6 2.60355,39.56612,95.4 2.60342,39.56605,96.9 2.60334,39.56598,98.3 2.60329,39.56594,98.8 2.60309,39.56582,98.8 2.60276,39.56566,97.3 2.6025,39.56553,96.6 2.60236,39.56547,97.4 2.6022,39.56547,97.5 2.6021,39.5655,97.3 2.60164,39.56573,96.7 2.60148,39.56581,97.4 2.60148,39.56581,97.4 2.60157,39.5659,96.8 2.6016,39.56592,96.6 2.60173,39.56605,96.2 2.60175,39.56608,96.2 2.60179,39.56611,96.1 2.60187,39.56619,95.8 2.60195,39.56626,95.5 2.60201,39.56632,95.2 2.60203,39.56634,95.1 2.60208,39.56639,94.9 2.60216,39.56647,94.4 2.60226,39.56658,93.7 2.60231,39.56662,93.4 2.60236,39.56668,93.2 2.60243,39.56675,93.4 2.60245,39.56678,93.6 2.60256,39.56692,94.2 2.60272,39.56714,94.8 2.60287,39.56733,94.7 2.60292,39.56739,94.6 2.60299,39.5675,94.5 2.60321,39.56783,94.9 2.60324,39.56788,95.1 2.60333,39.568,95.4 2.60335,39.56804,95.7 2.60339,39.56809,96.1 2.60345,39.56818,96.7 2.60347,39.56822,97.0 2.60353,39.56832,97.7 2.60371,39.56859,97.6 2.60385,39.5688,97.0 2.60396,39.56897,96.2 2.60398,39.569,96.0 2.60402,39.56905,95.6 2.60407,39.56913,95.1 2.60412,39.56921,94.8 2.60415,39.56925,94.7 2.60424,39.56935,94.3 2.60434,39.56946,94.0 2.60443,39.56954,93.6 2.60458,39.56962,92.8 2.60468,39.56967,92.3 2.60471,39.56968,92.2 2.60477,39.56971,91.9 2.60512,39.56988,90.6 2.60538,39.57001,89.6 2.60549,39.57006,89.5 2.60555,39.57009,89.6 2.60566,39.57015,89.7 2.6057,39.57016,89.5 2.60588,39.57025,89.6 2.60621,39.57041,89.3 2.60662,39.5706,87.9 2.60678,39.57068,87.3 2.60703,39.5708,85.4 2.60708,39.57083,85.0 2.60713,39.57085,84.6 2.60722,39.57088,83.6 2.60745,39.571,81.8 2.6076,39.5711,81.7 2.6077,39.5712,82.3 2.60786,39.57136,82.9 2.60793,39.57141,82.9 2.60798,39.57144,82.9 2.60808,39.5715,82.7 2.60813,39.57153,82.6 2.60819,39.57156,82.3 2.60827,39.57159,82.0 2.6084,39.57164,81.2 2.60855,39.57169,80.2 2.60867,39.57173,79.4 2.60916,39.57191,76.4 2.60924,39.57196,76.4 2.60932,39.57203,76.5 2.60937,39.57208,76.6 2.60942,39.57215,76.9 2.60945,39.57219,77.0 2.60947,39.57223,77.2 2.60971,39.57269,77.5 2.60971,39.57269,77.5 2.6097,39.57272,77.6 2.60971,39.57274,77.5 2.60978,39.57286,77.1 2.60981,39.57293,77.0 2.60991,39.57315,76.9 2.60994,39.57321,76.9 2.61,39.57334,77.0 2.6101,39.57351,75.9 2.61015,39.57363,75.3 2.61017,39.57368,75.1 2.61017,39.57375,74.9 2.61017,39.57379,74.8 2.61015,39.57385,74.7 2.61012,39.57389,74.7 2.61002,39.57402,74.5 2.60999,39.57406,74.4 2.60999,39.57406,74.4 2.60996,39.57406,74.6 2.60993,39.57407,74.7 2.6099,39.57409,74.7 2.60987,39.5741,74.8 2.60985,39.57412,74.9 2.60983,39.57414,74.9 2.60981,39.57416,74.9 2.60979,39.57418,74.9 2.60978,39.5742,74.8 2.60977,39.57423,74.7 2.60976,39.57425,74.6 2.60976,39.57427,74.5 2.60976,39.5743,74.3 2.60976,39.57432,74.1 2.60976,39.57434,74.0 2.60977,39.57437,73.7 2.60964,39.57432,74.6 2.60959,39.57432,74.9 2.60952,39.57431,75.2 2.60947,39.57432,75.4 2.6093,39.57432,76.1 2.60905,39.57433,77.9 2.60884,39.57434,80.2 2.60858,39.57434,83.0 2.60845,39.57434,84.5 2.60823,39.57432,86.1 2.60817,39.57432,86.2 2.60793,39.5743,86.7 2.60763,39.57424,87.5 2.60744,39.5742,88.1 2.60738,39.57418,88.4 2.60722,39.57415,89.2 2.60721,39.57414,89.4 2.60717,39.57413,89.7 2.60711,39.57411,90.1 2.607,39.57406,91.1 2.60685,39.574,92.2 2.60679,39.57398,92.5 2.60675,39.57396,92.8 2.60671,39.57396,92.9 2.60662,39.57395,93.2 2.60654,39.57396,93.3 2.60652,39.57396,93.4 2.60649,39.57396,93.5 2.60642,39.57398,93.5 2.60635,39.574,93.6 2.60634,39.574,93.6 2.6062,39.57406,93.8 2.60617,39.57407,93.8 2.60613,39.57409,93.9 2.60599,39.57415,94.3 2.60595,39.57416,94.5 2.60588,39.57418,94.8 2.60579,39.57421,95.3 2.60574,39.57422,95.6 2.60563,39.57426,96.3 2.60537,39.57431,98.0 2.60507,39.57436,100.0 2.60484,39.57443,100.8 2.60477,39.57445,100.9 2.60466,39.57449,101.2 2.60463,39.5745,101.2 2.60455,39.57452,101.3 2.60453,39.57453,101.4 2.60441,39.57457,101.6 2.60434,39.57459,101.6 2.60432,39.5746,101.7 2.6042,39.57464,101.9 2.60412,39.57466,101.9 2.6041,39.57467,101.9 2.60398,39.57471,101.9 2.60395,39.57472,101.9 2.60388,39.57474,101.8 2.60368,39.57478,101.5 2.6036,39.57479,101.4 2.60353,39.5748,101.2 2.60342,39.57481,101.0 2.60327,39.57483,100.1 2.60307,39.57484,98.1 2.60306,39.57484,98.0 2.60286,39.57489,95.7 2.60266,39.57494,93.3 2.60254,39.57499,91.5 2.60246,39.57503,91.0 2.6024,39.57508,90.9 2.60238,39.5751,90.9 2.60238,39.57511,90.9 2.60232,39.5752,91.0 2.60231,39.57521,91.0 2.60228,39.57526,91.1 2.60228,39.57527,91.1 2.6022,39.57539,91.2 2.60216,39.57545,91.2 2.60212,39.57549,91.1 2.60204,39.57556,91.0 2.60194,39.57561,90.7 2.60189,39.57563,90.5 2.60175,39.57569,90.0 2.60158,39.57575,89.9 2.60146,39.57578,90.1 2.60132,39.57582,90.4 2.60124,39.57584,90.6 2.60121,39.57585,90.7 2.60103,39.57591,91.3 2.60084,39.57598,92.2 2.60063,39.57606,93.7 2.60041,39.57613,94.9 2.60039,39.57614,95.1 2.60035,39.57615,95.2 2.60025,39.57617,95.6 2.60018,39.57618,95.9 2.60017,39.57618,95.9 2.6001,39.5762,96.2 2.59996,39.57622,96.5 2.59994,39.57622,96.6 2.59989,39.57623,96.7 2.59976,39.57625,96.9 2.5997,39.57626,97.0 2.59958,39.57625,97.3 2.59948,39.57623,97.4 2.59942,39.57622,97.5 2.59925,39.57619,97.8 2.59899,39.57615,98.6 2.59873,39.57611,99.6 2.59842,39.57606,100.9 2.59833,39.57606,101.2 2.59832,39.57606,101.2 2.59813,39.57608,101.7 2.5981,39.57608,101.7 2.59808,39.57608,101.8 2.59795,39.57609,102.2 2.59787,39.5761,102.4 2.5978,39.5761,102.7 2.59765,39.57611,103.2 2.59751,39.57611,103.6 2.59723,39.57609,104.3 2.59709,39.57608,104.6 2.59701,39.57608,104.9 2.59696,39.57608,105.0 2.59694,39.57609,105.2 2.59691,39.57609,105.3 2.59682,39.57613,106.1 2.59673,39.57616,106.7 2.59662,39.57621,107.8 2.59652,39.57625,108.9 2.5964,39.5763,110.2 2.59632,39.57634,111.1 2.59628,39.57637,111.6 2.59622,39.57639,112.2 2.59618,39.57644,112.9 2.59616,39.57648,113.5 2.59614,39.57652,114.0 2.59615,39.57658,114.6 2.59619,39.57663,114.9 2.59619,39.57664,115.0 2.59624,39.57668,115.3 2.59631,39.57671,115.6 2.59636,39.57675,116.2 2.59637,39.57675,116.1 2.59638,39.57677,116.5 2.59639,39.57679,116.9 2.59639,39.57681,117.3 2.59638,39.57683,117.8 2.59637,39.57684,118.0 2.59635,39.57685,118.3 2.59633,39.57686,118.6 2.59632,39.57685,118.4 2.59628,39.57684,118.3 2.59627,39.57684,118.4 2.59622,39.57683,118.3 2.59617,39.57681,118.1 2.59612,39.57679,118.0 2.59601,39.57676,117.8 2.59593,39.57674,117.8 2.59581,39.5767,118.0 2.59568,39.57664,119.3 2.59544,39.57654,122.0 2.5953,39.57649,123.5 2.59522,39.57646,124.2 2.59516,39.57644,124.8 2.59503,39.57638,125.8 2.59502,39.57638,125.9 2.59492,39.57632,126.2 2.5948,39.57624,126.3 2.59473,39.57618,126.1 2.59471,39.57615,125.9 2.59467,39.57608,125.1 2.59465,39.57601,124.0 2.59464,39.57596,123.2 2.59462,39.57583,121.1 2.59461,39.57576,121.1 2.5946,39.57569,121.1 2.5946,39.57565,121.1 2.59459,39.57562,121.2 2.59456,39.57559,121.5 2.59453,39.57558,121.8 2.59449,39.57558,122.2 2.59446,39.57558,122.5 2.59444,39.5756,122.8 2.59439,39.57565,123.4 2.59417,39.57588,126.9 2.59412,39.57594,128.3 2.59411,39.57595,128.6 2.59406,39.57601,129.9 2.59406,39.57604,130.4 2.59405,39.57607,131.0 2.59403,39.57611,131.8 2.594,39.57621,133.7 2.59398,39.57626,134.6 2.59394,39.57634,135.9 2.59392,39.57638,136.6 2.59388,39.57643,137.3 2.5938,39.57649,138.0 2.59377,39.57652,138.4 2.59368,39.5766,139.1 2.59363,39.57664,139.4 2.59358,39.5767,140.1 2.59351,39.57674,140.5 2.59345,39.57677,140.7 2.59339,39.5768,141.0 2.5933,39.57682,141.1 2.59323,39.57683,141.1 2.59321,39.57683,141.1 2.59315,39.57684,141.2 2.59308,39.57686,141.4 2.59306,39.57686,141.4 2.59302,39.57688,141.7 2.59301,39.57689,141.9 2.593,39.57689,141.8 2.59299,39.57691,142.2 2.59297,39.57693,142.5 2.59297,39.57695,142.9 2.59298,39.57697,143.3 2.59299,39.57698,143.5 2.59301,39.57699,143.8 2.59304,39.57701,144.2 2.59307,39.57702,144.5 2.59309,39.57702,144.5 2.59313,39.57703,144.9 2.59316,39.57704,145.1 2.59318,39.57705,145.4 2.59322,39.57707,145.9 2.59327,39.57712,147.1 2.59329,39.57718,148.3 2.59329,39.57721,148.9 2.59328,39.57723,149.3 2.59325,39.57726,149.8 2.59323,39.57728,150.1 2.59319,39.57729,150.2 2.59315,39.5773,150.2 2.59313,39.5773,150.1 2.59304,39.5773,149.8 2.59291,39.57728,148.9 2.59281,39.57727,148.3 2.59275,39.57727,148.1 2.59263,39.57726,147.5 2.59247,39.57726,147.2 2.59235,39.57727,148.1 2.59234,39.57727,148.1 2.59216,39.57729,149.5 2.59195,39.57734,151.3 2.59176,39.57737,152.6 2.59157,39.5774,153.7 2.59154,39.57741,153.8 2.59143,39.57742,154.3 2.59136,39.57743,154.5 2.59113,39.57746,155.3 2.59108,39.57747,155.4 2.59101,39.57749,155.6 2.59096,39.57751,155.8 2.59087,39.57755,156.4 2.59079,39.5776,157.0 2.59069,39.57766,157.9 2.59051,39.57778,159.1 2.59046,39.57781,159.3 2.59042,39.57783,159.5 2.59033,39.57789,159.8 2.59024,39.57794,159.9 2.59015,39.578,159.9 2.59006,39.57806,159.7 2.58995,39.57813,159.5 2.58988,39.57817,159.4 2.58971,39.57826,158.8 2.58956,39.57833,158.0 2.58928,39.57842,157.0 2.58927,39.57843,156.9 2.58916,39.57847,156.5 2.58906,39.57851,156.4 2.58885,39.57859,156.1 2.58883,39.57859,156.1 2.58874,39.57863,155.9 2.58864,39.57867,155.8 2.58858,39.5787,155.7 2.58854,39.57872,155.6 2.58844,39.57876,155.5 2.58833,39.5788,155.3 2.58823,39.57884,155.5 2.58812,39.57888,155.8 2.58802,39.57891,156.1 2.58791,39.57895,156.3 2.58789,39.57896,156.3 2.58781,39.579,156.5 2.58771,39.57904,156.7 2.58761,39.57909,156.9 2.58752,39.57913,157.1 2.58738,39.57916,157.3 2.58736,39.57917,157.4 2.58729,39.57918,157.6 2.58715,39.57918,157.9 2.58702,39.57919,158.3 2.58691,39.5792,158.6 2.58688,39.5792,158.7 2.58673,39.57921,159.1 2.58666,39.57922,159.3 2.58653,39.57924,160.0 2.58641,39.57926,160.5 2.58631,39.57927,161.0 2.58621,39.57929,161.5 2.58619,39.5793,161.6 2.58601,39.57935,162.3 2.58599,39.57936,162.4 2.58582,39.57942,163.1 2.58578,39.57944,163.2 2.58577,39.57944,163.3 2.5856,39.5795,164.0 2.58554,39.57952,164.3 2.58535,39.5796,165.0 2.58519,39.57965,165.6 2.58508,39.57969,166.0 2.58481,39.57979,167.6 2.58474,39.57981,168.0 2.58468,39.57983,168.4 2.58451,39.57989,169.6 2.58437,39.57994,170.6 2.58428,39.57998,171.2 2.58414,39.58003,172.5 2.58409,39.58005,173.1 2.58404,39.58007,173.7 2.58397,39.58013,174.8 2.58393,39.58017,175.5 2.58389,39.58021,176.2 2.58387,39.58024,176.6 2.58386,39.58029,177.1 2.58385,39.58036,177.8 2.58383,39.58045,178.7 2.5838,39.58058,180.0 2.58378,39.58065,180.8 2.58376,39.5807,181.3 2.58372,39.58075,182.0 2.58366,39.58079,182.7 2.5836,39.5808,183.1 2.58353,39.58081,183.6 2.58348,39.58082,184.0 2.58337,39.58083,184.8 2.58331,39.58084,185.3 2.5832,39.58085,186.1 2.58308,39.58086,187.1 2.58299,39.58087,187.8 2.58292,39.58088,188.4 2.58285,39.58089,189.0 2.58263,39.58091,190.7 2.58245,39.58093,191.9 2.58238,39.58094,192.1 2.58228,39.58095,192.3 2.58216,39.58096,192.5 2.58203,39.58097,192.7 2.58197,39.58097,192.7 2.58189,39.58098,192.9 2.58174,39.58099,193.2 2.58161,39.581,193.9 2.58145,39.581,195.5 2.58129,39.581,197.0 2.58128,39.581,197.1 2.58123,39.581,197.6 2.58118,39.58099,197.9 2.58107,39.58097,198.5 2.58105,39.58096,198.5 2.58096,39.58095,199.2 2.58094,39.58094,199.2 2.58086,39.58093,199.7 2.58081,39.58091,199.8 2.58073,39.5809,200.4 2.58066,39.58088,200.7 2.58042,39.58085,202.4 2.5803,39.58084,203.3 2.58014,39.58083,204.7 2.57997,39.58082,206.5 2.57984,39.58082,208.2 2.57969,39.58081,210.2 2.57967,39.58082,210.4 2.57961,39.58082,211.2 2.57943,39.58078,213.6 2.57933,39.58076,215.0 2.57929,39.58074,215.5 2.57922,39.58073,216.4 2.57917,39.58071,217.1 2.57912,39.58068,217.7 2.57901,39.58064,219.0 2.57891,39.5806,220.1 2.57883,39.58055,221.0 2.57874,39.58048,221.9 2.57866,39.58041,222.7 2.57862,39.58035,223.0 2.57859,39.5803,223.2 2.57856,39.58028,223.5 2.57851,39.58025,223.9 2.57847,39.58024,224.3 2.57844,39.58025,224.6 2.57842,39.58026,224.8 2.5784,39.58028,225.0 2.57837,39.58031,225.4 2.57837,39.58036,225.5 2.57837,39.58042,225.6 2.57838,39.5805,225.7 2.57838,39.58056,225.8 2.57838,39.58058,225.9 2.57838,39.5806,225.9 2.57834,39.58067,226.5 2.57832,39.58068,226.9 2.5783,39.58068,227.3 2.57828,39.58069,227.7 2.57824,39.58069,228.4 2.57821,39.58069,229.0 2.57818,39.58067,229.5 2.57815,39.58066,230.0 2.5781,39.5806,230.7 2.57808,39.58057,230.9 2.57806,39.58055,231.1 2.57803,39.5805,231.4 2.57798,39.58044,231.9 2.57792,39.58037,232.4 2.57785,39.58027,232.8 2.57781,39.5802,232.8 2.57777,39.58013,232.8 2.57773,39.58006,232.7 2.57771,39.58,232.5 2.57767,39.57993,234.5 2.57767,39.57992,234.7 2.57765,39.57985,236.5 2.57768,39.57975,238.4 2.57773,39.57965,240.0 2.57777,39.57959,240.9 2.5778,39.57955,241.5 2.57784,39.57949,242.4 2.57788,39.57945,242.9 2.57796,39.57942,242.8 2.57803,39.5794,242.5 2.5781,39.5794,241.8 2.57818,39.57939,241.2 2.57832,39.57938,240.0 2.57854,39.57937,238.2 2.57877,39.57939,235.6 2.5788,39.57939,235.3 2.57891,39.5794,234.1 2.57896,39.57941,233.4 2.57903,39.57942,232.5 2.57905,39.57942,232.3 2.57908,39.57941,232.2 2.57911,39.57941,232.0 2.57912,39.57939,232.3 2.57913,39.57937,232.7 2.57914,39.57936,232.8 2.57914,39.57934,233.3 2.57913,39.57932,233.8 2.57912,39.57931,234.2 2.5791,39.57929,234.8 2.57909,39.57929,234.9 2.57906,39.57928,235.4 2.57902,39.57925,236.5 2.57898,39.57921,237.8 2.57897,39.57917,238.8 2.57897,39.57912,240.3 2.57899,39.57907,241.6 2.57903,39.57894,245.0 2.57907,39.57886,246.8 2.57908,39.57883,247.5 2.57908,39.5788,248.4 2.57906,39.57878,249.3 2.57904,39.57877,249.9 2.579,39.57876,250.8 2.57897,39.57877,251.0 2.57896,39.57877,251.1 2.57894,39.57879,250.8 2.57892,39.57881,250.5 2.57891,39.57882,250.3 2.57886,39.57886,249.8 2.57878,39.5789,249.5 2.5787,39.57893,249.6 2.57859,39.57893,251.0 2.57854,39.57893,251.7 2.57849,39.57892,252.7 2.57842,39.57892,253.6 2.57839,39.57891,254.4 2.57826,39.57889,257.0 2.57824,39.57889,257.3 2.5782,39.57887,258.7 2.57812,39.57886,260.3 2.57808,39.57886,260.9 2.57804,39.57885,262.0 2.57797,39.57884,263.5 2.57792,39.57884,264.2 2.57784,39.57885,265.0 2.5778,39.57886,265.1 2.57774,39.57887,265.5 2.57767,39.57887,266.5 2.57754,39.5789,266.8 2.57741,39.57893,267.4 2.5773,39.57896,267.9 2.57716,39.57899,268.8 2.57712,39.579,269.0 2.57706,39.57901,269.6 2.57698,39.57905,268.8 2.57691,39.57908,268.4 2.57686,39.5791,268.2 2.57674,39.57916,267.0 2.57665,39.5792,267.7 2.5766,39.57923,268.1 2.57652,39.57924,269.3 2.57646,39.57924,270.3 2.57637,39.57922,272.0 2.57632,39.57921,273.0 2.57623,39.57918,274.7 2.57612,39.57915,277.5 2.57601,39.57915,279.2 2.57588,39.57913,282.4 2.57583,39.57913,283.2 2.57576,39.57912,285.1 2.57568,39.57913,286.0 2.57564,39.57913,286.8 2.57562,39.57913,287.2 2.5756,39.57914,287.0 2.57559,39.57915,286.6 2.57558,39.57917,285.9 2.57557,39.57919,286.1 2.57557,39.57921,286.1 2.5756,39.57927,285.6 2.57563,39.57931,285.0 2.5757,39.57937,283.5 2.5758,39.57947,281.1 2.57589,39.57955,278.8 2.57594,39.57959,277.6 2.57599,39.57963,276.3 2.57602,39.57966,275.4 2.57608,39.57971,273.7 2.5761,39.57976,272.9 2.57613,39.57982,271.7 2.57613,39.57988,271.3 2.57613,39.57989,271.2 2.57611,39.57994,271.4 2.57607,39.57999,272.2 2.57604,39.58005,273.9 2.57599,39.58011,276.3 2.57595,39.58013,277.7 2.57592,39.58015,278.9 2.57587,39.58018,280.8 2.57586,39.58019,281.2 2.5758,39.58023,283.6 2.57572,39.58026,286.4 2.57569,39.58027,287.4 2.57566,39.58028,288.4 2.57564,39.58028,289.0 2.57562,39.58028,289.6 2.5756,39.58028,290.2 2.57558,39.58027,290.6 2.57557,39.58026,290.8 2.57555,39.58023,291.0 2.57555,39.58019,290.5 2.57556,39.58018,290.1 2.57557,39.58016,289.5 2.57561,39.58013,287.9 2.57567,39.5801,285.7 2.57573,39.58006,283.2 2.57579,39.58003,280.9 2.57587,39.57996,278.1 2.57588,39.57993,277.9 2.57589,39.5799,277.7 2.57587,39.57982,278.5 2.57583,39.57977,279.6 2.57572,39.57971,282.8 2.57563,39.57966,285.3 2.57557,39.57963,286.9 2.57547,39.57958,289.4 2.57544,39.57956,290.1 2.57539,39.57954,291.2 2.57529,39.57948,293.4 2.57525,39.57946,294.2 2.57523,39.57945,294.6 2.57519,39.57942,295.3 2.57512,39.57937,296.5 2.57508,39.57933,297.0 2.57504,39.57931,297.7 2.57502,39.5793,298.0 2.575,39.5793,298.4 2.57499,39.5793,298.7 2.57498,39.57931,299.1 2.57496,39.57932,299.8 2.57495,39.57933,300.1 2.57495,39.57934,300.2 2.57494,39.57935,300.6 2.57494,39.57936,300.7 2.57495,39.57938,300.7 2.57496,39.57938,300.4 2.57498,39.57939,300.0 2.575,39.57941,299.6 2.57502,39.57942,299.3 2.57511,39.57949,297.8 2.57515,39.57953,297.2 2.5752,39.57956,296.2 2.57524,39.57959,295.4 2.57527,39.57965,295.0 2.57529,39.57968,294.6 2.57531,39.57976,294.5 2.57529,39.5799,296.0 2.57526,39.58,297.6 2.57522,39.58015,300.2 2.57522,39.58017,300.3 2.57521,39.58021,301.0 2.5752,39.58028,301.8 2.5752,39.58032,302.2 2.5752,39.58035,302.4 2.5752,39.58037,302.6 2.5752,39.58043,303.1 2.57518,39.58053,304.4 2.57517,39.58055,304.9 2.57515,39.58062,305.9 2.57514,39.58067,306.6 2.57514,39.58071,306.9 2.57515,39.58074,306.9 2.57517,39.58079,306.8 2.5752,39.58082,306.3 2.57522,39.58086,306.6 2.57523,39.58087,306.6 2.57525,39.58089,306.6 2.57531,39.58095,306.7 2.57534,39.58097,306.5 2.57535,39.58099,306.8 2.57536,39.58101,307.0 2.57535,39.58102,307.5 2.57534,39.58104,308.2 2.57532,39.58105,308.8 2.5753,39.58106,309.5 2.57527,39.58106,310.2 2.57525,39.58106,310.6 2.57522,39.58105,311.1 2.5752,39.58104,311.3 2.57517,39.58102,311.5 2.57516,39.58102,311.7 2.57514,39.58101,311.9 2.5751,39.58098,312.1 2.57507,39.58095,312.1 2.57492,39.5809,313.8 2.57487,39.58086,313.7 2.57479,39.5808,314.4 2.57473,39.58076,315.3 2.57458,39.58065,317.8 2.57454,39.58063,318.6 2.57452,39.58063,319.0 2.57449,39.58063,319.5 2.57447,39.58063,319.9 2.57445,39.58063,320.3 2.57444,39.58064,320.5 2.57443,39.58064,320.7 2.57442,39.58065,320.9 2.57441,39.58067,321.0 2.57441,39.5807,321.0 2.57441,39.58073,321.0 2.57442,39.58074,320.8 2.57443,39.58076,320.6 2.57447,39.58081,319.9 2.57447,39.58082,319.9 2.57455,39.58089,319.5 2.57456,39.5809,319.5 2.57461,39.58095,319.6 2.57462,39.58096,319.6 2.57466,39.58098,319.3 2.5747,39.58103,319.7 2.57471,39.58104,319.7 2.57476,39.58109,320.0 2.57476,39.58111,320.4 2.57476,39.58112,320.6 2.57475,39.58114,321.1 2.57474,39.58116,321.6 2.57471,39.58118,322.3 2.5747,39.58118,322.4 2.57466,39.58119,323.1 2.57462,39.58118,323.4 2.57461,39.58117,323.3 2.57457,39.58115,323.5 2.57451,39.5811,323.4 2.57447,39.58107,323.5 2.57441,39.58101,323.4 2.57432,39.5809,323.3 2.57431,39.58089,323.3 2.57427,39.58085,323.5 2.57425,39.58081,323.7 2.5742,39.58074,324.7 2.57417,39.5807,325.4 2.57415,39.58065,325.7 2.57414,39.58063,325.8 2.5741,39.58059,326.1 2.57406,39.58057,326.4 2.57402,39.58056,326.6 2.57397,39.58056,326.8 2.57393,39.58055,327.1 2.57388,39.58056,327.2 2.57387,39.58056,327.3 2.57386,39.58056,327.3 2.57381,39.58056,327.5 2.57376,39.58057,327.7 2.57373,39.58057,327.8 2.57364,39.58056,328.3 2.57363,39.58056,328.3 2.5736,39.58056,328.4 2.5735,39.58056,328.9 2.57345,39.58055,329.2 2.57341,39.58054,329.5 2.5734,39.58054,329.6 2.57335,39.58053,329.9 2.57327,39.58051,329.9 2.5732,39.5805,329.6 2.57319,39.58049,329.7 2.57317,39.58049,329.5 2.573,39.58044,329.0 2.57297,39.58043,329.0 2.57295,39.58042,328.9 2.57275,39.58036,328.2 2.57274,39.58036,328.1 2.57247,39.58028,326.9 2.5724,39.58026,326.9 2.57232,39.58023,326.9 2.57219,39.58019,326.8 2.57211,39.58017,326.7 2.57209,39.58016,326.7 2.57208,39.58016,326.6 2.57189,39.58011,326.3 2.57183,39.5801,326.2 2.57181,39.58009,326.1 2.57175,39.58007,326.0 2.57167,39.58005,325.8 2.57164,39.58004,326.1 2.57153,39.58001,327.3 2.57145,39.57999,328.3 2.57137,39.57998,329.3 2.5713,39.57996,330.4 2.57122,39.57995,331.4 2.5712,39.57995,331.6 2.57117,39.57994,332.1 2.57114,39.57994,332.4 2.57107,39.57993,333.4 2.57091,39.57992,335.2 2.57089,39.57992,335.4 2.57084,39.57991,336.1 2.57061,39.57991,337.9 2.5706,39.57991,338.0 2.57054,39.57992,338.2 2.57053,39.57992,338.2 2.57049,39.57994,338.0 2.57044,39.57996,337.9 2.57034,39.58004,337.5 2.57029,39.58008,337.9 2.5702,39.58015,338.6 2.57017,39.58018,338.8 2.57014,39.5802,339.1 2.57013,39.58021,339.2 2.57008,39.58025,339.6 2.57002,39.58028,340.2 2.56997,39.58032,340.6 2.56991,39.58035,341.0 2.56989,39.58035,341.1 2.56987,39.58036,341.2 2.56982,39.58036,341.5 2.56981,39.58037,341.6 2.56975,39.58036,341.9 2.56971,39.58035,342.2 2.56962,39.5803,342.9 2.56961,39.5803,342.9 2.56948,39.58017,344.3 2.56945,39.58013,344.7 2.56942,39.5801,345.1 2.56938,39.58005,345.7 2.56934,39.58001,346.3 2.56921,39.57994,348.9 2.56914,39.57992,350.2 2.56912,39.57991,350.7 2.5691,39.57991,351.0 2.56906,39.57989,352.1 2.56905,39.57989,352.2 2.56904,39.57989,352.4 2.56899,39.57989,353.2 2.56898,39.5799,353.2 2.56894,39.5799,353.8 2.56892,39.57991,353.9 2.56888,39.57994,354.0 2.56885,39.57996,354.1 2.56883,39.57997,354.2 2.56879,39.58004,354.0 2.56877,39.58009,353.9 2.56874,39.58017,353.7 2.56872,39.58023,353.5 2.56869,39.58031,353.3 2.56865,39.58041,353.1 2.56855,39.58058,353.2 2.56852,39.58063,353.2 2.5685,39.58066,353.2 2.56842,39.58073,353.7 2.56831,39.58082,354.5 2.56805,39.58096,357.1 2.56794,39.58101,358.0 2.56785,39.58105,358.6 2.5678,39.58108,358.7 2.56774,39.58111,359.0 2.56771,39.58112,359.2 2.56768,39.58113,359.4 2.56753,39.58121,359.6 2.56738,39.58127,359.6 2.56726,39.58129,360.2 2.5671,39.58131,361.0 2.56709,39.58131,361.1 2.56704,39.58132,361.3 2.56693,39.58134,361.6 2.56676,39.58134,363.0 2.56652,39.58132,366.0 2.56648,39.58132,366.4 2.56633,39.58132,368.0 2.56625,39.58132,368.8 2.5662,39.58132,369.4 2.56617,39.58132,369.7 2.56612,39.58132,370.2 2.56611,39.58132,370.3 2.56607,39.58133,370.4 2.56602,39.58133,370.9 2.56601,39.58133,371.0 2.56595,39.58135,371.0 2.56589,39.58136,371.3 2.56588,39.58137,371.1 2.56573,39.5814,372.1 2.56567,39.58142,372.4 2.56551,39.58149,372.7 2.56539,39.58153,373.3 2.56527,39.58155,374.7 2.56524,39.58156,374.9 2.5652,39.58157,375.2 2.56515,39.58159,375.5 2.56514,39.58159,375.7 2.56507,39.5816,376.5 2.56502,39.58161,377.1 2.56497,39.58162,377.4 2.5649,39.58163,377.7 2.5648,39.58166,377.8 2.5647,39.58168,378.4 2.56463,39.58171,378.9 2.56459,39.58173,379.1 2.56458,39.58173,379.2 2.56444,39.58179,380.1 2.56439,39.58183,380.3 2.56432,39.58189,380.6 2.5643,39.5819,380.7 2.56422,39.58195,381.2 2.5642,39.58197,381.2 2.56418,39.58198,381.4 2.56414,39.582,381.4 2.5641,39.582,381.4 2.56406,39.582,381.4 2.56405,39.582,381.4 2.56401,39.58199,381.4 2.56396,39.58198,381.4 2.56391,39.58197,381.3 2.56383,39.58197,381.3 2.56378,39.58196,381.2 2.56373,39.58196,381.2 2.56367,39.58195,381.1 2.56362,39.58195,381.0 2.5636,39.58195,381.0 2.56357,39.58195,381.0 2.56355,39.58195,381.0 2.56349,39.58196,381.0 2.56348,39.58196,381.0 2.56326,39.58203,379.9 2.56324,39.58203,379.4 2.56311,39.58208,377.1 2.56303,39.58211,375.8 2.56289,39.58215,373.5 2.56282,39.58219,372.7 2.56268,39.58226,371.3 2.56263,39.58229,370.9 2.5626,39.58233,371.1 2.56257,39.58238,371.6 2.56252,39.58244,372.0 2.56249,39.58246,371.9 2.56247,39.58247,371.5 2.56244,39.58247,370.6 2.56241,39.58246,369.6 2.5624,39.58245,369.1 2.56239,39.58243,368.4 2.56238,39.58241,367.7 2.56238,39.58238,367.0 2.56239,39.58235,366.7 2.56243,39.58231,367.0 2.56249,39.58223,366.9 2.56257,39.58215,366.9 2.56263,39.58206,366.4 2.56269,39.58195,365.6 2.56276,39.58183,365.1 2.56278,39.58177,364.5 2.56279,39.58174,364.3 2.5628,39.58171,364.0 2.56281,39.58164,363.7 2.56281,39.58156,364.2 2.5628,39.58147,364.5 2.56278,39.5812,365.7 2.56277,39.5811,366.1 2.56277,39.58103,366.5 2.56276,39.58102,366.3 2.56273,39.5809,366.4 2.56271,39.58085,366.2 2.56263,39.58061,364.9 2.56259,39.58053,364.3 2.56254,39.58046,363.6 2.56252,39.58043,363.3 2.5625,39.5804,363.1 2.56247,39.58038,363.2 2.56244,39.58036,363.2 2.56241,39.58035,363.3 2.56239,39.58035,363.3 2.56238,39.58035,363.3 2.56236,39.58035,363.3 2.56234,39.58035,363.2 2.56228,39.58037,363.1 2.56222,39.5804,362.8 2.56219,39.58044,362.4 2.56214,39.58048,362.0 2.56206,39.58056,361.1 2.56204,39.58058,360.8 2.56197,39.58065,359.8 2.56192,39.58071,358.9 2.56191,39.58072,358.8 2.56179,39.58088,355.7 2.56174,39.58093,354.2 2.56167,39.581,351.8 2.56162,39.58103,350.7 2.56158,39.58105,349.8 2.56153,39.58105,349.4 2.56144,39.58106,348.3 2.56136,39.58105,347.9 2.56133,39.58105,347.6 2.56132,39.58106,347.2 2.5613,39.58107,346.7 2.56129,39.58109,345.9 2.56129,39.58112,344.9 2.56129,39.58114,344.2 2.56129,39.58115,343.9 2.56131,39.58117,343.5 2.56134,39.58118,343.5 2.56145,39.58119,344.4 2.56148,39.5812,344.5 2.5615,39.5812,344.7 2.56156,39.5812,345.5 2.56167,39.58116,347.8 2.56172,39.58114,348.9 2.56186,39.58106,352.4 2.56191,39.58103,353.5 2.56196,39.581,354.6 2.56203,39.58098,355.6 2.56211,39.58097,356.5 2.56212,39.58097,356.6 2.56216,39.58098,356.8 2.5622,39.581,356.9 2.56224,39.58103,356.9 2.56225,39.58108,356.4 2.56226,39.58108,356.5 2.56226,39.5811,356.3 2.56227,39.58111,356.3 2.56229,39.58117,355.8 2.56229,39.58121,355.3 2.5623,39.58127,354.8 2.5623,39.58129,354.5 2.56226,39.58143,352.2 2.56226,39.58145,351.9 2.56223,39.58155,350.0 2.5622,39.58162,348.4 2.56216,39.58168,347.1 2.56211,39.58175,347.3 2.56208,39.58177,346.9 2.56208,39.58178,347.1 2.56204,39.58181,346.7 2.56191,39.5819,345.1 2.56184,39.58195,344.2 2.56176,39.58202,343.4 2.56175,39.58203,343.3 2.56173,39.58204,342.9 2.56165,39.58213,342.4 2.56162,39.58217,342.4 2.56161,39.58217,342.2 2.56159,39.58223,342.8 2.56157,39.58231,343.7 2.56154,39.5824,344.6 2.56152,39.58244,344.8 2.56149,39.58247,344.7 2.56144,39.5825,344.1 2.56137,39.58251,342.9 2.56131,39.58251,341.6 2.56123,39.5825,339.6 2.56121,39.5825,339.1 2.56108,39.58249,336.2 2.56093,39.58245,332.2 2.56084,39.58243,329.9 2.56077,39.58241,327.9 2.56076,39.58241,327.7 2.56071,39.58241,326.5 2.56066,39.58241,325.3 2.56062,39.58241,324.4 2.56058,39.58243,323.8 2.56057,39.58245,323.9 2.56055,39.58246,323.6 2.56054,39.58247,323.5 2.56049,39.58253,323.3 2.56045,39.58263,324.1 2.56037,39.58279,324.5 2.56036,39.58281,324.5 2.56029,39.58296,324.5 2.56024,39.58307,324.3 2.56021,39.58313,324.0 2.56017,39.5832,323.4 2.56014,39.58327,323.0 2.56014,39.58328,323.1 2.56014,39.5833,323.3 2.56012,39.58336,322.6 2.56013,39.58347,321.8 2.56015,39.58357,321.4 2.56023,39.58379,321.8 2.56028,39.58399,321.0 2.56029,39.584,321.2 2.5603,39.58403,321.1 2.56033,39.58421,319.7 2.56036,39.58435,318.7 2.56037,39.58441,318.1 2.56037,39.58448,317.1 2.56038,39.58452,316.8 2.56038,39.58453,316.7 2.56039,39.5846,315.9 2.56041,39.58471,314.7 2.56041,39.58474,314.3 2.56043,39.58482,313.5 2.56048,39.58488,313.4 2.56054,39.58494,313.5 2.56058,39.58496,313.8 2.56065,39.58498,314.5 2.56066,39.58498,314.7 2.56086,39.585,317.6 2.56089,39.58501,318.1 2.56096,39.58503,319.4 2.56104,39.58505,320.8 2.56108,39.58508,321.3 2.56109,39.58509,321.4 2.5611,39.5851,321.5 2.56111,39.58511,321.6 2.56114,39.58515,321.7 2.56116,39.58519,321.6 2.56117,39.58522,321.4 2.56118,39.58525,321.2 2.56118,39.58526,321.0 2.56119,39.58537,319.8 2.5612,39.58551,318.1 2.56121,39.58558,317.3 2.56122,39.5856,317.2 2.56122,39.58561,317.1 2.56122,39.58562,316.9 2.56123,39.58564,316.8 2.56126,39.58571,316.4 2.5613,39.58578,316.0 2.56131,39.58579,316.1 2.56136,39.58587,316.2 2.56143,39.58597,317.2 2.56149,39.58604,318.1 2.56153,39.58607,318.8 2.56155,39.58608,319.1 2.56157,39.58609,319.4 2.56169,39.58613,321.4 2.56176,39.58616,322.7 2.56177,39.58618,322.8 2.56178,39.58619,323.0 2.56179,39.5862,323.1 2.56179,39.58623,323.1 2.56179,39.58625,323.1 2.56179,39.58627,323.0 2.56177,39.58629,322.7 2.56175,39.58631,322.3 2.56175,39.58632,322.3 2.56174,39.58632,322.2 2.56173,39.58633,322.0 2.56172,39.58633,321.8 2.56169,39.58635,321.4 2.56165,39.58636,320.7 2.56152,39.58636,318.5 2.56143,39.58636,317.0 2.56134,39.58636,315.4 2.56131,39.58637,314.9 2.56126,39.58639,314.0 2.56115,39.58645,312.0 2.5611,39.58648,311.1 2.561,39.58654,309.2 2.56081,39.58667,305.8 2.56068,39.58675,306.2 2.56061,39.58679,306.3 2.56046,39.58688,307.0 2.56039,39.58695,308.1 2.56034,39.587,308.9 2.56029,39.58703,309.2 2.56025,39.58704,309.1 2.56022,39.58704,308.8 2.56021,39.58704,308.7 2.5602,39.58704,308.6 2.56018,39.58704,308.4 2.56016,39.58703,308.0 2.56014,39.58702,307.5 2.56014,39.587,307.0 2.56013,39.58698,306.3 2.56014,39.58695,305.6 2.56015,39.58693,305.1 2.56016,39.58691,304.7 2.56017,39.5869,304.5 2.56018,39.5869,304.6 2.56031,39.5868,303.3 2.56052,39.58666,302.3 2.56058,39.58661,303.1 2.5606,39.58659,303.4 2.56061,39.58656,303.5 2.56062,39.58653,303.7 2.56062,39.58651,303.8 2.56062,39.58649,303.8 2.56062,39.58647,303.9 2.56061,39.58645,303.8 2.56058,39.58641,303.5 2.56052,39.58637,302.8 2.56051,39.58636,302.7 2.5605,39.58636,302.6 2.56043,39.58633,301.8 2.56033,39.58629,300.6 2.56031,39.58627,300.4 2.56028,39.58625,300.0 2.56024,39.58622,299.6 2.56021,39.58618,299.3 2.56019,39.58613,299.1 2.56012,39.58601,298.3 2.56009,39.58596,298.0 2.56005,39.58593,297.5 2.55999,39.5859,296.8 2.55993,39.58589,295.9 2.55988,39.5859,295.2 2.55985,39.58592,294.8 2.55984,39.58595,294.7 2.55983,39.58598,294.6 2.55984,39.58603,294.8 2.55986,39.58605,295.0 2.55986,39.58606,295.0 2.55987,39.58607,295.2 2.55989,39.58608,295.4 2.55996,39.58612,296.2 2.56001,39.58614,296.8 2.56004,39.58616,297.1 2.56005,39.58619,297.2 2.56007,39.58622,297.4 2.56007,39.58624,297.4 2.56005,39.5863,297.1 2.56003,39.58634,296.8 2.56,39.58639,296.3 2.55997,39.58642,296.1 2.55992,39.58645,295.8 2.55989,39.58647,295.6 2.55988,39.58647,295.6 2.55987,39.58648,295.5 2.55986,39.58648,295.5 2.55977,39.5865,295.0 2.55967,39.58651,294.6 2.55955,39.58651,294.0 2.55942,39.5865,293.3 2.55941,39.5865,293.2 2.5594,39.5865,293.2 2.55907,39.5865,290.7 2.55896,39.58651,289.3 2.55884,39.58652,287.9 2.55871,39.58654,286.4 2.55858,39.58656,284.9 2.5585,39.58659,284.2 2.55844,39.5866,283.5 2.55833,39.58664,282.6 2.55821,39.58669,282.3 2.55797,39.58681,283.6 2.55789,39.58685,283.9 2.55778,39.5869,284.1 2.5577,39.58693,284.0 2.55769,39.58693,283.8 2.55767,39.58693,283.5 2.55766,39.58694,283.7 2.55762,39.58695,283.4 2.55757,39.58697,283.3 2.5575,39.58698,282.5 2.55742,39.58698,280.8 2.55735,39.58697,278.9 2.55724,39.58696,276.2 2.55716,39.58695,274.2 2.55711,39.58695,273.1 2.55707,39.58695,272.2 2.55702,39.58696,271.4 2.55701,39.58696,271.1 2.557,39.58697,271.2 2.55699,39.58697,271.0 2.55694,39.58698,270.1 2.55685,39.58703,269.2 2.55681,39.58707,269.2 2.5568,39.58707,268.9 2.55676,39.58711,268.8 2.55666,39.5872,268.1 2.5566,39.58729,268.0 2.55655,39.58736,267.7 2.55654,39.58737,267.5 2.55651,39.58746,268.1 2.55648,39.58762,267.7 2.55649,39.58776,267.9 2.55651,39.58789,268.4 2.55653,39.58805,269.0 2.55657,39.58847,269.3 2.55658,39.5886,269.0 2.55658,39.58865,268.7 2.55659,39.58889,267.8 2.5566,39.58897,267.6 2.5566,39.58901,267.4 2.55661,39.58915,266.9 2.55662,39.58927,267.4 2.55662,39.58934,267.6 2.55662,39.5894,267.9 2.55661,39.58947,267.9 2.5566,39.58952,267.9 2.55657,39.58959,267.6 2.55656,39.5896,267.4 2.55653,39.58964,266.9 2.55648,39.58968,266.1 2.55644,39.5897,265.4 2.5564,39.58973,264.7 2.55622,39.58982,261.5 2.55607,39.58991,259.1 2.55602,39.58994,258.3 2.55602,39.58994,258.3 2.55596,39.5899,256.9 2.55586,39.58987,254.7 2.55573,39.58986,253.8 2.5556,39.58985,253.4 2.55558,39.58986,253.4 2.55543,39.58989,253.0 2.55536,39.58991,252.9 2.55527,39.58994,252.7 2.55493,39.59004,251.5 2.55477,39.59009,250.6 2.55469,39.59011,250.2 2.55455,39.59011,249.7 2.55447,39.59011,249.4 2.5544,39.5901,249.2 2.55424,39.59008,248.8 2.55421,39.59008,248.7 2.55398,39.59004,247.3 2.55385,39.59,246.3 2.55379,39.58998,245.9 2.55369,39.58995,245.2 2.55358,39.58991,244.4 2.55341,39.58984,243.4 2.55324,39.58977,242.4 2.55296,39.58966,240.6 2.55288,39.58964,240.0 2.5528,39.58961,239.4 2.55275,39.58959,239.1 2.55273,39.58958,238.9 2.55267,39.58954,238.6 2.55265,39.58951,238.5 2.55262,39.58943,238.4 2.55262,39.5893,238.8 2.55264,39.58914,239.0 2.55268,39.589,237.6 2.55276,39.58878,235.7 2.55279,39.58874,235.5 2.55289,39.58858,234.7 2.55292,39.58852,234.3 2.55308,39.58829,233.3 2.5531,39.58826,233.1 2.55323,39.58811,232.2 2.55325,39.58808,231.9 2.55327,39.58805,231.6 2.55332,39.58802,231.6 2.55335,39.588,231.4 2.55339,39.58798,231.2 2.55344,39.58796,231.0 2.55352,39.58794,230.8 2.55361,39.58793,230.9 2.55371,39.58792,231.0 2.55384,39.58791,231.1 2.55395,39.5879,231.2 2.55405,39.58788,231.2 2.55409,39.58787,231.1 2.55417,39.58785,231.1 2.55425,39.58781,230.8 2.55427,39.58779,230.6 2.55429,39.58778,230.5 2.55432,39.58775,230.3 2.55435,39.5877,229.8 2.55438,39.58763,229.1 2.55439,39.58763,229.1 2.55441,39.58754,228.2 2.55442,39.58744,228.1 2.55441,39.58738,228.4 2.55438,39.58731,228.6 2.55432,39.58724,228.5 2.55428,39.58722,228.4 2.55425,39.58721,228.3 2.55418,39.58718,228.0 2.55405,39.58716,227.5 2.55395,39.58713,227.2 2.55383,39.5871,226.8 2.55373,39.58707,226.5 2.55353,39.58702,225.7 2.55346,39.58701,225.4 2.55342,39.58701,225.2 2.55334,39.58701,224.8 2.55325,39.58701,224.3 2.55304,39.58704,223.1 2.55282,39.58708,221.7 2.55259,39.58711,220.4 2.55242,39.58714,219.2 2.55236,39.58715,218.8 2.55218,39.58717,217.6 2.55214,39.58718,217.3 2.55209,39.58717,217.0 2.55204,39.58715,216.8 2.552,39.58712,216.8 2.55162,39.58682,216.4 2.55146,39.58669,215.4 2.55141,39.58665,215.0 2.55136,39.58662,214.5 2.55131,39.5866,213.9 2.55125,39.5866,213.2 2.55118,39.58663,212.3 2.55115,39.58666,211.8 2.55113,39.58669,211.5 2.55111,39.58674,211.2 2.55112,39.5868,211.2 2.55113,39.58685,211.2 2.55117,39.5869,211.5 2.55125,39.58703,211.9 2.55135,39.58718,212.1 2.55136,39.58722,212.0 2.55137,39.58723,212.1 2.55137,39.58726,211.9 2.55138,39.58733,211.7 2.55136,39.5874,211.3 2.55132,39.58746,210.9 2.55126,39.5875,210.5 2.55118,39.58754,210.4 2.55108,39.58756,210.1 2.55099,39.58758,209.8 2.55087,39.5876,209.3 2.55076,39.5876,208.9 2.55063,39.58761,208.5 2.55052,39.5876,208.1 2.55043,39.58759,207.8 2.5503,39.58756,207.2 2.55021,39.58754,206.9 2.55007,39.58749,206.2 2.54991,39.5874,205.8 2.54974,39.58727,205.6 2.54944,39.58699,204.7 2.5494,39.58694,204.5 2.54934,39.58688,204.2 2.54925,39.58678,203.7 2.54913,39.5866,202.8 2.54895,39.58631,201.8 2.54884,39.58615,201.0 2.54879,39.58606,200.6 2.54873,39.58599,200.2 2.54866,39.58596,200.0 2.54859,39.58592,199.8 2.54847,39.5859,199.5 2.54829,39.58588,199.2 2.54737,39.58578,196.9 2.54728,39.58577,196.9 2.54714,39.58574,196.9 2.54621,39.58556,197.0 2.54604,39.58552,197.0 2.54597,39.58548,196.8 2.5459,39.58543,196.6 2.54578,39.58533,196.0 2.54557,39.58511,194.7 2.54548,39.58501,194.1 2.5453,39.58482,193.4 2.54487,39.58439,192.4 2.54481,39.58432,192.5 2.54479,39.5843,192.5 2.54477,39.58426,192.6 2.54476,39.58423,192.6 2.54476,39.58421,192.5 2.54479,39.58414,192.3 2.54484,39.58408,192.1 2.54485,39.58407,192.1 2.54492,39.58401,191.7 2.54511,39.5839,191.2 2.5452,39.58384,191.2 2.54527,39.5838,191.1 2.54539,39.58373,190.8 2.54542,39.58371,190.7 2.54549,39.58366,190.4 2.54555,39.5836,190.1 2.5456,39.58354,189.8 2.54563,39.58347,189.4 2.54572,39.58333,188.6 2.54574,39.58327,188.9 2.54576,39.58324,189.0 2.54577,39.5832,189.3 2.54577,39.58317,189.5 2.54577,39.58314,189.7 2.54576,39.58311,189.9 2.54575,39.5831,190.0 2.54574,39.58309,190.1 2.54566,39.58301,190.6 2.5456,39.58297,190.7 2.54555,39.58293,190.8 2.54542,39.58285,190.6 2.54525,39.58273,189.8 2.54518,39.58268,189.2 2.54507,39.58262,188.2 2.54488,39.58251,187.5 2.54474,39.58243,188.8 2.54469,39.5824,189.2 2.5445,39.58231,189.8 2.54431,39.5822,189.6 2.54412,39.58209,188.5 2.54402,39.58204,188.3 2.54393,39.58198,187.8 2.54323,39.58151,183.5 2.54319,39.58146,184.1 2.54317,39.58142,184.4 2.54316,39.58138,184.5 2.54317,39.58134,184.3 2.54318,39.58132,184.2 2.5432,39.58129,183.9 2.54326,39.58126,183.0 2.54341,39.58119,182.2 2.54391,39.58099,183.2 2.54394,39.58096,183.2 2.54395,39.58096,183.2 2.54399,39.58092,183.1 2.54401,39.58087,183.0 2.54403,39.58081,182.8 2.54402,39.5808,182.7 2.54402,39.58077,182.7 2.544,39.58073,182.5 2.54393,39.58064,182.3 2.5437,39.58032,182.0 2.54359,39.58017,182.1 2.54356,39.58012,182.2 2.54346,39.58001,182.5 2.54343,39.57998,182.9 2.5434,39.57989,184.2 2.54339,39.57985,184.7 2.54339,39.57984,184.9 2.5434,39.57978,185.5 2.54341,39.57975,185.8 2.54342,39.57972,186.1 2.54345,39.57968,186.2 2.54346,39.57968,186.1 2.54349,39.57966,185.9 2.54355,39.57963,185.5 2.54364,39.57963,184.3 2.54367,39.57963,183.9 2.54387,39.57964,181.2 2.54404,39.57964,179.0 2.54414,39.57963,177.7 2.54419,39.57963,177.5 2.5443,39.57962,178.0 2.54436,39.5796,178.1 2.54439,39.57959,178.1 2.54446,39.57952,177.7 2.5445,39.57946,177.1 2.5445,39.57945,177.0 2.54454,39.57938,176.2 2.54455,39.57932,175.5 2.54455,39.57928,175.0 2.54456,39.57927,174.9 2.54456,39.57919,173.8 2.54454,39.5791,172.8 2.5445,39.57905,172.3 2.54445,39.57899,171.9 2.54441,39.57895,171.7 2.54438,39.57891,171.4 2.54431,39.57882,171.0 2.54431,39.5788,170.9 2.54429,39.57873,170.5 2.5443,39.57866,169.8 2.54431,39.57858,169.1 2.54434,39.57851,168.2 2.54437,39.57844,167.3 2.54437,39.57843,167.2 2.54443,39.57833,165.5 2.54445,39.57828,165.0 2.54453,39.57811,163.2 2.5446,39.57794,161.7 2.54463,39.57787,161.0 2.54467,39.57776,160.2 2.54473,39.5776,158.9 2.54473,39.57759,158.9 2.54475,39.5775,158.4 2.54477,39.57741,158.7 2.54477,39.5774,158.8 2.54477,39.57736,159.0 2.54475,39.5773,159.5 2.54467,39.57722,160.8 2.5446,39.57715,161.9 2.54454,39.57712,162.7 2.54443,39.57707,164.2 2.54432,39.57705,165.6 2.54426,39.57703,166.4 2.54411,39.57701,167.9 2.5441,39.57701,167.9 2.54388,39.57697,169.5 2.54387,39.57697,169.6 2.54367,39.57695,170.8 2.54364,39.57695,170.9 2.54355,39.57693,171.5 2.54345,39.5769,172.0 2.54342,39.57689,172.1 2.5432,39.57682,171.9 2.54316,39.5768,171.6 2.54299,39.57675,170.3 2.54284,39.57669,168.8 2.54256,39.5766,167.2 2.54244,39.57656,167.8 2.54229,39.57646,169.8 2.54212,39.57634,170.9 2.54203,39.57626,170.8 2.54191,39.57614,169.9 2.54162,39.57587,164.9 2.54147,39.57575,164.9 2.54141,39.57572,165.1 2.54128,39.57564,165.0 2.54122,39.57562,164.8 2.5411,39.57556,164.2 2.54094,39.57547,162.8 2.54069,39.57527,160.2 2.5404,39.57499,156.0 2.54025,39.57485,155.4 2.54018,39.57478,154.8 2.5401,39.57472,154.0 2.54003,39.57467,153.2 2.53992,39.57462,152.8 2.53991,39.57462,152.8 2.53961,39.57449,151.9 2.53912,39.57423,147.5 2.53893,39.57413,146.2 2.53873,39.57403,145.6 2.53843,39.57387,144.3 2.53835,39.57382,143.8 2.53816,39.57372,144.3 2.53815,39.57372,144.4 2.53799,39.5736,144.2 2.53796,39.57358,144.2 2.53785,39.57345,143.2 2.53775,39.57336,142.6 2.53759,39.57317,142.4 2.53747,39.573,142.2 2.53739,39.57289,142.0 2.53736,39.57284,141.8 2.53724,39.57264,141.2 2.53701,39.57228,140.5 2.53672,39.57193,139.5 2.53649,39.57163,138.3 2.53641,39.57155,138.3 2.53632,39.57148,138.2 2.53604,39.57129,137.9 2.53598,39.57124,137.8 2.53581,39.57113,137.6 2.5358,39.57113,137.7 2.53578,39.57109,137.7 2.53575,39.57104,137.8 2.53573,39.57098,137.7 2.53573,39.57091,137.4 2.53575,39.57083,136.9 2.53579,39.57067,136.4 2.53585,39.57049,136.0 2.53587,39.57043,135.9 2.5359,39.57025,135.8 2.53592,39.57013,135.6 2.53592,39.56998,135.3 2.53589,39.5699,134.4 2.53587,39.56982,133.4 2.5358,39.56973,132.7 2.53541,39.5692,130.0 2.53498,39.56863,124.3 2.53492,39.56859,123.4 2.53487,39.56857,123.0 2.53482,39.56856,122.7 2.53478,39.56856,122.6 2.53475,39.56856,122.5 2.5347,39.56858,122.8 2.53463,39.5686,122.9 2.53456,39.56865,123.6 2.53444,39.56873,124.5 2.53441,39.56876,124.9 2.53423,39.56888,126.1 2.53406,39.56898,127.0 2.53397,39.56901,127.0 2.53377,39.56905,126.6 2.53359,39.56907,126.0 2.53347,39.56909,125.5 2.53336,39.5691,125.0 2.53318,39.56911,125.8 2.53313,39.56911,126.1 2.53304,39.56911,126.7 2.53291,39.56909,127.4 2.53281,39.56906,128.0 2.5327,39.56901,128.7 2.53263,39.56897,129.1 2.53256,39.56893,129.6 2.5324,39.56885,130.5 2.5323,39.56881,130.9 2.53223,39.56878,131.1 2.53208,39.56875,131.5 2.53189,39.56871,131.8 2.53181,39.56869,131.8 2.53178,39.56869,131.8 2.53156,39.56864,131.3 2.53144,39.56862,130.9 2.53111,39.56855,129.2 2.53088,39.5685,127.7 2.53022,39.56834,124.1 2.52999,39.56829,123.7 2.52996,39.56828,123.7 2.52988,39.56826,123.8 2.52978,39.56823,123.8 2.52956,39.56817,123.9 2.52955,39.56817,123.9 2.52933,39.56811,124.0 2.52921,39.56808,124.1 2.52911,39.56805,124.2 2.52907,39.56804,124.2 2.52888,39.568,124.6 2.52871,39.56794,124.8 2.52868,39.56793,124.8 2.52861,39.5679,124.9 2.52848,39.56784,124.9 2.52826,39.56773,124.8 2.5273,39.56725,122.7 2.5271,39.56715,122.6 2.52692,39.56706,122.6 2.52691,39.56705,122.6 2.5268,39.567,122.8 2.52672,39.56696,122.9 2.52661,39.5669,122.9 2.52652,39.56687,122.8 2.52647,39.56685,122.8 2.52639,39.56683,122.7 2.52626,39.56682,122.7 2.52613,39.56681,122.7 2.52607,39.56681,122.8 2.52605,39.56681,122.8 2.52583,39.5668,122.8 2.52582,39.5668,122.8 2.52565,39.56679,122.7 2.52523,39.56678,122.5 2.52512,39.56678,122.4 2.525,39.56678,122.4 2.52489,39.56678,122.2 2.52487,39.56678,122.1 2.52476,39.56678,121.9 2.52468,39.56679,121.9 2.52467,39.56679,121.9 2.52454,39.56682,122.0 2.5244,39.56686,122.4 2.52423,39.5669,122.7 2.5241,39.56694,123.2 2.52401,39.56696,123.5 2.52399,39.56696,123.5 2.52384,39.567,124.0 2.52379,39.56702,124.3 2.52362,39.56706,124.8 2.5235,39.56708,125.1 2.5234,39.56708,125.0 2.52333,39.56707,124.8 2.52331,39.56707,124.9 2.52328,39.56706,124.9 2.5232,39.56704,125.0 2.5231,39.567,124.9 2.52298,39.56697,125.0 2.52292,39.56695,124.9 2.52288,39.56693,124.8 2.52277,39.56689,124.6 2.52276,39.56688,124.5 2.5227,39.56685,124.3 2.52268,39.56684,124.2 2.52265,39.56683,124.1 2.52258,39.56678,123.6 2.52252,39.56674,123.2 2.5225,39.56672,122.9 2.52236,39.56661,123.0 2.52233,39.56658,123.2 2.52226,39.56653,123.7 2.52219,39.56649,124.1 2.5221,39.56645,124.6 2.52198,39.56642,125.3 2.52197,39.56642,125.4 2.52183,39.5664,126.1 2.52172,39.56638,126.7 2.5216,39.56636,127.1 2.52149,39.56634,127.2 2.52107,39.56626,128.0 2.52104,39.56625,128.0 2.52084,39.56621,128.3 2.52081,39.56621,128.3 2.52075,39.5662,128.2 2.5207,39.56619,128.1 2.52061,39.56617,127.9 2.52049,39.56614,127.6 2.52039,39.56611,127.5 2.52037,39.56611,127.4 2.52028,39.56608,127.3 2.52025,39.56607,127.3 2.52022,39.56606,127.2 2.52014,39.56606,127.1 2.52006,39.56606,127.1 2.51991,39.56607,126.7 2.51973,39.56608,126.2 2.51886,39.56615,122.4 2.51878,39.56616,121.9 2.51875,39.56616,121.7 2.51825,39.5662,119.0 2.51816,39.5662,119.0 2.51809,39.56621,118.9 2.51805,39.56621,118.8 2.5177,39.56623,118.6 2.51764,39.56623,118.5 2.51762,39.56624,118.5 2.51759,39.56624,118.5 2.51747,39.56625,118.7 2.51736,39.56626,119.4 2.51732,39.56626,119.6 2.51718,39.56628,120.6 2.51699,39.56632,121.9 2.51694,39.56633,122.3 2.51659,39.5664,124.7 2.51628,39.56647,126.4 2.51597,39.56652,127.9 2.51569,39.56654,128.2 2.5156,39.56654,128.0 2.51557,39.56654,127.9 2.51554,39.56654,127.8 2.51535,39.56653,127.3 2.51531,39.56653,127.3 2.5153,39.56653,127.2 2.51526,39.56653,127.1 2.51508,39.56651,126.6 2.51507,39.56651,126.6 2.51506,39.56651,126.6 2.51487,39.5665,125.6 2.51485,39.5665,125.4 2.51484,39.5665,125.4 2.51483,39.5665,125.3 2.5137,39.56642,118.3 2.51347,39.56641,117.1 2.51323,39.5664,116.9 2.513,39.56638,118.0 2.51277,39.56637,119.2 2.51254,39.56635,120.3 2.5123,39.56634,121.1 2.51211,39.56633,121.6 2.51201,39.56632,121.9 2.51174,39.56631,122.6 2.51164,39.5663,123.0 2.51138,39.56628,124.4 2.51137,39.56628,124.4 2.51119,39.56627,125.5 2.51117,39.56627,125.6 2.51116,39.56627,125.6 2.51093,39.56625,126.9 2.5109,39.56625,127.1 2.51083,39.56625,127.5 2.51056,39.56624,128.4 2.51054,39.56624,128.5 2.51017,39.56622,129.7 2.51017,39.56622,129.7 2.51014,39.56666,133.1 2.51013,39.56684,134.1 2.51007,39.56738,137.1 2.51002,39.56797,139.6 2.51002,39.56797,139.6 2.51002,39.568,139.8 2.51,39.56802,139.9 2.50999,39.56804,139.9 2.50997,39.56805,139.9 2.50995,39.56807,139.9 2.50994,39.56807,139.9 2.50992,39.56808,139.9 2.50991,39.56808,139.8 2.50991,39.56808,139.8 2.50984,39.56805,139.5 2.50978,39.56802,139.3 2.50971,39.56797,139.1 2.50967,39.56795,138.9 2.50954,39.56786,138.7 2.50929,39.56769,138.6 2.50924,39.56766,138.6 2.50918,39.56762,138.7 2.509,39.56751,138.0 2.50893,39.56747,137.5 2.50882,39.5674,136.6 2.50879,39.56739,136.4 2.50872,39.56735,136.0 2.50863,39.5673,135.5 2.50857,39.56727,135.2 2.50849,39.56721,134.9 2.5084,39.56714,134.6 2.50829,39.56705,134.3 2.50827,39.56703,134.2 2.50811,39.5669,133.4 2.50799,39.56665,133.3 2.50799,39.56665,133.3 2.50784,39.56666,132.6 2.50775,39.56666,132.2 2.5077,39.56666,132.0 2.50753,39.56662,131.2 2.50752,39.56662,131.1 2.50746,39.56662,130.8 2.50744,39.56662,130.7 2.50741,39.56663,130.5 2.50735,39.56665,130.1 2.50709,39.56674,128.3 2.50688,39.56681,127.0 2.50674,39.56686,126.1 2.50674,39.56686,126.1 2.50674,39.56703,125.9 2.50674,39.56703,125.9 2.50661,39.56706,125.3 2.50651,39.56707,125.0 2.5063,39.5671,124.4 2.50628,39.5671,124.4 2.5061,39.56712,123.9 2.50605,39.56712,123.8 2.5059,39.56713,123.4 2.50571,39.56711,122.8 2.50559,39.5671,122.5 2.5054,39.56707,121.9 2.50536,39.56706,121.7 2.50516,39.56702,121.0 2.50509,39.56701,120.7 2.50505,39.56701,120.6 2.50498,39.56702,120.5 2.50485,39.56704,120.3 2.50485,39.56704,120.3 2.50472,39.56681,118.6 2.50469,39.56674,118.1 2.50461,39.56659,117.4 2.50459,39.56657,117.3 2.50451,39.56641,116.9 2.50448,39.56635,116.7 2.50443,39.56625,116.3 2.50429,39.56597,115.0 2.5042,39.5658,114.2 2.50415,39.5657,113.9 2.50412,39.56563,113.8 2.50404,39.56546,113.6 2.50395,39.56528,113.4 2.50395,39.56528,113.4 2.50391,39.56529,113.3 2.50386,39.56529,113.1 2.50377,39.56531,112.9 2.50339,39.56537,111.7 2.50277,39.56545,110.1 2.50233,39.56552,108.7 2.50198,39.56557,107.2 2.50157,39.56563,105.8 2.5006,39.56577,105.4 2.50032,39.56582,106.2 2.50024,39.56583,106.4 2.49963,39.56592,107.0 2.49952,39.56594,106.9 2.4994,39.56596,106.9 2.49917,39.56599,106.7 2.499,39.56602,106.5 2.49896,39.56603,106.5 2.4987,39.56607,106.0 2.49864,39.56608,105.9 2.49836,39.56613,105.2 2.49801,39.56618,103.3 2.4967,39.5664,97.8 2.49621,39.56647,96.1 2.49616,39.56648,95.9 2.49569,39.56656,93.7 2.49564,39.56657,93.5 2.49558,39.56657,93.2 2.49552,39.56658,92.9 2.49521,39.56663,91.2 2.49495,39.56668,90.0 2.49479,39.56672,90.0 2.49467,39.56676,90.0 2.49464,39.56678,90.1 2.49463,39.56678,90.1 2.49447,39.56684,90.3 2.49443,39.56686,90.3 2.49442,39.56687,90.4 2.49368,39.5672,91.6 2.49363,39.56722,91.7 2.49359,39.56724,91.8 2.49358,39.56725,91.9 2.49214,39.5679,90.7 2.49194,39.56799,90.1 2.49133,39.56826,87.3 2.49115,39.56833,86.3 2.49113,39.56834,86.2 2.49092,39.56843,85.1 2.49075,39.56851,84.7 2.49072,39.56852,84.7 2.49056,39.56859,84.7 2.49051,39.5686,84.6 2.4903,39.56867,84.5 2.4903,39.56868,84.5 2.49026,39.56869,84.4 2.49009,39.56873,84.2 2.49008,39.56873,84.1 2.49004,39.56874,84.1 2.4899,39.56878,84.2 2.48986,39.56878,84.2 2.48981,39.56879,84.3 2.48971,39.56881,84.4 2.48963,39.56883,84.6 2.48959,39.56883,84.6 2.48822,39.56906,93.0 2.48803,39.5691,94.2 2.48799,39.5691,94.5 2.48781,39.56913,95.7 2.48735,39.56921,97.9 2.48731,39.56922,97.9 2.48714,39.56925,97.7 2.48712,39.56925,97.7 2.48708,39.56926,97.7 2.4869,39.5693,97.6 2.48686,39.56931,97.5 2.48684,39.56931,97.5 2.48664,39.56937,97.4 2.48661,39.56937,97.2 2.48643,39.56943,96.5 2.48627,39.56949,95.9 2.48622,39.56952,95.7 2.48614,39.56956,95.4 2.48602,39.56962,95.0 2.48587,39.5697,94.5 2.48586,39.5697,94.4 2.48508,39.57016,94.7 2.48493,39.57024,94.4 2.48474,39.57035,93.7 2.48453,39.57048,93.0 2.48437,39.57057,92.6 2.48434,39.57059,92.5 2.48419,39.57068,92.2 2.48413,39.57071,91.9 2.48378,39.57092,89.8 2.4836,39.57102,88.8 2.48341,39.57113,87.8 2.48304,39.57135,87.0 2.48267,39.57157,86.6 2.48253,39.57165,86.5 2.4823,39.57179,86.3 2.48181,39.57208,86.0 2.48119,39.57244,88.1 2.48082,39.57265,89.9 2.4802,39.573,91.8 2.48019,39.573,91.8 2.47876,39.57384,98.3 2.47867,39.57389,98.5 2.47858,39.57395,98.9 2.47853,39.57399,99.1 2.47848,39.57404,99.4 2.47843,39.57409,99.7 2.47834,39.57418,100.1 2.47831,39.57422,100.1 2.4782,39.57438,100.2 2.47814,39.57451,100.4 2.47812,39.57456,100.5 2.47811,39.57459,100.6 2.4781,39.57463,100.7 2.47809,39.5747,100.9 2.47808,39.57477,101.2 2.47806,39.57503,102.2 2.47805,39.57515,103.1 2.47804,39.57526,103.8 2.47803,39.57534,104.3 2.47799,39.57556,105.6 2.47795,39.57566,106.1 2.47789,39.57579,106.5 2.47782,39.57588,106.8 2.47773,39.57598,107.3 2.47766,39.57605,107.6 2.47754,39.57616,108.2 2.47742,39.57624,108.6 2.47726,39.57633,109.3 2.4771,39.57639,109.6 2.47669,39.57651,110.0 2.47557,39.57683,113.2 2.47551,39.57685,113.4 2.47546,39.57686,113.5 2.47478,39.57706,116.5 2.47458,39.57711,117.2 2.47393,39.5773,119.4 2.47371,39.57736,119.7 2.47338,39.57746,119.8 2.47282,39.57761,121.7 2.47248,39.5777,122.6 2.4723,39.57775,123.3 2.47226,39.57777,123.4 2.47209,39.57781,124.1 2.47204,39.57783,124.3 2.47182,39.57789,125.3 2.4713,39.57804,126.0 2.47118,39.57807,126.1 2.47112,39.57808,126.1 2.47108,39.5781,126.2 2.47104,39.57811,126.3 2.47064,39.57829,127.0 2.47048,39.57837,126.6 2.47033,39.57846,126.0 2.47027,39.5785,125.8 2.47027,39.5785,125.8 2.4701,39.57864,125.5 2.47,39.57874,125.5 2.46993,39.5788,125.6 2.46985,39.57887,125.7 2.46978,39.57893,125.9 2.46977,39.57893,126.0 2.46968,39.579,126.3 2.46966,39.57902,126.4 2.46956,39.57909,126.8 2.46929,39.57929,128.0 2.46918,39.57937,128.5 2.46906,39.5794,128.9 2.46877,39.57954,130.5 2.46866,39.57959,131.2 2.46851,39.57966,132.2 2.46793,39.57991,134.3 2.46752,39.58008,134.4 2.46751,39.58009,134.4 2.46744,39.58013,134.8 2.46741,39.58014,134.9 2.46733,39.58019,135.3 2.46697,39.58041,137.2 2.4666,39.58065,139.4 2.4662,39.58089,142.1 2.46612,39.58093,142.7 2.46587,39.58109,145.3 2.46582,39.58111,145.8 2.46577,39.58113,146.5 2.4657,39.58113,147.1 2.46565,39.58113,147.6 2.46564,39.58112,147.6 2.46562,39.58112,147.8 2.46559,39.5811,147.9 2.46556,39.58108,148.0 2.46531,39.58087,148.9 2.46525,39.58081,149.3 2.46519,39.58077,149.9 2.46514,39.58074,150.4 2.4651,39.58072,150.8 2.46504,39.58071,151.4 2.46498,39.58072,152.1 2.46494,39.58073,152.6 2.46493,39.58074,152.7 2.46491,39.58075,153.0 2.4649,39.58077,153.1 2.46488,39.58079,153.4 2.46488,39.58081,153.4 2.4649,39.58084,153.2 2.46493,39.58088,153.1 2.46494,39.5809,153.1 2.46504,39.58102,152.7 2.46506,39.58105,152.7 2.46507,39.58108,152.8 2.46508,39.58114,153.1 2.46507,39.58118,153.4 2.46504,39.5812,153.8 2.46501,39.58121,154.2 2.465,39.58121,154.3 2.46495,39.58122,154.8 2.46489,39.58121,155.3 2.46479,39.58119,156.1 2.46471,39.58117,156.8 2.46467,39.58117,157.2 2.46463,39.58117,157.6 2.46458,39.58117,158.0 2.4645,39.58119,158.9 2.4644,39.58123,159.9 2.46435,39.58126,160.4 2.46416,39.58136,162.1 2.46397,39.58147,164.4 2.46369,39.58162,167.7 2.46363,39.58167,168.4 2.46361,39.58169,168.6 2.46359,39.58171,168.7 2.46357,39.58174,168.8 2.46355,39.5818,168.7 2.46354,39.58186,168.5 2.46351,39.58198,168.2 2.46351,39.58204,167.9 2.46351,39.58209,167.6 2.4635,39.58213,167.4 2.46351,39.58217,167.2 2.46352,39.58221,166.9 2.46352,39.58222,166.8 2.46359,39.5824,165.5 2.4636,39.58242,165.4 2.4636,39.58243,165.4 2.4636,39.58245,165.3 2.4636,39.58247,165.2 2.46358,39.58248,165.2 2.46357,39.5825,165.1 2.46354,39.58251,165.2 2.4635,39.58252,165.4 2.46348,39.58252,165.4 2.46345,39.58252,165.5 2.46344,39.58252,165.6 2.46322,39.58249,165.5 2.46313,39.58248,165.2 2.46307,39.58248,164.9 2.46304,39.58248,164.8 2.46302,39.58248,164.7 2.463,39.58249,164.5 2.46299,39.5825,164.4 2.46297,39.58251,164.3 2.46296,39.58252,164.2 2.46293,39.58256,164.1 2.46287,39.58263,164.0 2.46285,39.58265,163.9 2.46276,39.5828,164.0 2.46275,39.58281,164.0 2.46265,39.58296,164.3 2.46264,39.58298,164.4 2.46254,39.58312,165.0 2.46254,39.58314,165.0 2.46244,39.58328,165.7 2.46243,39.5833,165.8 2.46233,39.58346,168.2 2.46217,39.58369,172.9 2.46212,39.58374,174.1 2.4621,39.58375,174.4 2.46209,39.58376,174.7 2.46207,39.58378,175.2 2.462,39.58379,175.8 2.46191,39.5838,176.5 2.46186,39.58379,176.5 2.46179,39.58377,176.4 2.46165,39.58372,176.0 2.46163,39.58371,176.1 2.46146,39.58365,177.5 2.46144,39.58364,177.6 2.46136,39.58361,178.1 2.46127,39.58359,179.1 2.46116,39.58358,180.6 2.46103,39.58357,182.4 2.46097,39.58356,183.1 2.46091,39.58355,183.8 2.46083,39.58351,183.8 2.46078,39.58349,184.1 2.46067,39.58344,184.5 2.46061,39.58342,185.0 2.46057,39.58341,185.4 2.46056,39.58341,185.6 2.46047,39.5834,186.9 2.46042,39.58339,187.4 2.46033,39.58337,188.4 2.46017,39.58332,189.5 2.46013,39.5833,189.5 2.46001,39.58324,189.6 2.45994,39.5832,190.0 2.45975,39.58309,190.9 2.45963,39.58299,189.9 2.45959,39.58296,189.6 2.45958,39.58295,189.4 2.4595,39.58292,190.0 2.45943,39.58288,189.9 2.45933,39.58286,191.3 2.4592,39.58285,193.7 2.45913,39.58282,194.1 2.45897,39.58274,194.9 2.45884,39.58267,195.3 2.45878,39.58263,195.1 2.45859,39.58252,194.9 2.4584,39.58242,196.9 2.45826,39.58233,199.2 2.45821,39.58231,200.7 2.45811,39.58227,203.7 2.45801,39.58223,206.8 2.45799,39.58222,207.4 2.45792,39.58217,209.0 2.45786,39.58209,209.3 2.45781,39.58197,208.3 2.45777,39.58192,208.7 2.4577,39.58184,209.6 2.45766,39.58177,209.6 2.45762,39.58171,209.8 2.45756,39.58162,210.7 2.45756,39.5816,210.4 2.45754,39.58153,210.3 2.45753,39.58145,209.6 2.45753,39.58143,209.3 2.45752,39.58137,208.9 2.4575,39.5813,208.7 2.45746,39.58126,209.9 2.45741,39.5812,211.2 2.45737,39.58112,211.8 2.45736,39.5811,211.9 2.45735,39.58104,211.5 2.45735,39.58096,210.3 2.45735,39.58092,209.7 2.45735,39.58087,209.0 2.45735,39.58077,207.0 2.45733,39.58074,207.2 2.4573,39.5807,207.6 2.45722,39.58063,209.4 2.45718,39.5806,210.4 2.45714,39.58057,211.4 2.45709,39.58052,212.4 2.45706,39.58046,212.3 2.45705,39.58045,212.5 2.45703,39.58039,211.9 2.45699,39.5803,211.5 2.45694,39.58019,211.0 2.45688,39.58012,211.9 2.4568,39.58006,213.8 2.45672,39.57999,215.4 2.45664,39.57992,216.0 2.45658,39.57985,215.2 2.45649,39.57976,214.9 2.45645,39.5797,214.3 2.45633,39.57955,214.2 2.45621,39.57939,214.8 2.4562,39.57939,215.2 2.45609,39.57924,216.7 2.45605,39.57919,217.5 2.45597,39.57908,217.6 2.45584,39.57893,218.1 2.45561,39.57866,212.6 2.45559,39.57863,212.2 2.45546,39.57848,211.5 2.45533,39.57833,212.2 2.45527,39.57826,212.1 2.45522,39.57822,212.6 2.4552,39.5782,212.7 2.45518,39.5782,213.2 2.45517,39.57819,213.3 2.45515,39.5782,214.1 2.45512,39.57822,215.4 2.45511,39.57824,216.1 2.45511,39.57827,216.8 2.45514,39.5783,216.6 2.45517,39.57833,216.4 2.45522,39.57838,215.6 2.4553,39.57846,214.6 2.45531,39.57847,214.5 2.45534,39.57852,214.5 2.45541,39.57863,214.9 2.45543,39.57866,215.1 2.45589,39.57945,226.5 2.45598,39.57961,225.5 2.45598,39.57962,225.6 2.45602,39.57969,225.5 2.45603,39.57973,225.7 2.45603,39.57978,226.4 2.45603,39.57979,226.6 2.456,39.57984,227.9 2.45591,39.57993,230.9 2.45589,39.57993,231.3 2.45577,39.57998,230.8 2.45571,39.58001,229.0 2.4557,39.58003,228.9 2.45571,39.58009,229.8 2.4557,39.58017,230.4 2.45569,39.58021,230.4 2.45567,39.58033,231.0 2.45565,39.58039,230.9 2.45559,39.58053,230.1 2.45557,39.58056,229.6 2.45551,39.5807,228.6 2.45549,39.58073,228.1 2.45543,39.58085,226.6 2.4554,39.5809,225.5 2.45538,39.58093,224.7 2.45535,39.58099,223.6 2.45534,39.58104,223.3 2.45534,39.58107,223.3 2.45533,39.58113,223.0 2.45534,39.58125,223.7 2.45534,39.58127,223.7 2.45535,39.58137,224.4 2.45537,39.58143,225.4 2.45538,39.58146,225.9 2.45541,39.5816,227.5 2.45541,39.58161,227.6 2.45544,39.58178,227.8 2.45545,39.58183,227.7 2.45553,39.58213,227.7 2.45555,39.58221,227.6 2.45558,39.58231,227.6 2.4556,39.58236,227.8 2.45566,39.58248,228.6 2.45577,39.58264,228.5 2.45588,39.5828,227.3 2.45598,39.58296,225.9 2.45603,39.58302,225.9 2.45607,39.58305,226.5 2.45613,39.58309,227.6 2.45613,39.5831,227.4 2.45616,39.58314,227.5 2.45618,39.58317,227.5 2.45621,39.58323,227.2 2.45622,39.58326,226.9 2.45622,39.58328,226.5 2.45622,39.58334,225.2 2.45623,39.58339,224.8 2.45625,39.58343,224.9 2.45628,39.5835,224.8 2.45633,39.58359,225.1 2.45634,39.5836,225.3 2.45642,39.58371,226.2 2.45645,39.58376,226.3 2.45652,39.58384,227.1 2.45661,39.584,226.8 2.45667,39.58415,225.5 2.45671,39.58426,225.5 2.45672,39.58429,225.5 2.45679,39.58441,226.5 2.4568,39.58442,226.8 2.45688,39.58451,228.4 2.45705,39.58472,230.7 2.45718,39.58488,231.9 2.45728,39.585,232.4 2.45731,39.58508,235.1 2.45731,39.58511,235.8 2.45729,39.58514,235.9 2.45727,39.58517,236.1 2.45724,39.5852,235.9 2.45723,39.58521,235.9 2.45714,39.58525,234.3 2.45688,39.58533,229.0 2.45676,39.58537,226.8 2.45665,39.58542,225.5 2.45662,39.58544,225.8 2.45631,39.5856,227.4 2.45624,39.58564,227.8 2.45612,39.58571,228.5 2.45593,39.58581,229.3 2.45568,39.58594,234.1 2.45562,39.58595,234.8 2.45557,39.58595,235.0 2.45552,39.58595,235.3 2.45545,39.58592,234.4 2.45534,39.58587,232.9 2.45532,39.58585,232.2 2.45519,39.58577,230.3 2.45501,39.58566,227.8 2.45483,39.58553,225.8 2.45448,39.58524,220.6 2.45431,39.58511,218.1 2.45426,39.58507,217.4 2.45414,39.58499,215.9 2.45406,39.58493,214.9 2.45395,39.58488,214.4 2.45394,39.58487,214.2 2.45377,39.58481,213.8 2.45374,39.5848,213.8 2.45362,39.58477,213.8 2.45352,39.58475,214.0 2.45348,39.58474,214.1 2.4534,39.58473,214.4 2.45331,39.58472,214.2 2.45329,39.58473,214.2 2.45324,39.58473,213.3 2.45318,39.58474,212.6 2.45311,39.58478,212.2 2.45309,39.5848,212.3 2.45307,39.58482,212.3 2.45304,39.58487,212.7 2.45303,39.58493,213.6 2.45302,39.58497,214.1 2.45301,39.58503,214.6 2.45303,39.58526,216.6 2.45303,39.58533,217.1 2.45304,39.58551,218.6 2.45303,39.58569,219.6 2.45302,39.58576,219.9 2.453,39.58583,219.8 2.45298,39.58586,219.4 2.45292,39.58598,218.6 2.45288,39.58602,217.8 2.45288,39.58603,217.8 2.45282,39.58608,216.6 2.45277,39.58611,215.6 2.45271,39.58615,214.4 2.45261,39.5862,212.3 2.45251,39.58622,210.0 2.4525,39.58622,209.7 2.45245,39.58623,209.0 2.45237,39.58625,207.9 2.4523,39.58628,207.0 2.45229,39.58629,207.0 2.45225,39.58631,206.5 2.45222,39.58634,206.3 2.45217,39.58641,206.1 2.45215,39.58643,206.0 2.45205,39.58659,205.8 2.45193,39.58681,206.4 2.45186,39.58692,206.7 2.45182,39.58697,206.7 2.4518,39.58699,206.6 2.45162,39.58711,205.5 2.45146,39.58721,205.4 2.4513,39.58732,205.1 2.45112,39.58744,204.5 2.4508,39.58756,202.4 2.45074,39.58759,202.4 2.45052,39.58769,202.2 2.45041,39.58775,202.1 2.45032,39.5878,202.0 2.45015,39.58791,201.9 2.45007,39.58799,202.0 2.45002,39.58805,202.1 2.44997,39.58812,202.4 2.44989,39.58821,202.7 2.44983,39.58827,202.8 2.4498,39.58829,202.8 2.44975,39.58831,202.7 2.44962,39.58836,202.3 2.44959,39.58836,202.2 2.44939,39.58841,201.6 2.44937,39.58842,201.6 2.4493,39.58844,201.4 2.44918,39.5885,201.3 2.44909,39.58857,201.6 2.44901,39.58864,201.9 2.44888,39.58874,202.3 2.44865,39.58899,202.8 2.44844,39.58921,202.7 2.44789,39.5898,203.3 2.44765,39.59001,201.9 2.44765,39.59002,202.0 2.44752,39.59019,201.8 2.44745,39.59028,202.2 2.4474,39.59036,202.6 2.44736,39.59041,202.9 2.44729,39.59055,203.4 2.44723,39.59065,203.7 2.44721,39.59068,203.8 2.44713,39.59078,204.0 2.44703,39.59087,204.1 2.44678,39.59107,204.6 2.44662,39.5912,205.1 2.44646,39.59133,206.0 2.4463,39.59146,206.4 2.44614,39.59159,206.3 2.44598,39.59172,206.7 2.44594,39.59175,207.1 2.44589,39.59179,207.6 2.44583,39.59181,207.9 2.44579,39.59183,208.4 2.44576,39.59183,208.6 2.44568,39.59186,209.4 2.44549,39.59188,210.8 2.4451,39.59191,213.4 2.44499,39.59191,213.9 2.4449,39.59191,214.0 2.44484,39.59189,213.8 2.44478,39.59188,213.8 2.44465,39.59184,213.5 2.44461,39.59181,213.3 2.44453,39.59177,213.0 2.44428,39.59163,213.2 2.44409,39.59153,215.1 2.4439,39.59142,217.3 2.44372,39.59132,219.3 2.44353,39.59121,221.2 2.44337,39.59112,222.8 2.44334,39.59111,223.0 2.44316,39.59102,223.9 2.44314,39.59101,224.0 2.44297,39.59091,224.6 2.44296,39.5909,224.7 2.44292,39.59087,224.8 2.44289,39.59081,225.1 2.44282,39.5907,225.4 2.4428,39.59064,225.5 2.44275,39.5905,225.8 2.44274,39.59047,225.9 2.44268,39.5903,226.0 2.44268,39.59029,226.1 2.44264,39.59012,226.2 2.44263,39.59007,226.2 2.44258,39.58994,226.0 2.44256,39.58987,225.9 2.44251,39.58977,225.6 2.44245,39.58966,225.9 2.44242,39.58961,226.0 2.44233,39.58948,226.2 2.4423,39.58945,226.2 2.44215,39.58932,226.2 2.44196,39.58921,225.8 2.44196,39.5892,225.8 2.44173,39.5891,225.8 2.44154,39.58907,225.8 2.44147,39.58906,225.8 2.44131,39.58902,226.0 2.44123,39.589,226.0 2.44096,39.58894,225.8 2.44091,39.58891,225.8 2.44088,39.5889,225.7 2.44087,39.58889,225.8 2.44075,39.58883,225.3 2.44073,39.58881,225.2 2.44056,39.58868,224.3 2.44039,39.58851,223.2 2.44028,39.5884,222.4 2.44025,39.58838,222.1 2.44004,39.58821,223.6 2.43992,39.58812,225.0 2.43988,39.58809,225.4 2.43967,39.58793,226.8 2.43948,39.58776,227.3 2.43927,39.58761,225.8 2.43918,39.58755,224.8 2.43901,39.58743,222.0 2.43874,39.58724,215.5 2.43873,39.58723,215.2 2.43872,39.58722,214.9 2.43869,39.58721,214.1 2.43868,39.58721,213.9 2.43867,39.58721,213.6 2.43865,39.58722,213.2 2.43864,39.58722,212.9 2.43864,39.58722,212.9 2.43868,39.58715,213.5 2.43869,39.58712,213.6 2.43871,39.58697,213.3 2.43872,39.5869,213.2 2.4387,39.58679,211.9 2.43866,39.58665,209.5 2.43866,39.58661,208.8 2.43865,39.58658,208.0 2.43864,39.58651,206.5 2.43865,39.58646,206.1 2.43866,39.58643,205.9 2.43875,39.58629,206.7 2.43876,39.58628,206.8 2.43889,39.5861,208.1 2.43893,39.58603,208.1 2.43897,39.58596,208.2 2.43899,39.58582,206.5 2.43899,39.58578,206.5 2.43898,39.58576,206.2 2.43896,39.58573,205.6 2.4389,39.58569,203.8 2.43885,39.58566,202.3 2.43883,39.58565,201.7 2.43883,39.58565,201.7 2.43881,39.58563,201.2 2.43878,39.58561,200.3 2.43869,39.58552,197.8 2.43868,39.5855,197.6 2.43864,39.58546,196.5 2.43861,39.58543,195.8 2.43855,39.58537,194.3 2.43852,39.58535,193.5 2.43848,39.58533,192.5 2.43842,39.5853,190.9 2.43835,39.58528,189.1 2.43832,39.58528,188.4 2.43827,39.58528,187.4 2.4382,39.58527,186.1 2.43814,39.58526,185.1 2.43801,39.58523,182.8 2.4379,39.58521,180.8 2.43771,39.58517,177.5 2.43766,39.58515,176.7 2.43755,39.58511,175.0 2.43727,39.58498,170.2 2.43705,39.58487,166.1 2.43703,39.58485,165.7 2.43699,39.5848,165.2 2.43696,39.58473,165.0 2.43694,39.58469,164.8 2.43691,39.58467,164.2 2.43689,39.58466,163.9 2.43688,39.58466,163.6 2.43686,39.58466,163.2 2.43683,39.58467,162.5 2.43681,39.58469,162.0 2.43681,39.58471,161.8 2.43676,39.58478,160.3 2.43675,39.58479,160.1 2.43672,39.58479,159.4 2.43671,39.58478,159.3 2.43669,39.58477,158.9 2.43667,39.58475,158.6 2.43666,39.58474,158.5 2.4366,39.58461,158.6 2.43659,39.5846,158.5 2.43659,39.58459,158.6 2.4366,39.58458,158.8 2.4366,39.58457,158.8 2.43661,39.58456,159.0 2.4367,39.58441,161.3 2.43671,39.5844,161.5 2.43671,39.58438,161.7 2.43671,39.58437,161.7 2.43671,39.58435,161.8 2.4367,39.58433,161.7 2.43669,39.58432,161.6 2.43662,39.58425,161.2 2.43647,39.58411,162.3 2.43646,39.5841,162.5 2.43643,39.58407,163.0 2.4364,39.58405,163.3 2.43638,39.58405,163.2 2.43635,39.58406,162.8 2.43633,39.58408,162.3 2.43631,39.58411,161.5 2.43631,39.58411,161.5 2.43627,39.58421,159.6 2.43624,39.58428,158.5 2.43621,39.58437,157.1 2.43619,39.58443,156.1 2.43618,39.58446,155.6 2.43615,39.58454,154.2 2.43614,39.58454,154.1 2.43612,39.58457,153.5 2.43608,39.5846,152.6 2.43607,39.58461,152.3 2.43601,39.58465,150.9 2.43598,39.58467,150.2 2.43594,39.58468,149.5 2.43588,39.5847,148.4 2.43587,39.5847,148.2 2.43582,39.58471,147.5 2.43576,39.58471,147.1 2.43568,39.58471,146.6 2.43564,39.58471,146.4 2.43559,39.58472,145.8 2.43553,39.58473,145.2 2.43552,39.58474,144.9 2.43546,39.58474,144.5 2.43541,39.58474,144.2 2.43538,39.58474,144.0 2.43531,39.58472,144.0 2.4353,39.58472,144.0 2.43527,39.58472,143.8 2.43524,39.58473,143.3 2.43521,39.58474,142.9 2.43519,39.58475,142.5 2.43506,39.5848,140.2 2.435,39.58482,139.2 2.43498,39.58483,138.6 2.43493,39.58484,137.6 2.43489,39.58484,137.1 2.43487,39.58484,136.8 2.43484,39.58484,136.4 2.4348,39.58484,135.8 2.43475,39.58482,135.6 2.43466,39.58478,135.2 2.43456,39.58473,134.6 2.43447,39.58469,133.9 2.43446,39.58468,133.9 2.43436,39.58463,133.0 2.43427,39.58457,132.2 2.43399,39.58441,129.0 2.4339,39.58436,127.9 2.43381,39.5843,126.7 2.43369,39.58422,125.0 2.43366,39.58421,124.4 2.43365,39.5842,124.3 2.43363,39.58419,123.9 2.43351,39.58417,121.6 2.43351,39.58417,121.6 2.43333,39.58402,119.4 2.4332,39.58396,118.4 2.43305,39.5839,117.0 2.43294,39.58384,115.9 2.43282,39.58374,114.6 2.43281,39.58373,114.5 2.43264,39.58358,112.3 2.43256,39.5835,111.0 2.43254,39.58348,110.7 2.43252,39.5834,110.4 2.43252,39.58338,110.4 2.4326,39.58313,110.9 2.43265,39.58298,111.0 2.43265,39.58295,110.8 2.43266,39.58294,110.9 2.43266,39.5829,110.7 2.43265,39.58285,110.2 2.43263,39.58277,109.5 2.43262,39.58272,109.0 2.43259,39.58265,108.2 2.43245,39.58233,105.3 2.43238,39.58222,104.6 2.43235,39.58217,104.2 2.43228,39.5821,103.6 2.43212,39.58194,102.1 2.43195,39.58177,100.4 2.4319,39.58173,99.9 2.43187,39.58169,99.5 2.43162,39.58144,96.5 2.43138,39.5812,94.9 2.43128,39.58106,94.3 2.43128,39.58104,94.2 2.43117,39.5808,94.4 2.43112,39.58069,94.5 2.43111,39.58066,94.5 2.43104,39.58043,94.7 2.431,39.58027,94.9 2.43091,39.57994,95.2 2.43084,39.57974,94.1 2.43074,39.57958,94.4 2.43066,39.5795,94.9 2.43063,39.57948,95.1 2.43059,39.57944,95.3 2.43055,39.57941,95.5 2.43042,39.57932,96.0 2.43007,39.57908,96.3 2.43006,39.57907,96.2 2.42993,39.57899,96.3 2.42989,39.57897,96.4 2.42986,39.57895,96.4 2.4298,39.57893,96.6 2.42968,39.57889,97.0 2.42961,39.57887,97.3 2.42935,39.57882,98.5 2.42929,39.57881,98.8 2.42906,39.57879,100.0 2.42896,39.57877,100.3 2.42883,39.57876,100.9 2.42873,39.57874,101.2 2.42864,39.57872,101.3 2.42856,39.57871,101.7 2.42851,39.57869,101.6 2.42847,39.57867,101.4 2.42844,39.57865,101.2 2.42843,39.57864,101.0 2.42826,39.5785,99.1 2.42814,39.57839,97.6 2.42812,39.57837,97.3 2.42802,39.57829,96.8 2.42801,39.57829,96.9 2.42794,39.57823,96.7 2.42779,39.57814,96.8 2.42776,39.57812,96.7 2.42768,39.57807,96.7 2.42765,39.57806,96.8 2.42761,39.57804,96.8 2.42752,39.57803,97.2 2.42743,39.57802,97.7 2.42722,39.57799,98.5 2.42698,39.57796,99.4 2.42697,39.57795,99.3 2.42688,39.5779,99.1 2.42656,39.57771,97.9 2.4265,39.57767,97.5 2.42623,39.57748,95.3 2.42614,39.57745,95.3 2.42608,39.57742,95.2 2.42585,39.5774,95.9 2.42579,39.57739,95.9 2.42531,39.57735,97.1 2.42509,39.57732,97.6 2.42506,39.57732,97.7 2.425,39.5773,97.8 2.42493,39.57727,97.2 2.4248,39.57719,96.1 2.4248,39.57719,96.1 2.42479,39.5772,96.1 2.42478,39.57721,96.0 2.42477,39.57721,96.0 2.42476,39.57721,95.9 2.42475,39.57722,95.9 2.42474,39.57722,95.9 2.42472,39.57722,95.8 2.42471,39.57722,95.7 2.4247,39.57722,95.6 2.42469,39.57722,95.6 2.42468,39.57722,95.5 2.42466,39.57722,95.4 2.42463,39.57721,95.2 2.42462,39.57721,95.2 2.42461,39.57721,95.1 2.4246,39.5772,95.0 2.42459,39.5772,95.0 2.42458,39.57719,94.9 2.42457,39.57718,94.8 2.42456,39.57718,94.7 2.42455,39.57717,94.6 2.42455,39.57716,94.6 2.42454,39.57715,94.5 2.42453,39.57714,94.4 2.42452,39.57713,94.3 2.42452,39.57712,94.3 2.42452,39.57711,94.3 2.42451,39.5771,94.2 2.42451,39.57709,94.2 2.42451,39.57708,94.1 2.42451,39.57707,94.1 2.42451,39.57706,94.1 2.42451,39.57705,94.0 2.42451,39.57703,94.0 2.42436,39.57697,93.2 2.42432,39.57693,92.9 2.42417,39.57679,92.2 2.42353,39.57622,87.1 2.42326,39.57598,85.0 2.42321,39.57592,84.5 2.42315,39.57587,84.0 2.42314,39.57587,84.0 2.42279,39.57555,80.7 2.42242,39.57522,77.6 2.42202,39.57487,75.4 2.42196,39.57482,75.1 2.42194,39.5748,74.9 2.42192,39.57479,74.9 2.42187,39.57476,74.6 2.42182,39.57473,74.4 2.42177,39.57471,74.2 2.42172,39.5747,74.0 2.42166,39.5747,73.9 2.42161,39.5747,73.9 2.42146,39.5747,73.7 2.4212,39.57468,73.4 2.4212,39.57468,73.4 2.42076,39.57457,72.4 2.4204,39.57448,71.9 2.4204,39.57448,71.9 2.42035,39.57459,72.5 2.42028,39.57476,73.6 2.42028,39.57476,73.6 2.42028,39.57476,73.6 2.42038,39.57479,73.7 2.42052,39.57482,73.9 2.42052,39.57482,73.9 2.42041,39.57507,75.5 2.42031,39.57531,77.2 2.42006,39.57524,76.7 2.41984,39.57518,76.3 2.41944,39.57507,75.4 2.41889,39.57492,73.2 2.41862,39.57485,71.5 2.41818,39.57472,68.8 2.41796,39.57466,67.3 2.41776,39.57461,66.0 2.41774,39.5746,65.9 2.41774,39.5746,65.9 2.41648,39.57443,60.9 2.41567,39.57432,60.7 2.41518,39.57425,61.1 2.41518,39.57425,61.1 2.41518,39.57426,61.1 2.41512,39.57452,62.1 2.41505,39.57478,63.1 2.41502,39.57486,63.5 2.41499,39.57494,63.8 2.41499,39.57494,63.8 2.41492,39.57505,64.0 2.41471,39.57538,64.4 2.41468,39.57542,64.5 2.41451,39.57569,65.2 2.41441,39.57586,65.8 2.41431,39.57602,66.7 2.41422,39.57617,67.6 2.41421,39.57618,67.6 2.41408,39.57652,69.0 2.41408,39.57652,69.0 2.41419,39.57674,70.2 2.41428,39.57688,70.4 2.41434,39.57698,70.6 2.41437,39.57701,70.7 2.41441,39.57705,70.8 2.41445,39.57709,70.8 2.41446,39.57711,70.9 2.41448,39.57715,71.0 2.4145,39.5772,71.1 2.4145,39.57722,71.2 2.41449,39.57731,71.5 2.41449,39.57731,71.5 2.41454,39.57732,71.5 2.41454,39.57732,71.5 2.41454,39.57737,71.6 2.41455,39.57745,71.9 2.41457,39.57753,72.2 2.41459,39.57762,72.9 2.4146,39.57768,73.3 2.41472,39.57828,77.9 2.41474,39.57834,78.4 2.41475,39.5784,78.8 2.41475,39.57845,79.2 2.41475,39.57849,79.4 2.41474,39.5786,80.1 2.41474,39.57866,80.5 2.41473,39.5787,80.7 2.41472,39.57882,81.4 2.4147,39.57912,83.3 2.41468,39.57926,84.8 2.41469,39.57952,88.6 2.41469,39.57952,88.6 2.41469,39.57953,88.7 2.41468,39.57957,89.3 2.41464,39.57963,89.9 2.41454,39.57974,91.1 2.41445,39.57982,91.8 2.41439,39.57987,92.2 2.41432,39.57991,92.4 2.41427,39.57994,92.6 2.41423,39.57996,92.7 2.41417,39.57998,92.7 2.41407,39.58003,92.7 2.4139,39.58015,93.4 2.41376,39.58024,93.5 2.41369,39.5803,93.7 2.41361,39.58039,94.3 2.41355,39.58047,94.8 2.41346,39.58069,96.8 2.41343,39.58075,97.2 2.41336,39.58087,98.1 2.41334,39.58092,98.8 2.41335,39.58095,99.5 2.41336,39.58098,100.2 2.41339,39.58099,100.9 2.41342,39.58099,101.3 2.41344,39.58099,101.6 2.41349,39.58095,101.6 2.41351,39.58094,101.7 2.41366,39.58083,101.7 2.41383,39.58071,102.1 2.41387,39.58068,102.1 2.4139,39.58067,102.3 2.41392,39.58068,102.8 2.41394,39.58069,103.2 2.41395,39.5807,103.5 2.41395,39.58071,103.7 2.41395,39.58072,103.9 2.41395,39.58073,104.1 2.41394,39.58075,104.3 2.41392,39.58077,104.3 2.41389,39.58079,104.3 2.41382,39.5809,105.4 2.41376,39.58099,106.4 2.41375,39.58103,107.1 2.41375,39.58106,107.8 2.41376,39.5811,108.8 2.41389,39.58133,115.8 2.4139,39.58136,116.6 2.4139,39.58139,117.2 2.4139,39.58141,117.6 2.41391,39.58143,118.3 2.41389,39.58146,118.6 2.41387,39.5815,119.1 2.41383,39.58154,119.2 2.41381,39.58157,119.5 2.41374,39.58162,119.3 2.41355,39.58175,118.3 2.41321,39.58202,117.5 2.41318,39.58205,117.6 2.41316,39.58208,117.8 2.41316,39.58209,118.0 2.41315,39.58212,118.4 2.41315,39.58216,119.1 2.41315,39.58221,119.9 2.41317,39.58226,121.1 2.41319,39.58233,122.6 2.41324,39.58243,125.2 2.41333,39.58262,126.4 2.41335,39.58265,126.3 2.41337,39.58268,126.1 2.4134,39.5827,126.3 2.41345,39.58273,126.6 2.41359,39.58282,127.4 2.41364,39.58285,127.6 2.41372,39.5829,128.1 2.41382,39.58297,128.5 2.414,39.58308,129.4 2.41407,39.58313,129.6 2.41419,39.58319,130.5 2.41439,39.58328,133.1 2.41448,39.58333,134.1 2.41459,39.58338,135.2 2.41468,39.58343,136.0 2.41473,39.58347,136.2 2.41476,39.5835,136.2 2.41478,39.58352,136.2 2.41482,39.58357,136.0 2.41488,39.58365,135.6 2.41489,39.58366,135.6 2.41501,39.5838,135.3 2.41515,39.58396,135.8 2.41526,39.5841,136.3 2.41532,39.58418,136.7 2.41539,39.58426,137.8 2.41548,39.58437,139.0 2.41551,39.58441,139.4 2.41555,39.58447,139.8 2.41558,39.58453,139.9 2.4156,39.58457,140.0 2.41561,39.58463,139.6 2.41562,39.58475,138.5 2.41565,39.58514,135.6 2.41566,39.5852,135.6 2.41568,39.58524,135.8 2.4157,39.58529,135.9 2.41571,39.58531,135.9 2.41585,39.58557,136.7 2.41585,39.58557,136.7 2.41589,39.58564,137.1 2.41594,39.5857,137.9 2.41603,39.5858,139.3 2.4161,39.58587,140.6 2.41624,39.58601,143.3 2.41626,39.58604,143.6 2.4163,39.58608,144.2 2.41633,39.58612,144.6 2.41637,39.58617,145.1 2.41656,39.58643,146.2 2.41661,39.58647,146.5 2.41674,39.58661,147.4 2.41675,39.58662,147.5 2.41682,39.58666,148.6 2.41687,39.58669,149.4 2.41692,39.58671,150.4 2.41694,39.58671,150.9 2.41702,39.58673,152.5 2.41717,39.58676,155.4 2.41724,39.58677,156.9 2.4173,39.5868,157.8 2.41736,39.58682,158.8 2.41737,39.58684,158.8 2.41739,39.58685,159.1 2.41742,39.58689,159.1 2.41745,39.58693,159.2 2.41748,39.587,158.8 2.4175,39.58708,158.0 2.41752,39.58717,157.4 2.41755,39.58735,155.7 2.41755,39.58736,155.6 2.41755,39.58739,155.1 2.41757,39.58742,155.3 2.4176,39.58745,155.8 2.41763,39.58747,156.5 2.41767,39.5875,157.3 2.41783,39.58763,161.7 2.41785,39.58764,162.3 2.41789,39.58769,163.4 2.41792,39.58774,164.1 2.41794,39.58778,164.6 2.41797,39.58784,165.3 2.418,39.58793,165.8 2.4181,39.58812,168.3 2.41818,39.58828,170.2 2.41819,39.58829,170.5 2.41825,39.58842,171.8 2.41827,39.58846,172.1 2.41832,39.58854,173.1 2.41839,39.58865,175.2 2.41842,39.58873,176.0 2.41843,39.58882,175.8 2.41844,39.58899,175.2 2.41844,39.58901,175.0 2.41844,39.58901,175.0 2.41847,39.58919,175.3 2.41848,39.58926,175.6 2.41851,39.58936,176.7 2.41851,39.58937,176.7 2.41868,39.58987,181.9 2.41881,39.59023,186.5 2.41883,39.5903,187.2 2.41888,39.59038,189.0 2.41893,39.59044,190.8 2.41896,39.59048,191.8 2.41897,39.59052,192.1 2.41897,39.59054,192.1 2.41897,39.59058,192.0 2.41895,39.59066,191.3 2.41895,39.59071,191.3 2.41895,39.59076,191.3 2.41895,39.5908,191.3 2.41897,39.59084,191.9 2.41899,39.5909,192.3 2.419,39.59092,192.6 2.41907,39.59109,194.4 2.41914,39.59126,196.2 2.41921,39.59143,198.6 2.41923,39.59148,199.3 2.41925,39.59155,200.0 2.41926,39.59161,200.3 2.41925,39.59175,199.6 2.41924,39.59182,199.1 2.41922,39.59191,198.2 2.41921,39.59195,197.8 2.41921,39.59196,197.8 2.41922,39.59204,198.1 2.41923,39.59214,198.5 2.41924,39.59218,198.8 2.41927,39.59228,199.9 2.41928,39.59231,200.2 2.41931,39.59233,201.3 2.41931,39.59234,201.3 2.41931,39.59234,201.3 2.41934,39.59236,202.3 2.41936,39.59237,203.0 2.41938,39.59239,203.7 2.41939,39.59242,204.0 2.4194,39.59246,204.2 2.4194,39.59249,204.1 2.4194,39.59263,205.8 2.4194,39.59267,206.3 2.41941,39.59285,209.0 2.41942,39.59298,211.1 2.41944,39.59312,213.7 2.41945,39.5932,215.1 2.41945,39.59323,215.5 2.41943,39.59328,215.4 2.4194,39.59332,214.8 2.41934,39.59339,214.2 2.4193,39.59342,213.5 2.41927,39.59344,212.9 2.41916,39.59354,211.5 2.4191,39.5936,211.4 2.41908,39.59362,211.3 2.41899,39.59375,211.9 2.41887,39.59391,211.7 2.41886,39.59393,211.8 2.41884,39.59395,211.6 2.41884,39.59396,211.8 2.41883,39.59398,211.9 2.41883,39.59399,212.1 2.41883,39.594,212.4 2.41883,39.59401,212.6 2.41883,39.59402,212.8 2.41882,39.59409,214.0 2.41882,39.5941,214.2 2.4188,39.5942,215.1 2.41878,39.59426,214.5 2.41878,39.59437,215.0 2.4188,39.59444,216.0 2.4188,39.59447,216.1 2.41886,39.59457,218.6 2.41888,39.59461,219.4 2.41889,39.59463,219.9 2.41899,39.59474,223.6 2.41901,39.59476,224.4 2.41909,39.59481,227.2 2.41918,39.59488,230.3 2.41924,39.59493,232.2 2.41933,39.59502,235.1 2.4194,39.59508,237.4 2.41942,39.59513,238.1 2.41942,39.59517,238.2 2.41942,39.59518,238.2 2.41942,39.59522,238.3 2.41935,39.59529,236.3 2.41931,39.59532,235.1 2.41922,39.59537,232.5 2.41912,39.59543,229.5 2.41911,39.59544,229.2 2.41905,39.5955,227.3 2.41903,39.59553,226.7 2.41904,39.59557,227.2 2.41912,39.5957,230.1 2.41915,39.59575,231.2 2.41919,39.59582,232.6 2.41927,39.5959,235.3 2.41931,39.59594,236.6 2.41938,39.59599,239.0 2.41943,39.59603,240.7 2.41947,39.59606,242.1 2.41951,39.59612,243.6 2.41951,39.59617,243.9 2.41951,39.59624,244.4 2.41948,39.59636,244.1 2.41945,39.59644,243.6 2.41939,39.59654,242.1 2.41937,39.59657,241.6 2.41931,39.59664,239.9 2.41928,39.59669,238.9 2.41927,39.59669,238.5 2.41925,39.59672,237.8 2.41923,39.59675,237.0 2.41923,39.5968,236.9 2.41924,39.59686,237.1 2.41925,39.59692,237.3 2.41928,39.597,238.1 2.41932,39.59705,239.4 2.41935,39.59713,240.3 2.41938,39.59723,241.1 2.41942,39.59731,242.3 2.41945,39.59739,243.1 2.4195,39.59754,244.7 2.41957,39.59771,247.2 2.41957,39.59772,247.2 2.41961,39.59785,248.6 2.41962,39.59789,248.9 2.41963,39.59793,249.2 2.41965,39.59805,249.9 2.41965,39.59807,249.9 2.41965,39.59821,249.9 2.41965,39.59825,249.9 2.41964,39.59832,249.6 2.41963,39.59841,250.1 2.41961,39.59855,250.8 2.41961,39.59861,251.4 2.41962,39.59867,252.2 2.41962,39.59879,253.3 2.41962,39.5988,253.4 2.41962,39.59887,254.0 2.41963,39.59894,254.9 2.41964,39.59897,255.4 2.41965,39.599,255.9 2.41968,39.59904,257.0 2.41971,39.59909,258.1 2.41972,39.59911,258.5 2.41974,39.59915,259.3 2.41975,39.59916,259.5 2.41976,39.59917,259.8 2.41975,39.59919,259.7 2.41975,39.59922,259.8 2.41975,39.59924,259.9 2.41986,39.59942,262.6 2.41987,39.59943,262.8 2.41994,39.59955,264.1 2.41995,39.59958,264.3 2.41995,39.59959,264.3 2.41995,39.5996,264.3 2.41995,39.59964,264.3 2.41994,39.59968,264.2 2.41993,39.59972,264.2 2.4199,39.59976,263.9 2.41987,39.5998,263.6 2.4198,39.59987,263.1 2.41976,39.59991,262.9 2.41968,39.59997,262.5 2.41959,39.60003,262.8 2.41958,39.60003,262.7 2.41947,39.60008,263.2 2.41938,39.60011,263.2 2.41934,39.60012,263.1 2.41917,39.60015,262.5 2.41906,39.60016,261.9 2.419,39.60016,261.4 2.41895,39.60018,261.5 2.41891,39.60021,261.9 2.41887,39.60024,262.2 2.41882,39.6003,263.2 2.41881,39.60034,264.0 2.41875,39.60052,267.5 2.41869,39.60069,270.8 2.41866,39.60079,272.8 2.41864,39.60082,273.3 2.41862,39.60086,274.2 2.41858,39.60089,274.7 2.41853,39.60092,275.1 2.41848,39.60093,275.0 2.41842,39.60094,274.9 2.41819,39.60098,275.8 2.41818,39.60098,275.8 2.4181,39.60099,276.3 2.41804,39.60101,277.0 2.41798,39.60104,278.0 2.41797,39.60104,278.0 2.41797,39.60104,278.0 2.4178,39.60128,284.6 2.41762,39.60152,290.6 2.41759,39.60154,291.1 2.41756,39.60156,291.5 2.41754,39.60157,291.8 2.41752,39.60157,291.7 2.41749,39.60159,292.4 2.41738,39.6017,297.5 2.41738,39.6017,297.5 2.41744,39.60169,295.9 2.41748,39.60169,294.9 2.41751,39.60168,294.3 2.41756,39.60167,294.2 2.41759,39.60166,294.1 2.4176,39.60166,294.1 2.41764,39.60164,293.7 2.41775,39.60155,291.6 2.41777,39.60153,291.1 2.41792,39.6014,287.8 2.41793,39.60139,287.5 2.41797,39.60136,286.7 2.41801,39.60134,286.2 2.41804,39.60133,285.9 2.41807,39.60132,285.6 2.41809,39.60132,285.6 2.41811,39.60132,285.6 2.41812,39.60132,285.6 2.41813,39.60132,285.6 2.41814,39.60132,285.6 2.41816,39.60132,285.6 2.41817,39.60133,285.9 2.41818,39.60134,286.2 2.41822,39.60136,286.8 2.41822,39.60136,286.8 2.41821,39.60136,286.8 2.41817,39.60137,287.1 2.41813,39.60138,287.3 2.41804,39.60144,289.0 2.41797,39.60149,290.3 2.41791,39.60156,292.1 2.41782,39.60169,295.2 2.41779,39.60174,296.1 2.41777,39.60176,296.4 2.41773,39.60186,298.1 2.41766,39.60205,301.2 2.41759,39.60221,303.6 2.41756,39.60225,304.1 2.41753,39.60229,304.7 2.41744,39.60235,306.5 2.41735,39.60238,308.4 2.41726,39.6024,310.1 2.41718,39.6024,311.3 2.41717,39.6024,311.5 2.41707,39.6024,313.1 2.417,39.60239,314.1 2.41694,39.60237,314.8 2.41687,39.60232,315.5 2.41681,39.60226,316.0 2.41679,39.60223,316.2 2.41676,39.60217,316.3 2.41676,39.60211,315.8 2.41677,39.60188,314.0 2.41677,39.60181,313.4 2.41676,39.60172,313.0 2.41676,39.6017,312.9 2.41676,39.60167,312.7 2.41671,39.60153,310.3 2.4167,39.60152,310.3 2.41666,39.60145,309.4 2.41663,39.6014,308.4 2.41658,39.60135,307.6 2.41652,39.6013,306.9 2.41645,39.60125,306.2 2.41643,39.60124,306.1 2.4164,39.60121,305.5 2.41634,39.60119,305.5 2.41628,39.60118,305.8 2.41622,39.60118,306.3 2.4162,39.60118,306.5 2.41612,39.60118,307.2 2.41606,39.60119,308.1 2.41511,39.60144,314.1 2.4145,39.6016,317.6 2.41423,39.60166,319.0 2.41399,39.60169,321.2 2.41394,39.6017,321.9 2.41376,39.60171,323.4 2.41371,39.60171,323.7 2.41363,39.60171,324.2 2.41355,39.60169,324.1 2.41348,39.60169,324.6 2.41314,39.60161,325.0 2.41285,39.60155,325.8 2.41279,39.60154,326.0 2.41271,39.60152,326.1 2.41262,39.60152,327.0 2.41252,39.60153,328.2 2.41246,39.60154,328.4 2.41241,39.60156,328.6 2.41236,39.60158,328.9 2.4118,39.60204,334.8 2.41162,39.6022,337.2 2.41145,39.60234,337.9 2.41144,39.60235,337.9 2.41128,39.60248,338.1 2.41127,39.60249,338.1 2.41113,39.60262,339.0 2.41107,39.60266,339.2 2.4109,39.60283,341.4 2.41072,39.60299,343.2 2.41042,39.60322,344.1 2.41016,39.6034,344.0 2.41014,39.60341,343.9 2.40998,39.60351,343.9 2.40994,39.60353,344.1 2.4098,39.60362,345.1 2.40962,39.60374,346.2 2.40961,39.60374,346.1 2.40954,39.6038,346.7 2.40945,39.60386,347.1 2.40939,39.60392,347.7 2.40936,39.60397,348.4 2.40931,39.60406,349.8 2.40924,39.60421,351.6 2.40919,39.60436,352.3 2.40915,39.60446,352.8 2.40909,39.60461,353.8 2.40907,39.60481,355.3 2.40906,39.60486,355.6 2.40907,39.60492,356.1 2.40908,39.60497,356.6 2.40914,39.60506,357.3 2.40922,39.6052,358.2 2.4093,39.60531,359.9 2.40935,39.60537,361.1 2.40942,39.60547,362.8 2.40948,39.60562,364.3 2.40954,39.60579,366.0 2.40961,39.60596,368.1 2.40968,39.60614,370.2 2.40974,39.60631,372.0 2.40975,39.60632,372.4 2.40977,39.60643,372.9 2.40977,39.60649,372.8 2.40974,39.60653,371.6 2.40968,39.60666,369.1 2.40965,39.60675,366.3 2.40962,39.60683,363.5 2.40962,39.60684,363.3 2.40961,39.60692,361.2 2.40959,39.60697,359.4 2.40959,39.60703,358.1 2.40961,39.60711,357.2 2.40964,39.60718,357.0 2.40966,39.60723,356.7 2.4097,39.6073,356.9 2.40977,39.60737,358.2 2.40985,39.60745,359.9 2.4099,39.60748,361.3 2.40998,39.60753,363.6 2.41001,39.60756,364.2 2.41003,39.60757,364.5 2.41005,39.6076,364.5 2.41005,39.60761,364.3 2.41006,39.60762,364.4 2.41006,39.60767,363.5 2.41006,39.60772,362.6 2.41005,39.60779,361.1 2.41,39.6081,354.2 2.41001,39.60814,353.7 2.41001,39.60815,353.6 2.41004,39.60824,352.7 2.41007,39.60828,352.8 2.4101,39.6083,353.2 2.41013,39.60833,353.5 2.41028,39.60842,355.1 2.41047,39.60853,357.3 2.41056,39.60859,358.2 2.41062,39.60863,358.8 2.41067,39.6087,358.4 2.41073,39.60882,356.9 2.41092,39.60914,353.8 2.41101,39.60931,351.3 2.41109,39.60944,349.6 2.41111,39.60947,349.3 2.41112,39.60948,349.2 2.41118,39.60953,349.2 2.41124,39.60958,349.1 2.41131,39.60962,349.5 2.41148,39.60969,351.2 2.41171,39.60978,353.6 2.41206,39.6099,358.4 2.4121,39.60993,358.5 2.41212,39.60994,358.6 2.41219,39.61,358.6 2.41223,39.61005,358.0 2.41224,39.61007,357.6 2.41226,39.6101,357.2 2.41232,39.61024,354.4 2.4124,39.61044,350.3 2.41244,39.61059,346.8 2.41254,39.61092,339.3 2.41256,39.61094,339.0 2.41258,39.61097,338.5 2.41263,39.61104,337.3 2.41268,39.61109,336.5 2.41269,39.61109,336.7 2.41275,39.61113,336.4 2.41282,39.61117,336.1 2.41287,39.6112,335.8 2.41289,39.61121,335.8 2.41307,39.61128,335.7 2.41311,39.61129,335.9 2.41329,39.61135,335.8 2.41342,39.61138,335.2 2.41351,39.6114,334.6 2.41362,39.61143,333.7 2.41374,39.61145,333.2 2.4138,39.61146,332.9 2.41397,39.61149,332.2 2.41403,39.6115,332.0 2.4142,39.61152,331.6 2.41423,39.61152,331.6 2.41443,39.61155,330.5 2.41466,39.61157,329.9 2.41474,39.61158,329.6 2.41482,39.6116,329.0 2.41488,39.61162,328.4 2.41492,39.61163,328.1 2.41493,39.61163,328.1 2.41513,39.61169,326.4 2.41514,39.6117,326.2 2.4153,39.61175,325.2 2.41535,39.61177,324.8 2.41554,39.61185,323.5 2.41598,39.61202,320.8 2.41619,39.6121,319.5 2.4164,39.61218,318.1 2.41661,39.61226,316.7 2.41682,39.61234,315.9 2.41691,39.61238,315.5 2.41701,39.61243,315.1 2.41706,39.61247,314.8 2.41718,39.61255,314.4 2.41719,39.61255,314.4 2.41739,39.61276,313.0 2.41746,39.61284,312.3 2.41758,39.613,310.8 2.41782,39.6133,308.6 2.41807,39.61361,309.5 2.41819,39.61376,309.3 2.41856,39.61422,311.1 2.41868,39.61438,313.5 2.4188,39.61453,315.0 2.41892,39.61468,315.6 2.41905,39.61484,315.2 2.41978,39.61576,316.1 2.41981,39.6158,315.5 2.41986,39.61585,315.0 2.4199,39.61593,314.7 2.41993,39.61601,314.4 2.41993,39.61602,314.3 2.41995,39.61611,313.9 2.41995,39.61624,313.4 2.41995,39.61638,312.8 2.41994,39.61656,312.3 2.41994,39.61674,311.2 2.41993,39.61692,309.9 2.41993,39.6171,308.5 2.41992,39.61746,306.0 2.41992,39.61755,307.1 2.41994,39.61763,308.6 2.41997,39.61772,309.8 2.42002,39.6178,310.4 2.42003,39.61782,310.8 2.42017,39.61794,311.6 2.42022,39.61799,311.7 2.42033,39.61807,310.7 2.42047,39.61818,308.3 2.4205,39.6182,307.6 2.42068,39.61831,302.3 2.42074,39.61836,301.2 2.42087,39.61841,298.8 2.42104,39.61849,297.3 2.42107,39.61851,297.1 2.42127,39.6186,294.4 2.42146,39.6187,291.2 2.42158,39.61876,288.8 2.42165,39.6188,287.2 2.42177,39.61888,285.9 2.42186,39.61896,285.0 2.42191,39.61902,284.5 2.42194,39.61906,284.2 2.42197,39.61911,283.9 2.42208,39.61942,283.3 2.42214,39.61959,282.6 2.4222,39.61977,281.6 2.42226,39.61994,280.4 2.42228,39.62,279.9 2.42232,39.62011,278.4 2.42237,39.62025,276.5 2.42238,39.62029,276.0 2.42242,39.62043,274.2 2.42242,39.62046,274.2 2.42243,39.62049,273.7 2.42241,39.62055,274.5 2.42239,39.62061,275.3 2.42237,39.62064,276.1 2.4223,39.62079,279.1 2.4223,39.62081,279.1 2.42227,39.62096,279.6 2.42228,39.62099,278.8 2.42229,39.62105,277.8 2.42231,39.62107,276.6 2.42233,39.6211,275.2 2.42236,39.62113,273.2 2.42239,39.62113,271.6 2.42242,39.62114,269.7 2.42244,39.62114,268.6 2.42248,39.62113,266.5 2.42255,39.62113,265.0 2.42258,39.62112,264.9 2.42261,39.62111,264.8 2.42262,39.62111,264.7 2.42264,39.6211,264.7 2.42265,39.62109,264.8 2.42269,39.62102,265.5 2.42271,39.62095,266.4 2.42271,39.62092,266.9 2.42271,39.62077,268.5 2.42269,39.62059,269.5 2.42268,39.62041,270.4 2.42267,39.62023,271.2 2.42267,39.62018,271.4 2.42266,39.62005,272.0 2.42265,39.62002,272.1 2.42268,39.61995,272.3 2.42271,39.61991,272.5 2.42273,39.61989,272.6 2.42274,39.61988,272.6 2.42278,39.61986,272.8 2.42285,39.61984,273.2 2.42292,39.61984,273.5 2.42295,39.61984,273.6 2.42299,39.61985,273.7 2.42303,39.61987,273.7 2.42307,39.6199,273.5 2.42311,39.61995,273.2 2.42312,39.61997,273.0 2.42318,39.62007,272.1 2.42319,39.62012,271.6 2.4233,39.62047,267.5 2.42335,39.62065,266.2 2.4234,39.62082,267.4 2.42345,39.621,267.8 2.42347,39.62106,268.1 2.42347,39.62116,266.5 2.42345,39.62128,263.4 2.42339,39.62146,257.2 2.42337,39.62153,255.0 2.42334,39.62171,250.6 2.42331,39.6218,248.9 2.42332,39.62191,247.0 2.42337,39.62206,246.2 2.42343,39.62222,246.3 2.42344,39.62223,246.6 2.4235,39.62241,246.1 2.42352,39.62247,245.9 2.42362,39.62275,243.2 2.42368,39.62293,240.5 2.42375,39.6231,237.9 2.42375,39.62311,237.6 2.42379,39.62318,236.6 2.42386,39.62323,237.0 2.42388,39.62324,237.2 2.42396,39.62329,237.5 2.42408,39.62333,239.0 2.42428,39.62339,246.1 2.4243,39.6234,246.9 2.42438,39.62344,250.4 2.42441,39.62348,250.6 2.42443,39.62351,250.6 2.42443,39.62353,249.8 2.42444,39.62356,249.2 2.42442,39.62361,246.0 2.42438,39.62365,242.1 2.42433,39.62369,237.6 2.42427,39.62371,233.4 2.4242,39.62372,229.0 2.42413,39.62371,226.8 2.42412,39.62371,226.6 2.42406,39.62369,226.2 2.42401,39.62366,226.3 2.42395,39.62359,227.4 2.42388,39.6235,228.9 2.42382,39.62344,229.4 2.42368,39.6233,230.2 2.42362,39.62324,230.3 2.42355,39.62315,230.7 2.4235,39.62309,230.7 2.42343,39.62299,230.7 2.42338,39.6229,230.9 2.42336,39.62284,231.4 2.42336,39.62283,231.6 2.42336,39.62277,232.8 2.42338,39.62265,236.0 2.4234,39.62257,238.5 2.4234,39.62255,238.9 2.4234,39.62253,239.3 2.4234,39.62251,239.8 2.42339,39.6225,239.5 2.42338,39.62249,239.2 2.42337,39.62247,239.1 2.42336,39.62247,238.7 2.42332,39.62244,238.1 2.42329,39.62243,238.5 2.42327,39.62242,238.8 2.42324,39.62242,239.0 2.42321,39.62243,239.1 2.42318,39.62243,239.3 2.42316,39.62244,239.3 2.4231,39.62245,239.5 2.42304,39.62248,239.4 2.42301,39.62249,239.5 2.423,39.6225,239.4 2.42299,39.62251,239.4 2.42298,39.62252,239.4 2.42298,39.62253,239.3 2.42298,39.62254,239.2 2.42297,39.62259,238.8 2.42298,39.62265,238.2 2.423,39.62271,237.4 2.423,39.62272,237.3 2.42305,39.62283,235.4 2.42307,39.62288,234.5 2.4231,39.62297,232.8 2.42314,39.62306,230.8 2.42316,39.62313,229.3 2.42321,39.62323,226.5 2.42323,39.62327,225.2 2.4233,39.62339,220.8 2.42331,39.62342,219.8 2.42343,39.62354,218.3 2.42347,39.62359,217.9 2.42356,39.62369,217.0 2.42369,39.62384,215.1 2.4237,39.62384,215.3 2.42386,39.62397,213.8 2.42397,39.62405,212.7 2.42401,39.6241,211.5 2.42408,39.62416,210.3 2.42417,39.62422,209.6 2.42418,39.62423,209.9 2.42423,39.62427,211.3 2.42431,39.62431,214.3 2.42435,39.62435,215.3 2.4244,39.62438,217.1 2.42445,39.62444,218.2 2.42451,39.62451,219.6 2.42461,39.62464,221.8 2.42465,39.6247,222.6 2.42472,39.6248,224.2 2.42475,39.62484,225.0 2.42486,39.62494,229.1 2.42498,39.62506,230.6 2.42501,39.62508,231.3 2.42513,39.62518,236.0 2.42517,39.62521,237.7 2.42523,39.62527,239.0 2.42532,39.62535,241.4 2.42535,39.62538,241.9 2.42546,39.6255,242.5 2.42551,39.62555,243.0 2.42561,39.62563,245.3 2.42573,39.62572,248.1 2.42577,39.62576,248.1 2.42579,39.62578,248.0 2.42585,39.62584,247.7 2.42587,39.62591,244.3 2.42588,39.62592,244.4 2.42589,39.62598,241.1 2.4259,39.62607,236.8 2.4259,39.6261,235.4 2.4259,39.62619,231.2 2.4259,39.62628,227.0 2.42589,39.62636,223.2 2.42589,39.62646,218.5 2.42588,39.62653,215.2 2.4259,39.62664,210.0 2.42592,39.62677,203.9 2.42594,39.62681,201.9 2.42598,39.62689,197.9 2.42605,39.62697,202.0 2.42608,39.62699,204.2 2.42618,39.6271,209.4 2.4262,39.62711,210.8 2.42629,39.62719,215.4 2.42632,39.62721,217.1 2.42634,39.62724,217.4 2.42634,39.62725,217.0 2.42635,39.62728,216.5 2.42635,39.62733,214.3 2.42635,39.62735,213.4 2.42635,39.62738,212.1 2.42634,39.62741,210.0 2.42633,39.62743,209.8 2.42629,39.62751,209.0 2.42626,39.6276,208.3 2.42622,39.62775,207.0 2.42622,39.62777,206.8 2.42619,39.62795,205.3 2.42616,39.62813,203.7 2.42614,39.62826,202.6 2.42613,39.62831,202.2 2.42612,39.62849,200.7 2.42612,39.6285,200.6 2.42609,39.62867,199.2 2.42606,39.62884,200.6 2.42604,39.629,202.3 2.42603,39.62902,202.1 2.42601,39.62904,201.2 2.426,39.62907,201.2 2.42599,39.6291,201.2 2.42595,39.62919,200.3 2.42588,39.62933,197.9 2.42588,39.62936,198.2 2.42587,39.6294,198.2 2.42587,39.62943,198.5 2.42587,39.62947,199.1 2.42587,39.62954,199.9 2.42587,39.62955,200.1 2.4259,39.62959,202.2 2.42592,39.62964,203.9 2.42593,39.62968,204.9 2.42595,39.62971,206.3 2.42595,39.62972,206.4 2.42595,39.62978,207.1 2.42596,39.62984,208.3 2.42596,39.62989,208.8 2.42596,39.6299,208.9 2.42594,39.62994,208.4 2.42586,39.63005,205.3 2.42583,39.63011,204.0 2.42575,39.63021,201.6 2.42572,39.63027,200.8 2.42568,39.63033,199.7 2.42566,39.63038,199.3 2.4256,39.6305,198.0 2.42558,39.63056,197.7 2.42558,39.63061,197.9 2.42561,39.6307,199.1 2.42566,39.63079,200.7 2.42572,39.63087,201.1 2.42586,39.63097,201.5 2.42588,39.63098,201.6 2.426,39.63105,202.2 2.42607,39.63109,202.5 2.42626,39.6312,203.3 2.42628,39.63121,203.4 2.42643,39.63127,204.7 2.42646,39.63128,205.1 2.42653,39.6313,205.9 2.42662,39.63131,207.6 2.42669,39.63131,209.2 2.42674,39.63132,210.3 2.42692,39.63133,214.9 2.42698,39.63134,216.2 2.42708,39.63135,218.6 2.42715,39.63137,219.8 2.4272,39.63138,220.8 2.42728,39.63141,221.9 2.42735,39.63146,221.9 2.42737,39.63147,222.1 2.42746,39.63153,222.2 2.42756,39.63161,221.4 2.42768,39.63172,219.6 2.42773,39.63176,219.3 2.4278,39.63179,219.7 2.42787,39.63181,220.4 2.42788,39.63181,220.6 2.4281,39.63183,224.2 2.42812,39.63183,224.6 2.42823,39.63183,226.7 2.42831,39.63184,228.0 2.42833,39.63185,228.1 2.42853,39.63196,230.1 2.42888,39.63219,232.7 2.42892,39.63222,232.9 2.42911,39.63236,234.1 2.42922,39.63244,234.7 2.42924,39.63245,234.9 2.42938,39.63253,235.6 2.4294,39.63254,235.8 2.42957,39.63264,236.9 2.42959,39.63265,237.1 2.4298,39.63274,239.7 2.43,39.63282,242.5 2.43001,39.63283,242.5 2.43023,39.63294,245.6 2.4304,39.63302,247.6 2.43044,39.63304,247.9 2.43055,39.63311,248.4 2.43071,39.6332,249.0 2.43076,39.63324,248.7 2.43091,39.63337,247.8 2.43097,39.63342,248.1 2.43106,39.63352,247.9 2.43114,39.63362,247.4 2.43117,39.63364,247.5 2.43139,39.63393,245.5 2.43143,39.63398,245.1 2.43151,39.63405,244.9 2.43158,39.63409,245.3 2.43174,39.63414,246.8 2.43175,39.63415,246.7 2.43194,39.6342,248.0 2.43197,39.63421,248.2 2.43234,39.63434,249.4 2.43245,39.63437,250.1 2.43254,39.63438,251.2 2.43258,39.63439,251.5 2.43263,39.63438,252.6 2.43267,39.63438,253.2 2.43269,39.63437,253.8 2.43286,39.63434,257.3 2.43287,39.63434,257.4 2.43292,39.63434,258.2 2.43294,39.63433,258.7 2.433,39.63432,259.9 2.43308,39.63432,261.0 2.4331,39.63432,261.3 2.43315,39.63431,262.3 2.43317,39.63431,262.6 2.43318,39.63431,262.7 2.43322,39.63432,263.0 2.43326,39.63433,263.4 2.43331,39.63435,263.7 2.43336,39.63438,264.0 2.43338,39.6344,264.0 2.43345,39.63447,264.1 2.43347,39.6345,263.9 2.43366,39.63471,263.3 2.43374,39.63479,263.2 2.43375,39.63479,263.4 2.43378,39.63481,263.6 2.43387,39.63488,263.8 2.43398,39.63494,264.7 2.43413,39.635,266.2 2.43457,39.63519,266.5 2.43481,39.6353,266.3 2.43494,39.63534,266.7 2.43495,39.63534,266.8 2.43503,39.63535,267.3 2.43516,39.63537,268.2 2.43542,39.63536,271.2 2.43545,39.63536,271.6 2.4355,39.63535,272.4 2.43558,39.63535,273.2 2.43566,39.63534,274.3 2.43583,39.63533,276.5 2.43589,39.63532,277.3 2.43591,39.63531,277.7 2.43608,39.63528,280.2 2.43612,39.63528,280.6 2.43614,39.63528,280.7 2.43617,39.63527,281.3 2.43636,39.63525,283.8 2.43637,39.63525,283.9 2.43644,39.63525,284.5 2.43652,39.63526,284.9 2.43659,39.63527,285.2 2.4366,39.63527,285.3 2.43661,39.63527,285.4 2.43667,39.63529,285.3 2.43707,39.63548,284.4 2.43735,39.6356,284.0 2.43741,39.63563,283.7 2.43762,39.63571,284.1 2.43764,39.63572,284.1 2.43769,39.63574,284.2 2.43783,39.63578,285.3 2.43784,39.63579,285.1 2.43805,39.63586,286.1 2.43826,39.63593,286.2 2.43827,39.63594,285.8 2.43834,39.63596,286.0 2.43848,39.63601,285.5 2.43861,39.63606,284.9 2.43868,39.63609,284.5 2.43869,39.63609,284.6 2.43876,39.63612,284.2 2.43878,39.63613,284.0 2.43888,39.63618,282.9 2.43889,39.63619,282.5 2.43895,39.63622,281.9 2.43896,39.63623,281.5 2.43909,39.63628,281.0 2.43918,39.63631,280.9 2.43924,39.63631,281.6 2.4393,39.63632,281.8 2.43932,39.63631,282.6 2.43936,39.63631,283.2 2.43939,39.63631,283.5 2.4395,39.63627,287.2 2.43954,39.63625,288.9 2.43971,39.63617,295.8 2.43972,39.63617,296.0 2.43974,39.63615,297.4 2.43977,39.63614,298.4 2.43981,39.63613,299.6 2.43984,39.63612,300.6 2.43991,39.63612,301.5 2.43994,39.63612,302.0 2.43997,39.63612,302.4 2.44004,39.63612,303.2 2.44005,39.63612,303.3 2.44012,39.63613,303.4 2.4402,39.63614,303.5 2.44028,39.63616,303.0 2.44039,39.63618,302.8 2.44039,39.63619,302.1 2.44043,39.63619,302.5 2.44047,39.6362,302.2 2.44052,39.63621,302.0 2.44066,39.63622,302.6 2.44074,39.63622,303.3 2.44086,39.63622,304.0 2.44088,39.63622,303.9 2.4409,39.63622,303.8 2.44095,39.63622,303.6 2.44098,39.63621,304.2 2.44109,39.6362,304.5 2.44114,39.6362,304.3 2.44121,39.63619,304.7 2.44122,39.63619,304.6 2.44132,39.63619,304.2 2.44137,39.63618,304.7 2.44145,39.63618,304.4 2.44147,39.63617,305.0 2.44174,39.63613,305.8 2.44178,39.63612,305.9 2.44183,39.6361,306.5 2.44184,39.6361,306.4 2.44189,39.63608,307.0 2.4419,39.63608,306.9 2.442,39.63604,308.0 2.44204,39.63601,309.3 2.44219,39.63593,312.0 2.44229,39.63587,312.4 2.44236,39.63582,312.7 2.44241,39.63579,312.9 2.44243,39.63577,313.1 2.44254,39.63572,313.5 2.44255,39.63572,313.5 2.44259,39.63571,313.7 2.44262,39.63571,313.8 2.44264,39.63571,313.9 2.44269,39.63571,314.0 2.4427,39.63571,314.1 2.44274,39.63572,314.2 2.44276,39.63573,314.3 2.44282,39.63576,314.6 2.4429,39.63581,311.4 2.44298,39.63586,308.2 2.44302,39.63588,307.0 2.44304,39.63589,306.4 2.44309,39.63591,305.2 2.44313,39.63591,304.9 2.44319,39.63592,304.2 2.44324,39.6359,304.7 2.44343,39.63586,306.3 2.44376,39.63578,311.7 2.44382,39.63577,312.6 2.44388,39.63575,314.1 2.44401,39.63571,317.1 2.44402,39.6357,317.8 2.44408,39.63569,318.7 2.44412,39.63569,318.9 2.44417,39.63569,319.2 2.44421,39.6357,319.1 2.44427,39.63572,318.7 2.44429,39.63573,318.3 2.44436,39.63574,318.7 2.44439,39.63575,318.5 2.44441,39.63576,318.2 2.44444,39.63578,317.5 2.4445,39.63583,315.4 2.44453,39.63586,315.4 2.44455,39.63587,315.7 2.44455,39.63589,315.5 2.44456,39.63594,315.3 2.44454,39.63599,314.5 2.44454,39.636,314.4 2.44448,39.63617,311.6 2.44442,39.63634,308.2 2.4443,39.63668,299.9 2.44428,39.63675,298.8 2.44428,39.63685,298.2 2.44429,39.63695,298.0 2.4443,39.63715,297.2 2.44436,39.63759,297.3 2.44437,39.63762,297.7 2.44438,39.63777,298.5 2.44438,39.63781,298.6 2.44437,39.63795,298.7 2.44435,39.63805,298.3 2.44435,39.63806,298.4 2.44432,39.63815,297.6 2.44428,39.63823,296.5 2.44427,39.63824,296.2 2.44405,39.63854,292.3 2.44402,39.63857,291.7 2.44399,39.63865,291.7 2.44397,39.63871,291.8 2.44396,39.63889,293.8 2.44395,39.63899,294.6 2.44393,39.63907,294.9 2.4439,39.63925,296.4 2.44386,39.63942,297.7 2.44383,39.6396,299.5 2.4438,39.63973,300.4 2.44376,39.63996,302.3 2.44373,39.64013,303.3 2.44366,39.64045,303.9 2.44361,39.64067,304.1 2.4436,39.64072,304.2 2.44356,39.64084,303.4 2.44356,39.64086,303.2 2.44352,39.641,299.7 2.44353,39.64108,299.5 2.44355,39.6412,299.3 2.44362,39.64137,301.0 2.44367,39.6415,301.9 2.44367,39.64154,301.4 2.44369,39.64163,301.3 2.44372,39.64172,299.9 2.44374,39.64176,299.1 2.44382,39.64185,298.4 2.44385,39.64187,298.7 2.44389,39.6419,298.9 2.44398,39.64193,300.8 2.44408,39.64198,302.0 2.44439,39.64205,308.4 2.44449,39.64207,310.5 2.44493,39.64219,317.7 2.44499,39.64221,318.4 2.44508,39.64226,317.9 2.44514,39.64231,316.7 2.44527,39.64243,314.0 2.44541,39.64258,310.7 2.44545,39.64262,309.9 2.44551,39.64266,309.6 2.44559,39.64269,310.3 2.44564,39.64271,310.6 2.44574,39.64271,313.5 2.44581,39.64272,314.9 2.44583,39.64272,315.5 2.44592,39.64271,315.5 2.44605,39.6427,315.0 2.44628,39.64269,313.7 2.44651,39.64267,312.9 2.44662,39.64267,312.0 2.44674,39.64265,311.9 2.44689,39.6426,312.7 2.44695,39.64257,313.3 2.44715,39.64247,314.5 2.44735,39.64237,314.6 2.44737,39.64236,314.6 2.44744,39.64232,314.6 2.44746,39.64229,315.2 2.4475,39.64225,315.6 2.4475,39.64224,315.9 2.44752,39.6422,317.1 2.44756,39.64208,320.4 2.4476,39.64189,325.1 2.44766,39.64154,330.3 2.4477,39.64136,330.6 2.44773,39.64124,330.7 2.44774,39.64123,330.7 2.44776,39.64122,330.6 2.44779,39.64119,330.4 2.44783,39.64117,330.2 2.44788,39.64115,329.8 2.44794,39.64114,329.4 2.448,39.64113,328.9 2.44807,39.64113,328.4 2.44819,39.64116,327.4 2.44838,39.64125,326.5 2.44849,39.64133,327.5 2.44858,39.6414,328.4 2.44865,39.64146,329.1 2.44875,39.64157,330.1 2.44879,39.64166,330.5 2.4488,39.64171,331.1 2.44879,39.64179,331.9 2.44875,39.64188,332.3 2.44866,39.64205,332.2 2.4485,39.64239,330.1 2.44846,39.64246,329.1 2.44843,39.64256,327.7 2.44842,39.64261,326.9 2.44841,39.6427,325.8 2.4484,39.64274,325.2 2.4484,39.64278,324.8 2.4484,39.64285,324.2 2.44842,39.6431,322.6 2.44844,39.64318,322.6 2.44845,39.64328,322.0 2.44845,39.64329,321.9 2.44847,39.64336,320.9 2.4485,39.64341,319.7 2.44852,39.64344,319.1 2.44853,39.64346,318.5 2.44856,39.64349,318.3 2.4486,39.64352,318.3 2.44867,39.64356,319.1 2.44876,39.64361,320.2 2.44885,39.64366,321.5 2.44899,39.64372,324.5 2.44913,39.64377,328.0 2.44919,39.64378,329.3 2.44925,39.64378,329.8 2.44931,39.64378,330.4 2.44931,39.64377,330.7 2.44951,39.64374,333.4 2.44977,39.64369,336.9 2.44978,39.64368,337.3 2.44989,39.64368,338.2 2.45,39.64369,338.9 2.45001,39.64369,339.0 2.45005,39.64371,339.0 2.4501,39.64373,339.1 2.45015,39.64377,338.9 2.45018,39.6438,338.6 2.4502,39.64383,338.3 2.45026,39.64397,336.3 2.45036,39.64419,333.5 2.4504,39.64431,331.3 2.45043,39.64442,329.2 2.45061,39.64501,318.6 2.45062,39.64503,316.9 2.45064,39.64507,313.3 2.45069,39.64514,307.6 2.45075,39.64518,305.1 2.45084,39.64523,302.5 2.45092,39.64526,301.8 2.45102,39.64529,301.8 2.45184,39.64553,301.0 2.45202,39.64557,300.8 2.45215,39.64561,300.7 2.45224,39.64563,300.7 2.45229,39.64564,300.6 2.45234,39.64564,301.4 2.45239,39.64564,302.2 2.45246,39.64563,304.3 2.45247,39.64563,304.5 2.45265,39.6456,309.0 2.45307,39.6455,321.5 2.45313,39.64549,322.8 2.45314,39.64549,322.9 2.4532,39.64548,324.2 2.45331,39.64549,324.0 2.45337,39.6455,323.4 2.45354,39.64555,319.9 2.45382,39.64564,314.3 2.45403,39.64569,312.3 2.45414,39.64572,311.1 2.45425,39.64575,309.9 2.45426,39.64575,310.0 2.45448,39.64578,309.6 2.45471,39.64581,309.3 2.45494,39.64584,308.9 2.45518,39.64587,307.7 2.45574,39.64594,305.1 2.45586,39.64593,306.6 2.4559,39.64593,307.1 2.45602,39.6459,310.5 2.45608,39.64589,311.9 2.45609,39.64589,312.0 2.45615,39.64589,312.7 2.4562,39.6459,312.6 2.45629,39.64593,311.7 2.45631,39.64594,311.3 2.4565,39.64602,308.6 2.45651,39.64603,308.1 2.4567,39.6461,306.6 2.4569,39.64615,307.6 2.45718,39.64619,310.7 2.45728,39.6462,312.1 2.45741,39.64623,312.9 2.45744,39.64623,313.5 2.45763,39.64628,314.6 2.45769,39.64629,315.3 2.45784,39.64632,316.9 2.45785,39.64633,316.5 2.45793,39.64636,316.6 2.45798,39.64639,316.0 2.45819,39.64655,311.9 2.45832,39.64668,307.9 2.45843,39.64676,303.4 2.45846,39.64678,302.2 2.45851,39.64679,301.5 2.45855,39.6468,300.8 2.45857,39.64681,300.1 2.45863,39.64682,299.3 2.45867,39.64683,298.6 2.45868,39.64683,298.6 2.4587,39.64682,299.1 2.45872,39.64682,299.1 2.45876,39.64681,299.6 2.45877,39.6468,300.2 2.45895,39.64672,304.8 2.45897,39.64671,305.4 2.45915,39.64663,310.0 2.45917,39.64662,310.4 2.45935,39.64654,308.3 2.45937,39.64653,308.1 2.45945,39.64649,307.4 2.45952,39.64645,307.1 2.45955,39.64641,308.3 2.45957,39.6464,308.2 2.45961,39.64634,310.2 2.45969,39.64627,311.3 2.45983,39.64614,313.9 2.45984,39.64613,314.1 2.45992,39.64605,316.0 2.45998,39.64602,315.7 2.46,39.64601,315.6 2.46009,39.64598,314.7 2.46022,39.64594,313.0 2.46027,39.64593,312.0 2.46045,39.64585,310.5 2.46055,39.64581,309.8 2.46064,39.64578,309.0 2.46071,39.64575,308.8 2.46074,39.64573,309.2 2.46083,39.64564,312.5 2.46089,39.64559,315.6 2.46096,39.64553,319.3 2.46101,39.6455,321.0 2.46107,39.64548,321.9 2.46108,39.64547,322.5 2.46116,39.64546,322.6 2.46121,39.64546,322.2 2.46127,39.64547,321.2 2.46129,39.64548,320.4 2.46137,39.64552,317.3 2.46158,39.64568,306.4 2.46174,39.64584,298.3 2.46177,39.64587,297.9 2.46191,39.64602,295.6 2.46246,39.64655,286.7 2.46292,39.64696,277.8 2.46302,39.64704,276.3 2.46307,39.64706,276.2 2.4631,39.64707,276.3 2.46317,39.64708,276.9 2.46325,39.64709,277.6 2.4633,39.64708,278.7 2.46331,39.64708,278.8 2.46337,39.64708,279.1 2.46352,39.64703,280.9 2.46376,39.64695,283.5 2.46384,39.64693,284.1 2.46392,39.64694,283.7 2.46396,39.64694,283.6 2.46409,39.64695,283.2 2.46465,39.64706,281.8 2.46487,39.6471,281.4 2.46506,39.64714,280.8 2.46532,39.64719,279.7 2.46555,39.64723,278.5 2.46577,39.64727,277.0 2.46578,39.64727,277.0 2.46593,39.64727,275.9 2.46601,39.64725,276.0 2.46607,39.64724,275.8 2.46622,39.64717,277.6 2.46626,39.64715,278.2 2.4664,39.64706,281.4 2.46641,39.64705,281.8 2.46657,39.64694,286.1 2.46667,39.64685,290.1 2.46678,39.6468,293.3 2.46689,39.64678,294.8 2.46696,39.64678,295.1 2.46698,39.64678,295.2 2.46706,39.64681,294.1 2.46713,39.64683,293.5 2.46717,39.64686,292.3 2.46719,39.64687,292.0 2.46723,39.64693,289.5 2.46728,39.64702,285.8 2.46731,39.64708,283.4 2.46733,39.64719,278.8 2.46737,39.64737,271.5 2.46738,39.64743,269.1 2.46742,39.64755,265.2 2.46747,39.64772,260.8 2.46748,39.64776,259.8 2.46754,39.64789,258.2 2.46757,39.64796,257.4 2.46763,39.64806,257.1 2.46774,39.64822,257.2 2.46784,39.64838,256.7 2.46785,39.6484,256.6 2.46794,39.64854,256.4 2.46805,39.64871,256.0 2.46815,39.64886,255.5 2.46827,39.64902,255.3 2.46838,39.64918,254.3 2.4684,39.6492,254.5 2.46858,39.64939,256.4 2.46868,39.64945,258.5 2.46875,39.64948,260.2 2.46884,39.64954,262.1 2.46888,39.64958,262.6 2.46892,39.64962,263.1 2.46897,39.64974,262.4 2.46898,39.64986,260.2 2.46897,39.64991,258.8 2.46897,39.64992,258.6 2.4689,39.65003,254.3 2.46887,39.65008,252.9 2.46872,39.65032,246.4 2.46868,39.65041,244.5 2.46867,39.65049,243.8 2.46869,39.65063,243.8 2.46872,39.65071,244.5 2.46874,39.65076,245.0 2.4688,39.65094,245.1 2.46886,39.65111,244.5 2.4689,39.65124,243.7 2.46896,39.65138,243.2 2.46906,39.65168,241.0 2.46916,39.65184,243.0 2.46925,39.65192,243.0 2.46933,39.65196,243.0 2.46941,39.65198,243.0 2.4695,39.65199,243.1 2.46968,39.65201,243.3 2.47011,39.65203,241.6 2.47036,39.65205,236.6 2.47049,39.65203,234.5 2.47059,39.65201,232.9 2.47064,39.65198,232.5 2.47069,39.65195,232.1 2.47078,39.65186,232.2 2.47079,39.65184,232.4 2.47088,39.65168,233.1 2.47089,39.65166,233.1 2.47093,39.65152,234.0 2.47094,39.6515,234.0 2.47101,39.65133,234.2 2.47115,39.65099,233.9 2.47122,39.65082,233.7 2.47123,39.6508,233.9 2.4713,39.65065,235.7 2.47138,39.65048,237.7 2.47145,39.65032,239.8 2.47146,39.65031,239.7 2.47153,39.65019,240.6 2.47157,39.65016,239.9 2.4716,39.65013,239.6 2.47167,39.65008,238.3 2.47174,39.65006,236.7 2.47175,39.65006,236.4 2.47193,39.65003,231.8 2.47208,39.64999,228.7 2.47219,39.64994,228.4 2.4722,39.64994,228.1 2.47232,39.64988,227.9 2.47238,39.64984,228.3 2.47256,39.64972,229.2 2.47265,39.64966,229.6 2.47273,39.6496,230.2 2.4729,39.64947,231.1 2.4734,39.64912,232.0 2.47342,39.64911,232.5 2.47351,39.64908,233.6 2.47364,39.64906,233.2 2.47378,39.64906,231.1 2.47387,39.64908,228.5 2.47396,39.6491,226.1 2.47408,39.64916,221.3 2.4741,39.64917,220.6 2.47422,39.64928,216.3 2.47431,39.64938,213.9 2.47434,39.64943,212.3 2.47455,39.64967,205.2 2.47477,39.64988,198.7 2.47479,39.6499,198.0 2.47487,39.64994,197.2 2.47493,39.64996,197.1 2.47501,39.64996,198.0 2.47511,39.64995,197.8 2.47515,39.64993,198.5 2.47538,39.64981,203.6 2.47552,39.64973,207.3 2.47559,39.64972,207.5 2.47563,39.64971,207.9 2.47571,39.64971,207.4 2.47579,39.64972,206.4 2.47581,39.64973,205.6 2.47589,39.64977,203.1 2.47615,39.64997,191.8 2.47617,39.64999,190.8 2.47631,39.65011,187.4 2.47639,39.65018,185.6 2.47645,39.65022,184.7 2.47651,39.65025,184.1 2.47658,39.65026,184.1 2.47666,39.65026,184.5 2.4767,39.65026,184.1 2.4767,39.65025,184.4 2.47673,39.65024,184.3 2.47678,39.65021,184.6 2.47736,39.64978,191.0 2.47746,39.64974,190.7 2.47755,39.64972,190.9 2.47756,39.64972,191.0 2.47767,39.64972,191.4 2.47775,39.64973,191.4 2.47781,39.64975,191.0 2.4779,39.6498,189.6 2.47796,39.64985,188.2 2.47801,39.64988,187.4 2.47805,39.64993,186.0 2.47809,39.64999,184.2 2.47817,39.65009,181.4 2.47821,39.65015,179.7 2.47824,39.65019,178.5 2.47832,39.65031,174.9 2.47843,39.65047,173.4 2.4785,39.65056,172.8 2.47854,39.65063,171.6 2.47865,39.65079,168.9 2.47874,39.65093,167.0 2.47876,39.65094,167.3 2.47888,39.6511,165.6 2.47896,39.65119,164.6 2.47905,39.65126,164.2 2.47919,39.65133,164.6 2.47939,39.65138,166.9 2.47944,39.6514,167.2 2.47949,39.65142,167.5 2.47953,39.65145,167.2 2.47958,39.65149,166.8 2.47961,39.65152,166.3 2.47963,39.65155,165.6 2.47964,39.65156,165.5 2.47965,39.65159,164.6 2.47967,39.65164,163.2 2.47968,39.65165,163.1 2.47972,39.65192,158.9 2.47973,39.65199,157.9 2.47973,39.65209,156.2 2.47974,39.65212,155.8 2.47974,39.65217,154.9 2.47974,39.65227,153.2 2.47975,39.65231,152.6 2.47976,39.65233,152.4 2.47977,39.65237,151.8 2.47977,39.65238,151.6 2.4798,39.65242,151.3 2.47984,39.65245,151.2 2.47989,39.65248,151.2 2.47993,39.65249,151.4 2.48001,39.65251,151.9 2.48016,39.65253,152.7 2.48039,39.65256,154.1 2.4805,39.65258,154.6 2.48061,39.6526,155.2 2.48067,39.65261,155.6 2.48072,39.65262,155.8 2.48083,39.65266,156.1 2.48091,39.65269,156.6 2.48101,39.65275,156.7 2.4811,39.65281,156.7 2.48118,39.65287,156.4 2.48128,39.65296,155.7 2.48133,39.653,155.4 2.48145,39.65312,154.0 2.48148,39.65314,153.8 2.48158,39.65326,152.0 2.4817,39.65336,150.6 2.4817,39.65336,150.6 2.48167,39.65339,150.0 2.48167,39.65339,150.0 2.4817,39.65336,150.6 2.4817,39.65336,150.6 2.48193,39.65339,150.3 2.48216,39.65342,149.8 2.48219,39.65343,149.6 2.48254,39.65348,148.6 2.48277,39.65351,147.4 2.48301,39.65353,146.7 2.48314,39.65353,146.4 2.48337,39.65351,146.5 2.48344,39.6535,147.1 2.48345,39.65349,147.2 2.4835,39.65346,147.4 2.48356,39.65343,147.7 2.48365,39.65341,148.2 2.48371,39.65341,148.4 2.48376,39.65342,148.6 2.48379,39.65343,148.8 2.48381,39.65344,148.9 2.48385,39.65347,149.1 2.4839,39.65352,149.5 2.48392,39.65357,149.8 2.48394,39.65363,150.2 2.48391,39.65375,150.9 2.48391,39.65376,151.0 2.48384,39.65392,150.4 2.4838,39.65402,149.9 2.48378,39.65409,149.6 2.48377,39.65412,149.4 2.48375,39.6542,149.0 2.48376,39.65427,149.3 2.48377,39.65441,149.7 2.48379,39.65456,150.2 2.48383,39.65473,151.0 2.48384,39.6548,151.2 2.48384,39.65482,151.2 2.48386,39.65486,151.6 2.48392,39.65506,151.6 2.48393,39.65509,151.3 2.48394,39.65511,151.1 2.48397,39.65514,151.0 2.48401,39.65518,150.9 2.48402,39.65519,150.9 2.48408,39.65521,151.2 2.48414,39.65523,151.6 2.48416,39.65523,151.8 2.48424,39.65523,152.1 2.48441,39.65519,153.5 2.4846,39.65513,155.2 2.48464,39.65511,155.7 2.48481,39.65506,157.2 2.48482,39.65506,157.3 2.48528,39.6549,160.8 2.48542,39.65484,161.8 2.48547,39.6548,162.5 2.4855,39.65478,162.8 2.48557,39.65468,164.5 2.48557,39.65467,164.7 2.48562,39.65457,166.4 2.48568,39.65448,167.8 2.48572,39.65442,168.8 2.48579,39.65433,170.3 2.4858,39.65432,170.5 2.48582,39.65431,170.6 2.48586,39.65428,171.1 2.48625,39.654,174.6 2.48643,39.6539,176.4 2.4865,39.65388,176.9 2.48655,39.65388,177.1 2.48655,39.65388,177.1 2.48656,39.65388,177.1 2.48659,39.65389,177.1 2.48661,39.6539,176.9 2.48663,39.65392,176.6 2.48665,39.65394,176.3 2.48667,39.65399,175.4 2.4867,39.65414,173.1 2.48669,39.65423,172.7 2.48667,39.65433,172.7 2.48665,39.65438,172.7 2.48657,39.65455,172.6 2.48649,39.65472,171.8 2.48648,39.65475,171.7 2.48646,39.65482,171.3 2.48645,39.65488,171.0 2.48648,39.65499,171.4 2.4865,39.65505,171.3 2.48651,39.65507,171.2 2.48654,39.65512,171.2 2.48657,39.65518,171.1 2.48662,39.65523,171.4 2.48668,39.6553,171.7 2.48676,39.65537,172.4 2.48688,39.6555,172.7 2.48718,39.6558,172.4 2.48723,39.65585,172.6 2.48732,39.65594,174.2 2.48734,39.656,174.8 2.48735,39.65605,175.2 2.48734,39.65618,175.8 2.48728,39.65631,176.0 2.48723,39.65637,176.0 2.48717,39.65641,175.9 2.48713,39.65643,175.8 2.48702,39.65645,175.3 2.487,39.65646,175.3 2.48679,39.65648,174.2 2.48677,39.65648,174.1 2.48654,39.65649,172.2 2.48652,39.65649,172.0 2.48631,39.65652,170.1 2.48624,39.65653,169.4 2.48609,39.65658,168.5 2.48601,39.6566,167.9 2.48588,39.65668,167.5 2.48581,39.65676,166.7 2.48577,39.65682,166.0 2.48576,39.65686,165.9 2.48576,39.65691,166.0 2.48583,39.65718,168.2 2.48584,39.6572,168.4 2.48593,39.65738,171.1 2.48597,39.65754,172.8 2.48598,39.65762,173.5 2.48598,39.65769,173.9 2.48592,39.65781,173.0 2.48585,39.6579,171.8 2.48584,39.65791,171.6 2.48577,39.65808,171.4 2.48575,39.65824,172.1 2.48575,39.65825,172.2 2.48572,39.65838,173.6 2.48569,39.65843,174.6 2.48568,39.65845,175.0 2.48562,39.65852,176.1 2.48555,39.65857,176.4 2.4855,39.65859,176.2 2.48546,39.65859,175.6 2.48533,39.65859,173.5 2.48531,39.65859,173.2 2.48518,39.65857,170.6 2.48511,39.65856,169.3 2.4851,39.65856,169.1 2.48503,39.65857,168.3 2.48487,39.6586,167.0 2.48473,39.65864,166.3 2.48461,39.65869,165.9 2.48437,39.65884,165.9 2.48429,39.6589,165.9 2.48422,39.65895,165.7 2.48407,39.65908,165.8 2.48403,39.65914,166.1 2.48398,39.65921,165.2 2.48394,39.65927,163.8 2.48393,39.65933,162.9 2.48394,39.65934,163.0 2.48395,39.65941,162.4 2.48397,39.65947,162.1 2.484,39.65954,161.8 2.48402,39.65957,161.8 2.48408,39.65963,162.1 2.48421,39.65976,162.9 2.48428,39.65982,163.8 2.48459,39.66016,166.0 2.48468,39.66022,166.9 2.48479,39.66029,168.0 2.48481,39.6603,168.2 2.48499,39.66041,169.9 2.48515,39.66048,171.5 2.4852,39.6605,171.9 2.4854,39.6606,173.3 2.48557,39.66068,174.4 2.48559,39.66069,174.5 2.48568,39.66075,174.5 2.48573,39.66081,173.9 2.48574,39.66083,173.5 2.48576,39.66089,173.7 2.48578,39.661,173.9 2.48581,39.66114,174.2 2.48583,39.66118,174.5 2.48583,39.66119,174.5 2.48592,39.66135,175.6 2.48604,39.66153,176.8 2.48613,39.66171,177.3 2.48616,39.66175,177.4 2.4862,39.66179,177.5 2.48625,39.66182,177.9 2.4863,39.66186,178.2 2.48644,39.66192,179.2 2.48664,39.66202,180.3 2.48672,39.66205,180.9 2.48706,39.66217,183.0 2.48712,39.6622,183.3 2.48719,39.6622,184.0 2.48727,39.6622,184.7 2.48745,39.6622,186.5 2.48754,39.6622,187.2 2.48777,39.6622,188.9 2.48783,39.6622,189.3 2.48787,39.66221,189.5 2.48791,39.66222,189.6 2.48795,39.66224,189.7 2.48798,39.66226,189.6 2.48801,39.6623,189.3 2.48803,39.66234,188.9 2.48805,39.66238,188.5 2.48806,39.66242,188.1 2.48806,39.66252,187.4 2.48804,39.66255,187.8 2.48802,39.66261,188.7 2.4878,39.66286,190.8 2.48765,39.66301,191.5 2.48751,39.66315,191.7 2.48737,39.66328,191.0 2.48737,39.66329,191.2 2.48723,39.66343,191.3 2.48711,39.66355,192.0 2.48709,39.66357,192.2 2.48708,39.66357,192.0 2.48701,39.66363,192.2 2.48689,39.66367,191.2 2.48683,39.66369,190.7 2.48667,39.66372,188.8 2.48667,39.66373,189.1 2.48663,39.66374,188.4 2.48647,39.66376,185.4 2.48645,39.66377,185.2 2.48644,39.66378,185.2 2.48631,39.66384,183.5 2.48626,39.66388,183.2 2.48625,39.66388,183.0 2.48619,39.66393,182.6 2.48612,39.66402,182.7 2.48611,39.66403,182.6 2.48609,39.66408,183.1 2.48605,39.6642,183.8 2.486,39.66438,182.8 2.48599,39.66442,182.7 2.48596,39.66455,182.3 2.48594,39.66466,182.3 2.48595,39.66473,182.7 2.48595,39.66474,182.7 2.48598,39.6648,183.3 2.48602,39.66485,184.0 2.48606,39.66488,184.6 2.48611,39.66491,185.3 2.48622,39.66498,186.7 2.48636,39.66505,187.8 2.48644,39.66509,188.2 2.48656,39.66515,188.7 2.48666,39.66521,188.9 2.48672,39.66524,189.5 2.48687,39.6654,190.2 2.48691,39.66546,190.3 2.48693,39.66551,190.2 2.48694,39.66556,189.9 2.48693,39.66561,189.1 2.4869,39.66568,187.6 2.48687,39.66573,186.3 2.48677,39.66589,182.2 2.48671,39.66598,180.1 2.48668,39.66605,178.8 2.48668,39.66606,178.7 2.48668,39.6662,177.7 2.48669,39.66623,177.8 2.48673,39.66635,178.2 2.48679,39.66656,178.7 2.48679,39.66658,178.5 2.48681,39.66673,178.0 2.48681,39.66676,177.7 2.48681,39.6669,176.3 2.48682,39.66694,176.2 2.48684,39.667,176.3 2.4869,39.66717,176.4 2.48696,39.66729,177.0 2.48703,39.66742,177.8 2.48709,39.66752,178.9 2.48711,39.66757,179.8 2.4871,39.66762,179.9 2.4871,39.66764,180.1 2.48708,39.66769,179.8 2.48706,39.66773,179.4 2.48705,39.66776,179.2 2.48703,39.66779,178.7 2.48699,39.66782,177.5 2.48689,39.66787,174.1 2.48685,39.6679,172.8 2.4868,39.66795,171.0 2.48675,39.66802,169.3 2.48674,39.66806,168.9 2.48671,39.66817,167.8 2.48671,39.66824,167.9 2.48669,39.66839,167.3 2.48669,39.66842,167.4 2.48667,39.66852,167.0 2.48664,39.66859,166.6 2.48664,39.66861,166.7 2.48656,39.66876,165.6 2.48651,39.66885,165.1 2.48648,39.66893,165.0 2.48638,39.66924,163.9 2.48629,39.66945,160.5 2.48629,39.66946,160.4 2.48625,39.66957,159.1 2.48625,39.66962,158.7 2.48625,39.66965,158.4 2.48626,39.66968,158.2 2.48628,39.6697,158.1 2.48631,39.66973,157.8 2.48634,39.66975,157.6 2.48639,39.66977,157.3 2.48642,39.66977,157.2 2.4867,39.66984,155.6 2.48676,39.66986,155.3 2.48693,39.66986,155.9 2.48704,39.66987,156.0 2.48716,39.66986,156.7 2.48738,39.66985,157.9 2.48757,39.66984,159.0 2.48762,39.66983,159.6 2.48772,39.66982,160.3 2.4878,39.6698,161.4 2.48784,39.66978,162.5 2.48788,39.66974,164.7 2.48792,39.6697,166.8 2.48795,39.66966,168.9 2.48796,39.66964,170.0 2.488,39.66961,171.6 2.48806,39.66958,173.3 2.48812,39.66956,174.6 2.48813,39.66956,174.6 2.4882,39.66955,175.3 2.48826,39.66955,175.5 2.48835,39.66958,174.3 2.48836,39.66958,174.3 2.48858,39.6697,169.5 2.48884,39.66992,160.2 2.48887,39.66994,159.5 2.48892,39.66996,158.9 2.48897,39.66997,158.8 2.48902,39.66998,158.7 2.48907,39.66998,159.2 2.48909,39.66997,159.8 2.48912,39.66996,160.5 2.4893,39.66988,166.7 2.48932,39.66986,168.0 2.48944,39.66982,171.6 2.48948,39.66981,172.7 2.48951,39.66981,173.1 2.48957,39.6698,174.4 2.48966,39.66981,175.3 2.48973,39.66984,174.9 2.48974,39.66985,174.6 2.48982,39.6699,173.6 2.48989,39.66998,171.2 2.48995,39.67006,168.7 2.49,39.67013,166.7 2.49005,39.6702,165.7 2.49007,39.67026,163.9 2.49009,39.6703,162.9 2.49011,39.67032,162.8 2.49015,39.67037,162.0 2.4902,39.67045,160.3 2.49024,39.67052,158.5 2.4903,39.67061,156.4 2.4903,39.67062,155.9 2.49035,39.67066,155.6 2.49039,39.67069,155.4 2.49045,39.6707,156.7 2.49049,39.67071,157.4 2.49051,39.67071,158.0 2.49056,39.67071,159.5 2.49063,39.67069,162.5 2.49071,39.67066,166.4 2.49079,39.67065,169.4 2.49085,39.67064,171.6 2.49091,39.67064,172.8 2.49116,39.67072,173.6 2.49126,39.67075,173.9 2.49135,39.67077,174.6 2.49144,39.67078,175.8 2.49161,39.67078,179.1 2.49163,39.67078,179.5 2.49176,39.67076,183.6 2.49184,39.67075,186.0 2.49193,39.67075,188.1 2.49199,39.67076,188.9 2.49205,39.67076,190.3 2.4921,39.67078,190.3 2.49214,39.67079,190.7 2.49217,39.67082,189.8 2.4922,39.67084,189.6 2.49223,39.67089,188.8 2.49224,39.67091,188.4 2.49232,39.67106,186.0 2.49239,39.6712,183.8 2.49251,39.67139,182.0 2.49261,39.67153,181.9 2.4927,39.67165,181.9 2.49291,39.67191,182.0 2.493,39.672,182.3 2.49303,39.67204,182.0 2.49312,39.67213,182.1 2.49314,39.67214,182.4 2.49321,39.6722,182.6 2.49331,39.67228,182.9 2.49338,39.67235,182.0 2.49344,39.67242,180.4 2.49363,39.67259,176.7 2.49369,39.67262,176.3 2.49376,39.67264,176.3 2.49381,39.67265,176.5 2.49384,39.67266,176.5 2.49393,39.67265,178.0 2.49403,39.67262,180.6 2.49425,39.67256,184.4 2.49437,39.67252,185.1 2.49447,39.67249,185.6 2.49469,39.67243,186.8 2.49489,39.67237,188.6 2.49503,39.67234,189.2 2.49523,39.67234,186.6 2.49528,39.67234,186.0 2.49537,39.67234,184.8 2.49541,39.67235,183.7 2.49546,39.67234,183.6 2.4956,39.67232,183.0 2.49574,39.6723,182.3 2.4959,39.67225,183.4 2.49602,39.67218,186.5 2.49607,39.67214,188.4 2.49617,39.6721,190.0 2.49621,39.67208,190.9 2.49629,39.67205,192.1 2.49639,39.67205,191.5 2.4964,39.67205,191.4 2.49643,39.67205,191.2 2.49649,39.67207,189.8 2.49663,39.67214,185.1 2.4967,39.67218,183.1 2.49672,39.67219,182.8 2.49676,39.6722,182.7 2.49679,39.6722,183.1 2.4969,39.6722,184.5 2.49728,39.67212,192.4 2.49741,39.67211,194.2 2.49748,39.67212,194.6 2.49749,39.67213,194.3 2.49751,39.67213,194.9 2.49758,39.67216,197.1 2.4976,39.67217,197.8 2.49763,39.67219,198.7 2.49766,39.67222,199.4 2.49768,39.67225,199.8 2.49769,39.6723,199.3 2.49769,39.67232,198.8 2.49769,39.67236,198.0 2.49767,39.67241,195.7 2.49764,39.67248,192.1 2.49762,39.67255,191.1 2.49756,39.67265,188.8 2.49751,39.67278,187.7 2.49744,39.67295,188.0 2.49734,39.67312,186.8 2.49725,39.67327,184.7 2.49722,39.6733,183.6 2.49712,39.67345,183.3 2.49712,39.67346,183.6 2.49704,39.67363,185.5 2.49704,39.67364,185.8 2.49693,39.67379,185.2 2.4969,39.67383,185.0 2.4968,39.67393,183.0 2.4968,39.67394,183.3 2.49671,39.67403,181.2 2.49667,39.67409,180.9 2.49656,39.67424,180.6 2.49649,39.67431,179.3 2.4964,39.67438,177.0 2.49633,39.67445,175.2 2.49627,39.67452,173.8 2.49627,39.67453,174.0 2.49625,39.67458,173.9 2.49625,39.67462,174.7 2.49626,39.67467,176.2 2.49628,39.6747,177.8 2.49629,39.67471,178.6 2.49636,39.67477,183.6 2.4964,39.67485,187.6 2.4964,39.67486,187.8 2.49642,39.675,192.2 2.49642,39.67503,191.9 2.4964,39.67521,188.9 2.4964,39.67523,188.7 2.49641,39.67539,187.6 2.49641,39.67545,187.0 2.49641,39.67551,186.4 2.49643,39.67557,186.9 2.49649,39.67574,188.5 2.4966,39.67609,187.3 2.49666,39.67625,186.6 2.49666,39.67626,186.4 2.49675,39.67643,189.2 2.49684,39.67659,192.5 2.49693,39.67676,193.5 2.49695,39.6768,193.2 2.49705,39.67691,195.6 2.49708,39.67695,196.0 2.49717,39.67704,198.3 2.4972,39.67705,200.0 2.49738,39.67716,207.6 2.49741,39.67717,209.3 2.4975,39.67721,213.7 2.49757,39.67725,216.1 2.49758,39.67726,216.2 2.49763,39.67729,218.0 2.49767,39.67733,218.7 2.49772,39.67737,220.1 2.49773,39.67739,219.8 2.49774,39.67741,219.6 2.49778,39.67757,214.0 2.49782,39.67772,207.6 2.4979,39.67785,204.9 2.49832,39.6783,199.7 2.49835,39.67834,199.1 2.49846,39.6785,201.5 2.49852,39.67861,202.1 2.49859,39.67872,203.7 2.49867,39.67904,198.0 2.49871,39.67919,195.8 2.49876,39.67936,193.8 2.49879,39.67946,192.4 2.49891,39.67969,191.8 2.49895,39.67991,184.3 2.49895,39.68006,177.9 2.499,39.68021,175.6 2.49901,39.68023,175.5 2.49908,39.68039,173.9 2.49908,39.6804,173.5 2.49918,39.68057,173.5 2.49919,39.68059,173.5 2.49929,39.68073,176.0 2.4993,39.68075,176.0 2.49937,39.68085,177.8 2.49938,39.68089,177.7 2.49939,39.68094,177.4 2.49938,39.68107,174.0 2.49935,39.6812,169.3 2.49934,39.68125,167.6 2.49933,39.68128,166.3 2.49934,39.68137,165.2 2.49935,39.68143,164.6 2.49936,39.68147,164.5 2.49939,39.68153,165.3 2.49944,39.68159,167.3 2.49967,39.68191,170.4 2.49969,39.68193,170.8 2.49979,39.68206,171.1 2.49988,39.68217,171.2 2.49991,39.68222,170.5 2.50001,39.68238,168.4 2.50005,39.68245,167.4 2.50009,39.68255,166.2 2.50009,39.68256,166.0 2.50015,39.68272,165.6 2.50022,39.68289,165.2 2.50028,39.68296,166.6 2.50032,39.68302,167.2 2.50035,39.68312,166.1 2.50036,39.6832,164.4 2.50038,39.68327,163.5 2.50041,39.68338,160.8 2.50048,39.68355,156.0 2.50052,39.68367,152.3 2.50055,39.68372,151.5 2.5006,39.68378,151.3 2.50064,39.68382,151.7 2.50071,39.68385,154.2 2.50071,39.68386,153.7 2.50085,39.68389,159.8 2.50093,39.68391,161.4 2.50114,39.68397,164.9 2.50136,39.68404,167.7 2.50146,39.68406,169.4 2.50159,39.68409,171.4 2.50181,39.68415,171.9 2.50203,39.6842,171.0 2.50225,39.68426,169.1 2.50248,39.6843,169.4 2.5026,39.68433,169.6 2.5027,39.68436,169.6 2.50292,39.68442,170.2 2.50312,39.68447,171.2 2.50353,39.68468,163.4 2.50372,39.68478,157.8 2.50372,39.68479,157.1 2.50387,39.68484,154.6 2.50394,39.68485,154.4 2.50402,39.68486,154.2 2.50417,39.68484,156.6 2.5042,39.68484,156.1 2.50438,39.68477,158.1 2.50449,39.68473,159.2 2.50459,39.68469,160.4 2.50472,39.68464,161.9 2.5048,39.68461,162.8 2.50482,39.6846,163.3 2.5049,39.68454,166.4 2.50494,39.68447,171.0 2.50496,39.68445,172.2 2.50502,39.68434,179.6 2.50504,39.68431,181.6 2.50509,39.68422,187.5 2.50515,39.68417,190.2 2.50517,39.68416,190.6 2.50517,39.68415,191.3 2.50521,39.68414,191.3 2.50526,39.68412,191.8 2.50532,39.68412,190.8 2.50537,39.68412,190.0 2.50539,39.68412,189.6 2.50548,39.68414,186.8 2.50559,39.68415,184.2 2.50562,39.68415,183.7 2.50571,39.68416,181.5 2.50583,39.68419,177.7 2.50584,39.6842,177.1 2.50592,39.68424,175.3 2.50602,39.68431,172.1 2.50606,39.68434,170.8 2.50614,39.68447,164.7 2.50624,39.68463,157.8 2.50625,39.68464,157.4 2.50633,39.6848,150.8 2.50636,39.68486,148.4 2.50639,39.68489,147.5 2.50641,39.68491,147.0 2.50649,39.68496,146.2 2.50658,39.685,146.2 2.50666,39.68503,147.0 2.50707,39.6852,144.5 2.50763,39.6854,142.6 2.50776,39.68542,143.1 2.5079,39.68542,144.3 2.50797,39.68543,144.5 2.50802,39.68545,144.4 2.50816,39.68551,143.7 2.50821,39.68553,143.5 2.50823,39.68554,143.3 2.50834,39.68562,141.7 2.50839,39.68566,140.8 2.50855,39.6858,137.6 2.50867,39.6859,135.3 2.50889,39.68603,132.9 2.5089,39.68603,132.9 2.50895,39.68605,132.7 2.50903,39.68607,132.6 2.5091,39.68606,133.4 2.50912,39.68605,133.9 2.50914,39.68605,134.0 2.50917,39.68603,134.9 2.50923,39.686,136.1 2.5093,39.68596,137.7 2.50937,39.68594,138.6 2.50947,39.68593,139.4 2.50951,39.68594,139.3 2.50953,39.68594,139.4 2.50954,39.68595,139.1 2.50957,39.68596,139.0 2.50959,39.68597,138.8 2.50966,39.68602,137.9 2.50998,39.68616,136.4 2.51003,39.68618,136.1 2.51015,39.68628,133.8 2.51019,39.68631,133.2 2.51019,39.68632,133.0 2.51021,39.68635,132.3 2.51023,39.68638,131.7 2.51026,39.68643,130.7 2.51031,39.68651,129.0 2.51034,39.68653,128.7 2.5104,39.68657,127.9 2.51046,39.68661,127.2 2.5105,39.68664,126.7 2.51057,39.68666,126.5 2.51058,39.68667,126.3 2.51065,39.68667,126.5 2.51072,39.68666,126.8 2.51087,39.68664,126.9 2.51119,39.6866,122.2 2.51131,39.68658,120.6 2.51142,39.68655,119.3 2.51157,39.6865,117.8 2.51163,39.68647,117.4 2.51168,39.68643,117.5 2.51175,39.68636,118.4 2.51176,39.68634,118.8 2.51178,39.68632,119.1 2.51181,39.68628,119.7 2.51183,39.68619,121.4 2.51183,39.68618,121.6 2.51184,39.68615,122.2 2.51184,39.68604,124.4 2.51185,39.686,125.2 2.51186,39.68597,125.8 2.51189,39.68591,126.9 2.51191,39.68589,127.2 2.51192,39.68587,127.6 2.51194,39.68586,127.8 2.51196,39.68585,127.9 2.51198,39.68584,128.1 2.51201,39.68584,128.0 2.51208,39.68583,128.1 2.51213,39.68583,128.0 2.51217,39.68584,127.6 2.5122,39.68585,127.3 2.51222,39.68586,127.1 2.51223,39.68587,126.8 2.51225,39.68588,126.5 2.51236,39.686,123.5 2.51239,39.68605,122.2 2.51242,39.68611,120.7 2.51246,39.68617,119.1 2.51255,39.6863,117.0 2.51266,39.68646,115.3 2.5127,39.68651,114.8 2.5128,39.6866,114.3 2.51282,39.68662,114.1 2.51287,39.68666,113.9 2.51291,39.6867,113.6 2.51295,39.68674,113.4 2.51302,39.68684,112.3 2.51306,39.6869,111.6 2.5131,39.68695,111.1 2.51311,39.68698,110.6 2.51315,39.68708,108.9 2.51319,39.68714,108.2 2.51322,39.68716,108.2 2.51326,39.68718,108.4 2.51335,39.68721,109.1 2.51343,39.68723,109.3 2.5135,39.68725,109.5 2.51363,39.68722,111.3 2.51373,39.68724,111.7 2.51387,39.68727,112.3 2.51406,39.68734,112.5 2.51414,39.68738,112.3 2.51439,39.68749,112.1 2.51459,39.68758,111.2 2.51487,39.68769,110.0 2.5155,39.68795,105.4 2.51578,39.68806,103.2 2.51584,39.68807,103.1 2.51592,39.68808,102.7 2.51599,39.68807,102.9 2.51607,39.68804,103.8 2.51622,39.68797,105.8 2.51633,39.68793,106.9 2.51643,39.68788,108.2 2.51663,39.6878,110.1 2.51668,39.68777,110.9 2.51674,39.68775,111.3 2.51684,39.68772,111.9 2.51692,39.68769,112.6 2.51711,39.68765,113.0 2.51729,39.68765,112.4 2.51731,39.68765,112.4 2.51744,39.68764,112.2 2.51752,39.68763,112.2 2.51759,39.68763,112.0 2.51765,39.68762,112.2 2.51773,39.6876,112.5 2.51775,39.68759,112.7 2.51787,39.68755,113.4 2.51795,39.68751,114.2 2.51803,39.68746,115.9 2.51814,39.68739,118.4 2.51815,39.68739,118.4 2.51823,39.68736,119.5 2.51825,39.68735,119.9 2.51827,39.68735,119.8 2.51832,39.68735,119.8 2.51836,39.68735,120.0 2.51839,39.68736,119.9 2.51849,39.68738,120.1 2.51854,39.68741,119.5 2.51862,39.68743,119.6 2.51865,39.68743,119.9 2.51873,39.68744,120.4 2.51882,39.68744,121.3 2.51897,39.68744,122.8 2.51901,39.68745,122.9 2.51905,39.68747,122.7 2.51909,39.68749,122.5 2.5192,39.68758,120.9 2.51922,39.6876,120.4 2.51948,39.68785,114.1 2.51951,39.68787,113.6 2.51956,39.68789,113.2 2.5196,39.68789,113.3 2.51967,39.68789,113.4 2.51972,39.68787,114.1 2.51976,39.68785,114.8 2.51988,39.68779,116.7 2.5199,39.68778,117.0 2.5201,39.68768,118.4 2.52013,39.68767,118.2 2.52016,39.68764,118.5 2.52018,39.68761,118.9 2.5202,39.68758,119.2 2.52022,39.68747,121.7 2.52023,39.68742,123.2 2.52025,39.68736,124.8 2.52029,39.68731,125.8 2.52033,39.68727,126.5 2.52045,39.68716,128.8 2.52049,39.68714,129.1 2.52065,39.68704,131.2 2.52067,39.68703,131.4 2.52076,39.68699,132.3 2.52084,39.68696,133.0 2.52093,39.68693,134.9 2.52104,39.68693,135.6 2.5211,39.68694,135.6 2.52117,39.68696,135.4 2.5212,39.68698,134.8 2.52136,39.68706,133.3 2.52156,39.68725,129.5 2.52163,39.68732,128.4 2.52169,39.68738,128.0 2.52174,39.68745,127.5 2.52176,39.68746,127.8 2.5218,39.68755,126.9 2.52187,39.68764,127.1 2.52188,39.68766,127.0 2.52192,39.68773,126.7 2.52195,39.68777,126.6 2.52199,39.68782,126.6 2.52207,39.6879,126.8 2.52217,39.68798,127.3 2.52228,39.68805,128.0 2.52239,39.68811,128.9 2.52247,39.68815,129.4 2.52251,39.68817,129.6 2.52265,39.68823,129.9 2.52268,39.68824,130.0 2.5227,39.68824,130.3 2.52275,39.68825,130.7 2.52289,39.68825,132.5 2.52291,39.68825,132.8 2.52302,39.68823,134.9 2.52313,39.68819,137.5 2.52335,39.68812,142.6 2.52337,39.68812,142.9 2.52394,39.68795,153.6 2.524,39.68793,154.6 2.52405,39.68792,155.3 2.52412,39.6879,156.4 2.52416,39.6879,156.7 2.52421,39.68791,157.4 2.52424,39.68792,157.7 2.52426,39.68792,158.1 2.52429,39.68794,158.3 2.52433,39.68797,158.6 2.52435,39.68799,158.7 2.52436,39.68801,158.6 2.52438,39.68804,158.6 2.52438,39.68807,158.3 2.52437,39.68812,157.4 2.52437,39.68813,157.3 2.52436,39.68819,156.2 2.52434,39.68822,155.3 2.52429,39.68829,153.1 2.52429,39.6883,152.9 2.52418,39.68846,151.0 2.52415,39.6885,150.9 2.52403,39.6886,150.4 2.52398,39.68865,150.3 2.52394,39.6887,150.3 2.52393,39.68874,150.7 2.52393,39.68876,150.9 2.52391,39.68881,151.3 2.52391,39.68888,152.2 2.52392,39.68895,153.3 2.52398,39.68906,155.7 2.524,39.6891,156.5 2.52401,39.68913,157.1 2.52404,39.68919,158.8 2.52406,39.68925,161.0 2.52407,39.68927,161.8 2.52407,39.68932,163.4 2.52406,39.68936,164.6 2.52404,39.68939,165.3 2.524,39.68943,166.2 2.52399,39.68944,166.4 2.52396,39.68946,166.8 2.52393,39.68948,167.2 2.52387,39.68949,167.0 2.52378,39.6895,166.6 2.52356,39.68949,164.2 2.52321,39.68948,160.7 2.52308,39.68948,159.6 2.52285,39.68948,157.8 2.52251,39.68952,156.8 2.52238,39.68954,156.4 2.52205,39.68958,155.0 2.52201,39.68958,154.7 2.52184,39.68961,154.3 2.52182,39.68962,154.5 2.52171,39.68966,155.2 2.52165,39.6897,156.0 2.52163,39.68972,156.4 2.52159,39.68976,157.3 2.52157,39.68981,159.0 2.52155,39.68985,160.2 2.52155,39.68989,161.9 2.52157,39.68991,163.2 2.5216,39.68996,166.0 2.52162,39.68998,167.2 2.52166,39.69,168.9 2.5217,39.69002,170.0 2.52175,39.69003,170.8 2.52191,39.69002,172.3 2.52215,39.69001,174.6 2.52238,39.68999,176.3 2.52258,39.68997,177.4 2.52261,39.68997,177.7 2.52285,39.68996,179.6 2.52308,39.68995,181.3 2.5232,39.68994,181.9 2.52331,39.68995,183.4 2.52344,39.68996,184.1 2.52354,39.68997,184.5 2.52362,39.68998,184.8 2.52381,39.69,185.4 2.52401,39.69004,187.0 2.52433,39.69012,191.4 2.52447,39.69018,194.9 2.52458,39.69024,198.2 2.52476,39.69042,206.9 2.52486,39.6905,210.7 2.52493,39.69054,212.7 2.52494,39.69055,213.2 2.52503,39.69059,215.1 2.52512,39.69061,216.1 2.52514,39.69061,216.1 2.52522,39.69061,216.2 2.52536,39.69061,216.4 2.52538,39.69061,216.5 2.52558,39.69059,216.4 2.52561,39.69059,216.5 2.52584,39.69059,217.0 2.52591,39.69059,217.3 2.52607,39.69055,217.7 2.52611,39.69054,217.8 2.52627,39.69046,217.9 2.52637,39.6904,218.0 2.52645,39.69035,218.0 2.52646,39.69034,218.0 2.52652,39.69031,218.1 2.52657,39.6903,218.3 2.52662,39.69029,218.5 2.52667,39.69029,218.8 2.52672,39.6903,219.2 2.5268,39.69031,219.8 2.52684,39.69032,220.2 2.52687,39.69033,220.5 2.52689,39.69034,220.6 2.52693,39.69037,221.0 2.52704,39.69048,222.2 2.52715,39.69066,223.3 2.52725,39.69081,224.1 2.52727,39.69084,224.3 2.52729,39.69086,224.8 2.52732,39.69088,225.4 2.52736,39.69089,225.7 2.52741,39.69091,226.3 2.52742,39.69091,226.3 2.52746,39.69092,226.7 2.52752,39.69091,226.8 2.52755,39.69091,227.1 2.5276,39.6909,227.5 2.52763,39.69087,227.3 2.52764,39.69087,227.4 2.52767,39.69085,227.4 2.5277,39.69082,227.4 2.52773,39.69079,227.8 2.52774,39.69075,228.1 2.52775,39.69072,228.2 2.52776,39.69071,228.4 2.52776,39.69067,228.5 2.52775,39.69064,228.4 2.5277,39.69055,227.9 2.52753,39.69021,225.5 2.52743,39.69005,224.4 2.52738,39.68996,224.4 2.52735,39.68988,225.1 2.52731,39.68979,225.9 2.52731,39.68975,226.4 2.52731,39.68969,227.2 2.52734,39.68961,228.5 2.52737,39.68957,229.3 2.52738,39.68955,229.7 2.52742,39.68953,230.4 2.52748,39.68952,231.1 2.52752,39.6895,232.0 2.52756,39.68949,232.9 2.52763,39.68951,234.1 2.52768,39.68953,234.8 2.52781,39.68961,236.3 2.52789,39.68966,237.2 2.52794,39.68969,237.7 2.52806,39.68981,238.4 2.52817,39.69002,237.7 2.52823,39.69019,237.8 2.52826,39.69027,237.8 2.52829,39.69035,237.8 2.5283,39.69037,237.8 2.52835,39.69043,238.3 2.5284,39.69047,239.1 2.52843,39.6905,239.5 2.52844,39.69051,239.6 2.52846,39.69053,239.9 2.52849,39.69055,240.4 2.52858,39.69063,241.6 2.52858,39.69064,241.5 2.52859,39.69065,241.6 2.52867,39.69074,242.4 2.5287,39.6908,242.4 2.5287,39.69081,242.3 2.52873,39.69097,244.1 2.52873,39.69098,244.2 2.52874,39.69103,245.0 2.52877,39.69107,245.9 2.52879,39.6911,246.6 2.52882,39.69112,247.3 2.52884,39.69113,247.7 2.52885,39.69113,247.9 2.52886,39.69114,248.1 2.5289,39.69115,248.9 2.52894,39.69116,249.6 2.52899,39.69117,250.5 2.52905,39.69116,251.4 2.5291,39.69115,252.2 2.52916,39.69114,253.1 2.52922,39.6911,253.9 2.52925,39.69107,254.3 2.52926,39.69106,254.4 2.52927,39.69104,254.5 2.52928,39.691,254.4 2.52928,39.69096,254.2 2.5292,39.69071,253.3 2.52917,39.69065,253.5 2.52899,39.69021,255.0 2.52899,39.6902,255.2 2.52899,39.69018,255.4 2.52894,39.69003,255.9 2.52894,39.69002,256.1 2.52893,39.69,256.0 2.5289,39.68989,256.8 2.52891,39.68985,257.6 2.52891,39.6898,258.2 2.52893,39.68975,259.4 2.52896,39.68971,260.7 2.52898,39.68969,261.5 2.52901,39.68966,262.6 2.52907,39.68962,264.6 2.52912,39.6896,266.1 2.52915,39.68959,267.0 2.5292,39.6896,268.3 2.52927,39.68962,270.2 2.52933,39.68964,271.7 2.52936,39.68966,272.3 2.52938,39.68967,272.8 2.52938,39.68968,272.6 2.5294,39.68969,273.1 2.52942,39.68971,273.3 2.52944,39.68975,273.3 2.52945,39.6898,272.9 2.52945,39.68984,272.3 2.52945,39.68985,272.1 2.52944,39.68991,270.9 2.52943,39.68995,270.0 2.52943,39.69002,269.0 2.52942,39.69007,267.9 2.52944,39.69012,267.7 2.52947,39.69019,267.4 2.5295,39.69024,267.3 2.52956,39.6903,267.9 2.52965,39.69038,268.7 2.52976,39.69044,270.3 2.52987,39.69051,271.6 2.52997,39.69057,272.7 2.53001,39.69059,273.2 2.53016,39.69068,275.0 2.5303,39.69076,276.8 2.53052,39.6909,280.5 2.53066,39.69103,283.6 2.53067,39.69104,283.8 2.53077,39.69116,285.8 2.5308,39.69119,286.4 2.53082,39.69122,286.8 2.53088,39.69134,287.7 2.53089,39.69135,287.9 2.5309,39.69141,287.9 2.53088,39.69151,287.3 2.53087,39.69153,287.0 2.53084,39.69159,286.3 2.5308,39.69165,285.4 2.53077,39.69169,285.2 2.53066,39.69185,285.9 2.53065,39.69187,286.1 2.53062,39.69191,286.3 2.53059,39.69196,286.6 2.53057,39.69202,287.3 2.53049,39.69219,289.0 2.53047,39.69223,289.4 2.5304,39.69235,290.6 2.53038,39.69241,291.4 2.53036,39.69249,292.6 2.53036,39.69252,293.2 2.53036,39.69255,293.9 2.53039,39.69261,295.6 2.53041,39.69264,296.5 2.53043,39.69266,297.2 2.53046,39.69267,297.8 2.53047,39.69268,298.2 2.53049,39.69268,298.4 2.53054,39.69269,299.3 2.53063,39.69269,300.4 2.53068,39.69268,300.8 2.53076,39.69265,301.1 2.53077,39.69265,301.3 2.53084,39.69259,301.0 2.53091,39.69252,301.1 2.53092,39.69252,301.4 2.53097,39.69243,301.0 2.53103,39.69236,301.2 2.53103,39.69235,301.0 2.53115,39.6922,301.1 2.53129,39.69208,302.0 2.5313,39.69207,302.1 2.53145,39.69194,302.8 2.53146,39.69193,302.9 2.53158,39.69184,303.6 2.53162,39.6918,303.6 2.53171,39.69172,303.5 2.53177,39.69166,303.1 2.53191,39.69152,304.8 2.53197,39.69147,305.3 2.53206,39.69139,305.9 2.53222,39.69125,306.3 2.53226,39.69122,306.4 2.53237,39.69111,306.1 2.53242,39.69106,305.8 2.53252,39.69097,304.8 2.53258,39.69092,303.4 2.53273,39.69078,300.8 2.53282,39.6907,300.7 2.53298,39.69057,300.3 2.53307,39.69049,300.2 2.53313,39.69043,300.3 2.53324,39.69034,300.1 2.53329,39.6903,300.0 2.53344,39.69017,299.2 2.53375,39.68989,296.8 2.53386,39.6898,295.9 2.5339,39.68976,295.7 2.53406,39.68962,294.5 2.53421,39.68949,293.5 2.53435,39.68934,293.5 2.53438,39.68931,293.5 2.5345,39.6892,293.1 2.53452,39.68918,293.1 2.53461,39.68913,292.7 2.53471,39.6891,291.5 2.53482,39.68908,289.7 2.53506,39.68906,285.2 2.53518,39.68905,283.5 2.53528,39.68903,282.4 2.53538,39.689,281.4 2.5355,39.68889,281.7 2.53557,39.68882,281.8 2.53567,39.68873,281.4 2.53573,39.68867,281.1 2.5358,39.68858,281.0 2.53592,39.68842,279.9 2.53604,39.68827,277.8 2.53609,39.6882,276.7 2.53615,39.68811,275.6 2.53618,39.68806,275.1 2.53627,39.68796,273.3 2.53628,39.68796,273.0 2.53641,39.68779,270.8 2.53645,39.68767,270.9 2.53645,39.68763,271.4 2.53644,39.68761,271.8 2.53642,39.68754,273.1 2.53637,39.68746,274.9 2.53626,39.6873,277.9 2.53626,39.68729,277.9 2.53619,39.68718,279.5 2.53617,39.68714,280.0 2.53613,39.687,280.7 2.53613,39.68696,280.7 2.5361,39.68673,280.9 2.5361,39.6866,282.8 2.5361,39.68659,283.0 2.53611,39.68642,287.9 2.53612,39.6864,288.4 2.53616,39.68631,290.8 2.5362,39.68626,292.1 2.53621,39.68626,292.1 2.53626,39.68622,293.2 2.53633,39.68618,294.4 2.5364,39.68616,295.0 2.53641,39.68616,294.9 2.53648,39.68615,295.2 2.53663,39.68617,294.1 2.53664,39.68617,294.1 2.53677,39.68618,293.9 2.53684,39.68621,292.9 2.53686,39.68621,292.9 2.53692,39.68625,291.4 2.53699,39.6863,289.5 2.53704,39.68633,288.5 2.53711,39.68638,286.6 2.5372,39.68645,284.1 2.53722,39.68647,283.4 2.53728,39.6865,282.5 2.53736,39.68655,280.9 2.53739,39.68656,280.6 2.53745,39.68658,280.2 2.53754,39.68659,280.0 2.53766,39.6866,279.7 2.53796,39.68658,280.5 2.53831,39.68652,283.1 2.53848,39.68649,284.6 2.53854,39.68648,285.1 2.53858,39.68648,285.2 2.53868,39.68648,285.3 2.53877,39.68649,285.0 2.53886,39.68651,284.4 2.53899,39.68655,283.0 2.53904,39.68656,282.7 2.53921,39.6866,281.0 2.53931,39.68662,279.2 2.53939,39.68663,278.0 2.53944,39.68662,277.8 2.53947,39.68662,277.5 2.53954,39.68659,277.6 2.53961,39.68654,278.1 2.53963,39.68652,278.3 2.53965,39.68649,278.8 2.53968,39.68645,279.4 2.53969,39.68639,280.7 2.5397,39.68634,281.8 2.53971,39.68628,283.0 2.53971,39.68613,286.6 2.53972,39.68605,288.3 2.53974,39.686,288.9 2.53977,39.68589,290.6 2.53979,39.68582,291.6 2.5398,39.6858,291.8 2.53988,39.68565,292.4 2.53994,39.68556,292.1 2.53998,39.68549,291.9 2.53999,39.68547,291.9 2.54007,39.68539,290.2 2.54011,39.68534,289.5 2.54015,39.6853,288.6 2.54023,39.68521,286.8 2.54024,39.68519,286.8 2.54029,39.68511,286.0 2.5403,39.68503,286.9 2.5403,39.68501,287.2 2.54025,39.68485,290.0 2.54024,39.68481,290.5 2.54017,39.6847,293.1 2.54016,39.68469,293.4 2.54009,39.68459,295.5 2.54004,39.68453,296.7 2.54,39.68448,297.5 2.53979,39.68433,305.9 2.53973,39.68426,308.0 2.53971,39.68424,308.7 2.53966,39.68411,311.5 2.53966,39.68409,312.0 2.53966,39.68405,312.8 2.53968,39.68401,312.9 2.5397,39.68398,312.9 2.53978,39.68397,310.2 2.54001,39.68394,303.0 2.54022,39.68392,301.3 2.54035,39.68393,299.5 2.54047,39.68394,297.8 2.54049,39.68394,297.6 2.54075,39.68394,294.7 2.54087,39.68393,293.8 2.541,39.68391,293.1 2.54113,39.68389,292.3 2.54122,39.68385,292.6 2.54146,39.68378,291.6 2.54152,39.68374,292.0 2.54155,39.6837,292.7 2.5416,39.68364,293.7 2.54163,39.68361,294.0 2.54166,39.68353,295.7 2.54167,39.68349,296.7 2.54169,39.68343,298.2 2.54168,39.68334,300.7 2.54168,39.68331,301.5 2.54167,39.68326,303.0 2.54169,39.68318,305.1 2.54173,39.68311,306.7 2.54178,39.68307,307.5 2.54181,39.68305,307.8 2.54187,39.68303,308.0 2.54189,39.68302,308.1 2.54192,39.68301,308.2 2.54198,39.683,308.1 2.54223,39.68302,305.8 2.54244,39.68305,303.6 2.54267,39.68309,303.8 2.54277,39.68314,303.7 2.54284,39.6832,303.2 2.54284,39.68321,303.0 2.5429,39.68327,302.6 2.54294,39.68336,301.6 2.54294,39.68337,301.6 2.54294,39.68345,300.9 2.54294,39.68355,300.1 2.54295,39.68373,298.8 2.54295,39.68375,298.6 2.54292,39.68391,296.7 2.54287,39.68416,293.5 2.54285,39.68426,291.9 2.54284,39.68427,291.6 2.54281,39.68438,289.7 2.5428,39.68444,288.8 2.54279,39.68448,288.2 2.54279,39.68453,287.6 2.5428,39.68458,287.3 2.54282,39.68461,287.3 2.54283,39.68464,287.1 2.54289,39.68468,287.6 2.54298,39.68472,288.5 2.54299,39.68473,288.5 2.5431,39.68475,289.9 2.54316,39.68476,290.7 2.54324,39.68477,291.7 2.54345,39.68476,294.2 2.54386,39.68474,297.6 2.544,39.68473,298.9 2.54415,39.68474,299.8 2.54416,39.68474,299.9 2.54426,39.68476,299.9 2.54436,39.68479,299.6 2.54437,39.6848,299.4 2.54443,39.68483,299.0 2.54448,39.68487,298.3 2.54463,39.68497,296.9 2.54472,39.68503,296.0 2.54474,39.68504,295.9 2.54487,39.6851,295.2 2.54494,39.68512,295.0 2.54505,39.68513,294.6 2.54515,39.68512,293.9 2.54516,39.68512,293.8 2.54522,39.6851,293.6 2.54538,39.68506,292.8 2.54546,39.68503,292.5 2.54558,39.68497,292.4 2.5456,39.68495,292.7 2.54573,39.68486,293.6 2.54575,39.68484,293.8 2.54584,39.68474,295.3 2.54588,39.6847,295.1 2.54595,39.68461,295.2 2.54599,39.68453,295.9 2.54603,39.68444,296.9 2.54606,39.68436,297.9 2.54609,39.68428,298.9 2.54611,39.68426,298.8 2.54613,39.68419,299.8 2.54614,39.68415,300.6 2.54618,39.68404,303.1 2.54618,39.68402,303.8 2.54622,39.68392,306.2 2.54625,39.68385,307.9 2.54626,39.68383,308.4 2.54634,39.68371,310.8 2.54641,39.68364,312.0 2.54657,39.68354,312.7 2.54677,39.6835,309.7 2.5469,39.68345,308.2 2.54697,39.6834,308.2 2.54702,39.68333,309.4 2.54705,39.68324,309.9 2.54706,39.68322,310.0 2.54706,39.68314,311.2 2.54703,39.68305,313.5 2.547,39.68297,315.6 2.54697,39.68287,318.0 2.54693,39.68278,320.5 2.54691,39.68269,322.4 2.5469,39.68267,323.0 2.54688,39.68255,325.4 2.54689,39.68249,326.0 2.54692,39.68245,326.1 2.54693,39.68244,326.0 2.547,39.68239,325.3 2.54706,39.68235,324.7 2.54719,39.68226,323.8 2.54731,39.68219,322.9 2.54745,39.68211,322.2 2.54757,39.68203,322.6 2.54764,39.68199,322.8 2.54769,39.68195,323.4 2.54779,39.68185,325.3 2.5479,39.68172,328.3 2.54796,39.68164,330.5 2.54801,39.68161,331.0 2.54805,39.68159,331.2 2.54814,39.68157,330.9 2.54832,39.68155,329.5 2.54838,39.68155,328.5 2.54844,39.68154,327.8 2.54852,39.68152,327.1 2.54857,39.6815,327.0 2.54861,39.68147,327.4 2.54864,39.68142,328.8 2.54867,39.68132,332.0 2.54869,39.68126,333.9 2.5487,39.68119,336.4 2.54871,39.68114,338.1 2.54872,39.68112,338.7 2.54878,39.68101,341.8 2.54881,39.68098,342.4 2.54882,39.68096,343.0 2.54888,39.68093,343.1 2.54893,39.68091,343.0 2.54899,39.6809,342.4 2.54901,39.6809,342.1 2.54906,39.6809,341.2 2.54916,39.68091,339.2 2.54922,39.68093,338.1 2.54923,39.68094,337.7 2.54929,39.68098,336.0 2.54936,39.68103,333.9 2.5494,39.68106,332.7 2.54945,39.68112,330.4 2.54953,39.6812,327.5 2.54954,39.68121,327.2 2.54962,39.68129,324.4 2.54969,39.68134,322.7 2.54974,39.68138,321.4 2.54985,39.68148,318.3 2.54999,39.68155,316.5 2.55009,39.68158,315.9 2.5502,39.6816,315.7 2.55028,39.68159,316.2 2.5503,39.68159,316.3 2.55041,39.68157,317.1 2.55049,39.68153,318.1 2.55051,39.68153,318.1 2.55062,39.68147,319.4 2.55068,39.68143,320.1 2.55074,39.68139,320.7 2.55086,39.68131,321.2 2.55087,39.6813,321.2 2.55098,39.68121,320.3 2.55123,39.68091,318.6 2.55134,39.68073,318.8 2.55136,39.68071,318.8 2.55142,39.68066,318.5 2.55148,39.68061,318.3 2.55154,39.68058,317.8 2.55157,39.68057,317.4 2.55165,39.68055,316.4 2.55175,39.68054,316.6 2.55177,39.68054,316.7 2.55184,39.68055,316.7 2.55194,39.68056,316.7 2.55199,39.68057,316.6 2.55204,39.68058,316.5 2.55213,39.68062,315.5 2.55222,39.68065,314.7 2.55231,39.68068,313.8 2.55241,39.68069,313.5 2.55243,39.68069,313.5 2.5525,39.6807,313.1 2.55263,39.6807,315.1 2.55274,39.68067,318.1 2.55286,39.68067,320.0 2.55289,39.68067,320.5 2.55302,39.68068,322.1 2.55312,39.6807,322.7 2.55318,39.68071,323.2 2.55333,39.68075,323.3 2.55334,39.68075,323.6 2.55349,39.68083,323.5 2.55353,39.68085,323.9 2.55363,39.68092,324.3 2.5537,39.68098,324.0 2.55377,39.68103,324.0 2.55385,39.68112,322.7 2.55401,39.68129,320.0 2.55412,39.68141,317.5 2.55425,39.68148,317.1 2.55431,39.68151,317.0 2.55433,39.68152,316.9 2.55437,39.68154,316.9 2.55445,39.68158,316.8 2.55452,39.68159,317.7 2.55455,39.6816,317.9 2.5546,39.68161,318.5 2.55477,39.68165,320.2 2.55491,39.68168,321.7 2.55506,39.68169,322.4 2.5552,39.68172,320.0 2.55523,39.68173,319.4 2.55534,39.68173,318.6 2.55543,39.68173,318.0 2.55547,39.68172,318.2 2.55549,39.68171,318.5 2.55557,39.68169,318.8 2.55564,39.68164,320.2 2.55567,39.68162,320.5 2.55581,39.68153,322.0 2.55596,39.68144,322.4 2.55612,39.68136,322.2 2.55619,39.68132,322.1 2.55622,39.6813,322.2 2.55628,39.68127,322.0 2.55644,39.68118,321.7 2.5566,39.68106,321.9 2.55674,39.6809,324.0 2.5569,39.68076,325.5 2.55695,39.68069,326.0 2.55704,39.68062,326.2 2.55715,39.6805,326.9 2.55718,39.68048,326.9 2.55732,39.68034,327.5 2.55745,39.68022,328.0 2.55761,39.68007,329.2 2.55772,39.67996,329.7 2.55776,39.67992,329.7 2.55778,39.6799,329.7 2.55787,39.67979,329.5 2.55787,39.67979,329.5 2.55794,39.67983,329.4 2.55802,39.67986,329.2 2.55811,39.6799,329.1 2.55817,39.67993,329.1 2.55821,39.67996,329.1 2.55827,39.68001,329.0 2.55863,39.68011,328.6 2.55868,39.68012,328.6 2.55871,39.68013,328.6 2.55877,39.68015,328.6 2.55884,39.68017,328.6 2.559,39.6802,328.8 2.55915,39.68024,329.0 2.55916,39.68024,329.0 2.55929,39.68028,329.5 2.5593,39.68028,329.6 2.55943,39.68031,330.2 2.55957,39.68034,330.8 2.5596,39.68035,331.0 2.55973,39.68037,331.6 2.55974,39.68038,331.7 2.55982,39.68038,332.1 2.55989,39.68039,332.4 2.56004,39.68039,333.1 2.56006,39.68039,333.2 2.56016,39.68038,333.7 2.56027,39.68036,334.2 2.56037,39.68034,334.7 2.56054,39.6803,335.5 2.56084,39.68023,337.0 2.56153,39.68004,341.8 2.56198,39.67994,344.3 2.56209,39.67991,344.7 2.5622,39.67988,345.1 2.56234,39.67985,345.5 2.56283,39.67972,347.3 2.56299,39.67968,347.8 2.56321,39.67962,348.3 2.56337,39.67958,348.7 2.56382,39.67948,350.4 2.56393,39.67946,350.7 2.56404,39.67943,350.9 2.56416,39.67941,351.2 2.56426,39.67941,351.3 2.56445,39.67943,351.8 2.56456,39.67945,352.2 2.5647,39.67949,352.9 2.56474,39.67951,353.2 2.56484,39.67954,353.7 2.56493,39.67959,354.5 2.56502,39.67962,355.0 2.56511,39.67967,356.0 2.56522,39.67972,357.0 2.56532,39.67975,357.7 2.56534,39.67975,357.8 2.56546,39.67975,358.2 2.56553,39.67974,358.3 2.56563,39.67973,358.5 2.56579,39.67966,358.0 2.56581,39.67965,357.9 2.566,39.6796,358.2 2.56627,39.67954,359.1 2.56684,39.67937,360.8 2.56697,39.67934,361.3 2.56704,39.67934,361.7 2.56705,39.67934,361.8 2.5671,39.67934,362.0 2.56716,39.67936,362.4 2.56719,39.67936,362.6 2.56723,39.67939,362.9 2.56724,39.6794,363.0 2.56725,39.67941,363.1 2.56728,39.67945,363.4 2.56731,39.67951,363.7 2.56733,39.67959,364.0 2.56734,39.67968,364.3 2.56734,39.67974,364.5 2.56735,39.67983,364.7 2.56735,39.67991,364.9 2.56735,39.67992,365.0 2.56736,39.67999,365.1 2.56736,39.68002,365.4 2.56737,39.6801,366.1 2.56738,39.68021,367.1 2.5674,39.68028,367.8 2.56741,39.68032,368.1 2.56743,39.6804,368.9 2.56745,39.68045,369.3 2.56746,39.68049,369.7 2.5675,39.68057,370.5 2.56752,39.68062,370.9 2.56753,39.68067,371.3 2.56754,39.68071,371.7 2.56754,39.68076,372.2 2.56753,39.6808,372.6 2.56752,39.68083,372.9 2.56749,39.68085,373.3 2.56745,39.68087,373.7 2.56738,39.6809,374.2 2.56724,39.68095,375.1 2.56711,39.68099,375.7 2.56696,39.68102,376.2 2.56662,39.68108,377.0 2.56638,39.68115,377.4 2.5663,39.68117,377.4 2.56625,39.68119,377.5 2.5662,39.68121,377.6 2.56613,39.68125,377.7 2.56608,39.68129,378.0 2.56607,39.6813,378.0 2.56604,39.68134,378.3 2.56599,39.68139,378.6 2.56597,39.68144,378.9 2.56596,39.68151,379.6 2.56597,39.68155,380.0 2.56598,39.6816,380.6 2.56602,39.68169,381.7 2.56605,39.68173,382.2 2.56606,39.68175,382.4 2.56608,39.68178,382.7 2.56616,39.68189,384.0 2.56625,39.68201,385.6 2.56628,39.68204,386.0 2.56639,39.6822,388.1 2.56643,39.68224,388.8 2.56649,39.68231,389.8 2.56652,39.68235,390.4 2.56657,39.6824,391.3 2.56664,39.68246,392.4 2.56672,39.6825,393.3 2.56679,39.68256,394.4 2.5669,39.68262,395.7 2.56705,39.6827,397.3 2.56711,39.68273,397.8 2.56719,39.68278,398.7 2.56724,39.68281,399.1 2.56727,39.68283,399.4 2.56741,39.68292,400.7 2.56759,39.68304,401.7 2.56775,39.68315,402.2 2.56777,39.68316,402.3 2.56797,39.68324,402.6 2.56797,39.68325,402.7 2.56814,39.68329,402.8 2.56819,39.6833,402.9 2.56829,39.68332,402.9 2.56843,39.68335,404.3 2.56853,39.68334,405.0 2.56863,39.68332,405.7 2.56865,39.68331,405.8 2.5687,39.68329,406.0 2.56876,39.68326,406.2 2.56903,39.68306,405.7 2.56912,39.68299,405.3 2.56916,39.68295,405.0 2.56918,39.68291,404.5 2.56926,39.68284,404.0 2.56935,39.68278,403.5 2.56942,39.68274,403.3 2.5695,39.68271,403.2 2.5695,39.6827,403.0 2.56964,39.68268,403.4 2.56973,39.68269,404.1 2.56975,39.68269,404.2 2.56989,39.6827,405.2 2.57003,39.68272,406.3 2.57017,39.68274,406.8 2.57032,39.68277,407.7 2.57048,39.6828,408.7 2.57051,39.6828,408.7 2.57087,39.68288,411.4 2.57099,39.6829,411.0 2.57113,39.68294,410.9 2.57119,39.68296,410.9 2.57127,39.68301,411.7 2.57129,39.68302,411.8 2.5713,39.68303,412.0 2.57142,39.68315,414.4 2.57143,39.68316,414.6 2.57167,39.68347,420.9 2.57186,39.68374,424.6 2.57214,39.6841,430.3 2.57222,39.68416,430.8 2.57231,39.6842,430.6 2.57232,39.6842,430.4 2.57237,39.68421,429.8 2.57243,39.68421,428.8 2.57254,39.68421,427.5 2.57255,39.6842,427.2 2.57265,39.68419,426.9 2.57277,39.68413,425.1 2.57315,39.68396,420.4 2.57331,39.68389,418.6 2.57338,39.68388,417.7 2.57341,39.68387,417.0 2.57347,39.68386,415.9 2.57351,39.68386,415.3 2.57354,39.68386,414.9 2.57358,39.68387,414.5 2.5736,39.68389,414.8 2.57361,39.68389,414.6 2.57364,39.68391,414.6 2.57367,39.68394,414.9 2.57369,39.68397,415.2 2.5737,39.68402,416.2 2.5737,39.68404,416.7 2.5737,39.68409,417.8 2.57371,39.68432,421.3 2.57367,39.68457,425.4 2.57366,39.68458,425.7 2.57365,39.68465,426.8 2.57363,39.68473,428.3 2.57358,39.68481,430.5 2.57338,39.68506,438.1 2.57327,39.68522,441.1 2.57326,39.68524,441.4 2.57319,39.68543,443.9 2.57319,39.68559,444.7 2.57319,39.68574,445.5 2.5732,39.68575,445.3 2.5732,39.68577,445.4 2.57321,39.68579,445.2 2.57323,39.68587,445.8 2.57327,39.68592,446.0 2.57329,39.68593,445.8 2.57331,39.68594,445.5 2.57331,39.68595,445.8 2.57337,39.68598,445.6 2.5735,39.68602,445.0 2.57357,39.68604,444.6 2.57391,39.68613,442.6 2.57394,39.68614,442.5 2.57396,39.68614,442.2 2.5741,39.68618,441.5 2.57421,39.68621,441.3 2.5743,39.6862,440.8 2.57436,39.68619,440.5 2.57438,39.68618,440.1 2.57444,39.68616,439.5 2.57453,39.68608,437.3 2.57456,39.68606,436.7 2.57465,39.68599,434.9 2.57469,39.68597,434.4 2.57472,39.68597,434.3 2.57474,39.68597,434.3 2.57475,39.68597,434.3 2.57477,39.68597,434.3 2.57483,39.68597,434.3 2.57489,39.68598,434.4 2.57493,39.68601,435.1 2.57493,39.68602,435.3 2.57494,39.68604,435.8 2.57495,39.68605,436.0 2.57496,39.68607,436.5 2.57497,39.68612,437.6 2.57499,39.68621,439.6 2.57499,39.68623,440.1 2.57503,39.68644,444.3 2.57505,39.68657,446.8 2.57507,39.68662,447.5 2.57514,39.68669,447.5 2.57522,39.68676,447.0 2.57526,39.68679,446.6 2.57547,39.68697,444.4 2.57549,39.68698,444.1 2.57551,39.68699,443.8 2.57554,39.68702,443.4 2.57557,39.68706,443.2 2.57558,39.68713,443.8 2.57559,39.68718,444.2 2.57558,39.68721,444.8 2.5755,39.6873,448.0 2.57536,39.68743,453.6 2.57534,39.68745,454.5 2.57532,39.68747,455.3 2.57528,39.68752,457.1 2.57526,39.68759,458.3 2.57525,39.68764,459.1 2.57526,39.68769,459.2 2.57526,39.68773,459.6 2.57527,39.68777,459.7 2.57528,39.68778,459.5 2.57529,39.68779,459.3 2.57534,39.68785,458.5 2.57539,39.6879,457.6 2.57539,39.68791,457.7 2.5754,39.68793,457.6 2.5754,39.68795,457.8 2.57537,39.68804,459.5 2.57532,39.68818,462.1 2.5753,39.68826,463.4 2.57529,39.68835,464.6 2.57529,39.68843,465.6 2.5753,39.6885,466.3 2.5753,39.68861,467.7 2.5753,39.68864,468.1 2.5753,39.68882,470.4 2.5753,39.68883,470.6 2.57529,39.68883,470.8 2.57528,39.68887,471.5 2.57526,39.68892,472.5 2.57524,39.68895,473.3 2.57521,39.68898,474.2 2.5752,39.68899,474.5 2.57517,39.68901,475.3 2.57513,39.68901,476.1 2.5751,39.68901,476.6 2.57507,39.689,477.1 2.57504,39.68898,477.4 2.57503,39.68897,477.5 2.57502,39.68896,477.6 2.57502,39.68894,477.4 2.57502,39.68892,477.2 2.57502,39.68887,476.7 2.57503,39.68882,476.0 2.57503,39.68878,475.7 2.57503,39.68876,475.5 2.57504,39.68866,474.2 2.57505,39.68862,473.6 2.57505,39.6886,473.4 2.57505,39.68858,473.2 2.57505,39.68857,473.1 2.57505,39.68844,471.8 2.57505,39.68843,471.7 2.57505,39.6884,471.4 2.57503,39.68829,470.8 2.57503,39.68824,470.4 2.57502,39.68815,469.9 2.57501,39.68808,469.6 2.575,39.68804,469.5 2.57498,39.68793,469.0 2.57497,39.68791,469.0 2.57497,39.68788,468.7 2.57497,39.68787,468.6 2.5749,39.68752,466.3 2.57485,39.68737,464.1 2.57483,39.68734,463.8 2.5748,39.68727,462.7 2.57475,39.68725,462.8 2.57471,39.68724,462.9 2.57467,39.68724,463.3 2.57457,39.68724,464.2 2.57449,39.68725,465.1 2.57446,39.68725,465.4 2.57432,39.68727,467.1 2.57426,39.68729,468.1 2.57423,39.6873,468.6 2.57422,39.6873,468.7 2.57421,39.6873,468.8 2.57414,39.68733,470.3 2.57407,39.68734,471.5 2.57401,39.68735,472.6 2.57399,39.68735,472.9 2.57392,39.68736,474.1 2.57384,39.68736,475.3 2.57379,39.68735,475.7 2.57375,39.68733,475.8 2.5737,39.68731,476.0 2.57367,39.68729,476.0 2.57364,39.68724,475.2 2.57359,39.68706,471.4 2.57357,39.68688,467.2 2.57357,39.68683,465.9 2.57353,39.68675,464.5 2.5735,39.68672,464.1 2.57349,39.6867,463.8 2.57346,39.68667,463.4 2.57342,39.68666,463.7 2.57338,39.68665,463.9 2.57327,39.68665,465.3 2.57325,39.68665,465.6 2.57311,39.68666,467.5 2.57307,39.68667,468.3 2.57304,39.68668,468.9 2.57302,39.68668,469.1 2.57298,39.68669,469.9 2.57284,39.68672,472.4 2.57282,39.68672,472.6 2.57279,39.68673,473.3 2.57277,39.68673,473.5 2.57265,39.68677,476.1 2.57259,39.6868,477.7 2.57258,39.6868,477.8 2.57254,39.68683,479.2 2.57252,39.68686,480.3 2.57251,39.6869,481.6 2.57252,39.68692,482.0 2.57253,39.68693,482.2 2.57253,39.68694,482.5 2.57255,39.68695,482.5 2.57257,39.68696,482.5 2.57264,39.68698,482.2 2.57272,39.68699,481.4 2.57295,39.687,478.6 2.57305,39.68701,477.5 2.57317,39.68703,476.4 2.57318,39.68704,476.5 2.57321,39.68705,476.3 2.57323,39.68706,476.3 2.57324,39.68707,476.5 2.57332,39.68718,478.1 2.57333,39.6872,478.5 2.57335,39.68724,479.2 2.57338,39.68737,482.1 2.57339,39.68744,483.7 2.57342,39.6875,484.8 2.57345,39.68754,485.5 2.57347,39.68755,485.5 2.57351,39.68759,486.0 2.57357,39.68762,486.0 2.57363,39.68764,485.6 2.57364,39.68764,485.5 2.57366,39.68765,485.4 2.57382,39.68768,483.8 2.57399,39.68771,481.9 2.57408,39.68774,481.2 2.57416,39.68778,480.8 2.57423,39.68782,480.6 2.57425,39.68784,480.7 2.57427,39.68785,480.6 2.57429,39.68787,480.7 2.5743,39.68788,480.7 2.57439,39.68796,480.7 2.57444,39.68804,481.2 2.57447,39.68813,482.3 2.57447,39.68825,484.5 2.57447,39.68832,485.7 2.57446,39.68837,486.5 2.57445,39.6884,487.0 2.57445,39.68841,487.1 2.57445,39.6885,487.7 2.57444,39.68851,488.1 2.57443,39.68869,489.6 2.57442,39.68871,490.0 2.57441,39.68881,490.9 2.5744,39.68886,491.5 2.57439,39.68894,492.3 2.57438,39.68904,493.3 2.57436,39.68915,494.5 2.57435,39.68922,495.2 2.57435,39.68926,495.5 2.57434,39.68937,496.6 2.57434,39.6894,496.8 2.57433,39.68949,497.7 2.57432,39.68956,498.4 2.57432,39.68958,498.5 2.57432,39.68959,498.6 2.57432,39.6896,498.7 2.57432,39.68962,498.8 2.57432,39.68963,498.9 2.57433,39.68971,499.3 2.57436,39.6898,499.4 2.57438,39.68989,499.8 2.57441,39.68995,499.8 2.57441,39.68997,500.0 2.57452,39.69011,499.7 2.57453,39.69013,499.8 2.57462,39.69025,500.0 2.57462,39.69026,500.2 2.57463,39.69027,500.2 2.57464,39.69029,500.3 2.5747,39.69036,500.5 2.57473,39.69041,500.8 2.57474,39.69042,500.9 2.57475,39.69044,501.0 2.5748,39.69051,501.5 2.57483,39.69059,502.4 2.57484,39.69062,502.8 2.57485,39.69066,503.3 2.57488,39.69079,505.1 2.5749,39.69093,505.2 2.57491,39.69098,505.0 2.57493,39.69138,503.3 2.57495,39.69156,502.5 2.57501,39.6921,499.1 2.57501,39.69213,498.8 2.57502,39.69221,498.4 2.57505,39.6923,498.3 2.57508,39.69244,497.7 2.5751,39.69252,497.2 2.57514,39.69259,496.5 2.57517,39.69262,496.3 2.57519,39.69264,496.2 2.57523,39.69267,496.2 2.57532,39.69272,496.3 2.57534,39.69273,496.3 2.57554,39.69281,496.8 2.57555,39.69282,496.7 2.57574,39.69291,496.3 2.57574,39.69292,496.0 2.57599,39.69304,495.0 2.57612,39.69313,493.6 2.57627,39.69327,490.6 2.57636,39.69335,488.9 2.57642,39.69342,487.2 2.57657,39.69357,483.5 2.57666,39.69364,481.7 2.57674,39.6937,480.3 2.57683,39.69375,479.3 2.5769,39.69379,478.4 2.57702,39.69382,478.2 2.57713,39.69383,478.7 2.57715,39.69383,478.8 2.57734,39.69385,479.4 2.57736,39.69385,479.5 2.57764,39.69385,480.7 2.5781,39.69388,480.1 2.5783,39.69388,480.3 2.57841,39.69388,480.3 2.57853,39.69387,480.5 2.57871,39.69386,480.7 2.579,39.69384,481.3 2.57916,39.69383,481.5 2.57928,39.69384,481.9 2.57933,39.69384,482.2 2.57945,39.69387,481.8 2.57955,39.6939,481.3 2.57964,39.69394,480.3 2.57974,39.69397,479.8 2.57981,39.694,479.1 2.57986,39.69405,477.5 2.57988,39.69406,477.3 2.57992,39.69411,475.6 2.57993,39.69415,474.1 2.57994,39.69419,473.3 2.57994,39.69422,473.1 2.57994,39.69428,472.7 2.57992,39.69435,472.0 2.5799,39.69444,471.1 2.57987,39.69452,470.2 2.57984,39.69461,469.3 2.57981,39.6947,468.3 2.57978,39.69478,467.3 2.57976,39.69489,466.3 2.57976,39.69492,466.0 2.57975,39.69499,465.4 2.57971,39.69509,465.2 2.57969,39.69515,465.1 2.57962,39.69527,464.6 2.57956,39.69535,464.0 2.57942,39.69549,462.5 2.57935,39.69555,461.6 2.57931,39.6956,461.0 2.57919,39.69568,459.3 2.57917,39.69571,459.1 2.57904,39.69581,458.5 2.57893,39.69592,458.6 2.57882,39.69602,458.4 2.57871,39.69612,457.9 2.57863,39.6962,457.3 2.57859,39.69623,457.0 2.57849,39.69634,455.9 2.57846,39.69638,455.5 2.57842,39.69646,454.8 2.5784,39.69659,454.2 2.5784,39.69672,453.5 2.5784,39.69673,453.5 2.57842,39.69686,452.6 2.57843,39.69691,452.3 2.57844,39.697,451.6 2.57846,39.69709,451.1 2.57848,39.69715,451.0 2.57852,39.69731,450.3 2.57856,39.69749,449.4 2.57865,39.69785,447.0 2.5787,39.69806,445.4 2.57877,39.69832,443.5 2.57881,39.69845,443.7 2.57883,39.6985,443.8 2.57886,39.69861,443.8 2.57892,39.69877,443.6 2.57899,39.69892,443.1 2.57906,39.69905,442.2 2.57915,39.69917,441.0 2.57925,39.69929,440.5 2.57939,39.69945,439.1 2.57948,39.69954,437.7 2.57956,39.6996,436.5 2.57957,39.6996,436.5 2.57965,39.69962,435.8 2.57976,39.69965,434.7 2.57984,39.69964,434.5 2.57988,39.69963,434.6 2.57997,39.69962,434.5 2.58011,39.69961,435.1 2.58019,39.69961,435.4 2.58029,39.69962,435.5 2.58034,39.69963,435.4 2.58037,39.69964,435.1 2.5805,39.69969,433.9 2.58054,39.69972,432.9 2.58065,39.69979,430.7 2.58071,39.69984,428.9 2.58086,39.69996,424.7 2.58088,39.69998,424.0 2.58093,39.70002,423.1 2.58104,39.70006,422.7 2.58108,39.70006,422.9 2.58116,39.70008,422.8 2.58131,39.70009,423.2 2.58135,39.70009,423.3 2.58154,39.70008,424.4 2.58168,39.70008,424.9 2.58177,39.70008,424.8 2.58191,39.70009,424.4 2.58214,39.70009,424.2 2.58233,39.7001,423.8 2.5827,39.70009,422.6 2.58281,39.70008,422.1 2.58293,39.70006,421.7 2.58294,39.70006,421.7 2.58311,39.70003,421.1 2.58316,39.70002,420.9 2.5833,39.7,420.2 2.5834,39.69999,420.2 2.58345,39.69998,420.4 2.58361,39.69997,420.3 2.58375,39.69996,420.1 2.58386,39.69996,419.8 2.58388,39.69996,419.7 2.584,39.69998,418.9 2.58402,39.69998,418.8 2.58409,39.69999,418.4 2.5841,39.69999,418.4 2.58415,39.70001,417.9 2.58422,39.70005,417.4 2.58424,39.70006,417.3 2.58428,39.70009,416.9 2.58434,39.70012,416.6 2.58448,39.70023,415.3 2.5846,39.70034,414.0 2.58484,39.70056,411.4 2.58494,39.70066,410.2 2.58506,39.70076,409.1 2.58518,39.70089,407.7 2.5852,39.7009,407.6 2.58531,39.70101,406.6 2.58537,39.70105,406.3 2.5855,39.70114,405.6 2.58569,39.70127,404.8 2.58585,39.70139,404.0 2.586,39.7015,403.0 2.58604,39.70153,402.8 2.58614,39.7016,402.1 2.58621,39.70165,401.6 2.58629,39.7017,401.0 2.58647,39.7018,399.4 2.58658,39.70183,399.0 2.58668,39.70185,398.7 2.58681,39.70186,398.3 2.58698,39.70187,397.8 2.58707,39.70187,397.6 2.5876,39.70186,396.2 2.58777,39.70184,395.2 2.58785,39.70181,395.0 2.58798,39.70176,394.7 2.58807,39.70172,394.5 2.58817,39.70166,394.5 2.5882,39.70164,394.8 2.58837,39.70155,395.9 2.58852,39.7015,396.6 2.58862,39.70148,396.7 2.58882,39.70147,396.2 2.58901,39.70146,395.8 2.58928,39.70146,394.9 2.58941,39.70146,394.7 2.58951,39.70146,394.5 2.58961,39.70147,393.9 2.58974,39.70149,393.0 2.58982,39.7015,392.5 2.58997,39.70153,391.3 2.59002,39.70154,390.9 2.59022,39.70158,389.8 2.5904,39.70164,388.2 2.59065,39.70168,387.7 2.59088,39.70173,387.5 2.59109,39.70178,387.4 2.59136,39.70185,387.1 2.59156,39.70191,386.8 2.59172,39.70198,386.4 2.59178,39.70201,386.2 2.59196,39.70213,385.3 2.592,39.70216,385.1 2.59213,39.70225,384.5 2.59251,39.70249,383.0 2.59274,39.70264,381.4 2.59299,39.70279,379.7 2.59312,39.70288,378.8 2.59346,39.70311,376.2 2.59368,39.70324,374.7 2.59376,39.70328,374.3 2.59388,39.70335,373.6 2.59394,39.70339,373.2 2.59407,39.70347,372.5 2.59418,39.70355,371.9 2.59431,39.70363,371.4 2.59466,39.70387,370.0 2.59501,39.70409,369.2 2.59516,39.70419,368.9 2.59531,39.70428,368.4 2.59567,39.70452,367.6 2.596,39.70474,367.1 2.59603,39.70476,367.1 2.59675,39.70521,366.3 2.59709,39.70543,365.7 2.5971,39.70544,365.7 2.59744,39.70566,364.8 2.59757,39.70574,364.8 2.59758,39.70574,364.9 2.59763,39.70578,364.9 2.59772,39.70584,365.0 2.59793,39.70597,365.4 2.59798,39.70601,365.4 2.59811,39.70609,365.6 2.59821,39.70615,365.6 2.59829,39.7062,365.6 2.59835,39.70624,365.6 2.59844,39.7063,365.6 2.59847,39.70632,365.6 2.59864,39.70643,365.7 2.59882,39.70655,365.9 2.5989,39.70661,366.0 2.59908,39.70671,366.4 2.59925,39.70682,366.8 2.59926,39.70682,366.9 2.59937,39.70689,367.0 2.59944,39.70693,367.2 2.59955,39.707,367.3 2.59958,39.70701,367.3 2.59991,39.70719,367.6 2.60007,39.70729,367.6 2.60023,39.70737,367.7 2.60053,39.70754,367.7 2.60069,39.70763,367.9 2.60076,39.70766,368.0 2.60083,39.7077,368.0 2.60095,39.70777,368.4 2.60112,39.70787,368.8 2.60143,39.70803,369.6 2.60191,39.7083,370.4 2.60231,39.70852,371.0 2.60273,39.70875,371.7 2.60287,39.70883,371.9 2.60302,39.7089,372.1 2.60318,39.70897,372.2 2.60325,39.709,372.2 2.60338,39.70906,372.2 2.60339,39.70906,372.2 2.60346,39.70909,372.2 2.60359,39.70914,372.2 2.60367,39.70917,372.2 2.6038,39.70921,372.4 2.60381,39.70922,372.3 2.60395,39.70927,372.4 2.60415,39.70933,372.6 2.60418,39.70934,372.6 2.60488,39.70953,371.9 2.6051,39.70958,371.9 2.60532,39.70965,371.9 2.60557,39.70971,372.2 2.6058,39.70977,372.4 2.60607,39.70986,372.4 2.60629,39.70993,372.4 2.60634,39.70995,372.4 2.60662,39.71001,372.7 2.60689,39.71008,372.8 2.60706,39.71013,372.8 2.60717,39.71016,372.7 2.60723,39.71018,372.7 2.60761,39.71028,373.0 2.60765,39.71029,373.1 2.60779,39.71034,373.5 2.60804,39.71043,374.1 2.60805,39.71043,374.2 2.60817,39.71048,374.4 2.60828,39.71053,374.6 2.60831,39.71054,374.7 2.60839,39.71058,374.8 2.60847,39.71062,374.8 2.60859,39.71067,375.0 2.60878,39.71076,375.0 2.60881,39.71077,375.0 2.60885,39.71078,375.1 2.60895,39.71082,375.1 2.60906,39.71086,375.3 2.60911,39.71087,375.4 2.60925,39.71091,375.5 2.60931,39.71092,375.5 2.60951,39.71096,375.5 2.60962,39.71097,375.6 2.60974,39.71097,375.8 2.60987,39.71098,375.9 2.61001,39.71099,376.1 2.61052,39.71101,377.8 2.61052,39.71101,377.8 2.6105,39.71105,377.5 2.61044,39.71119,376.4 2.61034,39.71134,375.2 2.61032,39.71137,374.9 2.61027,39.71146,374.2 2.61021,39.71155,373.5 2.61019,39.71159,373.1 2.61014,39.71167,372.5 2.6101,39.71173,372.7 2.61004,39.71183,373.0 2.60984,39.71215,373.6 2.60981,39.71219,373.7 2.60974,39.71231,373.9 2.60932,39.71296,373.8 2.60928,39.713,373.7 2.60919,39.71315,373.7 2.60903,39.71341,373.7 2.60902,39.71342,373.7 2.60884,39.71373,374.0 2.60874,39.71389,374.1 2.60874,39.7139,374.2 2.60859,39.71418,374.7 2.60848,39.71439,375.3 2.60847,39.7144,375.3 2.60844,39.71447,375.4 2.60819,39.71498,375.9 2.6081,39.71518,376.3 2.60805,39.71528,376.5 2.60802,39.71535,376.7 2.60786,39.71567,377.7 2.60769,39.71603,379.4 2.6076,39.71619,380.1 2.60754,39.71628,380.4 2.60744,39.71643,380.7 2.60739,39.7165,380.7 2.60733,39.71659,380.7 2.60732,39.7166,380.6 2.60722,39.71675,380.4 2.60714,39.71685,380.1 2.60707,39.71698,380.0 2.60703,39.71707,380.1 2.607,39.71717,380.3 2.60698,39.71725,380.4 2.60696,39.71732,380.6 2.60695,39.71743,381.0 2.60694,39.71753,381.3 2.60692,39.71761,381.1 2.6069,39.71779,380.9 2.60687,39.71797,380.6 2.60684,39.71814,380.4 2.60682,39.71832,380.3 2.6068,39.71841,380.6 2.60679,39.7185,381.1 2.60676,39.71868,382.1 2.60669,39.71922,385.3 2.60668,39.71929,385.6 2.60661,39.71975,387.6 2.60657,39.71998,388.6 2.60655,39.72029,391.2 2.60649,39.72102,398.6 2.60647,39.72123,401.6 2.60645,39.72141,404.1 2.60643,39.72159,406.5 2.60642,39.72168,407.7 2.60641,39.72181,410.1 2.60636,39.72196,412.4 2.60634,39.72201,413.1 2.60631,39.72206,413.6 2.60628,39.72209,413.8 2.60627,39.7221,413.9 2.60622,39.72215,414.2 2.60612,39.72224,414.6 2.60601,39.72234,415.1 2.60593,39.72243,415.9 2.60586,39.72254,416.9 2.60582,39.72265,418.1 2.60581,39.72271,418.9 2.6058,39.72281,420.3 2.6058,39.72289,421.5 2.6058,39.72296,422.5 2.60583,39.72307,424.2 2.60584,39.72311,424.9 2.60585,39.7232,426.4 2.60587,39.72325,427.6 2.60588,39.72329,428.4 2.60592,39.72347,429.8 2.60597,39.72364,430.6 2.60599,39.72374,430.8 2.60602,39.72392,431.1 2.60604,39.72401,431.3 2.60605,39.7241,431.3 2.60608,39.72428,429.8 2.60609,39.72436,428.7 2.60612,39.72464,424.6 2.60612,39.72466,424.2 2.60614,39.72482,422.0 2.60615,39.72487,421.4 2.60618,39.72497,420.4 2.60619,39.72499,420.3 2.6062,39.72502,420.1 2.60627,39.72514,419.9 2.60628,39.72516,419.8 2.60639,39.72532,419.8 2.60642,39.72537,419.7 2.60656,39.72562,419.0 2.60657,39.72565,418.7 2.60659,39.72568,418.7 2.60659,39.72572,418.1 2.60657,39.72578,416.7 2.60656,39.72582,415.9 2.60649,39.72602,413.5 2.60643,39.72618,411.6 2.60642,39.72624,411.1 2.60641,39.7263,410.6 2.60642,39.72631,410.9 2.60642,39.72639,410.5 2.60645,39.72647,411.0 2.60648,39.72659,411.3 2.60655,39.72671,412.4 2.60661,39.72678,413.0 2.60664,39.72682,413.3 2.6067,39.72689,414.0 2.60678,39.72698,415.0 2.60692,39.7271,417.4 2.60693,39.72711,417.6 2.607,39.72718,418.8 2.60706,39.72725,419.7 2.60715,39.72741,420.5 2.60718,39.72746,420.8 2.60725,39.72764,419.5 2.60726,39.72766,419.4 2.60733,39.72782,418.2 2.60738,39.728,416.0 2.60751,39.72824,415.2 2.60756,39.72834,415.0 2.6076,39.72843,415.8 2.60767,39.72862,417.1 2.60767,39.72869,416.7 2.60768,39.72872,416.8 2.60768,39.7288,416.4 2.60766,39.72893,414.9 2.60762,39.72904,412.9 2.60759,39.72912,411.4 2.60756,39.72919,409.8 2.60756,39.72922,409.4 2.60755,39.72927,408.5 2.60755,39.72939,407.0 2.60755,39.7294,406.9 2.60756,39.72956,405.2 2.60758,39.72973,403.8 2.6076,39.72983,403.1 2.60766,39.72991,404.0 2.60767,39.72992,404.1 2.60773,39.72998,405.2 2.60783,39.7301,404.4 2.60792,39.73018,404.3 2.60812,39.73036,404.3 2.60825,39.73048,404.3 2.60834,39.73057,404.1 2.60847,39.73069,404.6 2.60859,39.73079,405.2 2.60871,39.73089,406.3 2.6088,39.73098,407.2 2.60885,39.73103,407.6 2.60898,39.73118,408.0 2.60901,39.73121,408.2 2.60917,39.73144,407.1 2.6092,39.7315,406.4 2.60929,39.73171,403.9 2.60935,39.73184,403.3 2.6094,39.73196,402.5 2.60946,39.73215,400.4 2.60946,39.73219,399.7 2.60946,39.73222,399.1 2.60945,39.73229,397.6 2.60945,39.73243,395.1 2.60945,39.73255,392.9 2.60946,39.73263,391.6 2.60949,39.73268,391.1 2.60951,39.73271,390.8 2.60958,39.73277,390.6 2.60968,39.73285,390.3 2.60979,39.73292,390.0 2.60999,39.73305,389.0 2.61004,39.73309,388.8 2.61017,39.73317,388.7 2.61028,39.73324,388.2 2.61036,39.73327,388.3 2.61049,39.73333,388.0 2.61108,39.73355,389.8 2.61119,39.7336,390.5 2.6113,39.73364,391.5 2.61144,39.7337,392.6 2.61155,39.73377,393.0 2.61158,39.7338,392.8 2.61161,39.73384,392.4 2.61166,39.7339,391.9 2.61169,39.73395,391.2 2.61174,39.73403,390.3 2.61178,39.73412,388.9 2.61181,39.7342,388.2 2.61186,39.73429,388.7 2.61194,39.73439,389.6 2.61201,39.73447,390.4 2.61209,39.73455,391.2 2.61213,39.73458,391.7 2.61228,39.73472,393.0 2.61234,39.73478,393.3 2.61259,39.73497,395.0 2.6126,39.73498,395.0 2.61279,39.73509,394.9 2.61283,39.73512,394.6 2.61298,39.73519,394.8 2.61307,39.73524,394.6 2.61324,39.73533,394.4 2.61336,39.73541,393.8 2.61339,39.73543,393.9 2.61353,39.73553,393.4 2.61358,39.73557,392.9 2.61371,39.73564,392.7 2.61373,39.73565,392.7 2.61383,39.7357,392.5 2.61393,39.73575,392.0 2.61411,39.73582,391.8 2.61416,39.73585,391.3 2.61428,39.73591,392.0 2.6144,39.73598,392.2 2.61445,39.73602,391.8 2.61448,39.73606,391.0 2.61455,39.73615,389.0 2.6146,39.73625,386.1 2.61464,39.73631,384.4 2.61469,39.73636,383.3 2.61475,39.73642,381.8 2.61482,39.73646,381.3 2.61487,39.73648,381.3 2.61492,39.7365,381.2 2.61512,39.73656,381.3 2.6153,39.73661,381.2 2.61549,39.73666,381.2 2.61562,39.73669,381.2 2.61573,39.7367,381.9 2.61577,39.7367,382.4 2.61596,39.7367,384.0 2.61609,39.7367,385.0 2.61619,39.7367,385.7 2.61643,39.73669,388.0 2.61666,39.73667,390.8 2.61672,39.73666,392.1 2.61685,39.73668,393.2 2.61689,39.73669,393.3 2.61694,39.7367,393.6 2.61702,39.73674,393.0 2.61709,39.73677,392.8 2.61709,39.73678,392.4 2.61715,39.73684,390.8 2.61721,39.73693,388.0 2.61751,39.7374,376.9 2.61761,39.73758,373.2 2.61764,39.73765,371.8 2.61776,39.73785,368.3 2.61785,39.738,365.3 2.61788,39.73804,364.6 2.6179,39.73807,364.0 2.61791,39.73808,363.8 2.61794,39.73811,363.3 2.61797,39.73813,363.1 2.618,39.73814,363.2 2.61805,39.73815,363.6 2.61809,39.73815,364.2 2.6181,39.73815,364.3 2.61816,39.73815,365.1 2.61833,39.73813,368.3 2.61836,39.73813,368.2 2.61856,39.73811,368.3 2.61873,39.73809,368.5 2.6188,39.73809,368.3 2.61893,39.73809,367.9 2.61897,39.73809,367.8 2.61921,39.73809,366.9 2.61934,39.73808,366.2 2.61944,39.73806,366.1 2.61953,39.73805,365.7 2.61989,39.73797,365.1 2.62001,39.73797,364.2 2.62009,39.73797,364.8 2.62021,39.738,364.9 2.62046,39.7381,363.9 2.62058,39.73816,363.1 2.6209,39.73837,359.7 2.62121,39.73856,358.1 2.62146,39.73875,356.4 2.62159,39.73886,355.4 2.62162,39.7389,354.9 2.62168,39.73899,353.7 2.62173,39.73906,352.7 2.62184,39.73922,350.6 2.62194,39.73935,349.3 2.62195,39.73937,349.0 2.622,39.73945,348.2 2.62217,39.73969,345.8 2.62228,39.73985,344.3 2.62237,39.73998,343.1 2.62238,39.73999,343.0 2.62241,39.74004,342.6 2.62247,39.74014,341.8 2.62253,39.74022,341.5 2.62258,39.7403,341.1 2.62269,39.74046,340.3 2.6228,39.74061,339.6 2.62301,39.74092,337.9 2.62309,39.74101,337.6 2.62315,39.74108,337.2 2.6232,39.74113,337.0 2.6233,39.74122,336.6 2.62331,39.74122,336.7 2.62343,39.7413,336.0 2.62368,39.74145,334.3 2.62429,39.74177,331.3 2.62487,39.74207,329.6 2.62517,39.74223,327.8 2.62526,39.74227,327.3 2.62546,39.74237,325.6 2.62547,39.74237,325.7 2.62566,39.74245,324.1 2.62587,39.74254,322.6 2.62608,39.74262,322.3 2.62628,39.74271,321.6 2.62649,39.74279,320.9 2.62655,39.74282,320.5 2.62671,39.7429,319.5 2.62686,39.74298,318.6 2.62688,39.74299,318.5 2.62701,39.74307,317.6 2.62735,39.7433,314.9 2.62745,39.74338,314.1 2.6275,39.74343,313.6 2.62755,39.74348,313.3 2.62769,39.74362,312.5 2.62787,39.74385,311.0 2.6281,39.74416,309.6 2.62818,39.74427,308.0 2.62822,39.74432,307.5 2.62833,39.74448,306.7 2.62857,39.74481,305.9 2.62863,39.74489,306.1 2.62867,39.74495,306.2 2.6287,39.745,306.4 2.62874,39.74512,306.2 2.62876,39.74515,306.5 2.62879,39.74529,306.1 2.62882,39.74547,305.6 2.62888,39.74574,305.6 2.62893,39.74601,306.5 2.62896,39.74616,307.0 2.62897,39.74618,307.2 2.62902,39.74636,307.9 2.62903,39.74639,308.0 2.62908,39.74648,308.6 2.62911,39.74652,309.0 2.62916,39.74658,309.5 2.62925,39.74667,310.1 2.62936,39.74677,309.3 2.62955,39.74694,308.0 2.62985,39.74722,305.6 2.6299,39.74726,305.3 2.63008,39.74742,304.2 2.63027,39.74759,303.3 2.63044,39.74772,303.4 2.63059,39.74789,302.4 2.6306,39.74791,302.2 2.63068,39.74806,300.6 2.63069,39.74807,300.6 2.63077,39.74828,297.9 2.63102,39.74884,293.5 2.6311,39.74905,292.0 2.63111,39.7491,291.4 2.63113,39.74916,290.9 2.63113,39.74921,291.6 2.63112,39.74926,292.1 2.63112,39.74928,292.4 2.63109,39.74934,292.6 2.63101,39.74944,292.0 2.63096,39.74949,291.3 2.63092,39.74954,290.9 2.63079,39.7497,289.6 2.63074,39.74975,288.9 2.63065,39.74987,287.9 2.63063,39.74991,287.8 2.63057,39.75002,287.3 2.63055,39.75008,287.2 2.6305,39.75025,287.0 2.63048,39.7503,286.8 2.63044,39.75043,286.6 2.63036,39.7507,286.1 2.63024,39.75094,283.1 2.63023,39.75097,282.8 2.63015,39.75111,280.4 2.63001,39.75139,277.3 2.62998,39.75145,276.9 2.62989,39.75161,276.0 2.62988,39.75164,275.9 2.62982,39.75178,273.7 2.6298,39.75183,272.8 2.62978,39.75196,271.0 2.62975,39.75206,269.4 2.62976,39.75212,268.9 2.62976,39.75213,268.8 2.62977,39.75222,268.0 2.6298,39.7523,267.6 2.62984,39.75238,267.4 2.62991,39.75246,267.8 2.62997,39.75253,267.4 2.63006,39.75259,266.1 2.63013,39.75266,264.0 2.63026,39.75271,263.1 2.63041,39.75276,262.2 2.63046,39.75277,262.2 2.63069,39.7528,262.6 2.63078,39.75281,262.9 2.63092,39.75283,262.6 2.63104,39.75284,262.4 2.63115,39.75286,261.9 2.63138,39.75294,259.8 2.63161,39.75306,257.0 2.63176,39.75315,255.2 2.63191,39.75326,253.2 2.63192,39.75327,253.0 2.63206,39.75339,250.9 2.63207,39.7534,250.8 2.63221,39.75354,248.7 2.63223,39.75356,248.4 2.63235,39.75373,246.3 2.63242,39.75386,244.9 2.63249,39.754,243.6 2.6325,39.75403,243.3 2.63257,39.75422,240.7 2.63263,39.75439,238.9 2.6327,39.75467,235.6 2.63282,39.75526,228.1 2.63289,39.75559,224.0 2.63291,39.75572,222.4 2.63292,39.75577,221.9 2.63296,39.75595,220.1 2.633,39.75604,219.5 2.63305,39.75611,219.2 2.63306,39.75612,219.2 2.63313,39.75621,218.7 2.63318,39.75626,218.6 2.63322,39.7563,218.5 2.63344,39.75647,217.4 2.63351,39.75651,216.9 2.63364,39.75658,216.0 2.63371,39.7566,215.8 2.63386,39.75664,215.3 2.63394,39.75665,215.2 2.63404,39.75667,214.9 2.63417,39.75667,214.9 2.6344,39.75668,213.6 2.6345,39.75668,213.1 2.63464,39.75669,212.2 2.63486,39.75669,211.1 2.63498,39.75667,211.0 2.6351,39.75664,210.0 2.63513,39.75663,209.7 2.6353,39.75656,208.7 2.63539,39.75652,208.2 2.63563,39.7564,206.8 2.63569,39.75636,206.4 2.6357,39.75636,206.4 2.63575,39.75631,206.0 2.63585,39.7562,205.2 2.6359,39.7561,205.4 2.63591,39.75607,205.5 2.63595,39.75591,206.6 2.63596,39.75589,206.7 2.63598,39.75579,206.9 2.63599,39.75536,205.7 2.63599,39.75535,205.7 2.63599,39.75519,205.2 2.63599,39.75518,205.2 2.63597,39.755,205.0 2.63595,39.75488,206.7 2.63596,39.75482,207.2 2.63596,39.75479,207.6 2.63601,39.75473,207.6 2.63606,39.75469,207.4 2.63609,39.75468,207.1 2.63616,39.75465,206.6 2.63631,39.75463,204.9 2.63679,39.75458,198.2 2.6369,39.75455,196.0 2.63703,39.7545,193.5 2.63711,39.75445,192.0 2.63717,39.7544,190.8 2.63718,39.75439,190.6 2.63721,39.75436,190.1 2.63726,39.75424,189.5 2.63727,39.75423,189.3 2.63734,39.75409,188.8 2.63734,39.75407,189.1 2.63741,39.75391,189.5 2.63741,39.7539,189.6 2.63748,39.75372,190.1 2.63748,39.75371,190.2 2.63756,39.75355,189.8 2.63757,39.75352,189.8 2.63764,39.75345,188.3 2.63768,39.75341,187.4 2.63781,39.75332,183.9 2.63784,39.75328,183.0 2.6379,39.75319,181.2 2.63796,39.75298,179.9 2.63808,39.7526,176.7 2.63809,39.75257,176.4 2.63812,39.75245,174.7 2.63813,39.75239,173.5 2.63813,39.75235,172.9 2.63812,39.75227,172.2 2.6381,39.75222,172.3 2.63803,39.75209,173.3 2.63781,39.75173,177.2 2.63779,39.7517,177.6 2.63776,39.75162,178.4 2.63774,39.75155,179.2 2.63774,39.75153,179.2 2.63775,39.75143,178.7 2.63778,39.75138,177.6 2.63785,39.75126,175.0 2.63795,39.75109,171.5 2.63801,39.7509,169.7 2.63811,39.75052,174.4 2.63811,39.75051,174.7 2.63816,39.75045,174.8 2.6382,39.75041,174.8 2.63827,39.75039,173.4 2.63839,39.75038,172.4 2.63846,39.75038,172.8 2.63854,39.75041,172.2 2.63857,39.75042,172.0 2.63875,39.75049,170.2 2.63913,39.7507,161.5 2.63932,39.7508,157.8 2.63939,39.75085,156.3 2.63979,39.75104,151.3 2.63992,39.75107,150.4 2.64002,39.7511,149.1 2.64017,39.75112,147.1 2.64042,39.75112,145.5 2.64061,39.75109,145.8 2.64107,39.75101,143.9 2.64122,39.75097,142.7 2.6413,39.75094,142.2 2.64138,39.75088,142.8 2.64145,39.75082,143.0 2.64156,39.75073,140.7 2.64161,39.75069,139.5 2.64167,39.75062,137.9 2.64174,39.75054,135.7 2.64178,39.75049,134.3 2.64179,39.75045,134.0 2.6418,39.75041,133.6 2.64179,39.75038,133.9 2.64179,39.75037,133.9 2.64176,39.75028,134.8 2.64166,39.75012,138.2 2.64161,39.75005,140.2 2.64145,39.7498,146.3 2.64144,39.74978,146.7 2.64137,39.74963,149.3 2.64135,39.7496,150.1 2.64134,39.74955,150.5 2.64134,39.74949,150.4 2.64136,39.74944,149.5 2.64138,39.74939,148.6 2.64139,39.74938,148.2 2.64142,39.74932,146.9 2.64152,39.74923,142.4 2.64173,39.7491,135.5 2.6418,39.74905,134.6 2.64188,39.74901,133.1 2.64202,39.74892,131.1 2.64217,39.74881,129.3 2.64236,39.74867,127.1 2.64242,39.74863,126.4 2.64246,39.7486,126.0 2.6425,39.7485,127.2 2.64251,39.74843,128.6 2.6425,39.74834,130.8 2.6425,39.74832,131.1 2.64248,39.74825,132.1 2.64247,39.74819,132.7 2.64245,39.74815,133.4 2.64244,39.74814,133.7 2.64238,39.74808,135.2 2.64231,39.74803,136.8 2.64229,39.74801,137.2 2.64217,39.74793,139.4 2.64193,39.74778,142.3 2.64187,39.74774,142.4 2.64184,39.74771,142.5 2.64181,39.74767,142.7 2.6418,39.74764,142.8 2.64179,39.74762,142.8 2.6418,39.74758,143.0 2.64181,39.74755,143.1 2.64181,39.74752,143.2 2.64184,39.74748,143.3 2.64185,39.74747,143.3 2.64192,39.74742,143.5 2.64199,39.74738,143.8 2.64223,39.74732,145.1 2.64236,39.7473,145.6 2.64261,39.74731,144.3 2.64293,39.74732,141.8 2.64307,39.74732,140.9 2.6432,39.74733,139.6 2.64333,39.74733,138.8 2.6434,39.74732,138.2 2.64343,39.74732,137.7 2.64344,39.74731,138.0 2.64352,39.7473,137.2 2.6436,39.74726,137.6 2.64368,39.74721,138.3 2.64375,39.74713,140.4 2.64393,39.74684,148.1 2.64403,39.74672,150.3 2.6442,39.74656,152.4 2.64452,39.74633,152.0 2.64453,39.74633,151.7 2.64454,39.74632,151.7 2.64466,39.74621,151.2 2.64467,39.7462,151.1 2.64473,39.74612,151.2 2.64478,39.74604,151.3 2.64485,39.74592,151.4 2.64485,39.74591,151.6 2.64487,39.74587,151.7 2.64492,39.7457,152.9 2.64495,39.7456,153.6 2.64497,39.74553,154.1 2.64498,39.74552,153.8 2.6451,39.7452,158.8 2.64519,39.74495,163.2 2.64524,39.74485,164.4 2.64527,39.74481,164.9 2.64537,39.74475,165.8 2.64545,39.74474,166.1 2.64552,39.74475,166.0 2.64556,39.74476,165.9 2.64562,39.74479,165.4 2.64585,39.74507,160.0 2.64599,39.74522,161.2 2.6463,39.74548,162.7 2.64642,39.74558,162.2 2.64646,39.74563,161.2 2.64662,39.74576,159.4 2.64672,39.74585,157.6 2.64679,39.74589,158.0 2.64731,39.74602,163.4 2.64737,39.74604,163.8 2.64764,39.7461,165.8 2.64806,39.7462,167.6 2.64829,39.74625,168.6 2.64832,39.74625,168.9 2.64852,39.74628,170.3 2.64875,39.74631,172.3 2.64877,39.74632,172.3 2.64894,39.74633,174.1 2.64907,39.74635,175.3 2.64915,39.74635,176.3 2.64922,39.74634,177.2 2.64929,39.74633,178.0 2.64941,39.74629,179.9 2.64949,39.74627,181.0 2.64953,39.74627,181.4 2.6496,39.74627,182.1 2.64963,39.74629,182.0 2.64965,39.74631,181.8 2.64966,39.74633,181.6 2.64967,39.74636,181.2 2.64967,39.74638,180.8 2.64968,39.7464,180.6 2.64967,39.74656,177.8 2.6496,39.74666,175.3 2.64949,39.74675,175.3 2.64943,39.7468,175.4 2.64932,39.74686,175.0 2.64912,39.74696,173.9 2.64893,39.74706,172.4 2.64874,39.74717,171.2 2.64867,39.74725,171.4 2.64859,39.74736,171.8 2.64857,39.7474,172.1 2.64857,39.74744,172.8 2.64856,39.7475,173.5 2.64856,39.74753,173.9 2.64855,39.74758,174.3 2.64855,39.74762,174.8 2.64858,39.74766,175.6 2.64858,39.74767,175.7 2.64862,39.74772,176.7 2.64869,39.74783,178.5 2.64874,39.7479,179.5 2.64884,39.74803,181.1 2.64894,39.74819,182.4 2.64896,39.74822,182.6 2.64902,39.74831,182.9 2.64904,39.74835,183.0 2.64904,39.74836,183.1 2.64904,39.74839,183.1 2.64904,39.74843,183.2 2.64904,39.74844,183.2 2.64903,39.74847,183.3 2.64901,39.7485,183.3 2.64899,39.74852,183.3 2.64899,39.74853,183.3 2.64893,39.74859,183.2 2.64888,39.74864,183.1 2.64885,39.74867,183.0 2.6488,39.74871,182.8 2.64873,39.74877,182.4 2.64869,39.7488,182.1 2.64853,39.74893,180.8 2.64852,39.74894,180.7 2.64848,39.74898,180.2 2.64844,39.74901,179.8 2.64843,39.74905,179.5 2.64842,39.74909,179.2 2.64843,39.74926,178.8 2.64844,39.7495,178.6 2.64844,39.74955,178.5 2.64844,39.74965,178.4 2.64843,39.74973,178.1 2.64842,39.7498,177.7 2.64841,39.74984,177.4 2.64838,39.74988,176.6 2.64836,39.7499,176.0 2.64821,39.75003,173.5 2.6479,39.7503,171.6 2.64775,39.75044,169.7 2.64766,39.7505,168.1 2.64762,39.75054,167.4 2.6474,39.75075,163.5 2.64735,39.75083,162.8 2.64732,39.75093,163.2 2.64729,39.7512,165.5 2.64728,39.75124,165.7 2.64728,39.75128,166.2 2.64727,39.75132,166.4 2.64725,39.7514,166.8 2.64722,39.75151,167.3 2.6472,39.75156,167.3 2.64716,39.75164,167.2 2.64711,39.7517,166.2 2.64706,39.75177,165.2 2.6469,39.75194,162.0 2.64684,39.75201,160.9 2.64682,39.75204,160.6 2.64672,39.75216,159.1 2.64671,39.75217,158.9 2.6467,39.75219,158.8 2.64667,39.75225,158.6 2.64667,39.75228,158.7 2.64669,39.75232,159.4 2.6467,39.75233,159.6 2.64715,39.75274,166.4 2.64721,39.7528,166.9 2.64722,39.75284,166.7 2.64722,39.7529,166.1 2.6472,39.75308,164.0 2.64719,39.75317,163.0 2.64717,39.75333,161.1 2.64716,39.75336,160.7 2.64716,39.7534,160.3 2.64715,39.75351,159.3 2.64716,39.7536,158.7 2.64718,39.75367,158.5 2.64721,39.75374,158.4 2.64723,39.75377,158.5 2.64725,39.75379,158.6 2.64735,39.75393,159.0 2.64736,39.75394,159.0 2.64768,39.7544,161.9 2.64779,39.75454,164.0 2.64782,39.7546,164.7 2.64783,39.75461,164.9 2.64785,39.75467,165.4 2.64785,39.75471,165.5 2.64784,39.75475,165.3 2.64782,39.75478,165.0 2.64781,39.75479,164.8 2.64766,39.75492,161.6 2.64728,39.7552,155.3 2.64724,39.75524,154.8 2.64721,39.75528,154.5 2.64718,39.75534,154.2 2.64713,39.75558,154.3 2.64709,39.75574,154.2 2.64708,39.75577,154.2 2.64702,39.75586,153.2 2.64697,39.75593,152.0 2.64692,39.75599,150.9 2.64689,39.75603,150.1 2.64684,39.75611,148.9 2.6468,39.7562,147.9 2.64679,39.75621,147.7 2.64679,39.75627,147.5 2.6468,39.75638,147.5 2.64688,39.7566,148.7 2.64692,39.75671,148.9 2.64703,39.75703,147.1 2.64712,39.75724,146.2 2.64714,39.75729,145.9 2.64714,39.7573,145.8 2.64721,39.75749,144.6 2.64727,39.75764,142.1 2.64729,39.75769,141.1 2.64735,39.7578,139.1 2.64741,39.75785,138.4 2.64746,39.75789,137.9 2.64752,39.75792,137.4 2.64758,39.75794,136.7 2.64765,39.75795,136.2 2.64773,39.75796,135.8 2.64792,39.75794,136.1 2.64807,39.75784,139.7 2.64819,39.75771,144.9 2.64826,39.75765,147.5 2.6483,39.75762,148.9 2.6484,39.75758,150.6 2.64847,39.75757,151.0 2.64848,39.75757,151.0 2.64858,39.75758,150.6 2.64891,39.75768,146.3 2.64899,39.7577,145.4 2.64913,39.75774,143.6 2.64936,39.7578,142.8 2.64959,39.75788,142.1 2.64979,39.75791,143.3 2.64981,39.75791,143.5 2.65,39.75789,146.2 2.65002,39.75788,146.7 2.65016,39.75787,149.1 2.65027,39.75786,151.0 2.65034,39.75787,151.8 2.65039,39.75789,152.3 2.65043,39.75794,152.1 2.65043,39.75795,151.9 2.65044,39.75799,151.5 2.65042,39.75822,147.4 2.65039,39.7583,145.4 2.65038,39.75831,145.0 2.65029,39.75845,141.9 2.65011,39.75865,136.7 2.65009,39.75873,135.9 2.6501,39.75879,135.9 2.65022,39.75888,138.8 2.65039,39.75905,142.7 2.65044,39.75914,143.7 2.65045,39.75918,143.8 2.65047,39.75922,143.9 2.65047,39.75928,143.3 2.65047,39.75932,142.9 2.65044,39.7595,140.5 2.65044,39.75953,140.3 2.65043,39.75968,138.7 2.65047,39.7598,138.4 2.6505,39.75987,138.3 2.65054,39.75999,137.8 2.65059,39.76011,137.9 2.65062,39.76019,137.9 2.65071,39.76048,137.5 2.65071,39.76058,136.8 2.65064,39.76068,135.0 2.65061,39.7607,134.4 2.6505,39.76078,132.1 2.65042,39.76087,129.7 2.6504,39.76096,127.2 2.65041,39.761,126.4 2.65044,39.76105,125.7 2.6505,39.7611,125.4 2.65073,39.76118,127.1 2.65081,39.76122,127.4 2.65123,39.76138,131.5 2.65131,39.76141,132.2 2.65142,39.76147,132.6 2.65145,39.76149,132.5 2.65158,39.76157,132.5 2.65168,39.76165,131.7 2.65176,39.76172,131.0 2.65186,39.76183,129.7 2.65196,39.76192,129.0 2.65217,39.76204,129.5 2.65226,39.76209,129.8 2.65229,39.76213,129.4 2.65233,39.76223,127.8 2.65238,39.76232,126.7 2.65245,39.76242,125.8 2.65261,39.76256,124.9 2.65263,39.76259,124.4 2.65266,39.76262,124.0 2.6527,39.76274,121.4 2.65274,39.76287,118.7 2.65284,39.76298,117.7 2.65309,39.76326,116.1 2.65335,39.7635,114.6 2.65345,39.76356,114.1 2.65354,39.7636,114.2 2.65355,39.76361,114.0 2.65376,39.76366,115.7 2.65392,39.7637,117.0 2.65398,39.76371,117.6 2.65411,39.76373,119.1 2.65416,39.76374,119.7 2.65421,39.76375,120.3 2.65432,39.76379,121.3 2.65433,39.7638,121.3 2.65443,39.76385,122.0 2.65449,39.76389,122.2 2.65451,39.76391,122.2 2.65456,39.76398,121.6 2.65461,39.76404,121.4 2.6549,39.76441,120.8 2.65511,39.76464,121.3 2.65515,39.7647,121.2 2.65539,39.76506,119.3 2.6557,39.7653,121.0 2.65593,39.76555,120.3 2.65602,39.76561,120.8 2.65611,39.76565,121.8 2.65636,39.76577,124.5 2.65654,39.76588,125.4 2.65671,39.76594,127.0 2.65695,39.766,129.6 2.65706,39.76605,130.0 2.65717,39.76612,129.8 2.65717,39.76613,129.4 2.65733,39.76627,127.8 2.65747,39.76634,128.4 2.65765,39.76637,129.8 2.65779,39.76637,131.5 2.65803,39.76633,135.9 2.6582,39.76631,138.9 2.65833,39.76633,139.7 2.65845,39.76639,139.1 2.65872,39.76656,136.1 2.659,39.76666,135.9 2.65942,39.76681,137.7 2.65968,39.76688,139.6 2.65997,39.76692,143.0 2.66039,39.76704,147.0 2.66071,39.76713,150.0 2.66078,39.76717,149.9 2.66083,39.76723,148.7 2.66084,39.76723,148.9 2.66091,39.7674,145.0 2.66094,39.76747,143.6 2.66099,39.76755,143.3 2.66106,39.76765,143.7 2.6613,39.76784,147.6 2.66139,39.76797,147.7 2.6614,39.768,147.4 2.66147,39.76817,145.9 2.66152,39.76829,144.7 2.66156,39.76833,145.0 2.66161,39.76838,145.0 2.6617,39.76848,144.4 2.66172,39.76849,144.5 2.6619,39.76858,145.4 2.66207,39.7686,148.1 2.66212,39.7686,149.0 2.66243,39.76862,154.4 2.66264,39.76864,157.8 2.66281,39.76869,159.8 2.66295,39.76878,160.5 2.66319,39.76896,161.7 2.66329,39.76908,161.6 2.66331,39.7691,161.7 2.66333,39.76917,160.8 2.66333,39.76925,158.3 2.66332,39.76933,155.5 2.66333,39.76944,152.4 2.66338,39.76955,150.7 2.66342,39.7696,150.7 2.66348,39.76967,151.1 2.66356,39.76974,152.5 2.66364,39.76982,153.9 2.66369,39.76989,154.5 2.66378,39.77006,154.5 2.66394,39.77024,156.8 2.66423,39.77057,161.0 2.66444,39.77085,160.2 2.66453,39.77093,158.8 2.6646,39.77096,159.5 2.66463,39.77097,159.9 2.66471,39.77098,162.0 2.66513,39.77102,169.1 2.66556,39.77103,167.9 2.6658,39.77103,167.6 2.66585,39.77103,167.3 2.66603,39.77101,166.1 2.66635,39.77097,163.6 2.66649,39.77093,163.3 2.66652,39.77092,163.2 2.6666,39.77087,163.9 2.66666,39.77081,165.1 2.66678,39.77068,169.6 2.66679,39.77067,169.9 2.66691,39.77053,174.3 2.66692,39.77052,174.6 2.66702,39.77043,176.9 2.66714,39.77033,178.9 2.66726,39.77027,179.3 2.66727,39.77026,179.5 2.66736,39.77023,179.2 2.6675,39.77021,178.0 2.66769,39.77025,180.6 2.66786,39.77031,179.6 2.66791,39.77034,179.2 2.66793,39.77035,179.1 2.66795,39.77038,178.9 2.66796,39.77042,178.6 2.66795,39.7705,178.1 2.66788,39.77064,177.1 2.66788,39.77068,176.3 2.66787,39.77071,175.5 2.66789,39.77079,174.6 2.66794,39.77085,174.9 2.6681,39.77101,176.9 2.66821,39.77113,178.0 2.66826,39.77118,178.6 2.6683,39.77127,178.3 2.6683,39.77139,176.4 2.66834,39.77152,175.6 2.6684,39.77164,176.5 2.66857,39.77191,178.7 2.66882,39.77221,182.0 2.66918,39.77252,186.9 2.66919,39.77253,187.0 2.66963,39.77289,191.9 2.66965,39.77293,191.2 2.66975,39.77311,188.2 2.6698,39.77325,184.6 2.66982,39.77327,184.6 2.66987,39.77331,184.7 2.6699,39.77333,184.9 2.67,39.77338,186.8 2.67005,39.77341,187.0 2.67006,39.77342,187.0 2.67037,39.7735,190.4 2.67066,39.77352,194.8 2.67089,39.77359,196.1 2.67105,39.77367,195.6 2.67117,39.77371,195.9 2.67129,39.77373,197.0 2.67154,39.77376,199.6 2.67168,39.77381,199.4 2.67182,39.77387,199.0 2.67199,39.77393,198.9 2.67202,39.77394,199.0 2.67267,39.77406,203.5 2.6727,39.77407,203.5 2.67285,39.77412,203.3 2.6729,39.77414,203.1 2.67292,39.77415,202.9 2.67303,39.77424,201.0 2.67306,39.77426,200.7 2.67308,39.77427,200.7 2.67315,39.77433,199.5 2.67325,39.77438,199.2 2.67337,39.7744,200.1 2.67374,39.77447,201.5 2.67414,39.77449,205.2 2.67434,39.77447,206.6 2.67449,39.77442,208.5 2.67466,39.77435,210.8 2.67479,39.7743,212.4 2.67488,39.77429,212.8 2.67517,39.77428,213.6 2.67562,39.77419,216.9 2.67584,39.77416,218.3 2.67596,39.77417,219.4 2.67598,39.77418,219.5 2.67602,39.7742,219.5 2.67607,39.77424,219.2 2.67608,39.77427,218.7 2.67609,39.77433,217.5 2.6761,39.77437,216.7 2.6761,39.7744,216.1 2.67611,39.77445,215.1 2.67611,39.77451,213.8 2.67611,39.77452,213.5 2.67613,39.77458,212.5 2.67617,39.77462,212.1 2.67624,39.77464,212.6 2.67624,39.77464,212.6 2.67627,39.77464,213.0 2.6763,39.77462,213.9 2.67631,39.77461,214.2 2.67631,39.77459,214.6 2.67632,39.77436,219.7 2.67632,39.77425,222.1 2.67632,39.77421,222.9 2.67634,39.77412,224.6 2.67636,39.77408,225.2 2.67638,39.77403,225.9 2.67648,39.77388,227.3 2.67655,39.77374,227.7 2.67656,39.77364,227.8 2.67657,39.77357,227.8 2.67657,39.77352,227.9 2.67658,39.77339,227.9 2.67658,39.77333,228.0 2.6766,39.77315,228.3 2.6766,39.77308,228.6 2.67661,39.77297,228.8 2.67662,39.77292,228.7 2.67663,39.77279,229.0 2.67664,39.77272,229.0 2.67665,39.77261,229.1 2.67665,39.77256,229.3 2.67667,39.77251,228.9 2.67671,39.77247,229.5 2.67674,39.77245,229.9 2.67677,39.77244,229.9 2.67686,39.77242,229.7 2.67696,39.7724,229.4 2.67697,39.77239,229.7 2.67708,39.77239,228.6 2.67718,39.77242,226.4 2.67719,39.77243,226.0 2.67734,39.77248,222.5 2.6774,39.77249,221.5 2.67747,39.7725,220.3 2.67761,39.77252,219.4 2.67809,39.77254,217.1 2.6785,39.77259,214.9 2.67868,39.77262,214.2 2.67879,39.77264,213.6 2.67884,39.77264,213.7 2.67902,39.77266,213.0 2.67919,39.77268,212.4 2.67925,39.77268,212.6 2.67938,39.77269,212.6 2.67953,39.7727,212.7 2.6797,39.77271,212.9 2.67972,39.77271,213.0 2.67983,39.77273,212.7 2.67993,39.77276,212.0 2.67994,39.77277,211.7 2.68,39.77284,209.6 2.68005,39.77293,206.8 2.68006,39.77294,206.5 2.68011,39.77302,204.0 2.68017,39.77308,202.3 2.68028,39.77311,201.9 2.68042,39.77312,202.3 2.6806,39.7731,203.8 2.68071,39.77311,204.1 2.68079,39.77314,203.6 2.68085,39.77317,202.9 2.68095,39.77325,200.7 2.681,39.77327,200.1 2.68108,39.77328,199.9 2.68123,39.77329,199.8 2.68138,39.77328,200.4 2.68155,39.77327,200.9 2.68172,39.77328,200.7 2.68176,39.77329,200.2 2.68197,39.77332,198.7 2.68214,39.77335,197.4 2.68232,39.77339,195.9 2.68251,39.77341,195.1 2.68289,39.77346,193.7 2.6831,39.77349,192.9 2.68322,39.77352,192.1 2.68326,39.77354,191.6 2.68331,39.77357,190.8 2.68333,39.7736,190.0 2.68344,39.77375,186.7 2.68348,39.77379,185.9 2.68362,39.77388,184.5 2.68371,39.77394,183.6 2.68384,39.77397,183.7 2.68398,39.77399,184.2 2.68417,39.77398,185.7 2.68435,39.77396,186.5 2.68484,39.77398,186.7 2.68501,39.774,186.1 2.68508,39.77402,185.0 2.68513,39.77404,183.9 2.6853,39.77416,178.4 2.68544,39.77427,174.7 2.68547,39.77428,174.3 2.68551,39.7743,173.6 2.68557,39.77432,172.8 2.68562,39.77433,172.3 2.68568,39.77432,172.3 2.68572,39.77431,172.4 2.68577,39.77428,172.8 2.6858,39.77424,173.6 2.68585,39.77409,177.6 2.68589,39.77405,178.4 2.68591,39.77404,178.5 2.68593,39.77403,178.5 2.68598,39.77403,177.7 2.68603,39.77403,176.9 2.68605,39.77404,176.2 2.68606,39.77406,175.4 2.68608,39.77408,174.4 2.68607,39.77411,173.5 2.68606,39.77429,169.5 2.68605,39.7744,167.6 2.68604,39.77444,166.9 2.68599,39.77451,166.1 2.68596,39.77455,165.6 2.68591,39.77457,165.6 2.68586,39.77457,166.1 2.68585,39.77457,166.1 2.68579,39.77457,166.3 2.68553,39.7745,168.5 2.68549,39.77449,168.8 2.68543,39.77449,168.9 2.6854,39.7745,168.7 2.68536,39.7745,168.8 2.68528,39.77454,167.9 2.68519,39.77458,166.9 2.68513,39.7746,166.3 2.68499,39.77463,165.5 2.68487,39.77463,165.3 2.68443,39.77463,164.7 2.68408,39.7746,164.9 2.68397,39.77457,165.4 2.6839,39.77454,166.1 2.68384,39.77451,166.8 2.6838,39.77448,167.6 2.68372,39.77442,169.1 2.68368,39.77441,169.2 2.68364,39.7744,169.3 2.6836,39.77441,168.7 2.68357,39.77443,167.9 2.68356,39.77445,167.2 2.68356,39.7745,165.5 2.68359,39.77453,164.7 2.68364,39.77458,163.3 2.68377,39.77466,161.2 2.68389,39.77471,160.1 2.68396,39.77474,159.4 2.68417,39.7748,158.2 2.68441,39.7749,155.3 2.6845,39.77494,154.2 2.68455,39.77495,154.1 2.68486,39.77496,154.8 2.68503,39.77497,155.0 2.68531,39.77498,155.7 2.68542,39.77499,155.8 2.68549,39.77501,155.5 2.68553,39.77502,155.4 2.68564,39.77506,154.7 2.68581,39.77512,153.6 2.68593,39.77518,151.8 2.68629,39.77542,144.9 2.68638,39.77547,143.5 2.68645,39.77548,143.1 2.68648,39.77548,143.1 2.68652,39.77548,143.0 2.68661,39.77546,143.5 2.68676,39.7754,142.9 2.68687,39.77534,142.0 2.6869,39.77531,142.0 2.68693,39.77528,141.9 2.68695,39.77525,142.1 2.68695,39.77522,142.8 2.68697,39.77512,144.4 2.68702,39.77489,146.7 2.68707,39.77478,146.5 2.68726,39.77444,144.7 2.68732,39.77435,144.0 2.68737,39.77431,143.1 2.68739,39.77429,142.7 2.6874,39.77428,142.5 2.6875,39.7742,140.7 2.68759,39.77418,140.5 2.68768,39.77417,140.3 2.68775,39.77417,140.0 2.68783,39.77418,139.6 2.68797,39.77422,138.1 2.68799,39.77423,137.8 2.68801,39.77425,137.3 2.68809,39.7743,135.6 2.68818,39.77434,133.8 2.6882,39.77436,133.1 2.68829,39.7744,131.1 2.68838,39.77442,130.1 2.68839,39.77442,130.1 2.68841,39.77442,130.1 2.68851,39.77443,129.9 2.68864,39.77442,130.3 2.68865,39.77442,130.3 2.6889,39.77438,132.0 2.68903,39.77438,132.1 2.68916,39.7744,131.5 2.68933,39.77444,131.3 2.6894,39.77446,131.2 2.68954,39.77452,130.1 2.68975,39.7746,128.9 2.68981,39.77463,128.4 2.68995,39.77469,127.4 2.68998,39.77471,126.9 2.69007,39.77476,125.8 2.69012,39.77482,124.0 2.69013,39.77482,124.1 2.69015,39.77484,123.6 2.69021,39.77492,121.3 2.69025,39.77497,120.0 2.69034,39.77511,117.8 2.69036,39.77513,117.6 2.69045,39.77526,116.1 2.69047,39.77528,116.0 2.69051,39.77535,115.1 2.69067,39.77554,113.4 2.69073,39.77558,113.4 2.69075,39.77559,113.5 2.69086,39.77564,113.6 2.69095,39.77566,112.8 2.69121,39.7757,110.8 2.69132,39.7757,110.3 2.6914,39.77568,110.3 2.69147,39.77567,110.2 2.69158,39.77563,110.5 2.69159,39.77563,110.5 2.69161,39.77561,110.8 2.69168,39.77557,111.1 2.69181,39.77545,110.7 2.69218,39.77507,108.9 2.69226,39.77492,108.5 2.69229,39.77484,108.2 2.6923,39.77482,108.1 2.69231,39.77471,108.4 2.69232,39.7747,108.2 2.69232,39.77453,109.2 2.69232,39.77452,109.2 2.69232,39.77449,109.4 2.69234,39.7744,109.3 2.69234,39.77438,109.4 2.69235,39.77437,109.2 2.69235,39.77435,109.3 2.69236,39.77431,109.0 2.69237,39.7743,108.9 2.69243,39.77423,108.3 2.69247,39.7742,108.0 2.69249,39.77418,107.8 2.6925,39.77417,107.7 2.69264,39.77408,106.7 2.69276,39.77403,106.0 2.69286,39.77401,105.5 2.69291,39.77399,105.4 2.69294,39.77398,105.4 2.69305,39.77397,104.6 2.69306,39.77397,104.5 2.69309,39.77398,104.0 2.69314,39.77398,103.6 2.69319,39.77398,103.1 2.69327,39.77399,102.2 2.69329,39.77399,102.0 2.69331,39.774,101.6 2.69336,39.77402,101.3 2.69348,39.77413,100.2 2.69362,39.77424,98.8 2.69364,39.77426,98.4 2.69381,39.77439,96.1 2.69385,39.77442,95.5 2.69397,39.7745,93.8 2.69398,39.7745,93.8 2.69411,39.77456,92.5 2.69418,39.7746,91.6 2.6943,39.77465,91.0 2.69439,39.77469,90.5 2.69447,39.77473,90.0 2.69453,39.77477,89.3 2.69458,39.77485,87.2 2.69476,39.77509,82.1 2.69492,39.77523,80.0 2.69495,39.77525,79.7 2.69502,39.77529,78.9 2.69515,39.77533,77.1 2.69516,39.77534,76.8 2.6953,39.77535,75.8 2.69541,39.77536,75.0 2.69556,39.77534,74.8 2.69558,39.77533,75.0 2.69561,39.77532,75.1 2.69566,39.77531,75.1 2.69569,39.7753,75.2 2.69579,39.77524,76.2 2.69581,39.77523,76.3 2.69587,39.77518,76.8 2.69596,39.77509,77.3 2.69597,39.77505,78.0 2.696,39.77494,80.8 2.69601,39.77491,81.6 2.69601,39.7749,82.0 2.69602,39.77488,82.5 2.69605,39.77479,85.2 2.69607,39.77477,85.5 2.69608,39.77476,85.7 2.69609,39.77475,85.8 2.69614,39.77472,85.9 2.69623,39.7747,84.9 2.69665,39.77468,77.2 2.69698,39.77465,74.3 2.69706,39.77464,73.7 2.69715,39.77463,73.0 2.69724,39.77462,72.2 2.69746,39.7746,70.0 2.69747,39.77459,70.2 2.69771,39.77453,69.6 2.69798,39.77445,69.3 2.69809,39.7744,69.6 2.69817,39.77438,69.3 2.69822,39.77435,69.6 2.6983,39.77432,69.6 2.69832,39.77431,69.7 2.69839,39.77427,69.5 2.69845,39.77426,68.6 2.69851,39.77425,67.7 2.69856,39.77426,66.5 2.6986,39.77427,65.5 2.69865,39.77428,64.3 2.69868,39.7743,63.3 2.6987,39.77433,62.3 2.69872,39.77435,61.5 2.69872,39.77438,60.8 2.69872,39.77442,59.9 2.69872,39.77444,59.5 2.69871,39.77446,59.2 2.69869,39.77449,58.9 2.69868,39.7745,58.8 2.69866,39.77452,58.7 2.69861,39.77454,59.2 2.69852,39.77458,59.8 2.69842,39.77461,60.9 2.69834,39.77464,61.5 2.69803,39.77476,61.1 2.69801,39.77477,61.1 2.69785,39.77483,60.8 2.69782,39.77484,60.8 2.69779,39.77485,60.7 2.69777,39.77485,60.9 2.69762,39.77487,61.5 2.69759,39.77487,61.7 2.69745,39.77489,62.3 2.69736,39.7749,62.8 2.6971,39.77493,64.1 2.69707,39.77495,63.7 2.69705,39.77497,63.2 2.69704,39.77502,61.9 2.69704,39.77505,61.3 2.69704,39.77506,61.1 2.69705,39.77507,60.8 2.69707,39.77511,59.8 2.69711,39.77513,59.0 2.69715,39.77515,58.3 2.69722,39.77515,57.7 2.69741,39.77513,56.5 2.69743,39.77513,56.3 2.69746,39.77513,56.1 2.69749,39.77513,55.8 2.69784,39.77505,55.2 2.69814,39.77498,54.9 2.69821,39.77496,54.9 2.69832,39.77492,55.0 2.69835,39.77491,54.9 2.69844,39.77488,54.2 2.69851,39.77484,54.0 2.69853,39.77484,53.6 2.69856,39.77483,53.4 2.69857,39.77482,53.4 2.69883,39.77472,51.4 2.69936,39.77446,47.3 2.69985,39.77412,42.6 2.69986,39.77412,42.4 2.69987,39.77411,42.4 2.69989,39.7741,42.2 2.70006,39.77398,41.7 2.70016,39.77391,41.5 2.70023,39.77386,41.3 2.70093,39.77338,36.5 2.70106,39.77328,36.4 2.7011,39.77325,36.3 2.70119,39.77318,36.2 2.70126,39.77312,36.2 2.70132,39.77307,36.0 2.70153,39.77282,36.5 2.70165,39.77267,36.5 2.70178,39.77252,36.8 2.7019,39.77237,35.7 2.70192,39.77231,35.7 2.70196,39.77225,35.4 2.70199,39.77221,35.1 2.702,39.77221,34.9 2.70208,39.77214,34.0 2.70215,39.7721,33.1 2.70216,39.77209,33.0 2.70221,39.77206,32.3 2.70225,39.77204,31.8 2.70277,39.77182,31.1 2.70297,39.77174,30.9 2.70307,39.7717,30.8 2.70364,39.77148,30.2 2.70377,39.77143,30.0 2.70412,39.77128,29.5 2.70434,39.7712,29.2 2.70479,39.77101,28.7 2.70491,39.77097,28.5 2.70542,39.77079,27.7 2.70548,39.77077,27.6 2.70551,39.77075,27.6 2.70555,39.77073,27.6 2.70557,39.77071,27.6 2.70557,39.77071,27.6 2.70575,39.77084,26.3 2.70578,39.77087,26.0 2.70581,39.77089,25.8 2.70584,39.77091,25.6 2.70587,39.77092,25.5 2.70588,39.77092,25.5 2.70589,39.77093,25.5 2.70592,39.77094,25.4 2.70594,39.77094,25.4 2.70597,39.77095,25.3 2.70599,39.77095,25.3 2.70601,39.77095,25.3 2.70605,39.77095,25.2 2.70605,39.77095,25.2 2.70607,39.77093,25.3 2.7061,39.77093,25.3 2.70612,39.77092,25.3 2.70614,39.77092,25.3 2.70615,39.77092,25.2 2.70617,39.77092,25.2 2.7062,39.77093,25.1 2.70622,39.77093,25.1 2.70624,39.77095,25.0 2.70626,39.77096,25.0 2.70627,39.77097,24.9 2.70628,39.77098,24.9 2.70628,39.77099,24.8 2.70628,39.771,24.8 2.70629,39.771,24.8 2.70629,39.77101,24.7 2.70629,39.77102,24.7 2.70629,39.77103,24.6 2.70629,39.77104,24.6 2.70629,39.77105,24.6 2.70628,39.77106,24.5 2.70628,39.77107,24.5 2.70628,39.77108,24.4 2.70627,39.77108,24.4 2.70627,39.77109,24.4 2.70626,39.7711,24.4 2.70625,39.77111,24.3 2.70624,39.77111,24.3 2.70624,39.77112,24.3 2.70623,39.77112,24.3 2.70622,39.77113,24.3 2.70621,39.77113,24.3 2.7062,39.77113,24.3 2.70617,39.77122,23.9 2.70612,39.77133,23.5 2.70594,39.77178,21.7 2.70585,39.77202,21.1 2.70581,39.77212,21.0 2.70579,39.77217,20.9 2.70573,39.77235,20.5 2.70564,39.77263,19.8 2.70562,39.77271,19.5 2.70559,39.77285,19.0 2.70555,39.77302,18.5 2.70552,39.77319,17.9 2.70551,39.77328,17.6 2.70551,39.7733,17.5 2.70551,39.77332,17.4 2.70551,39.77335,17.3 2.70551,39.77346,16.7 2.70551,39.77351,16.5 2.70551,39.77363,15.8 2.70553,39.7741,13.3 2.70553,39.77421,13.0 2.70555,39.77457,12.8 2.70553,39.77462,12.8 2.70555,39.77485,12.7 2.70556,39.77497,12.6 2.70558,39.77518,12.6 2.7056,39.77545,12.6 2.7056,39.7755,12.6 2.70564,39.77584,12.5 2.70565,39.77602,12.2 2.70565,39.7761,12.1 2.70566,39.77614,12.0 2.70566,39.77624,11.8 2.70569,39.77629,11.7 2.70569,39.77639,11.5 2.70567,39.77669,11.0 2.70567,39.77671,10.9 2.70568,39.77674,10.9 2.70568,39.77675,10.9 2.70568,39.77677,10.9 2.70569,39.77679,10.9 2.70571,39.77682,10.8 2.70572,39.77684,10.8 2.70572,39.77686,10.8 2.70572,39.77689,10.7 2.70572,39.77691,10.7 2.70572,39.77693,10.7 2.7057,39.77695,10.7 2.70569,39.77697,10.6 2.70559,39.77704,10.6 2.70553,39.77709,10.5 2.70548,39.77713,10.4 2.70545,39.77716,10.4 2.70541,39.7772,10.4 2.70538,39.77722,10.3 2.70533,39.77728,10.3 2.70527,39.77734,10.2 2.70518,39.77746,10.0 2.70465,39.77808,10.0 2.70458,39.77818,10.0 2.70454,39.77824,10.0 2.70452,39.77828,10.0 2.70451,39.77831,10.0 2.70449,39.77841,9.9 2.70449,39.77842,9.9 2.70449,39.77843,9.9 2.70449,39.77844,9.9 2.70449,39.77845,9.9 2.70449,39.77846,9.9 2.70448,39.77847,9.9 2.70448,39.77848,9.9 2.70447,39.77848,9.9 2.70447,39.77849,9.9 2.70446,39.77849,9.9 2.70446,39.7785,9.9 2.70445,39.7785,9.9 2.70444,39.77851,9.9 2.70443,39.77851,9.9 2.70443,39.77852,9.8 2.70442,39.77852,9.8 2.70441,39.77852,9.8 2.7044,39.77853,9.8 2.70439,39.77853,9.8 2.70438,39.77853,9.8 2.70437,39.77853,9.8 2.70436,39.77853,9.8 2.70435,39.77853,9.8 2.70434,39.77853,9.8 2.70433,39.77853,9.8 2.70432,39.77853,9.8 2.70431,39.77853,9.8 2.7043,39.77853,9.8 2.70429,39.77852,9.8 2.70428,39.77852,9.8 2.70427,39.77852,9.8 2.70427,39.77851,9.8 2.70409,39.77854,9.8 2.70403,39.77856,9.7 2.70399,39.77857,9.7 2.70394,39.7786,9.7 2.70385,39.77864,9.6 2.7038,39.77865,9.6 2.70362,39.77878,9.5 2.70357,39.77882,9.4 2.70319,39.77911,8.9 2.70281,39.7794,8.2 2.70244,39.77967,8.0 2.70222,39.77983,8.3 2.70187,39.78007,8.6 2.70158,39.78028,8.1 2.70155,39.7803,8.1 2.70128,39.78053,7.6 2.70123,39.78057,7.5 2.70119,39.78061,7.4 2.70113,39.78067,7.2 2.70108,39.78073,7.1 2.70101,39.78083,6.8 2.701,39.78086,6.9 2.70089,39.78102,7.4 2.70082,39.78112,7.7 2.70061,39.78145,8.3 2.70051,39.78161,8.5 2.7004,39.78177,10.4 2.7003,39.78193,12.7 2.70028,39.78195,12.9 2.70019,39.78209,14.3 2.70004,39.7823,15.4 2.70001,39.78235,15.5 2.69989,39.78255,17.4 2.69986,39.78259,17.9 2.69972,39.78283,20.5 2.69965,39.78298,21.3 2.69958,39.78316,21.9 2.69958,39.78316,21.9 2.69959,39.78322,22.9 2.69959,39.78326,23.4 2.69959,39.78329,23.7 2.69958,39.78331,23.6 2.69943,39.78363,24.4 2.69936,39.78382,25.3 2.69927,39.78406,26.1 2.69922,39.78418,26.3 2.69918,39.78425,26.6 2.69915,39.78431,27.2 2.69911,39.78437,27.7 2.69907,39.78443,28.1 2.69903,39.78449,28.4 2.69898,39.78455,28.3 2.69889,39.78464,26.4 2.69881,39.7847,25.0 2.69865,39.78482,22.2 2.69862,39.78484,21.7 2.69861,39.78485,21.5 2.69832,39.7851,16.1 2.69828,39.78513,16.5 2.69824,39.78516,16.9 2.6982,39.78518,17.0 2.69815,39.78521,17.1 2.69796,39.78536,17.8 2.69777,39.78552,17.3 2.69731,39.78587,13.5 2.69703,39.78611,14.6 2.69688,39.78623,13.7 2.6967,39.78638,11.5 2.6967,39.78638,11.5 2.69668,39.78636,10.7 2.69667,39.78635,10.3 2.69665,39.78634,10.0 2.69664,39.78634,9.9 2.69663,39.78634,9.8 2.69661,39.78634,9.7 2.6966,39.78634,9.6 2.69659,39.78634,9.6 2.69658,39.78634,9.5 2.69657,39.78634,9.4 2.69656,39.78635,9.5 2.69654,39.78636,9.5 2.69651,39.78638,9.5 2.69649,39.7864,9.5 2.69647,39.78641,9.5 2.69646,39.78642,9.5 2.69644,39.78642,9.3 2.69641,39.78643,9.2 2.69639,39.78643,9.0 2.69636,39.78643,8.8 2.69633,39.78643,8.6 2.69632,39.78643,8.5 2.69631,39.78642,8.4 2.69627,39.78641,8.1 2.69626,39.78641,8.1 2.69623,39.78639,7.8 2.69619,39.78638,7.6 2.69612,39.78635,7.1 2.69602,39.78632,6.4 2.69597,39.7863,6.1 2.69592,39.78628,5.8 2.69584,39.78624,5.2 2.69581,39.78623,5.0 2.69576,39.78621,4.7 2.69569,39.78619,5.0 2.69563,39.78617,5.3 2.6956,39.78616,5.5 2.69559,39.78616,5.5 2.69555,39.78615,5.7 2.69551,39.78615,5.9 2.69548,39.78615,6.1 2.69543,39.78616,6.3 2.69536,39.78616,6.6 2.69531,39.78617,6.8 2.69518,39.78618,7.3 2.69467,39.78623,9.8 2.69442,39.78633,9.5 2.6943,39.78638,9.0 2.69411,39.78647,8.4 2.69392,39.78658,8.7 2.69377,39.78668,8.6 2.69361,39.7868,9.6 2.69351,39.7869,9.5 2.6933,39.78712,8.8 2.69317,39.78728,8.9 2.69315,39.78731,8.8 2.69298,39.78747,8.6 2.69288,39.78755,9.1 2.69267,39.7877,10.4 2.69243,39.78785,10.7 2.6923,39.78794,10.1 2.69212,39.78805,8.9 2.69198,39.78814,7.5 2.69189,39.78819,6.5 2.69183,39.78825,5.1 2.69181,39.78827,4.6 2.69179,39.78831,3.5 2.69179,39.78835,2.9 2.6918,39.78842,2.8 2.69182,39.7885,2.8 2.69184,39.78859,2.8 2.69185,39.78865,2.8 2.69185,39.78867,2.8 2.69184,39.7887,2.8 2.69184,39.78872,2.8 2.69183,39.78873,2.8 2.69182,39.78877,2.8 2.69178,39.78886,2.9 2.69174,39.78894,2.9 2.6917,39.78902,3.0 2.69169,39.78905,3.0 2.69168,39.78908,3.0 2.69167,39.78911,3.0 2.69167,39.78914,3.0 2.69165,39.78921,3.1 2.69164,39.78926,3.3 2.69164,39.78931,3.5 2.69164,39.78932,3.5 2.69164,39.7894,3.8 2.69164,39.78945,4.0 2.69164,39.7895,4.1 2.69164,39.78954,4.3 2.69166,39.78961,4.6 2.69166,39.78961,4.6 2.69163,39.78987,5.4 2.69162,39.79006,4.9 2.69162,39.79007,4.7 2.69162,39.79025,1.8 2.69162,39.79025,1.8 2.692,39.79031,2.0 2.69246,39.79042,2.8 2.69252,39.79044,2.9 2.69274,39.79049,3.0 2.69281,39.79051,3.0 2.69296,39.79055,3.3 2.6933,39.79064,4.4 2.69344,39.79068,4.9 2.69374,39.79075,5.6 2.69396,39.79081,6.2 2.69419,39.79087,6.9 2.69436,39.79091,8.5 2.69454,39.79093,10.3 2.69472,39.79096,12.0 2.69472,39.79096,12.0 2.69477,39.79104,12.0 2.69482,39.79111,12.0 2.69488,39.79118,12.1 2.69496,39.79128,12.3 2.69507,39.79141,13.3 2.69519,39.79156,14.4 2.69532,39.79172,14.7 2.69558,39.79196,13.2 2.69586,39.7923,6.7 2.6959,39.79234,6.7 2.69617,39.7927,7.6 2.69634,39.79295,8.4 2.69643,39.7931,7.7 2.69654,39.79329,5.8 2.69664,39.7935,4.8 2.69669,39.79362,4.6 2.69673,39.79371,4.7 2.69677,39.79385,4.5 2.6968,39.79399,4.2 2.69682,39.79412,3.8 2.69684,39.79434,3.7 2.69688,39.79485,3.6 2.69688,39.79521,3.7 2.69688,39.79545,4.1 2.69688,39.79556,4.3 2.69688,39.79556,4.3 2.69711,39.79559,6.0 2.69733,39.7956,7.5 2.69763,39.79562,9.3 2.69767,39.79562,9.5 2.69767,39.79562,9.5 2.69773,39.79589,7.5 2.69779,39.79617,7.6
        </coordinates>
      </LineString>
    </Placemark>
  </Document>
</kml>
